date,height1,height2,in_flow,out_flow
2019-10-18 19:00:00,2.27825,2.3249999999999997,135.76686666666666,444.76689166666665
2019-10-18 20:00:00,2.3245,2.3680833333333333,451.5789966666667,352.8967083333334
2019-10-18 21:00:00,2.3871166666666666,2.4236500000000003,285.71463500000004,426.186395
2019-10-18 22:00:00,2.389483333333333,2.42125,269.6913916666667,336.3893483333333
2019-10-18 23:00:00,2.3755333333333337,2.408066666666667,175.643161,320.77652333333333
2019-10-19 00:00:00,2.4162833333333333,2.4638666666666666,381.21740500000004,293.17062833333335
2019-10-19 01:00:00,2.573516666666667,2.6153,389.47754,212.98433666666668
2019-10-19 02:00:00,2.763916666666667,2.8041833333333335,385.7994516666667,194.78046333333333
2019-10-19 03:00:00,2.959166666666667,3.0000166666666668,384.96698833333335,182.328315
2019-10-19 04:00:00,3.1595,3.1999166666666667,385.24755333333337,181.84513166666665
2019-10-19 05:00:00,3.34885,3.3929166666666664,382.7021966666667,225.33613166666666
2019-10-19 06:00:00,3.48215,3.527083333333333,249.1181545,238.22406166666667
2019-10-19 07:00:00,3.4826833333333336,3.5337666666666667,159.961475,329.49341333333336
2019-10-19 08:00:00,3.3819,3.4414666666666665,159.62436333333335,525.3623233333333
2019-10-19 09:00:00,3.1611,3.2287666666666666,158.81198333333333,592.650505
2019-10-19 10:00:00,2.959283333333333,3.0239666666666665,159.991045,535.438755
2019-10-19 11:00:00,2.8759,2.92205,225.6699133333333,370.35835000000003
2019-10-19 12:00:00,2.8398833333333333,2.8866666666666663,224.06711333333334,359.383735
2019-10-19 13:00:00,2.793433333333333,2.8423666666666665,225.596665,419.72987166666667
2019-10-19 14:00:00,2.751933333333333,2.797683333333333,224.68742666666668,374.3082283333333
2019-10-19 15:00:00,2.73565,2.7784,226.14540166666666,321.1211783333334
2019-10-19 16:00:00,2.7316833333333337,2.7749,221.79212666666666,350.5643066666667
2019-10-19 17:00:00,2.7107,2.75495,233.31188,340.82448166666666
2019-10-19 18:00:00,2.7224166666666667,2.7537000000000003,246.51995333333335,355.89467833333333
2019-10-19 19:00:00,2.703133333333333,2.7258833333333334,241.753185,429.23830333333336
2019-10-19 20:00:00,2.640233333333333,2.6630166666666666,242.45839333333333,392.9004433333333
2019-10-19 21:00:00,2.630866666666667,2.6553833333333334,239.64679833333332,354.20777499999997
2019-10-19 22:00:00,2.6375333333333333,2.662316666666667,238.1730083333333,290.6380516666667
2019-10-19 23:00:00,2.6565333333333334,2.6807166666666666,239.73789166666666,318.1484566666667
2019-10-20 00:00:00,2.7140333333333335,2.73055,307.82128666666665,256.70148333333333
2019-10-20 01:00:00,2.797883333333333,2.8139499999999997,302.586345,314.673355
2019-10-20 02:00:00,2.8736333333333333,2.8910666666666667,301.104845,231.2964616666667
2019-10-20 03:00:00,3.0036,3.02285,303.4628716666667,186.00351
2019-10-20 04:00:00,3.146066666666667,3.16615,306.81928,185.89176333333336
2019-10-20 05:00:00,3.290116666666667,3.310766666666667,305.6790316666667,191.10522666666665
2019-10-20 06:00:00,3.4221,3.4433166666666666,304.16387833333334,213.723255
2019-10-20 07:00:00,3.5363166666666666,3.5561333333333334,305.89102166666663,281.144445
2019-10-20 08:00:00,3.5427166666666663,3.55435,308.01864166666667,535.2748183333333
2019-10-20 09:00:00,3.4411666666666667,3.4500333333333333,287.25749833333333,553.4706616666666
2019-10-20 10:00:00,3.3318999999999996,3.3394,179.81702333333334,436.30979
2019-10-20 11:00:00,3.240533333333333,3.246966666666667,176.66489483333334,426.64864166666666
2019-10-20 12:00:00,3.1376333333333335,3.164,92.57716666666667,315.45122166666664
2019-10-20 13:00:00,3.04305,3.0728500000000003,91.86529583333332,350.9628716666667
2019-10-20 14:00:00,2.9238500000000003,2.952733333333333,91.61640666666668,406.42004333333335
2019-10-20 15:00:00,2.7777333333333334,2.8060166666666664,95.14821950000001,364.69322
2019-10-20 16:00:00,2.7007166666666667,2.7268166666666667,103.70980983333334,294.598425
2019-10-20 17:00:00,2.6073166666666667,2.6346166666666666,103.63577483333333,431.2307866666667
2019-10-20 18:00:00,2.43795,2.4652666666666665,103.8829965,412.81822666666665
2019-10-20 19:00:00,2.3304,2.3591166666666665,104.28949250000001,388.12098333333336
2019-10-20 20:00:00,2.202233333333333,2.23025,106.1018215,370.84755666666666
2019-10-20 21:00:00,2.179416666666667,2.192,390.55857000000003,384.8898933333333
2019-10-20 22:00:00,2.2695166666666666,2.3146666666666667,488.09557,429.2142666666667
2019-10-20 23:00:00,2.3865,2.4577833333333334,441.86208,280.90578999999997
2019-10-21 00:00:00,2.5794333333333332,2.6526666666666667,439.8901133333333,234.09928
2019-10-21 01:00:00,2.778833333333333,2.8547333333333333,437.95644833333336,234.17198166666668
2019-10-21 02:00:00,2.977616666666667,3.0280666666666667,291.49334383333337,192.86264833333334
2019-10-21 03:00:00,3.073,3.0809333333333333,200.60808833333334,264.3505633333333
2019-10-21 04:00:00,3.0935833333333336,3.102433333333333,201.47312833333334,214.44675166666667
2019-10-21 05:00:00,3.1327,3.1374333333333335,212.98701,338.7742733333333
2019-10-21 06:00:00,3.1553833333333334,3.2039833333333334,483.2176283333334,363.5461433333333
2019-10-21 07:00:00,3.282366666666667,3.3437,474.851135,418.18506333333335
2019-10-21 08:00:00,3.3870333333333336,3.4256333333333333,349.1790216666667,358.5983116666667
2019-10-21 09:00:00,3.38985,3.421766666666667,230.01765833333332,420.325305
2019-10-21 10:00:00,3.31855,3.3547166666666666,229.39753833333333,403.311845
2019-10-21 11:00:00,3.26665,3.302333333333333,229.817125,451.63478000000003
2019-10-21 12:00:00,3.194733333333333,3.2296166666666664,230.38009333333332,433.5356916666667
2019-10-21 13:00:00,3.1165166666666666,3.1525833333333333,221.44235833333332,465.5783083333333
2019-10-21 14:00:00,3.020566666666667,3.0551166666666663,219.113515,454.21039333333334
2019-10-21 15:00:00,2.9669499999999998,2.999216666666667,218.69579666666667,340.62983333333335
2019-10-21 16:00:00,2.9531833333333335,2.9852,219.265385,330.4660666666667
2019-10-21 17:00:00,2.9379666666666666,2.9707333333333334,220.84390666666667,396.66121
2019-10-21 18:00:00,2.8577166666666667,2.8917,221.67855333333333,434.75187166666666
2019-10-21 19:00:00,2.8216166666666664,2.8711833333333336,317.68808,401.8527
2019-10-21 20:00:00,2.8171166666666663,2.8794833333333334,335.05202833333334,440.8106783333333
2019-10-21 21:00:00,2.851116666666667,2.9076,337.31028,390.83354333333335
2019-10-21 22:00:00,2.8046333333333333,2.8749666666666664,336.29291,597.0036716666667
2019-10-21 23:00:00,2.707,2.77305,354.46357333333333,508.88854166666664
2019-10-22 00:00:00,2.7930833333333336,2.8343166666666666,388.1467166666667,263.248215
2019-10-22 01:00:00,2.9654499999999997,3.003616666666667,388.440835,214.86758666666668
2019-10-22 02:00:00,3.1529666666666665,3.190166666666667,388.55804666666666,192.59881333333334
2019-10-22 03:00:00,3.3495833333333334,3.3882166666666667,390.3955583333333,191.623535
2019-10-22 04:00:00,3.5466166666666665,3.5848999999999998,386.7036366666667,191.113135
2019-10-22 05:00:00,3.7342999999999997,3.7734666666666663,384.2278283333333,197.04845500000002
2019-10-22 06:00:00,3.75545,3.7790666666666666,370.2239713333333,264.71617833333335
2019-10-22 07:00:00,3.7381666666666664,3.72095,281.5569066666667,451.20662833333336
2019-10-22 08:00:00,3.7072999999999996,3.6985333333333332,252.88672183333335,369.87804166666666
2019-10-22 09:00:00,3.6126666666666667,3.6715999999999998,150.630365,379.422915
2019-10-22 10:00:00,3.5179666666666667,3.5830166666666665,151.85859166666665,395.220845
2019-10-22 11:00:00,3.4319333333333333,3.4949500000000002,151.84353000000002,410.60092
2019-10-22 12:00:00,3.2957666666666667,3.3646666666666665,153.36919500000002,443.286245
2019-10-22 13:00:00,3.193766666666667,3.2581166666666665,156.16801333333333,380.6957966666667
2019-10-22 14:00:00,3.13855,3.1962166666666665,155.56679,331.36313333333334
2019-10-22 15:00:00,3.0824833333333337,3.141433333333333,154.62127833333335,339.4904366666667
2019-10-22 16:00:00,3.0413166666666664,3.0954333333333333,156.78972000000002,292.07664166666666
2019-10-22 17:00:00,2.9945,3.0546166666666665,156.41505333333333,355.932855
2019-10-22 18:00:00,2.924,2.9848500000000002,151.82672166666669,390.4230416666667
2019-10-22 19:00:00,2.8114833333333333,2.8749833333333332,149.14767500000002,407.025675
2019-10-22 20:00:00,2.74105,2.7981166666666666,150.10125666666667,322.1359816666666
2019-10-22 21:00:00,2.6362333333333337,2.7033,149.50292166666668,552.6631283333334
2019-10-22 22:00:00,2.3984,2.4748333333333337,148.95733166666665,568.3916449999999
2019-10-22 23:00:00,2.2969,2.3524333333333334,208.33719833333333,278.97062
2019-10-23 00:00:00,2.39471186440678,2.4487457627118645,346.31959322033896,247.9226406779661
2019-10-23 01:00:00,2.5303666666666667,2.5819166666666664,349.16222,220.42119
2019-10-23 02:00:00,2.6972,2.74575,348.37054333333333,186.67485
2019-10-23 03:00:00,2.8735166666666667,2.922283333333333,347.9880866666666,178.72359333333333
2019-10-23 04:00:00,3.0254666666666665,3.0799333333333334,346.4882833333333,224.45800499999999
2019-10-23 05:00:00,3.191533333333333,3.24275,351.051305,195.84163333333333
2019-10-23 06:00:00,3.3373833333333334,3.3968166666666666,353.69340166666666,266.46947666666665
2019-10-23 07:00:00,3.4276666666666666,3.4992499999999995,356.65052833333334,370.58626666666663
2019-10-23 08:00:00,3.420666666666667,3.4967333333333332,278.334255,459.2494883333333
2019-10-23 09:00:00,3.3578833333333336,3.404116666666667,187.9866,454.83952166666666
2019-10-23 10:00:00,3.278766666666667,3.32555,166.1788,338.79202333333336
2019-10-23 11:00:00,3.2327333333333335,3.2789833333333336,161.74423,307.3069816666667
2019-10-23 12:00:00,3.1605833333333333,3.2104333333333335,162.361435,415.34222000000005
2019-10-23 13:00:00,3.091416666666667,3.1376666666666666,152.30875333333333,350.00421833333337
2019-10-23 14:00:00,3.0143333333333335,3.06245,155.57071333333334,370.50374
2019-10-23 15:00:00,2.965883333333333,3.0082333333333335,155.70969,294.1365483333333
2019-10-23 16:00:00,2.9337166666666668,2.976,155.18781166666668,317.01634
2019-10-23 17:00:00,2.8685666666666667,2.9154666666666667,154.55073666666667,381.66235666666665
2019-10-23 18:00:00,2.7912000000000003,2.8371333333333335,154.71430166666667,367.23909
2019-10-23 19:00:00,2.7198833333333337,2.7639666666666667,153.26132166666667,400.0525533333333
2019-10-23 20:00:00,2.56705,2.61735,153.64669,463.3183583333333
2019-10-23 21:00:00,2.4652666666666665,2.5113833333333333,212.652955,483.15711
2019-10-23 22:00:00,2.3909499999999997,2.427416666666667,346.93915333333337,484.4311366666667
2019-10-23 23:00:00,2.4049833333333335,2.4381166666666667,350.94185166666665,381.788235
2019-10-24 00:00:00,2.53875,2.5486833333333334,444.17561,261.04512666666665
2019-10-24 01:00:00,2.7463166666666665,2.7552166666666666,447.2500283333333,210.17587166666667
2019-10-24 02:00:00,2.9706333333333332,2.983166666666667,448.54513000000003,200.33632500000002
2019-10-24 03:00:00,3.2030666666666665,3.2175333333333334,446.85104666666666,188.81468666666666
2019-10-24 04:00:00,3.439416666666667,3.4557166666666665,446.4282533333333,189.98642166666664
2019-10-24 05:00:00,3.6673166666666663,3.6837,413.6175416666667,217.65502333333333
2019-10-24 06:00:00,3.7439000000000004,3.7819833333333337,139.26327166666667,260.73630333333335
2019-10-24 07:00:00,3.6616166666666667,3.70545,141.01241833333333,446.2816666666667
2019-10-24 08:00:00,3.5238666666666663,3.56815,140.06287833333332,485.13416333333333
2019-10-24 09:00:00,3.3859,3.4277666666666664,141.44659166666668,372.352915
2019-10-24 10:00:00,3.29355,3.33395,139.89255999999997,407.3543516666667
2019-10-24 11:00:00,3.202633333333333,3.24105,140.07244,327.6615
2019-10-24 12:00:00,3.152716666666667,3.188816666666667,183.04013333333333,350.9060533333333
2019-10-24 13:00:00,3.0956833333333336,3.1361333333333334,222.46899833333333,453.92424500000004
2019-10-24 14:00:00,3.0292000000000003,3.0685000000000002,222.28997666666666,373.7873783333333
2019-10-24 15:00:00,3.018333333333333,3.055,225.40018,306.90171166666664
2019-10-24 16:00:00,3.0321833333333337,3.068633333333333,224.4228466666667,291.2712966666667
2019-10-24 17:00:00,3.049316666666667,3.0858666666666665,228.60804666666667,337.1861583333333
2019-10-24 18:00:00,3.02655,3.0648666666666666,225.53365,367.6674983333333
2019-10-24 19:00:00,2.9617999999999998,3.0035000000000003,224.656075,494.79866666666663
2019-10-24 20:00:00,2.8828,2.9210333333333334,215.45151333333334,396.90432
2019-10-24 21:00:00,2.7775833333333333,2.8114833333333333,250.35165666666666,538.9500066666667
2019-10-24 22:00:00,2.7093,2.7269,283.5840666666667,427.77405999999996
2019-10-24 23:00:00,2.7158666666666664,2.735266666666667,280.7864283333334,317.58747666666665
2019-10-25 00:00:00,2.7869499999999996,2.8091999999999997,277.81048,248.23492
2019-10-25 01:00:00,2.8734333333333333,2.8962,280.39304833333335,232.99228166666666
2019-10-25 02:00:00,2.9851,3.0081166666666665,281.329255,194.39178166666667
2019-10-25 03:00:00,3.1114333333333333,3.1351999999999998,279.9248416666667,185.86730666666665
2019-10-25 04:00:00,3.2359666666666667,3.2600333333333333,281.32089833333333,186.28612166666667
2019-10-25 05:00:00,3.3566000000000003,3.38055,285.39318833333334,234.9011933333333
2019-10-25 06:00:00,3.465716666666667,3.4877166666666666,356.4006116666667,322.70583999999997
2019-10-25 07:00:00,3.4966,3.4899833333333334,272.4839866666667,458.7928933333333
2019-10-25 08:00:00,3.4080500000000002,3.3941999999999997,270.0132883333333,467.72990833333336
2019-10-25 09:00:00,3.36185,3.3658333333333332,189.40703166666665,370.6304166666667
2019-10-25 10:00:00,3.3010499999999996,3.3125833333333334,164.35300999999998,326.19899833333335
2019-10-25 11:00:00,3.2568166666666665,3.2699833333333337,143.56356833333334,343.25533
2019-10-25 12:00:00,3.1303666666666667,3.1612,79.20040483333334,413.8455383333333
2019-10-25 13:00:00,2.97565,3.0046166666666663,68.83763066666667,373.46602
2019-10-25 14:00:00,2.86215,2.891233333333333,69.60565166666667,310.11883166666667
2019-10-25 15:00:00,2.76605,2.79485,73.7666205,326.65055
2019-10-25 16:00:00,2.6509666666666667,2.67915,69.93753466666666,350.36843000000005
2019-10-25 17:00:00,2.530533333333333,2.5582166666666666,74.44518483333333,360.3894333333334
2019-10-25 18:00:00,2.4178,2.4479166666666665,116.37867666666666,388.4283
2019-10-25 19:00:00,2.2497,2.2796499999999997,162.38627166666666,523.2867516666666
2019-10-25 20:00:00,2.2304000000000004,2.1860333333333335,439.4244083333333,525.13669
2019-10-25 21:00:00,2.2604166666666665,2.2121166666666667,439.2071016666667,430.05479333333335
2019-10-25 22:00:00,2.3544,2.3166,441.5607116666667,387.80051833333334
2019-10-25 23:00:00,2.4599166666666665,2.4227333333333334,440.1738666666667,363.3964316666667
2019-10-26 00:00:00,2.60835,2.5864,442.5736083333333,283.72851166666663
2019-10-26 01:00:00,2.778916666666667,2.7572833333333335,444.0993466666667,264.15741833333334
2019-10-26 02:00:00,2.97285,2.9589333333333334,442.62693,236.82006
2019-10-26 03:00:00,3.1771000000000003,3.16445,441.19702666666666,227.73037166666666
2019-10-26 04:00:00,3.3865333333333334,3.37515,443.2857466666666,231.67532833333334
2019-10-26 05:00:00,3.5896166666666667,3.5779666666666667,442.99264166666666,240.26122500000002
2019-10-26 06:00:00,3.7354333333333334,3.7410833333333335,276.0119616666667,294.07819
2019-10-26 07:00:00,3.703866666666667,3.733616666666667,169.85232,367.5494583333333
2019-10-26 08:00:00,3.64395,3.6593500000000003,237.467395,443.2512633333333
2019-10-26 09:00:00,3.5416666666666665,3.5488666666666666,237.55657666666667,522.7335233333333
2019-10-26 10:00:00,3.441683333333333,3.4513333333333334,235.103965,432.11653
2019-10-26 11:00:00,3.3981166666666667,3.4095166666666668,235.87601666666666,394.08885333333336
2019-10-26 12:00:00,3.3543833333333333,3.36565,234.82855166666667,410.86517499999997
2019-10-26 13:00:00,3.3068833333333334,3.3178166666666664,235.42908833333334,377.282695
2019-10-26 14:00:00,3.304133333333333,3.317266666666667,235.47645666666668,321.53956
2019-10-26 15:00:00,3.305966666666667,3.318033333333333,233.96502333333333,342.4258116666667
2019-10-26 16:00:00,3.3106,3.325016666666667,235.12959166666667,326.30980999999997
2019-10-26 17:00:00,3.295483333333333,3.3069333333333333,235.54043833333333,413.5995916666667
2019-10-26 18:00:00,3.2235,3.2308166666666667,239.15570666666665,489.15087666666665
2019-10-26 19:00:00,3.1084,3.11455,234.54447,490.224755
2019-10-26 20:00:00,3.0465,3.0580833333333337,236.701035,355.1345466666667
2019-10-26 21:00:00,3.0534000000000003,3.0673166666666662,236.42230333333333,316.78999333333337
2019-10-26 22:00:00,3.034583333333333,3.0442833333333335,228.91117166666666,379.4261533333333
2019-10-26 23:00:00,3.0271,3.0401499999999997,230.229955,300.8334266666667
2019-10-27 00:00:00,3.0660000000000003,3.0817,226.16854166666664,246.30834833333333
2019-10-27 01:00:00,3.1020166666666666,3.117916666666667,226.15363666666664,313.227925
2019-10-27 02:00:00,3.1313833333333334,3.1493333333333333,227.59408166666665,217.38047666666668
2019-10-27 03:00:00,3.210716666666667,3.2312,231.57926166666667,200.74881166666668
2019-10-27 04:00:00,3.2971333333333335,3.3181333333333334,235.082485,198.65166833333333
2019-10-27 05:00:00,3.3852166666666665,3.4061833333333333,234.91051166666665,203.59457
2019-10-27 06:00:00,3.4595,3.478933333333333,232.91218333333333,255.47675166666667
2019-10-27 07:00:00,3.4935,3.5115166666666666,232.16882833333332,321.66866
2019-10-27 08:00:00,3.447283333333333,3.4591166666666666,232.48472833333332,453.9483
2019-10-27 09:00:00,3.4052999999999995,3.4202833333333333,231.09594833333333,371.05034
2019-10-27 10:00:00,3.3484833333333333,3.3614,231.44596666666666,426.802765
2019-10-27 11:00:00,3.321266666666667,3.3355666666666663,233.44031,349.4230733333333
2019-10-27 12:00:00,3.2745666666666664,3.3029333333333333,147.87670833333334,371.5275983333333
2019-10-27 13:00:00,3.1411333333333333,3.1834166666666666,114.50873833333334,448.37059500000004
2019-10-27 14:00:00,3.0018333333333334,3.0437833333333333,115.54220833333333,384.4432816666667
2019-10-27 15:00:00,2.9015833333333334,2.9428,115.93618166666667,410.10204
2019-10-27 16:00:00,2.7574166666666664,2.7989666666666664,115.98968333333333,383.249775
2019-10-27 17:00:00,2.6889166666666666,2.7353,277.30576183333335,427.87532666666664
2019-10-27 18:00:00,2.645566666666667,2.73245,388.180365,518.895945
2019-10-27 19:00:00,2.6731833333333332,2.7518499999999997,386.57604166666664,400.0894833333333
2019-10-27 20:00:00,2.7609666666666666,2.829133333333333,384.9320716666667,329.16180833333334
2019-10-27 21:00:00,2.8293000000000004,2.9056166666666665,383.00902,434.36793833333337
2019-10-27 22:00:00,2.8138666666666667,2.8787000000000003,231.87917000000002,486.66330999999997
2019-10-27 23:00:00,2.733233333333333,2.7659499999999997,136.27839833333334,294.226655
2019-10-28 00:00:00,2.7527666666666666,2.7769,236.841845,256.7788033333333
2019-10-28 01:00:00,2.8219166666666666,2.850016666666667,256.3720416666667,214.84674833333332
2019-10-28 02:00:00,2.9236333333333335,2.9502333333333337,255.57374,193.75814499999998
2019-10-28 03:00:00,3.029116666666667,3.0567333333333333,252.60703833333335,188.23584333333335
2019-10-28 04:00:00,3.1264166666666666,3.15435,252.09728166666667,213.65606666666665
2019-10-28 05:00:00,3.2222,3.2510833333333333,251.57046,205.63412000000002
2019-10-28 06:00:00,3.2949833333333336,3.3250333333333333,248.14018333333334,283.22813333333335
2019-10-28 07:00:00,3.3108500000000003,3.334366666666667,208.79970666666668,351.4728833333333
2019-10-28 08:00:00,3.2267,3.2379333333333333,179.08647666666667,446.5217783333334
2019-10-28 09:00:00,3.156633333333333,3.1711666666666667,179.25795166666666,350.7457
2019-10-28 10:00:00,3.1044,3.11895,171.10314666666667,363.168695
2019-10-28 11:00:00,3.0075,3.0172833333333333,169.89536,470.5373166666667
2019-10-28 12:00:00,2.8880666666666666,2.8966833333333333,180.5537666666667,444.86672
2019-10-28 13:00:00,2.8078999999999996,2.8197833333333335,177.69252,351.84829666666667
2019-10-28 14:00:00,2.7515333333333336,2.7644,179.18303833333331,355.67184333333336
2019-10-28 15:00:00,2.7072166666666666,2.71915,181.7776,380.455295
2019-10-28 16:00:00,2.5926166666666663,2.5987,177.71780333333334,515.6035116666667
2019-10-28 17:00:00,2.474083333333333,2.4858333333333333,189.31023666666667,362.59206333333333
2019-10-28 18:00:00,2.4312,2.4435333333333333,187.63000333333332,369.0998133333333
2019-10-28 19:00:00,2.3678000000000003,2.38035,185.91851666666668,415.66536
2019-10-28 20:00:00,2.2962166666666666,2.311183333333333,189.602355,341.30606
2019-10-28 21:00:00,2.2481333333333335,2.291733333333333,406.637315,511.52905333333337
2019-10-28 22:00:00,2.3310166666666663,2.3895333333333335,494.07484833333336,380.06321833333334
2019-10-28 23:00:00,2.4454333333333333,2.4873166666666666,345.7181933333333,283.8814366666667
2019-10-29 00:00:00,2.6162666666666667,2.66485,462.38243,240.51270166666666
2019-10-29 01:00:00,2.8407,2.8879333333333337,464.7373866666667,212.93448166666667
2019-10-29 02:00:00,3.0776833333333333,3.124683333333333,466.3801966666667,203.76525666666666
2019-10-29 03:00:00,3.2987333333333333,3.3485500000000004,466.50167,243.79419166666668
2019-10-29 04:00:00,3.53345,3.5812166666666667,464.54012666666665,189.64606333333333
2019-10-29 05:00:00,3.7441666666666666,3.7930833333333336,287.30003166666665,208.343185
2019-10-29 06:00:00,3.7522666666666664,3.8099,142.77149,307.53715666666665
2019-10-29 07:00:00,3.6870166666666666,3.751316666666667,145.98959666666667,383.40006
2019-10-29 08:00:00,3.5739333333333336,3.64215,142.50998833333333,410.71626333333336
2019-10-29 09:00:00,3.474283333333333,3.5397833333333333,142.33218,401.66138166666667
2019-10-29 10:00:00,3.3483333333333336,3.4169833333333335,142.931075,419.8351383333333
2019-10-29 11:00:00,3.267333333333333,3.3301000000000003,145.28993333333335,361.0983133333333
2019-10-29 12:00:00,3.1611166666666666,3.230033333333333,146.82678166666668,445.4920016666667
2019-10-29 13:00:00,3.05355,3.1172833333333334,137.66612500000002,403.0192533333333
2019-10-29 14:00:00,2.8971999999999998,2.96785,136.57835333333333,490.0921933333333
2019-10-29 15:00:00,2.788683333333333,2.847666666666667,141.20211,305.00536666666665
2019-10-29 16:00:00,2.7593666666666667,2.81715,150.26135833333333,307.61067
2019-10-29 17:00:00,2.70805,2.76835,147.44932,353.5346466666667
2019-10-29 18:00:00,2.6626166666666666,2.7018166666666668,319.13633833333336,422.79469666666665
2019-10-29 19:00:00,2.708566666666667,2.739116666666667,333.960845,355.3716033333333
2019-10-29 20:00:00,2.7300166666666668,2.7611333333333334,325.3141366666667,456.7680766666666
2019-10-29 21:00:00,2.6981333333333333,2.7309833333333335,322.666365,462.2310033333333
2019-10-29 22:00:00,2.6883333333333335,2.7201833333333334,326.03186,401.02029000000005
2019-10-29 23:00:00,2.740133333333333,2.7706500000000003,324.7263933333333,311.935765
2019-10-30 00:00:00,2.8088166666666665,2.8417000000000003,324.48529666666667,312.1777666666667
2019-10-30 01:00:00,2.91805,2.9501166666666667,324.56399166666665,218.58042666666668
2019-10-30 02:00:00,3.060483333333333,3.091533333333333,324.20233666666667,199.60710666666668
2019-10-30 03:00:00,3.2116666666666664,3.2445333333333335,323.9310183333334,189.33016
2019-10-30 04:00:00,3.366133333333333,3.3986333333333336,323.5288966666667,191.74626333333333
2019-10-30 05:00:00,3.5128500000000003,3.54615,314.04533,210.10220666666666
2019-10-30 06:00:00,3.6099,3.6268499999999997,213.568915,259.9597616666667
2019-10-30 07:00:00,3.5953666666666666,3.6019833333333335,217.46281666666667,411.78290333333337
2019-10-30 08:00:00,3.5277833333333333,3.5320666666666667,218.22883833333333,434.58779
2019-10-30 09:00:00,3.42935,3.435216666666667,181.14304499999997,497.879165
2019-10-30 10:00:00,3.2894833333333335,3.3142666666666667,131.653585,381.9718916666667
2019-10-30 11:00:00,3.1884333333333337,3.2143333333333337,130.559735,417.12334
2019-10-30 12:00:00,3.016966666666667,3.039816666666667,129.76974,543.3929583333334
2019-10-30 13:00:00,2.8497333333333335,2.8735,123.59814,382.94029500000005
2019-10-30 14:00:00,2.757366666666667,2.7816666666666667,122.81230000000001,335.0369666666667
2019-10-30 15:00:00,2.6990666666666665,2.7242166666666665,128.80543166666666,305.6672
2019-10-30 16:00:00,2.64625,2.6704999999999997,131.92574,322.1204833333333
2019-10-30 17:00:00,2.577383333333333,2.6020833333333333,129.10286166666666,331.9814666666667
2019-10-30 18:00:00,2.5107333333333335,2.5345999999999997,131.13074666666665,357.19430833333337
2019-10-30 19:00:00,2.404416666666667,2.4287833333333335,127.50709833333333,408.7134883333334
2019-10-30 20:00:00,2.2528333333333332,2.275916666666667,125.99123166666666,480.63189166666666
2019-10-30 21:00:00,2.1496666666666666,2.1798333333333333,293.35019833333337,397.5019933333333
2019-10-30 22:00:00,2.1801000000000004,2.222466666666667,362.28135333333336,404.17608333333334
2019-10-30 23:00:00,2.243466666666667,2.2824,360.274265,311.57827499999996
2019-10-31 00:00:00,2.3806166666666666,2.4128333333333334,406.01196,270.44239833333336
2019-10-31 01:00:00,2.5656666666666665,2.5912166666666665,429.87534,235.72534
2019-10-31 02:00:00,2.7703833333333336,2.7950333333333335,431.975835,202.22398333333334
2019-10-31 03:00:00,2.9943166666666667,3.020366666666667,441.92899833333337,193.419465
2019-10-31 04:00:00,3.222666666666667,3.250383333333333,444.15181,203.86862166666666
2019-10-31 05:00:00,3.4442333333333335,3.4728,441.4963016666667,212.55702333333332
2019-10-31 06:00:00,3.6113666666666666,3.6454333333333335,259.388605,260.454885
2019-10-31 07:00:00,3.5665833333333334,3.6097166666666665,160.09621666666666,430.987095
2019-10-31 08:00:00,3.4340166666666665,3.47875,154.87197833333332,480.931695
2019-10-31 09:00:00,3.3053166666666667,3.3379499999999998,200.65016666666668,476.7991616666667
2019-10-31 10:00:00,3.1573,3.19495,185.39021499999998,560.3992683333333
2019-10-31 11:00:00,3.0208,3.0565333333333333,180.16439166666666,406.217715
2019-10-31 12:00:00,2.9429166666666666,2.977616666666667,178.29136666666668,386.317635
2019-10-31 13:00:00,2.8897166666666667,2.9236999999999997,188.541645,336.63836166666664
2019-10-31 14:00:00,2.85405,2.8893,185.81099166666667,358.174475
2019-10-31 15:00:00,2.8122333333333334,2.838916666666667,226.14565833333333,377.4491816666667
2019-10-31 16:00:00,2.79775,2.8202833333333333,226.169945,308.7071666666667
2019-10-31 17:00:00,2.8069833333333336,2.8306666666666667,226.22220333333334,316.35656
2019-10-31 18:00:00,2.7993,2.8221,227.60408666666666,370.5626766666667
2019-10-31 19:00:00,2.7571999999999997,2.7784166666666668,237.769205,436.76097666666664
2019-10-31 20:00:00,2.679316666666667,2.7002,238.535605,418.6867733333333
2019-10-31 21:00:00,2.6539,2.6752333333333334,228.55378833333333,361.70734833333336
2019-10-31 22:00:00,2.6351,2.6556333333333333,222.06846,359.1575833333333
2019-10-31 23:00:00,2.605166666666667,2.6287499999999997,248.83873333333335,363.757215
2019-11-01 00:00:00,2.6398,2.696966666666667,398.8434416666667,338.50972
2019-11-01 01:00:00,2.789916666666667,2.8380666666666667,398.27785500000005,223.3777883333333
2019-11-01 02:00:00,2.978833333333333,3.02695,401.03091333333333,204.80853166666665
2019-11-01 03:00:00,3.1796333333333333,3.2270333333333334,403.9139616666667,195.11718000000002
2019-11-01 04:00:00,3.3825166666666666,3.43065,403.89103166666666,196.30302333333333
2019-11-01 05:00:00,3.5833333333333335,3.6336,398.97163166666667,217.716205
2019-11-01 06:00:00,3.6934166666666663,3.7187833333333336,204.96902666666668,291.4368383333333
2019-11-01 07:00:00,3.6756,3.696566666666667,211.46046166666665,388.3839316666666
2019-11-01 08:00:00,3.5850500000000003,3.6021333333333336,205.02526166666667,540.6255183333334
2019-11-01 09:00:00,3.4107166666666666,3.424583333333333,201.87405666666666,552.0987133333333
2019-11-01 10:00:00,3.2829166666666665,3.300683333333333,197.62277333333336,403.95949
2019-11-01 11:00:00,3.2201666666666666,3.2391666666666667,199.60706666666667,386.750565
2019-11-01 12:00:00,3.1929000000000003,3.212816666666667,206.22216833333331,327.69895
2019-11-01 13:00:00,3.16205,3.181,208.15693833333336,379.97772333333336
2019-11-01 14:00:00,3.1006333333333336,3.1183833333333335,207.78789999999998,412.6289366666667
2019-11-01 15:00:00,3.0614166666666667,3.080566666666667,207.20964666666666,314.07804000000004
2019-11-01 16:00:00,3.0484666666666667,3.06855,227.71225666666666,341.94617999999997
2019-11-01 17:00:00,3.01585,3.033933333333333,233.64829,382.89763666666664
2019-11-01 18:00:00,2.9699666666666666,2.9880166666666668,232.90941833333332,357.1636383333333
2019-11-01 19:00:00,2.90835,2.9246666666666665,233.67288166666668,421.40895333333333
2019-11-01 20:00:00,2.8760499999999998,2.8952999999999998,233.067095,338.83939166666664
2019-11-01 21:00:00,2.834683333333333,2.8516833333333333,233.49518666666665,406.40905833333335
2019-11-01 22:00:00,2.7579166666666666,2.77465,223.90820166666666,398.5702933333333
2019-11-01 23:00:00,2.726383333333333,2.74585,223.32114833333333,302.93592333333333
2019-11-02 00:00:00,2.7202833333333336,2.7420666666666667,262.09834166666667,345.67356666666666
2019-11-02 01:00:00,2.7478833333333332,2.7727333333333335,267.90286499999996,242.38262333333333
2019-11-02 02:00:00,2.8281,2.8540833333333335,268.40455333333335,229.69165
2019-11-02 03:00:00,2.9063833333333333,2.9319833333333336,268.16518833333333,207.92915499999998
2019-11-02 04:00:00,2.9977333333333336,3.0242999999999998,267.2977833333333,203.861965
2019-11-02 05:00:00,3.0763833333333332,3.103283333333333,268.13752833333336,255.29003333333333
2019-11-02 06:00:00,3.1390333333333333,3.1647666666666665,266.973235,249.93981
2019-11-02 07:00:00,3.1874166666666666,3.2123833333333334,267.16681166666666,306.7361683333333
2019-11-02 08:00:00,3.172633333333333,3.1967833333333333,264.01356499999997,427.0182066666667
2019-11-02 09:00:00,3.100416666666667,3.12405,263.86378666666667,505.744235
2019-11-02 10:00:00,2.9662833333333336,2.988983333333333,265.4373616666667,560.090585
2019-11-02 11:00:00,2.846166666666667,2.8688166666666666,266.06839833333333,479.1808333333333
2019-11-02 12:00:00,2.8065,2.8306166666666663,263.4691383333333,332.79788333333335
2019-11-02 13:00:00,2.7923166666666663,2.8162499999999997,265.12967000000003,426.8632766666667
2019-11-02 14:00:00,2.7325333333333335,2.7552666666666665,268.57421166666666,396.990145
2019-11-02 15:00:00,2.7250500000000004,2.7486166666666665,268.08755,335.00729333333334
2019-11-02 16:00:00,2.73695,2.7605166666666667,267.6004066666667,339.800135
2019-11-02 17:00:00,2.7308333333333334,2.752483333333333,263.8037733333333,365.9718383333333
2019-11-02 18:00:00,2.6988166666666666,2.7214,265.4618766666666,413.64242666666667
2019-11-02 19:00:00,2.6729,2.6958833333333336,263.172755,341.3176583333333
2019-11-02 20:00:00,2.645583333333333,2.6710333333333334,167.26467499999998,400.72595333333334
2019-11-02 21:00:00,2.4946333333333333,2.519233333333333,137.92154166666666,426.92529666666667
2019-11-02 22:00:00,2.406766666666667,2.43275,139.79155,314.170295
2019-11-02 23:00:00,2.3354500000000002,2.361066666666667,143.13711,335.37247
2019-11-03 00:00:00,2.3074500000000002,2.334783333333333,347.4562966666666,315.73710666666665
2019-11-03 01:00:00,2.453333333333333,2.4813833333333335,417.80216,241.41391000000002
2019-11-03 02:00:00,2.6252666666666666,2.6541833333333336,419.45258666666666,248.35047666666665
2019-11-03 03:00:00,2.809083333333333,2.8369333333333335,420.0081916666667,200.05652
2019-11-03 04:00:00,3.005033333333333,3.0326666666666666,420.473425,207.56304
2019-11-03 05:00:00,3.1986833333333333,3.22845,419.85074999999995,223.32764666666665
2019-11-03 06:00:00,3.374616666666667,3.4061,422.5657166666667,234.89991333333333
2019-11-03 07:00:00,3.5405,3.57205,424.42941666666667,293.799715
2019-11-03 08:00:00,3.6462999999999997,3.66955,286.31051833333333,330.06436
2019-11-03 09:00:00,3.5698999999999996,3.5736666666666665,201.867615,549.5975816666667
2019-11-03 10:00:00,3.3842,3.3834999999999997,201.842015,592.0160933333334
2019-11-03 11:00:00,3.1902833333333334,3.192,200.984745,486.2366516666667
2019-11-03 12:00:00,3.09435,3.1026666666666665,201.81413166666667,390.9634116666667
2019-11-03 13:00:00,3.0335666666666667,3.0417666666666667,207.86026333333334,382.0563833333334
2019-11-03 14:00:00,2.9623666666666666,2.96805,206.79090499999998,391.97375666666665
2019-11-03 15:00:00,2.9088,2.9167,206.47857166666665,333.4332383333333
2019-11-03 16:00:00,2.8863833333333333,2.894833333333333,201.67235166666666,322.93488333333335
2019-11-03 17:00:00,2.8437833333333336,2.8510333333333335,194.87898833333333,372.42093833333337
2019-11-03 18:00:00,2.7760499999999997,2.78035,192.97560333333334,427.7194283333334
2019-11-03 19:00:00,2.6586333333333334,2.658983333333333,202.46252666666666,502.76630166666666
2019-11-03 20:00:00,2.5450833333333334,2.549916666666667,198.83119833333333,390.048515
2019-11-03 21:00:00,2.48025,2.4868,199.7928,387.81882833333333
2019-11-03 22:00:00,2.4157,2.4231166666666666,199.57859833333333,368.78377333333333
2019-11-03 23:00:00,2.3762499999999998,2.3863,199.59420166666666,319.78177500000004
2019-11-04 00:00:00,2.3871333333333333,2.4208833333333337,342.0057933333334,270.9821083333333
2019-11-04 01:00:00,2.5206833333333334,2.56275,381.85289833333337,220.78667
2019-11-04 02:00:00,2.6795666666666667,2.7216,377.0956683333333,210.82759166666668
2019-11-04 03:00:00,2.8509666666666664,2.8927166666666664,380.85962666666666,201.08864166666666
2019-11-04 04:00:00,3.0194666666666667,3.0628,379.31721666666664,210.937085
2019-11-04 05:00:00,3.1841166666666667,3.2277833333333334,381.702475,225.890995
2019-11-04 06:00:00,3.3165,3.3633666666666664,370.3717466666667,287.69383833333336
2019-11-04 07:00:00,3.3548833333333334,3.4148833333333335,382.58887500000003,559.8277783333334
2019-11-04 08:00:00,3.2396000000000003,3.30885,385.07249666666667,663.6359216666666
2019-11-04 09:00:00,3.1993333333333336,3.2584333333333335,371.92097966666665,391.16201333333333
2019-11-04 10:00:00,3.2320333333333333,3.2449833333333333,279.81879416666663,423.758535
2019-11-04 11:00:00,3.1407499999999997,3.1736500000000003,73.646912,350.57239833333335
2019-11-04 12:00:00,2.967966666666667,3.0075999999999996,70.25448983333334,442.44716
2019-11-04 13:00:00,2.808133333333333,2.8460833333333335,71.14836166666667,375.45202333333333
2019-11-04 14:00:00,2.6683333333333334,2.7060166666666663,71.47724266666667,346.82116
2019-11-04 15:00:00,2.547616666666667,2.58345,73.22384833333334,337.478875
2019-11-04 16:00:00,2.4284166666666667,2.4636833333333334,70.98438633333333,332.9412966666667
2019-11-04 17:00:00,2.2855166666666666,2.3230166666666667,71.90469033333333,404.9453516666666
2019-11-04 18:00:00,2.2176833333333335,2.2643833333333334,405.9868325,389.39907166666666
2019-11-04 19:00:00,2.2725166666666667,2.333366666666667,408.5026583333334,489.671905
2019-11-04 20:00:00,2.2382833333333334,2.29895,222.40518166666666,412.700725
2019-11-04 21:00:00,2.1617166666666665,2.2239,221.99426333333335,403.82964
2019-11-04 22:00:00,2.0944,2.15495,213.81682666666666,406.45155
2019-11-04 23:00:00,2.1025833333333335,2.151116666666667,395.112795,298.88681333333335
2019-11-05 00:00:00,2.2674166666666666,2.30885,428.39314833333333,255.22367833333334
2019-11-05 01:00:00,2.4446999999999997,2.4863500000000003,428.7582883333333,237.55839166666667
2019-11-05 02:00:00,2.62925,2.670166666666667,426.91116,229.19640666666666
2019-11-05 03:00:00,2.8265499999999997,2.86545,429.615625,206.97092833333332
2019-11-05 04:00:00,3.0290833333333333,3.06885,418.85856333333334,218.35036
2019-11-05 05:00:00,3.2249833333333333,3.2645166666666667,418.653325,217.45376666666667
2019-11-05 06:00:00,3.387716666666667,3.4202999999999997,324.67173,261.21206
2019-11-05 07:00:00,3.389216666666667,3.4126333333333334,289.7561333333333,583.3511483333333
2019-11-05 08:00:00,3.2081500000000003,3.2260333333333335,254.51413333333332,628.5762416666668
2019-11-05 09:00:00,3.0739666666666663,3.0816999999999997,196.48649333333333,432.5293916666667
2019-11-05 10:00:00,2.9907666666666666,3.0012666666666665,195.39076666666668,366.33351500000003
2019-11-05 11:00:00,2.9364,2.9477333333333333,187.78435499999998,355.1789116666667
2019-11-05 12:00:00,2.8731500000000003,2.8831166666666665,188.91241499999998,430.2147083333333
2019-11-05 13:00:00,2.756333333333333,2.7641166666666668,189.6058,414.80338166666667
2019-11-05 14:00:00,2.6981333333333333,2.7113500000000004,191.07617833333333,333.05997833333333
2019-11-05 15:00:00,2.6571,2.6688166666666664,185.28256666666667,333.44879000000003
2019-11-05 16:00:00,2.6119333333333334,2.6242,183.08614500000002,348.389795
2019-11-05 17:00:00,2.552,2.5625333333333336,190.13035666666667,364.958995
2019-11-05 18:00:00,2.456166666666667,2.461183333333333,191.0646416666667,502.5507166666667
2019-11-05 19:00:00,2.35315,2.3617500000000002,191.11221666666668,367.8487733333333
2019-11-05 20:00:00,2.26875,2.2761333333333336,192.08631,414.3151016666667
2019-11-05 21:00:00,2.1990333333333334,2.2087999999999997,191.06197833333331,370.02202833333337
2019-11-05 22:00:00,2.1400833333333336,2.1500666666666666,190.13079166666665,376.81402499999996
2019-11-05 23:00:00,2.0673,2.076,198.28865166666668,354.9761366666667
2019-11-06 00:00:00,2.1114,2.1387,396.114075,266.114885
2019-11-06 01:00:00,2.2900833333333335,2.3053666666666666,444.19695333333334,254.6528483333333
2019-11-06 02:00:00,2.4769833333333335,2.4927333333333332,442.92989166666666,227.2041866666667
2019-11-06 03:00:00,2.6875500000000003,2.7040833333333336,445.59482166666663,204.01623833333332
2019-11-06 04:00:00,2.9015,2.9192166666666663,446.3496833333333,207.02412999999999
2019-11-06 05:00:00,3.1146000000000003,3.1335833333333336,447.64373,216.70094166666667
2019-11-06 06:00:00,3.3013166666666667,3.3183833333333337,446.9242316666667,365.65837999999997
2019-11-06 07:00:00,3.3519,3.365866666666667,355.2442933333333,460.34886
2019-11-06 08:00:00,3.2816833333333335,3.2995,209.54155166666666,405.96996666666666
2019-11-06 09:00:00,3.2033833333333335,3.2217333333333333,201.04658833333332,472.25496166666665
2019-11-06 10:00:00,3.0868333333333333,3.1057,188.7568566666667,394.58879666666667
2019-11-06 11:00:00,3.0151499999999998,3.03425,193.96456666666666,399.0685833333334
2019-11-06 12:00:00,2.945666666666667,2.964316666666667,200.68898833333333,361.77491833333335
2019-11-06 13:00:00,2.8827333333333334,2.9010166666666666,200.662425,412.126685
2019-11-06 14:00:00,2.80755,2.8239500000000004,200.660515,407.80034
2019-11-06 15:00:00,2.730433333333333,2.7464999999999997,200.26036666666667,367.32669999999996
2019-11-06 16:00:00,2.696566666666667,2.7141666666666664,199.912225,342.77696333333336
2019-11-06 17:00:00,2.6288833333333335,2.6441166666666667,198.31938499999998,432.1960066666667
2019-11-06 18:00:00,2.5469333333333335,2.56185,196.99108833333332,391.62072
2019-11-06 19:00:00,2.4331,2.4472,191.91584833333334,491.03445
2019-11-06 20:00:00,2.3239333333333336,2.3396666666666666,195.83425,416.066945
2019-11-06 21:00:00,2.255333333333333,2.27175,198.13074666666668,342.60124
2019-11-06 22:00:00,2.2062166666666667,2.222,199.45290166666666,393.671475
2019-11-06 23:00:00,2.1425666666666667,2.1579833333333336,201.25427499999998,334.74996833333336
2019-11-07 00:00:00,2.19145,2.1891166666666666,319.74496833333336,270.74735166666665
2019-11-07 01:00:00,2.28195,2.2792666666666666,321.78314500000005,253.97589000000002
2019-11-07 02:00:00,2.3933166666666663,2.39325,319.87426166666665,237.89965666666666
2019-11-07 03:00:00,2.5099500000000003,2.5117833333333333,322.2785783333333,203.18906666666666
2019-11-07 04:00:00,2.6473999999999998,2.651616666666667,321.6244066666667,198.7013266666667
2019-11-07 05:00:00,2.7797166666666664,2.7822999999999998,322.75572166666666,219.37169666666665
2019-11-07 06:00:00,2.9410000000000003,2.9829999999999997,589.3349666666667,268.42798166666665
2019-11-07 07:00:00,3.17015,3.254766666666667,666.8773249999999,495.23752666666667
2019-11-07 08:00:00,3.2933999999999997,3.3580833333333335,319.27261999999996,399.499345
2019-11-07 09:00:00,3.2177000000000002,3.2653499999999998,188.13422666666665,412.729845
2019-11-07 10:00:00,3.1498666666666666,3.1945833333333336,184.98544333333334,370.2826083333333
2019-11-07 11:00:00,3.092966666666667,3.1371666666666664,186.61472666666666,362.31782166666665
2019-11-07 12:00:00,3.0052833333333333,3.0509166666666667,188.74713500000001,431.06524
2019-11-07 13:00:00,2.9006333333333334,2.9476333333333335,197.0683533333333,480.2178366666667
2019-11-07 14:00:00,2.7376833333333335,2.7867666666666664,194.368395,542.4021066666667
2019-11-07 15:00:00,2.5694500000000002,2.6169000000000002,195.63725666666667,538.5346866666666
2019-11-07 16:00:00,2.471233333333333,2.5123,195.82050833333332,325.76919166666664
2019-11-07 17:00:00,2.4433166666666666,2.4846,193.84650333333332,330.38550000000004
2019-11-07 18:00:00,2.3928,2.4344166666666665,188.697595,362.92395166666665
2019-11-07 19:00:00,2.315633333333333,2.3606166666666666,187.265425,420.4434116666667
2019-11-07 20:00:00,2.2443999999999997,2.28615,186.31137166666667,355.60791166666667
2019-11-07 21:00:00,2.16875,2.21255,188.04278000000002,384.35767500000003
2019-11-07 22:00:00,2.1024666666666665,2.14385,187.63438499999998,360.32302833333335
2019-11-07 23:00:00,2.0827666666666667,2.1249166666666666,324.42778333333337,357.58788833333335
2019-11-08 00:00:00,2.1757,2.2335,434.5662383333334,285.87410166666666
2019-11-08 01:00:00,2.361883333333333,2.4148,436.7382533333333,223.52516666666668
2019-11-08 02:00:00,2.568233333333333,2.6188333333333333,436.29636,206.21664666666666
2019-11-08 03:00:00,2.7744500000000003,2.8268666666666666,436.349725,213.78889666666666
2019-11-08 04:00:00,2.9839333333333333,3.0353333333333334,439.01046833333334,200.31896999999998
2019-11-08 05:00:00,3.1803000000000003,3.2371166666666666,439.254175,255.67951166666668
2019-11-08 06:00:00,3.3312833333333334,3.3906,397.57352833333334,316.07972
2019-11-08 07:00:00,3.3825,3.4377166666666668,255.68260166666667,454.3181616666667
2019-11-08 08:00:00,3.228283333333333,3.251183333333333,205.374409,606.9675416666666
2019-11-08 09:00:00,3.0256833333333333,3.0770333333333335,160.18285833333331,459.530195
2019-11-08 10:00:00,2.9223500000000002,2.9699999999999998,155.77562833333334,372.1253666666667
2019-11-08 11:00:00,2.7943000000000002,2.8437833333333336,155.78140666666667,488.549165
2019-11-08 12:00:00,2.6447333333333334,2.6942333333333335,160.97806833333334,464.68505999999996
2019-11-08 13:00:00,2.5104666666666664,2.5595833333333333,160.88318333333333,397.5781183333333
2019-11-08 14:00:00,2.4227666666666665,2.4716,162.29746000000003,394.8528783333333
2019-11-08 15:00:00,2.324316666666667,2.3729,161.66732666666667,373.74995333333334
2019-11-08 16:00:00,2.2417666666666665,2.28915,161.28830833333333,430.01622166666664
2019-11-08 17:00:00,2.1119833333333333,2.162716666666667,274.58939666666663,436.471115
2019-11-08 18:00:00,2.1543166666666664,2.2069,457.83134666666666,433.9166433333333
2019-11-08 19:00:00,2.2337,2.2828833333333334,416.904965,373.74179166666664
2019-11-08 20:00:00,2.264283333333333,2.308866666666667,351.7978816666666,496.9521033333333
2019-11-08 21:00:00,2.2519,2.2948833333333334,347.4064183333333,403.52354166666663
2019-11-08 22:00:00,2.2844666666666664,2.3263666666666665,346.52451833333333,358.93414
2019-11-08 23:00:00,2.3466,2.3859666666666666,382.3843833333333,338.08172333333334
2019-11-09 00:00:00,2.3972333333333333,2.43815,428.5524033333333,364.9900883333333
2019-11-09 01:00:00,2.4721166666666665,2.5103166666666668,430.87485833333335,277.68627666666663
2019-11-09 02:00:00,2.561583333333333,2.6004666666666667,431.81132499999995,297.79299
2019-11-09 03:00:00,2.685283333333333,2.722383333333333,431.56106,232.84913166666666
2019-11-09 04:00:00,2.8150166666666667,2.8533833333333334,432.78849833333334,241.18205
2019-11-09 05:00:00,2.9447166666666664,2.9845333333333333,409.46381333333335,239.81035666666668
2019-11-09 06:00:00,3.136083333333333,3.1880666666666664,531.69966,271.61740166666664
2019-11-09 07:00:00,3.330233333333333,3.3780666666666668,498.65652166666666,357.99494
2019-11-09 08:00:00,3.40215,3.4583833333333334,493.6439183333333,577.057415
2019-11-09 09:00:00,3.3429833333333336,3.3731500000000003,219.36874500000002,548.673355
2019-11-09 10:00:00,3.184633333333333,3.1992166666666666,205.21121166666666,506.59284
2019-11-09 11:00:00,3.092233333333333,3.1095333333333333,204.038955,380.11186333333336
2019-11-09 12:00:00,3.04645,3.0664833333333332,220.48857333333333,323.75381500000003
2019-11-09 13:00:00,3.0172833333333333,3.0373499999999996,278.8785716666667,357.21968333333336
2019-11-09 14:00:00,2.9471166666666666,2.963916666666667,280.96127,418.90151499999996
2019-11-09 15:00:00,2.870433333333333,2.8871666666666664,271.78265833333336,335.902685
2019-11-09 16:00:00,2.851383333333333,2.871,193.58649666666668,309.355395
2019-11-09 17:00:00,2.8356166666666667,2.8561666666666667,178.98332833333333,303.48552
2019-11-09 18:00:00,2.8075166666666664,2.8260666666666667,179.43322500000002,360.81089833333334
2019-11-09 19:00:00,2.717833333333333,2.7329166666666667,179.58715166666667,463.6624683333333
2019-11-09 20:00:00,2.6436166666666665,2.660816666666667,180.796845,325.15357666666665
2019-11-09 21:00:00,2.6574,2.7045666666666666,330.3967216666667,302.77820333333335
2019-11-09 22:00:00,2.733683333333333,2.7817166666666666,344.65702,309.17374333333333
2019-11-09 23:00:00,2.7538666666666667,2.7740333333333336,274.06564499999996,296.52776166666666
2019-11-10 00:00:00,2.7900666666666667,2.8255,382.4712416666667,231.1837
2019-11-10 01:00:00,2.8943333333333334,2.9305666666666665,382.9226,243.13576
2019-11-10 02:00:00,2.975283333333333,3.0136166666666666,382.28090499999996,243.62440999999998
2019-11-10 03:00:00,3.0947,3.1319500000000002,383.6355033333333,176.70603166666666
2019-11-10 04:00:00,3.2316833333333337,3.2699,386.295015,201.36891
2019-11-10 05:00:00,3.335466666666667,3.3750500000000003,386.99631000000005,221.38092166666667
2019-11-10 06:00:00,3.4462333333333333,3.486083333333333,389.358695,289.5902016666667
2019-11-10 07:00:00,3.5826833333333337,3.5747333333333335,602.0975716666667,375.4769083333333
2019-11-10 08:00:00,3.62995,3.6652,307.90417333333335,307.7923983333333
2019-11-10 09:00:00,3.58625,3.61025,267.62166,442.57519666666667
2019-11-10 10:00:00,3.4420333333333333,3.4624,234.9012,426.9092983333333
2019-11-10 11:00:00,3.342766666666667,3.3676666666666666,196.84496333333334,337.12507833333336
2019-11-10 12:00:00,3.2511666666666668,3.27325,199.14464666666666,357.4212283333334
2019-11-10 13:00:00,3.139733333333333,3.1616833333333334,198.94748666666666,370.5555366666667
2019-11-10 14:00:00,3.0192833333333335,3.0398,198.64064666666667,360.5834683333333
2019-11-10 15:00:00,2.9298166666666665,2.9511333333333334,197.54404833333334,326.313795
2019-11-10 16:00:00,2.8343,2.8611166666666668,164.03017666666668,321.03787
2019-11-10 17:00:00,2.6866666666666665,2.7209,135.79052833333333,428.3822083333333
2019-11-10 18:00:00,2.49545,2.52885,136.179145,371.30558333333335
2019-11-10 19:00:00,2.365333333333333,2.3983,136.35990666666666,331.2870216666667
2019-11-10 20:00:00,2.223383333333333,2.25535,134.60366333333334,347.40314666666666
2019-11-10 21:00:00,2.085733333333333,2.115466666666667,127.36453,379.115875
2019-11-10 22:00:00,1.9476833333333334,1.9771833333333333,493.98301,482.6372583333333
2019-11-10 23:00:00,2.1115166666666667,2.1487666666666665,524.8158833333333,302.42293666666666
2019-11-11 00:00:00,2.216616666666667,2.2616666666666663,412.199385,319.24040833333333
2019-11-11 01:00:00,2.2597333333333336,2.3063166666666666,411.33339166666667,274.9788366666667
2019-11-11 02:00:00,2.4002333333333334,2.439833333333333,414.41219,175.90497333333332
2019-11-11 03:00:00,2.5625166666666668,2.6016166666666667,418.91362666666663,167.44953333333333
2019-11-11 04:00:00,2.7279666666666667,2.7669833333333336,419.59272500000003,171.615465
2019-11-11 05:00:00,2.8855333333333335,2.9273833333333332,416.04738333333336,183.241465
2019-11-11 06:00:00,3.0234666666666663,3.06805,416.8054133333333,250.776315
2019-11-11 07:00:00,3.0975333333333332,3.14745,418.468235,324.68982166666666
2019-11-11 08:00:00,3.14665,3.1987,413.59722,366.9037233333333
2019-11-11 09:00:00,3.1766333333333336,3.23105,413.33330666666666,358.683785
2019-11-11 10:00:00,3.2083833333333334,3.2640833333333332,418.0814766666666,383.4028933333333
2019-11-11 11:00:00,3.2462666666666666,3.2987666666666664,391.30375333333336,314.36958
2019-11-11 12:00:00,3.23035,3.2702999999999998,213.13388166666667,405.91357166666666
2019-11-11 13:00:00,3.0399833333333333,3.0784000000000002,211.14117666666667,486.86561166666667
2019-11-11 14:00:00,2.9343166666666667,2.969266666666667,210.42915333333335,299.1300816666666
2019-11-11 15:00:00,2.8766666666666665,2.9118166666666667,210.71988000000002,280.54471333333333
2019-11-11 16:00:00,2.824516666666667,2.859566666666667,211.03298666666666,314.5084533333333
2019-11-11 17:00:00,2.7464999999999997,2.78045,211.73528833333333,321.1397983333334
2019-11-11 18:00:00,2.6621499999999996,2.697566666666667,210.901905,377.42917833333337
2019-11-11 19:00:00,2.5648666666666666,2.5997,215.33211666666665,330.74054666666666
2019-11-11 20:00:00,2.462616666666667,2.4992500000000004,217.53385666666665,430.70042166666667
2019-11-11 21:00:00,2.287,2.3248166666666665,215.10701333333333,533.6145166666666
2019-11-11 22:00:00,2.0879,2.124766666666667,215.37596833333333,429.829855
2019-11-11 23:00:00,2.00215,2.0357499999999997,250.33897,289.39735666666667
2019-11-12 00:00:00,2.0500833333333333,2.0711500000000003,370.83418166666667,223.3987283333333
2019-11-12 01:00:00,2.1567333333333334,2.1787666666666667,375.37003166666665,197.257925
2019-11-12 02:00:00,2.28095,2.3040499999999997,375.98087000000004,175.31894833333334
2019-11-12 03:00:00,2.4161333333333332,2.4388666666666667,375.8713583333334,169.14606666666666
2019-11-12 04:00:00,2.5502,2.570583333333333,373.7334016666666,177.70550166666666
2019-11-12 05:00:00,2.6753333333333336,2.6974,372.99834666666663,198.46927166666669
2019-11-12 06:00:00,2.7891,2.820266666666667,458.407035,244.75974666666667
2019-11-12 07:00:00,2.87095,2.9257333333333335,513.1713033333333,453.472205
2019-11-12 08:00:00,2.9402166666666667,2.9849166666666664,413.3889933333333,363.21165666666667
2019-11-12 09:00:00,2.92435,2.9453666666666667,270.705715,339.64461166666666
2019-11-12 10:00:00,2.8853666666666666,2.9055666666666666,262.2250416666667,327.3356866666666
2019-11-12 11:00:00,2.7950666666666666,2.81075,266.25212,438.2895183333333
2019-11-12 12:00:00,2.7300833333333334,2.7487666666666666,272.85816,347.7260366666667
2019-11-12 13:00:00,2.6561166666666667,2.6723166666666667,271.609635,382.47073166666667
2019-11-12 14:00:00,2.5988166666666666,2.6183666666666667,271.22782333333333,331.141165
2019-11-12 15:00:00,2.5766666666666667,2.598316666666667,275.34816333333333,272.77358
2019-11-12 16:00:00,2.5793833333333334,2.5998,273.69652333333335,276.12026499999996
2019-11-12 17:00:00,2.553633333333333,2.5723166666666666,275.199845,359.30386166666665
2019-11-12 18:00:00,2.5034,2.5221333333333336,273.6519883333333,324.9487516666667
2019-11-12 19:00:00,2.4595,2.4760666666666666,267.163515,371.8907483333333
2019-11-12 20:00:00,2.3317166666666664,2.34375,266.85461833333335,551.2008516666666
2019-11-12 21:00:00,2.13755,2.1468166666666666,267.18282,523.7284999999999
2019-11-12 22:00:00,2.0219333333333336,2.036016666666667,269.0371866666667,381.19830333333334
2019-11-12 23:00:00,1.9856833333333335,2.0109666666666666,320.68986333333334,256.412205
2019-11-13 00:00:00,2.0480333333333336,2.081983333333333,327.9151566666667,224.83331166666667
2019-11-13 01:00:00,2.1284666666666667,2.1602,329.71804499999996,187.93605833333334
2019-11-13 02:00:00,2.227533333333333,2.25875,329.49037000000004,168.44237833333332
2019-11-13 03:00:00,2.3338166666666664,2.3647833333333335,329.11259666666666,161.93494333333334
2019-11-13 04:00:00,2.440633333333333,2.472383333333333,330.66737166666667,187.35400833333333
2019-11-13 05:00:00,2.5314166666666664,2.5627333333333335,342.48484303278684,192.69257000000002
2019-11-13 06:00:00,2.908066666666667,2.9670666666666667,555.5088603005464,265.58016833333335
2019-11-13 07:00:00,3.28895,3.3107166666666665,587.4314016666667,339.4124683333333
2019-11-13 08:00:00,3.4258666666666664,3.4473333333333334,431.148865,342.58317
2019-11-13 09:00:00,3.3562333333333334,3.3901499999999998,179.98841833333333,414.5335283333333
2019-11-13 10:00:00,3.1545666666666667,3.1866166666666667,174.75678666666667,450.3761216666666
2019-11-13 11:00:00,3.0299,3.061916666666667,176.994765,330.81440166666664
2019-11-13 12:00:00,2.921316666666667,2.951783333333333,177.80126666666666,349.24871833333333
2019-11-13 13:00:00,2.7921666666666667,2.8238666666666665,177.95763666666664,390.86438999999996
2019-11-13 14:00:00,2.68365,2.7142,176.700335,288.5744383333333
2019-11-13 15:00:00,2.59515,2.62455,177.29101,321.5603916666667
2019-11-13 16:00:00,2.4888833333333333,2.5189666666666666,177.72664,353.76008333333334
2019-11-13 17:00:00,2.3790833333333334,2.4088,178.17143,347.2388966666667
2019-11-13 18:00:00,2.2793,2.313283333333333,253.99079500000002,341.87997333333334
2019-11-13 19:00:00,2.2134833333333335,2.25095,269.213555,454.41837000000004
2019-11-13 20:00:00,2.03465,2.0725666666666664,266.954845,566.7229583333334
2019-11-13 21:00:00,2.0248,2.0699,702.0244966666667,359.74621833333333
2019-11-13 22:00:00,2.2104166666666667,2.2559,480.49163166666665,399.71267
2019-11-13 23:00:00,2.213,2.2279166666666668,356.45675166666666,313.95640499999996
2019-11-14 00:00:00,2.3033833333333336,2.339183333333333,434.3941833333333,253.0352266666667
2019-11-14 01:00:00,2.428616666666667,2.461383333333333,412.10460166666667,195.28702833333332
2019-11-14 02:00:00,2.5760666666666667,2.609566666666667,413.6838183333333,184.42312166666667
2019-11-14 03:00:00,2.7307166666666665,2.76275,412.9277866666667,171.50717666666665
2019-11-14 04:00:00,2.8871333333333333,2.9214333333333333,414.85175333333336,185.146945
2019-11-14 05:00:00,3.0356333333333336,3.0695166666666664,410.598735,187.17867333333334
2019-11-14 06:00:00,3.1664499999999998,3.202933333333333,414.07535,248.02572333333333
2019-11-14 07:00:00,3.253,3.2934666666666668,418.5865166666666,329.35845166666667
2019-11-14 08:00:00,3.275583333333333,3.3192333333333335,420.52698,425.853775
2019-11-14 09:00:00,3.2575166666666666,3.2918333333333334,326.3345033333333,402.35898
2019-11-14 10:00:00,3.2016666666666667,3.2203833333333334,241.72881,341.35482833333333
2019-11-14 11:00:00,3.12325,3.14005,237.32935333333336,362.47054
2019-11-14 12:00:00,3.04475,3.0620166666666666,244.01988,342.9716583333333
2019-11-14 13:00:00,2.9546666666666668,2.9683333333333333,244.50988166666667,488.474185
2019-11-14 14:00:00,2.78565,2.7978,246.543755,421.8389183333333
2019-11-14 15:00:00,2.7041833333333334,2.720266666666667,244.65689333333333,316.6421583333333
2019-11-14 16:00:00,2.6208,2.6515666666666666,166.34906833333335,331.2514233333333
2019-11-14 17:00:00,2.507766666666667,2.5425833333333334,191.88816833333334,347.243215
2019-11-14 18:00:00,2.401883333333333,2.4377333333333335,200.35572833333333,402.09455333333335
2019-11-14 19:00:00,2.21405,2.2519666666666667,201.48661333333334,515.3006216666666
2019-11-14 20:00:00,2.0806666666666667,2.1089499999999997,272.0031466666667,380.97730666666666
2019-11-14 21:00:00,2.1708333333333334,2.2039,452.12008,320.54154166666666
2019-11-14 22:00:00,2.19755,2.2370333333333337,445.6604716666667,475.7186433333334
2019-11-14 23:00:00,2.2151666666666667,2.2534666666666667,439.3528883333333,332.8591083333333
2019-11-15 00:00:00,2.3284499999999997,2.3642499999999997,441.0242733333333,228.68506333333335
2019-11-15 01:00:00,2.4704333333333333,2.505333333333333,442.37858166666666,213.01959666666667
2019-11-15 02:00:00,2.634783333333333,2.6678833333333336,440.19545833333336,178.23840833333333
2019-11-15 03:00:00,2.8074999999999997,2.841666666666667,439.21992166666666,192.20900666666665
2019-11-15 04:00:00,2.9572166666666666,2.993666666666667,440.9999716666667,198.45713166666667
2019-11-15 05:00:00,3.12225,3.1584,442.50651833333336,198.99183833333333
2019-11-15 06:00:00,3.2671833333333336,3.3055833333333333,428.84810333333337,252.87577666666667
2019-11-15 07:00:00,3.3377499999999998,3.37925,396.61115,376.09978333333333
2019-11-15 08:00:00,3.273283333333333,3.3170333333333333,203.04526833333333,357.369475
2019-11-15 09:00:00,3.1755166666666668,3.2180833333333334,202.87901666666667,357.39059
2019-11-15 10:00:00,3.0742666666666665,3.1173333333333333,201.05815833333332,378.51199166666663
2019-11-15 11:00:00,2.9084166666666667,2.9531833333333335,200.83062333333334,496.43455166666666
2019-11-15 12:00:00,2.7680833333333337,2.808333333333333,204.39206166666665,351.16410666666667
2019-11-15 13:00:00,2.64595,2.6869500000000004,205.45664166666666,395.192765
2019-11-15 14:00:00,2.5502,2.588083333333333,206.07039166666667,304.000285
2019-11-15 15:00:00,2.47715,2.5160666666666667,206.78135666666668,347.04096166666665
2019-11-15 16:00:00,2.3766666666666665,2.4155333333333333,205.86955833333334,329.02404666666666
2019-11-15 17:00:00,2.28905,2.328216666666667,203.77895833333332,386.1965916666667
2019-11-15 18:00:00,2.1426166666666666,2.1837333333333335,203.35274166666667,458.5189883333333
2019-11-15 19:00:00,2.0399833333333333,2.074866666666667,452.5157633333334,422.402555
2019-11-15 20:00:00,2.1173833333333336,2.1486666666666663,476.36824666666666,355.64475166666665
2019-11-15 21:00:00,2.1597,2.1919166666666663,474.73545333333334,430.15466833333335
2019-11-15 22:00:00,2.2203666666666666,2.253416666666667,475.24298999999996,344.22582
2019-11-15 23:00:00,2.3095,2.34145,475.373015,319.1720833333333
2019-11-16 00:00:00,2.4004333333333334,2.453316666666667,384.92636166666665,239.41171
2019-11-16 01:00:00,2.49265,2.5493,387.43753166666664,242.105725
2019-11-16 02:00:00,2.6062833333333333,2.6576833333333334,392.24323333333336,189.30590333333333
2019-11-16 03:00:00,2.745816666666667,2.796983333333333,393.8842916666666,179.79238500000002
2019-11-16 04:00:00,2.88785,2.9400166666666667,394.91193833333335,172.90183
2019-11-16 05:00:00,3.0258666666666665,3.080033333333333,396.0257283333333,201.19161166666666
2019-11-16 06:00:00,3.2980666666666667,3.3002833333333332,753.0015483333334,220.80020000000002
2019-11-16 07:00:00,3.561166666666667,3.5837833333333333,596.2002799999999,303.25959166666667
2019-11-16 08:00:00,3.6241833333333333,3.69375,358.3215116666667,380.44077666666664
2019-11-16 09:00:00,3.55845,3.609483333333333,186.78849499999998,398.7210733333333
2019-11-16 10:00:00,3.3916833333333334,3.4354666666666662,185.27876833333332,472.0738116666667
2019-11-16 11:00:00,3.2326166666666665,3.2739833333333332,181.09232666666668,355.062005
2019-11-16 12:00:00,3.128,3.16755,181.692975,370.775755
2019-11-16 13:00:00,2.9677333333333333,3.0096333333333334,182.83685166666666,412.59958
2019-11-16 14:00:00,2.849416666666667,2.888183333333333,182.83848833333334,319.72269
2019-11-16 15:00:00,2.7584166666666667,2.7965666666666666,181.901645,311.6501833333333
2019-11-16 16:00:00,2.6343166666666664,2.6727,181.43527666666665,457.05133166666667
2019-11-16 17:00:00,2.4446,2.48415,181.90493833333332,430.315735
2019-11-16 18:00:00,2.3015499999999998,2.3376499999999996,201.6371333333333,365.0238483333333
2019-11-16 19:00:00,2.23065,2.2679833333333335,444.89383,472.1011483333333
2019-11-16 20:00:00,2.3084166666666666,2.344733333333333,553.3704133333333,333.7885833333333
2019-11-16 21:00:00,2.4055166666666663,2.43305,250.651159,317.55867333333333
2019-11-16 22:00:00,2.2718833333333333,2.2938666666666667,98.56433133333333,303.95482833333335
2019-11-16 23:00:00,2.139866666666667,2.1600333333333332,202.05697383333333,343.38211666666666
2019-11-17 00:00:00,2.16115,2.1728,421.9524516666667,275.75122833333336
2019-11-17 01:00:00,2.2823833333333337,2.29725,422.3314933333333,201.71646333333334
2019-11-17 02:00:00,2.4324500000000002,2.448783333333333,424.54539833333337,187.01530333333332
2019-11-17 03:00:00,2.5936,2.6092999999999997,426.233945,176.15028666666666
2019-11-17 04:00:00,2.7584333333333335,2.7744833333333334,426.89627,175.43053999999998
2019-11-17 05:00:00,2.92065,2.9370333333333334,424.7134,186.30441166666665
2019-11-17 06:00:00,3.0699166666666664,3.08755,419.91468499999996,202.42066333333332
2019-11-17 07:00:00,3.1965,3.2162833333333336,355.39102333333335,246.89157500000002
2019-11-17 08:00:00,3.15575,3.1846166666666664,230.10223,373.0514566666667
2019-11-17 09:00:00,3.0844333333333336,3.1111333333333335,264.24078833333334,408.73409499999997
2019-11-17 10:00:00,2.9609666666666663,2.9872333333333336,264.19888833333334,432.161245
2019-11-17 11:00:00,2.8682166666666666,2.89355,264.60805,391.06829999999997
2019-11-17 12:00:00,2.806966666666667,2.8314333333333335,265.89660333333336,320.24539666666664
2019-11-17 13:00:00,2.7670666666666666,2.7927166666666663,265.69827,369.4486866666667
2019-11-17 14:00:00,2.6729166666666666,2.6963500000000002,266.036855,438.559125
2019-11-17 15:00:00,2.52475,2.546866666666667,264.7380166666666,510.88979
2019-11-17 16:00:00,2.4236500000000003,2.44665,265.927495,316.878455
2019-11-17 17:00:00,2.3528666666666664,2.376183333333333,264.45855666666665,452.58719833333333
2019-11-17 18:00:00,2.2497,2.2729,263.06968333333333,352.76131333333336
2019-11-17 19:00:00,2.1766333333333336,2.1979333333333333,262.1542733333333,400.527865
2019-11-17 20:00:00,2.09995,2.122716666666667,323.815065,354.50401166666666
2019-11-17 21:00:00,2.1484666666666663,2.1808833333333335,433.382195,330.69766999999996
2019-11-17 22:00:00,2.15335,2.1936666666666667,385.85109833333337,390.47557666666665
2019-11-17 23:00:00,2.1873833333333335,2.2238166666666666,380.1957283333333,270.794065
2019-11-18 00:00:00,2.2921666666666667,2.3196999999999997,430.06223500000004,274.41300333333334
2019-11-18 01:00:00,2.3844,2.4117,436.11557999999997,252.46321
2019-11-18 02:00:00,2.5396,2.5672833333333336,437.6532833333333,198.88634666666667
2019-11-18 03:00:00,2.6899333333333333,2.716733333333333,438.33333666666664,202.53189166666667
2019-11-18 04:00:00,2.8584666666666667,2.8857833333333334,441.5143766666667,178.19181666666665
2019-11-18 05:00:00,3.0257,3.0544333333333333,440.95913,193.86992833333335
2019-11-18 06:00:00,3.22175,3.2522333333333338,649.5295933333333,240.53404333333336
2019-11-18 07:00:00,3.441866666666667,3.4606166666666667,429.2635883333333,389.7620866666667
2019-11-18 08:00:00,3.3867333333333334,3.3910666666666667,287.1431216666667,354.5265583333333
2019-11-18 09:00:00,3.3533333333333335,3.3615666666666666,285.62955,334.77925
2019-11-18 10:00:00,3.254,3.2816166666666664,167.46901833333334,422.00214166666666
2019-11-18 11:00:00,3.0265833333333334,3.0624,152.46444666666667,528.6470883333334
2019-11-18 12:00:00,2.8003500000000003,2.8362,157.259775,440.5346116666667
2019-11-18 13:00:00,2.6224333333333334,2.6568833333333335,157.77025833333335,389.28572499999996
2019-11-18 14:00:00,2.4992666666666663,2.5328999999999997,158.46402166666667,316.5168366666667
2019-11-18 15:00:00,2.395883333333333,2.4296833333333336,156.65361,341.59749166666666
2019-11-18 16:00:00,2.29425,2.3098,293.68363166666666,358.13693
2019-11-18 17:00:00,2.2874166666666667,2.2970166666666665,300.896775,335.24892833333337
2019-11-18 18:00:00,2.2407666666666666,2.248883333333333,295.93174,347.4448866666667
2019-11-18 19:00:00,2.2129833333333333,2.220833333333333,302.74105833333334,376.0103983333333
2019-11-18 20:00:00,2.174316666666667,2.183683333333333,302.7527583333333,326.71974500000005
2019-11-18 21:00:00,2.143533333333333,2.1516499999999996,303.19745500000005,370.0368883333333
2019-11-18 22:00:00,2.0822333333333334,2.0862833333333333,315.85075666666665,425.65189
2019-11-18 23:00:00,2.03215,2.068633333333333,422.4910566666667,370.2456516666667
2019-11-19 00:00:00,2.1234166666666665,2.1600333333333332,429.09487666666666,232.71008666666665
2019-11-19 01:00:00,2.2626166666666667,2.29945,431.6141183333333,204.125965
2019-11-19 02:00:00,2.4183166666666667,2.4531,431.90226333333334,189.35824333333332
2019-11-19 03:00:00,2.578416666666667,2.6138,422.56234166666667,180.37554333333335
2019-11-19 04:00:00,2.7349,2.771733333333333,421.89887999999996,198.447805
2019-11-19 05:00:00,2.8820833333333336,2.9198833333333334,429.025915,203.26573833333333
2019-11-19 06:00:00,3.05775,3.1061166666666664,498.0022709770115,260.74152333333336
2019-11-19 07:00:00,3.4177166666666663,3.4761666666666664,356.88735902298856,315.84715166666666
2019-11-19 08:00:00,3.508966666666667,3.5021,259.18053333333336,402.27272999999997
2019-11-19 09:00:00,3.33995,3.3543333333333334,142.52592,501.16953666666666
2019-11-19 10:00:00,3.0980333333333334,3.1169333333333333,135.77030499999998,417.3105133333333
2019-11-19 11:00:00,2.9625,2.9859999999999998,136.68962166666668,301.23001833333336
2019-11-19 12:00:00,2.834683333333333,2.8556166666666667,101.19382900000001,413.0320316666667
2019-11-19 13:00:00,2.6393166666666668,2.664266666666667,217.24867833333334,468.609425
2019-11-19 14:00:00,2.523,2.5498666666666665,170.39571333333333,358.86106666666666
2019-11-19 15:00:00,2.444166666666667,2.4738166666666666,177.3103,307.06308
2019-11-19 16:00:00,2.432366666666667,2.4726166666666667,234.23958499999998,308.6770666666667
2019-11-19 17:00:00,2.4238833333333334,2.4641,233.358325,319.06836333333337
2019-11-19 18:00:00,2.40735,2.4494666666666665,234.49747666666664,347.5015833333334
2019-11-19 19:00:00,2.3736166666666665,2.4167166666666664,235.85601499999999,362.93451
2019-11-19 20:00:00,2.334616666666667,2.3765666666666667,232.37311166666666,345.0661616666667
2019-11-19 21:00:00,2.316316666666667,2.359283333333333,237.67810833333334,379.6214033333334
2019-11-19 22:00:00,2.206933333333333,2.252933333333333,238.3943,480.654735
2019-11-19 23:00:00,2.1847833333333333,2.2201166666666667,288.60187833333333,263.5263616666667
2019-11-20 00:00:00,2.321833333333333,2.3353333333333333,401.74542333333335,222.26008833333333
2019-11-20 01:00:00,2.4913666666666665,2.5050499999999998,401.7265366666667,210.25844833333335
2019-11-20 02:00:00,2.6745500000000004,2.6912000000000003,401.75982500000003,177.29631166666667
2019-11-20 03:00:00,2.8706166666666664,2.8878166666666667,404.05996,171.64754333333335
2019-11-20 04:00:00,3.0682833333333335,3.0879166666666666,402.01837166666667,182.59090166666667
2019-11-20 05:00:00,3.2406833333333336,3.257633333333333,400.26247333333333,226.62616166666666
2019-11-20 06:00:00,3.3710999999999998,3.4058,275.3321583333333,244.04547833333334
2019-11-20 07:00:00,3.3537666666666666,3.4082,210.69398,378.313975
2019-11-20 08:00:00,3.24265,3.3033833333333336,210.16897666666668,504.76311499999997
2019-11-20 09:00:00,3.06985,3.1314833333333336,209.2079,480.1353516666667
2019-11-20 10:00:00,3.0123333333333333,3.0621500000000004,196.80620666666667,320.69477
2019-11-20 11:00:00,2.9276,2.9828333333333332,204.98361166666666,450.37951833333335
2019-11-20 12:00:00,2.8490666666666664,2.9021833333333333,210.70517333333333,385.8914516666666
2019-11-20 13:00:00,2.7591666666666668,2.815,209.00025,381.68753833333335
2019-11-20 14:00:00,2.730366666666667,2.7786166666666663,206.21867666666668,297.57398166666667
2019-11-20 15:00:00,2.7180000000000004,2.7661666666666664,209.223005,291.7095633333333
2019-11-20 16:00:00,2.7145333333333337,2.7624,206.94966833333334,281.3223683333333
2019-11-20 17:00:00,2.6937833333333336,2.7439666666666667,207.53727333333333,360.20503333333335
2019-11-20 18:00:00,2.6096500000000002,2.665116666666667,208.8647016666667,397.69232999999997
2019-11-20 19:00:00,2.5684,2.6187666666666667,208.934765,331.4394883333333
2019-11-20 20:00:00,2.527733333333333,2.578533333333333,206.95484666666667,370.8391283333333
2019-11-20 21:00:00,2.406633333333333,2.4656333333333333,207.63657,471.8586633333333
2019-11-20 22:00:00,2.32745,2.379966666666667,208.50233500000002,344.42480166666667
2019-11-20 23:00:00,2.3257499999999998,2.3642666666666665,274.33352833333333,301.47257333333334
2019-11-21 00:00:00,2.42645,2.45635,426.9327916666667,235.03976
2019-11-21 01:00:00,2.6211166666666665,2.6520333333333337,435.04184833333335,192.89788333333334
2019-11-21 02:00:00,2.8303333333333334,2.8618666666666663,430.094315,179.72123000000002
2019-11-21 03:00:00,3.0425833333333334,3.0732333333333335,425.6751216666667,174.46392666666668
2019-11-21 04:00:00,3.25245,3.28595,427.439265,176.22637166666667
2019-11-21 05:00:00,3.4612166666666666,3.4961333333333333,427.2714633333333,185.50310166666668
2019-11-21 06:00:00,3.5893,3.6304999999999996,226.83460599999998,270.2067916666667
2019-11-21 07:00:00,3.533916666666667,3.5801333333333334,210.91055833333334,470.15293
2019-11-21 08:00:00,3.3437333333333332,3.3929833333333335,211.58287833333333,570.39192
2019-11-21 09:00:00,3.2224999999999997,3.26735,209.64662833333333,424.08645666666666
2019-11-21 10:00:00,3.134533333333333,3.1776166666666668,205.29496,365.2929833333334
2019-11-21 11:00:00,3.0766666666666667,3.11935,214.20750666666666,353.163595
2019-11-21 12:00:00,3.0442833333333335,3.0854500000000002,216.40038,338.03961
2019-11-21 13:00:00,2.9728,3.0170166666666662,215.68523333333331,412.27393166666667
2019-11-21 14:00:00,2.9281833333333336,2.96905,216.88832166666668,301.09331833333334
2019-11-21 15:00:00,2.928,2.96625,214.80364,277.66474
2019-11-21 16:00:00,2.9205666666666668,2.9593,214.57071499999998,332.669785
2019-11-21 17:00:00,2.8722166666666666,2.9133,215.547265,350.18526166666663
2019-11-21 18:00:00,2.841733333333333,2.8813833333333334,214.61155166666668,333.8213983333333
2019-11-21 19:00:00,2.780733333333333,2.8227333333333333,214.24901666666668,443.253595
2019-11-21 20:00:00,2.65415,2.6970666666666667,213.80856833333334,423.23196666666666
2019-11-21 21:00:00,2.5916833333333336,2.63175,213.57585166666667,366.83301833333337
2019-11-21 22:00:00,2.5264666666666664,2.566533333333333,212.860885,380.0826316666667
2019-11-21 23:00:00,2.4906,2.5269666666666666,227.47126500000002,290.9379016666666
2019-11-22 00:00:00,2.581915254237288,2.6011355932203393,419.009320338983,249.14304576271186
2019-11-22 01:00:00,2.7453166666666666,2.763,420.17681333333337,245.28583500000002
2019-11-22 02:00:00,2.9296,2.9499166666666667,428.33393666666666,181.73577833333331
2019-11-22 03:00:00,3.1439999999999997,3.164916666666667,435.39993,175.51722999999998
2019-11-22 04:00:00,3.3603333333333336,3.383966666666667,433.11229166666664,176.90283
2019-11-22 05:00:00,3.569866666666667,3.5951,428.2837616666667,186.7726066666667
2019-11-22 06:00:00,3.6956833333333337,3.7376833333333335,207.30126166666665,238.953025
2019-11-22 07:00:00,3.621483333333333,3.678716666666667,160.611535,458.06762
2019-11-22 08:00:00,3.4084,3.472466666666667,159.93385166666667,616.779005
2019-11-22 09:00:00,3.2002,3.25755,160.581495,410.68029666666666
2019-11-22 10:00:00,3.1233166666666667,3.1736500000000003,214.15722333333332,327.0728316666667
2019-11-22 11:00:00,3.0495666666666663,3.09885,228.79837,337.37290666666667
2019-11-22 12:00:00,2.9656666666666665,3.0162833333333334,230.79002666666665,401.69598833333333
2019-11-22 13:00:00,2.8350500000000003,2.8880166666666667,229.37123166666666,394.1864733333333
2019-11-22 14:00:00,2.7474833333333333,2.79665,228.92904833333333,364.90169
2019-11-22 15:00:00,2.6751666666666667,2.722916666666667,227.732135,292.4236816666667
2019-11-22 16:00:00,2.6363,2.6821833333333336,227.79100166666666,291.1745133333333
2019-11-22 17:00:00,2.5702333333333334,2.6182000000000003,228.02057333333332,366.601135
2019-11-22 18:00:00,2.4831166666666666,2.5314833333333335,227.51539999999997,363.5006633333333
2019-11-22 19:00:00,2.3432833333333334,2.3974333333333333,215.14411,446.2730383333334
2019-11-22 20:00:00,2.2477666666666662,2.2961,161.38571666666667,323.66378499999996
2019-11-22 21:00:00,2.1820166666666667,2.227533333333333,142.919175,329.8542166666667
2019-11-22 22:00:00,2.1241499999999998,2.164,291.13836333333336,393.7165933333333
2019-11-22 23:00:00,2.1932,2.222383333333333,370.6185483333333,295.75478333333336
2019-11-23 00:00:00,2.3090166666666665,2.3384333333333336,357.2413966666667,236.57187000000002
2019-11-23 01:00:00,2.4368666666666665,2.4670833333333335,360.56020666666666,247.87345166666668
2019-11-23 02:00:00,2.58825,2.6180000000000003,360.58686,196.01299500000002
2019-11-23 03:00:00,2.7579,2.7862500000000003,430.0309416666667,179.70803833333332
2019-11-23 04:00:00,2.92915,2.959366666666667,445.9114416666667,195.8032266666667
2019-11-23 05:00:00,3.0847333333333333,3.1166833333333335,445.92054666666667,204.483185
2019-11-23 06:00:00,3.2385333333333337,3.2727833333333334,408.36287166666665,215.3220916666667
2019-11-23 07:00:00,3.238783333333333,3.299516666666667,277.50454333333334,429.86840166666667
2019-11-23 08:00:00,3.0721,3.1449833333333337,278.6659516666667,570.3433683333334
2019-11-23 09:00:00,2.9403,3.0029166666666667,237.24771166666667,379.96228666666667
2019-11-23 10:00:00,2.8825999999999996,2.9413833333333335,195.78511333333333,366.819825
2019-11-23 11:00:00,2.8055833333333333,2.8677333333333332,195.47716666666665,424.28716999999995
2019-11-23 12:00:00,2.716,2.776616666666667,205.35759166666668,389.16283833333335
2019-11-23 13:00:00,2.662316666666667,2.7186000000000003,204.52275333333333,337.935955
2019-11-23 14:00:00,2.6017333333333337,2.6599166666666667,206.36962833333334,367.41863333333333
2019-11-23 15:00:00,2.560683333333333,2.6136833333333334,206.31349333333335,324.596935
2019-11-23 16:00:00,2.5125,2.5703166666666664,205.26823166666665,401.75380666666666
2019-11-23 17:00:00,2.4175666666666666,2.4776666666666665,197.33693333333335,379.84292833333336
2019-11-23 18:00:00,2.3718166666666667,2.4256,197.99363333333335,351.22420166666666
2019-11-23 19:00:00,2.3277833333333335,2.3813833333333334,198.307075,331.33423166666665
2019-11-23 20:00:00,2.2838333333333334,2.3389499999999996,197.74439333333333,352.3926983333333
2019-11-23 21:00:00,2.2497166666666666,2.3008499999999996,195.32900333333333,294.3573866666667
2019-11-23 22:00:00,2.2411499999999998,2.2908833333333334,196.30258,298.27513833333336
2019-11-23 23:00:00,2.2871333333333337,2.2975,383.76616,349.15092333333337
2019-11-24 00:00:00,2.3737166666666667,2.3647,431.63795666666664,400.82679666666667
2019-11-24 01:00:00,2.4610833333333333,2.4544,431.18488666666667,306.3669533333333
2019-11-24 02:00:00,2.6408833333333335,2.64535,433.7881083333333,208.00560499999997
2019-11-24 03:00:00,2.8244,2.824683333333333,433.697365,277.37762666666663
2019-11-24 04:00:00,3.0115166666666666,3.0177166666666664,435.9856883333333,175.59744
2019-11-24 05:00:00,3.23215,3.240733333333333,443.27835,191.81754
2019-11-24 06:00:00,3.4428666666666667,3.4498666666666664,411.7328816666667,200.46645333333333
2019-11-24 07:00:00,3.6232333333333333,3.6252,453.31893,269.5912916666667
2019-11-24 08:00:00,3.6505333333333336,3.681566666666667,249.74488166666666,374.3262716666667
2019-11-24 09:00:00,3.6123833333333333,3.65095,247.14252833333333,355.55140666666665
2019-11-24 10:00:00,3.5712166666666665,3.6088,213.56440016666664,361.17124500000006
2019-11-24 11:00:00,3.4197833333333336,3.4483166666666665,49.84267,359.73146333333335
2019-11-24 12:00:00,3.2535166666666666,3.24575,138.5050005,355.062165
2019-11-24 13:00:00,3.1275833333333334,3.083766666666667,169.06791,524.1359
2019-11-24 14:00:00,2.9497833333333334,2.9147833333333333,218.59235666666666,367.04409833333335
2019-11-24 15:00:00,2.876733333333333,2.85565,218.70038333333332,309.965865
2019-11-24 16:00:00,2.8146,2.79355,220.00573,308.10263166666664
2019-11-24 17:00:00,2.7169000000000003,2.6771333333333334,217.581195,456.94
2019-11-24 18:00:00,2.5845,2.559883333333333,172.85778166666665,332.79449666666665
2019-11-24 19:00:00,2.559833333333333,2.58055,322.4881633333333,366.67706999999996
2019-11-24 20:00:00,2.530133333333333,2.5508666666666664,322.45741833333335,556.6002100000001
2019-11-24 21:00:00,2.4261333333333335,2.4483166666666665,322.7927183333333,495.214905
2019-11-24 22:00:00,2.4143499999999998,2.4366833333333333,324.54392666666666,368.12568166666665
2019-11-24 23:00:00,2.487483333333333,2.5065,349.49659499999996,249.3979183333333
2019-11-25 00:00:00,2.654433333333333,2.6641833333333333,504.4920133333333,221.73691
2019-11-25 01:00:00,2.87205,2.8790666666666667,533.5408,188.85562333333334
2019-11-25 02:00:00,3.0951666666666666,3.1006833333333335,514.39271,231.58338666666666
2019-11-25 03:00:00,3.3028,3.314983333333333,450.96595333333335,172.02351833333333
2019-11-25 04:00:00,3.53755,3.5520333333333336,446.77148666666665,177.264625
2019-11-25 05:00:00,3.7468333333333335,3.7686166666666665,323.75587,193.35397999999998
2019-11-25 06:00:00,3.7828999999999997,3.8242166666666666,158.97706000000002,259.00147166666665
2019-11-25 07:00:00,3.7344166666666667,3.7803833333333334,158.65872333333334,385.15693833333336
2019-11-25 08:00:00,3.624016666666667,3.672083333333333,161.90802833333333,392.2264466666667
2019-11-25 09:00:00,3.504966666666667,3.5519000000000003,118.07303816666666,442.07877833333333
2019-11-25 10:00:00,3.3331,3.375516666666667,71.86117116666668,371.50557833333335
2019-11-25 11:00:00,3.2162333333333333,3.2569333333333335,78.416741,324.599645
2019-11-25 12:00:00,3.1429,3.1868,256.025285,381.37178
2019-11-25 13:00:00,3.107966666666667,3.1501499999999996,245.289025,385.44421666666665
2019-11-25 14:00:00,3.0832166666666665,3.1232333333333333,244.99300666666667,314.79109
2019-11-25 15:00:00,3.0884333333333336,3.1191166666666663,177.27100833333333,283.496285
2019-11-25 16:00:00,3.0596,3.0860166666666666,152.60347666666667,326.1052183333333
2019-11-25 17:00:00,2.9952833333333335,3.0199833333333337,154.65994166666667,326.542495
2019-11-25 18:00:00,2.92815,2.9529,155.595,342.81129500000003
2019-11-25 19:00:00,2.8257666666666665,2.8491833333333334,153.44985166666666,465.2835416666667
2019-11-25 20:00:00,2.6242666666666663,2.643266666666667,151.64178166666667,576.9238933333334
2019-11-25 21:00:00,2.4529666666666667,2.4741666666666666,152.21632833333334,396.8573666666667
2019-11-25 22:00:00,2.33685,2.35975,148.64840833333335,396.6543183333333
2019-11-25 23:00:00,2.27705,2.3038666666666665,230.581235,253.81652666666665
2019-11-26 00:00:00,2.4108500000000004,2.4542833333333336,457.544665,225.88123166666668
2019-11-26 01:00:00,2.627866666666667,2.6707666666666667,458.7353233333333,197.708455
2019-11-26 02:00:00,2.8573,2.8995166666666665,461.58957333333336,191.77506499999998
2019-11-26 03:00:00,3.0898166666666667,3.1325333333333334,458.14619166666665,180.95308166666666
2019-11-26 04:00:00,3.325816666666667,3.369483333333333,456.4089266666667,193.96468833333333
2019-11-26 05:00:00,3.5482500000000003,3.5940333333333334,457.80923333333334,202.59159666666667
2019-11-26 06:00:00,3.6504666666666665,3.6819166666666665,98.52377983333334,260.75383166666666
2019-11-26 07:00:00,3.5571333333333333,3.5832333333333333,87.5956915,372.06644666666665
2019-11-26 08:00:00,3.4324999999999997,3.4607,153.71105983333334,387.9074983333333
2019-11-26 09:00:00,3.315366666666667,3.3459999999999996,194.84326666666666,428.49144666666666
2019-11-26 10:00:00,3.2651666666666666,3.2951166666666665,197.10620166666666,333.54572666666667
2019-11-26 11:00:00,3.2193833333333335,3.249083333333333,194.06225666666666,317.98826833333334
2019-11-26 12:00:00,3.185416666666667,3.214383333333333,194.12810833333333,380.87864333333334
2019-11-26 13:00:00,3.094466666666667,3.1226833333333333,187.23346,386.5098433333333
2019-11-26 14:00:00,3.0496333333333334,3.077633333333333,194.17006166666667,294.69809499999997
2019-11-26 15:00:00,3.04385,3.072016666666667,194.07451666666665,303.31248666666664
2019-11-26 16:00:00,2.9951166666666666,3.024,195.34527166666666,364.55478166666666
2019-11-26 17:00:00,2.9278833333333334,2.9556833333333334,194.17662166666665,396.1877616666667
2019-11-26 18:00:00,2.872316666666667,2.8998833333333334,195.58647833333333,331.67874333333333
2019-11-26 19:00:00,2.7893666666666665,2.8150833333333334,192.23047666666668,513.5116583333333
2019-11-26 20:00:00,2.588633333333333,2.61125,194.93282499999998,549.1226116666668
2019-11-26 21:00:00,2.4892333333333334,2.5141,194.43855333333335,361.9836066666667
2019-11-26 22:00:00,2.4263333333333335,2.4512333333333336,194.55471500000002,334.0595
2019-11-26 23:00:00,2.41135,2.441133333333333,269.53290499999997,298.336595
2019-11-27 00:00:00,2.5164,2.5588333333333333,420.03837,235.52247833333334
2019-11-27 01:00:00,2.69335,2.734466666666667,418.19927666666666,220.33357333333333
2019-11-27 02:00:00,2.8954166666666667,2.9352,416.07154333333335,179.92218166666666
2019-11-27 03:00:00,3.1062,3.145983333333333,413.0608916666667,168.95840333333334
2019-11-27 04:00:00,3.3198,3.361816666666667,411.9800783333333,171.95950499999998
2019-11-27 05:00:00,3.5266,3.5711500000000003,416.399725,188.316935
2019-11-27 06:00:00,3.7009499999999997,3.7464,328.56135166666667,241.27991500000002
2019-11-27 07:00:00,3.7241166666666667,3.7648,237.45669,405.53530166666667
2019-11-27 08:00:00,3.6359833333333333,3.67645,237.134955,495.4472283333333
2019-11-27 09:00:00,3.54545,3.5850333333333335,242.56095333333332,365.30640000000005
2019-11-27 10:00:00,3.5414499999999998,3.579333333333333,232.156275,329.44592
2019-11-27 11:00:00,3.5138166666666666,3.53795,166.19330666666667,321.5274533333333
2019-11-27 12:00:00,3.4599333333333333,3.4821999999999997,165.73923333333332,324.0902183333334
2019-11-27 13:00:00,3.385366666666667,3.4044499999999998,155.851,385.46989666666667
2019-11-27 14:00:00,3.2918499999999997,3.3108500000000003,159.153025,350.2273333333333
2019-11-27 15:00:00,3.2353,3.256066666666667,160.3311116666667,307.86869666666666
2019-11-27 16:00:00,3.1967833333333333,3.2182000000000004,158.09047999999999,300.92683666666665
2019-11-27 17:00:00,3.1485,3.1698,159.869305,319.52595
2019-11-27 18:00:00,3.0909666666666666,3.1093166666666665,159.80241999999998,370.93221166666666
2019-11-27 19:00:00,2.92255,2.9321166666666665,159.892225,603.057445
2019-11-27 20:00:00,2.6290833333333334,2.6475,158.8344,416.4188033333333
2019-11-27 21:00:00,2.379016666666667,2.4006166666666666,158.8344,379.8196066666667
2019-11-27 22:00:00,2.2749666666666664,2.224616666666667,297.983835,407.773125
2019-11-27 23:00:00,2.26585,2.2830833333333334,376.66665166666667,295.49618666666663
2019-11-28 00:00:00,2.415766666666667,2.46975,479.91678833333333,228.61303333333333
2019-11-28 01:00:00,2.6645166666666666,2.71105,500.45579,197.6651983333333
2019-11-28 02:00:00,2.9255666666666666,2.972583333333333,502.817795,180.49613666666667
2019-11-28 03:00:00,3.1904,3.2380166666666668,497.625655,179.028405
2019-11-28 04:00:00,3.455366666666667,3.5046166666666663,504.9933183333333,177.04780166666666
2019-11-28 05:00:00,3.7111,3.76355,460.1692531666667,212.33146833333333
2019-11-28 06:00:00,3.798483333333333,3.8425333333333334,86.87415766666666,230.86628000000002
2019-11-28 07:00:00,3.7134,3.760166666666666,85.49613500000001,390.56910166666665
2019-11-28 08:00:00,3.5153666666666665,3.56595,89.752275,485.724045
2019-11-28 09:00:00,3.3591166666666665,3.4067,101.99341666666668,358.7556916666666
2019-11-28 10:00:00,3.2483,3.29415,102.6916895,347.43676666666664
2019-11-28 11:00:00,3.150316666666667,3.1946,115.44474333333332,313.5854233333333
2019-11-28 12:00:00,3.044433333333333,3.0904833333333332,181.73357833333333,395.51013166666667
2019-11-28 13:00:00,2.877133333333333,2.9241666666666664,181.90444166666666,415.625365
2019-11-28 14:00:00,2.7738666666666663,2.81505,181.580735,299.22206666666665
2019-11-28 15:00:00,2.6952166666666666,2.736816666666667,179.77544,322.72600166666666
2019-11-28 16:00:00,2.608433333333333,2.6497666666666664,180.53209,291.206015
2019-11-28 17:00:00,2.5395833333333333,2.579516666666667,180.69282333333334,296.9217816666667
2019-11-28 18:00:00,2.43325,2.4764666666666666,184.58646333333334,434.632065
2019-11-28 19:00:00,2.1993,2.24615,182.08688333333333,602.4808333333333
2019-11-28 20:00:00,2.00655,2.042266666666667,387.00193333333334,393.68798
2019-11-28 21:00:00,2.0008833333333333,2.0294833333333333,442.84290500000003,387.04937666666666
2019-11-28 22:00:00,1.9606,1.99015,466.64832,366.50346
2019-11-28 23:00:00,2.018816666666667,2.062133333333333,507.2227875,281.09697166666666
2019-11-29 00:00:00,2.1073833333333334,2.14375,527.43822,248.49870333333334
2019-11-29 01:00:00,2.1925666666666666,2.22795,528.8602433333333,234.96237833333333
2019-11-29 02:00:00,2.3162666666666665,2.350283333333333,534.3178366666666,178.96204
2019-11-29 03:00:00,2.45575,2.4886833333333334,529.713015,168.59984833333334
2019-11-29 04:00:00,2.593566666666667,2.6281833333333333,519.13938,170.71612833333333
2019-11-29 05:00:00,2.7264,2.7613333333333334,521.413695,198.75975666666668
2019-11-29 06:00:00,2.8438999999999997,2.8881,530.7129335714286,245.57326
2019-11-29 07:00:00,3.027716666666667,3.087,547.8160814285715,347.94689666666665
2019-11-29 08:00:00,3.0427666666666666,3.0454166666666667,461.71264833333333,492.51815
2019-11-29 09:00:00,2.986283333333333,2.99435,462.3956866666667,336.504075
2019-11-29 10:00:00,2.99395,3.0043833333333336,458.86157000000003,334.18139333333335
2019-11-29 11:00:00,2.98365,2.9902333333333333,458.95725000000004,379.63633833333336
2019-11-29 12:00:00,2.9345333333333334,2.95875,289.07065166666666,360.8318
2019-11-29 13:00:00,2.809183333333333,2.8514666666666666,214.94085666666666,413.5057683333333
2019-11-29 14:00:00,2.7034833333333332,2.7433833333333335,214.29899500000002,303.50827666666663
2019-11-29 15:00:00,2.64275,2.6805833333333333,213.48902,281.41854666666666
2019-11-29 16:00:00,2.5807166666666665,2.6196833333333336,214.15498166666666,329.98862333333335
2019-11-29 17:00:00,2.4822333333333333,2.5219,213.13311166666665,340.3787333333333
2019-11-29 18:00:00,2.3388333333333335,2.3801666666666668,215.26225833333334,526.2288233333334
2019-11-29 19:00:00,2.11405,2.1567999999999996,214.2219716666667,510.55382833333334
2019-11-29 20:00:00,1.9665333333333335,2.0056833333333333,214.50290333333334,370.359265
2019-11-29 21:00:00,1.8708333333333333,1.9074,210.42178833333335,292.26259000000005
2019-11-29 22:00:00,1.8139166666666666,1.8503333333333332,210.28669499999998,307.43017833333334
2019-11-29 23:00:00,1.7135833333333332,1.75065,228.8513266666667,345.63858999999997
2019-11-30 00:00:00,1.7009166666666669,1.7637833333333333,499.5153,241.8041133333333
2019-11-30 01:00:00,1.7904166666666665,1.8539333333333334,493.64162500000003,230.32213
2019-11-30 02:00:00,1.8724166666666666,1.9347833333333333,490.7357166666667,216.2148633333333
2019-11-30 03:00:00,1.9884333333333333,2.0465833333333334,489.2780583333333,178.06511666666665
2019-11-30 04:00:00,2.106866666666667,2.1661333333333332,482.17547333333334,173.6742866666667
2019-11-30 05:00:00,2.2311833333333335,2.2859666666666665,497.02730264705883,187.50039833333332
2019-11-30 06:00:00,2.464433333333333,2.4839333333333333,461.3923836134454,206.82082333333335
2019-11-30 07:00:00,2.697216666666667,2.7156499999999997,342.96717707282914,260.47168
2019-11-30 08:00:00,2.7223166666666665,2.7431166666666664,337.9866016666667,391.7414083333333
2019-11-30 09:00:00,2.602883333333333,2.6190333333333333,341.4701083333333,495.86271666666664
2019-11-30 10:00:00,2.4938166666666666,2.513116666666667,334.738975,368.6157283333333
2019-11-30 11:00:00,2.4327666666666667,2.4521666666666664,334.9615866666667,348.10911000000004
2019-11-30 12:00:00,2.3864333333333336,2.4058166666666665,337.0832766666666,334.24603666666667
2019-11-30 13:00:00,2.3002,2.3158000000000003,337.99218833333333,478.34271666666666
2019-11-30 14:00:00,2.1996333333333333,2.215883333333333,338.3854283333333,354.800595
2019-11-30 15:00:00,2.1656,2.1835666666666667,339.05632333333335,319.5376483333333
2019-11-30 16:00:00,2.0871666666666666,2.101583333333333,336.87782,498.99591
2019-11-30 17:00:00,1.9051333333333333,1.9172833333333335,335.836915,503.6882816666667
2019-11-30 18:00:00,1.80155,1.8160166666666666,339.16819166666664,363.7506266666667
2019-11-30 19:00:00,1.7544,1.7686166666666667,338.24430666666666,347.72425833333335
2019-11-30 20:00:00,1.7036499999999999,1.7178,337.32880666666665,335.82769666666667
2019-11-30 21:00:00,1.68045,1.69725,345.5596066666667,300.4658033333333
2019-11-30 22:00:00,1.6472,1.6621166666666667,341.1564383333333,324.6549166666667
2019-11-30 23:00:00,1.6307833333333333,1.66395,525.3699183333333,342.7384166666667
2019-12-01 00:00:00,1.6919166666666667,1.7288,548.499775,254.96747666666667
2019-12-01 01:00:00,1.8,1.8351833333333334,548.9577883333333,203.60952833333334
2019-12-01 02:00:00,1.9321,1.9667333333333334,554.0312916666667,187.363935
2019-12-01 03:00:00,2.0712166666666665,2.10765,550.9675883333333,181.49703666666667
2019-12-01 04:00:00,2.2125333333333335,2.2470333333333334,550.7036483333334,176.58657
2019-12-01 05:00:00,2.3548833333333334,2.3907666666666665,549.6857,180.46950999999999
2019-12-01 06:00:00,2.4448833333333337,2.4859333333333336,544.0745072222222,303.86035333333336
2019-12-01 07:00:00,2.6386166666666666,2.6392333333333338,647.3758065277777,254.80978
2019-12-01 08:00:00,2.8725333333333336,2.8562333333333334,683.31872875,355.14568833333334
2019-12-01 09:00:00,3.0095,3.028216666666667,666.8014733333333,340.4023716666667
2019-12-01 10:00:00,3.0811833333333336,3.1020333333333334,670.3502833333333,371.2087783333333
2019-12-01 11:00:00,3.1172833333333334,3.1361833333333333,671.00851,403.61084833333337
2019-12-01 12:00:00,3.187816666666667,3.20995,666.5072633333333,349.2102283333333
2019-12-01 13:00:00,3.15385,3.1789,233.38233666666667,406.84876833333334
2019-12-01 14:00:00,3.0133666666666667,3.03715,234.47171833333334,509.9350366666667
2019-12-01 15:00:00,2.7980666666666667,2.8185333333333333,236.37312333333333,483.165675
2019-12-01 16:00:00,2.696466666666667,2.72125,233.139015,306.41068333333334
2019-12-01 17:00:00,2.6179666666666668,2.6427833333333335,223.05512499999998,341.4948333333333
2019-12-01 18:00:00,2.5336,2.558133333333333,222.94702166666667,345.46544166666666
2019-12-01 19:00:00,2.42925,2.4514333333333336,227.75878333333333,371.48275333333333
2019-12-01 20:00:00,2.3278166666666666,2.3497500000000002,225.9875966666667,371.5442033333333
2019-12-01 21:00:00,2.214,2.2337333333333333,226.52999499999999,428.285285
2019-12-01 22:00:00,2.0699833333333335,2.1100666666666665,495.4043183333333,423.596295
2019-12-01 23:00:00,2.1295833333333336,2.1773499999999997,569.6143983333333,250.55047666666667
2019-12-02 00:00:00,2.2378833333333334,2.27995,529.6685583333333,223.22988500000002
2019-12-02 01:00:00,2.3406333333333333,2.3834999999999997,528.9622966666667,227.44398666666666
2019-12-02 02:00:00,2.464716666666667,2.5049,526.6667366666667,190.49808
2019-12-02 03:00:00,2.590533333333333,2.629166666666667,505.1156266666667,183.24084499999998
2019-12-02 04:00:00,2.7155666666666667,2.754766666666667,505.5933416666667,183.47419333333335
2019-12-02 05:00:00,2.840933333333333,2.878,519.9675493333333,199.09840833333334
2019-12-02 06:00:00,3.0953833333333334,3.0997500000000002,710.4387273333334,232.56637833333335
2019-12-02 07:00:00,3.2537666666666665,3.2687,668.740575,388.507815
2019-12-02 08:00:00,3.2376833333333335,3.2543333333333333,363.88208833333334,358.751805
2019-12-02 09:00:00,3.1791,3.1988666666666665,340.80473333333333,344.73499499999997
2019-12-02 10:00:00,3.1206166666666664,3.145883333333333,284.15012,392.4218333333334
2019-12-02 11:00:00,2.9404833333333333,2.9757333333333333,294.82367,579.6727016666666
2019-12-02 12:00:00,2.7429833333333336,2.772366666666667,307.93739666666664,489.315
2019-12-02 13:00:00,2.645683333333333,2.6740333333333335,305.1310316666667,332.10250833333333
2019-12-02 14:00:00,2.5876,2.6161666666666665,306.7889083333333,345.3091283333333
2019-12-02 15:00:00,2.5498833333333333,2.5768,310.99255166666666,290.267295
2019-12-02 16:00:00,2.525516666666667,2.5526166666666668,310.74894,283.20288
2019-12-02 17:00:00,2.4981666666666666,2.5255666666666667,308.56378,329.5513383333334
2019-12-02 18:00:00,2.43095,2.4582833333333336,307.7315483333333,348.3274
2019-12-02 19:00:00,2.3779833333333333,2.40575,304.07430999999997,328.7979066666667
2019-12-02 20:00:00,2.32365,2.350283333333333,306.099785,408.63956333333334
2019-12-02 21:00:00,2.1833666666666667,2.2104666666666666,309.523905,426.77790333333337
2019-12-02 22:00:00,2.093,2.11885,307.99649000000005,396.08547999999996
2019-12-02 23:00:00,2.0608333333333335,2.0885166666666666,445.06272333333334,272.231695
2019-12-03 00:00:00,2.1156,2.1401166666666667,448.36017,247.40127833333332
2019-12-03 01:00:00,2.183183333333333,2.2079999999999997,453.29150166666665,213.24596666666667
2019-12-03 02:00:00,2.2617166666666666,2.286016666666667,454.7742716666667,212.13266666666667
2019-12-03 03:00:00,2.35855,2.385083333333333,450.0002416666667,180.28425333333334
2019-12-03 04:00:00,2.4523333333333333,2.4774833333333333,439.6392916666666,185.85616333333334
2019-12-03 05:00:00,2.551416666666667,2.5801000000000003,481.550185,184.486835
2019-12-03 06:00:00,2.6852500000000004,2.7416833333333335,689.473485,220.26769000000002
2019-12-03 07:00:00,2.8197666666666668,2.886216666666667,692.5935716666667,336.0675683333333
2019-12-03 08:00:00,2.8869833333333332,2.960466666666667,683.749785,367.44737333333336
2019-12-03 09:00:00,2.8820333333333332,2.9240500000000003,404.73994166666665,527.0951416666667
2019-12-03 10:00:00,2.725283333333333,2.760266666666667,413.98902999999996,484.74568999999997
2019-12-03 11:00:00,2.6865666666666663,2.7195666666666667,421.77772,329.77310166666666
2019-12-03 12:00:00,2.66465,2.6979166666666665,417.3551683333333,378.55231166666664
2019-12-03 13:00:00,2.6178000000000003,2.652333333333333,415.5173666666667,359.75100000000003
2019-12-03 14:00:00,2.60955,2.6435833333333334,413.57911666666666,318.66707833333334
2019-12-03 15:00:00,2.615933333333333,2.6493166666666665,438.87883166666666,310.245815
2019-12-03 16:00:00,2.59475,2.6295833333333336,478.56271666666663,346.062185
2019-12-03 17:00:00,2.6004,2.632166666666667,414.4442866666667,293.536115
2019-12-03 18:00:00,2.6020333333333334,2.6361666666666665,442.397535,330.40333499999997
2019-12-03 19:00:00,2.5703,2.60345,444.88111000000004,386.51599
2019-12-03 20:00:00,2.509066666666667,2.5415,455.35357166666665,429.85075666666665
2019-12-03 21:00:00,2.460266666666667,2.491966666666667,427.97428666666667,356.96471333333335
2019-12-03 22:00:00,2.422266666666667,2.454216666666667,432.82527500000003,365.91395666666665
2019-12-03 23:00:00,2.4124499999999998,2.4444666666666666,427.10894,289.32515166666667
2019-12-04 00:00:00,2.4426166666666664,2.47545,452.90213,246.35962666666668
2019-12-04 01:00:00,2.5198166666666664,2.5515,460.044915,200.535625
2019-12-04 02:00:00,2.6088999999999998,2.6408666666666667,461.9166416666667,184.75786000000002
2019-12-04 03:00:00,2.7124333333333337,2.7444833333333336,468.28121166666665,167.673745
2019-12-04 04:00:00,2.816016666666667,2.84825,484.74015833333334,169.1027533333333
2019-12-04 05:00:00,2.9123,2.9468166666666664,432.602965,188.74257500000002
2019-12-04 06:00:00,3.0175166666666664,3.0509166666666667,594.8061246794872,262.57304666666664
2019-12-04 07:00:00,3.2150000000000003,3.2178166666666663,492.6977178205128,389.1978633333334
2019-12-04 08:00:00,3.1902,3.149,470.6989033333333,512.6866683333334
2019-12-04 09:00:00,3.0592166666666665,3.0046166666666663,473.9798,527.4721683333333
2019-12-04 10:00:00,2.984366666666667,2.9527,451.50449833333334,368.61051000000003
2019-12-04 11:00:00,2.9943000000000004,2.976783333333333,465.68245,295.2967533333333
2019-12-04 12:00:00,3.0187666666666666,3.0040166666666663,369.09966499999996,346.08218833333336
2019-12-04 13:00:00,2.9050833333333332,2.9171666666666667,199.51096333333334,396.80936333333335
2019-12-04 14:00:00,2.812816666666667,2.8289666666666666,201.13947666666667,305.14435
2019-12-04 15:00:00,2.7538666666666667,2.7714333333333334,200.51513000000003,285.65853
2019-12-04 16:00:00,2.70685,2.72345,199.905765,298.20017333333334
2019-12-04 17:00:00,2.64385,2.6591666666666667,254.41518,307.086695
2019-12-04 18:00:00,2.5505833333333334,2.5634,225.63628,393.9105866666667
2019-12-04 19:00:00,2.421383333333333,2.432666666666667,225.78926666666666,432.14646999999997
2019-12-04 20:00:00,2.250383333333333,2.2572166666666664,228.23730666666668,423.33259166666664
2019-12-04 21:00:00,2.151483333333333,2.1650833333333335,231.19268833333334,358.7589
2019-12-04 22:00:00,2.0418,2.0484,359.76203999999996,376.7808833333333
2019-12-04 23:00:00,2.068766666666667,2.0913333333333335,576.1138675,272.2711883333333
2019-12-05 00:00:00,2.15615,2.1961500000000003,569.33816,246.33476166666665
2019-12-05 01:00:00,2.280066666666667,2.316866666666667,572.9834266666666,194.43947333333332
2019-12-05 02:00:00,2.42535,2.4611333333333336,573.5333183333333,182.51223166666665
2019-12-05 03:00:00,2.5732833333333334,2.610116666666667,574.3807683333333,183.63568500000002
2019-12-05 04:00:00,2.7249,2.7605166666666667,580.3974049999999,174.1076833333333
2019-12-05 05:00:00,2.87845,2.9169,584.165245,189.80897166666668
2019-12-05 06:00:00,3.0147333333333335,3.056,593.6853416666667,246.32464166666665
2019-12-05 07:00:00,3.0825833333333335,3.1306833333333333,591.0476583333333,408.27718666666664
2019-12-05 08:00:00,3.0069666666666666,3.06135,586.6171566666667,615.85979
2019-12-05 09:00:00,2.9157333333333333,2.967016666666667,585.6851016666666,432.19044
2019-12-05 10:00:00,2.9546833333333336,3.0007,543.91836,358.52472
2019-12-05 11:00:00,2.9306,2.9759,366.31245,348.02838333333335
2019-12-05 12:00:00,2.8738,2.9207166666666664,365.9359333333333,410.17867
2019-12-05 13:00:00,2.8064000000000004,2.8500666666666663,299.74256499999996,341.04937333333334
2019-12-05 14:00:00,2.741433333333333,2.7791,243.70712166666667,321.42484333333334
2019-12-05 15:00:00,2.6899,2.7255833333333332,245.94352833333332,277.4539316666667
2019-12-05 16:00:00,2.6563166666666667,2.6910833333333333,242.22327666666666,264.8178316666667
2019-12-05 17:00:00,2.60325,2.6397,239.88109500000002,352.54240166666665
2019-12-05 18:00:00,2.5039833333333332,2.5403333333333333,234.7854066666667,351.164805
2019-12-05 19:00:00,2.4031833333333332,2.4405666666666668,233.65418666666667,424.43051333333335
2019-12-05 20:00:00,2.2657499999999997,2.30245,234.55792166666666,364.0935133333333
2019-12-05 21:00:00,2.1742666666666666,2.2091833333333333,231.4434,351.67449000000005
2019-12-05 22:00:00,2.0775333333333332,2.11155,229.28491666666665,415.5046383333334
2019-12-05 23:00:00,1.9523833333333334,1.982816666666667,254.69420666666667,325.59944333333334
2019-12-06 00:00:00,1.9839333333333333,1.9916666666666667,508.445565,235.833205
2019-12-06 01:00:00,2.10245,2.1054666666666666,548.4943883333333,208.69446000000002
2019-12-06 02:00:00,2.2286833333333336,2.234283333333333,547.6964166666668,186.98863166666666
2019-12-06 03:00:00,2.3698166666666665,2.378533333333333,551.818855,175.50781333333333
2019-12-06 04:00:00,2.5168000000000004,2.5263,552.6136216666667,170.08496000000002
2019-12-06 05:00:00,2.6601166666666667,2.669633333333333,561.9955983333333,194.31553333333335
2019-12-06 06:00:00,2.8564833333333337,2.8975,694.2843200000001,255.55141833333334
2019-12-06 07:00:00,2.9918666666666667,3.0546833333333336,552.4773233333333,364.2694583333333
2019-12-06 08:00:00,2.9939833333333334,3.0606500000000003,523.1743631666667,476.1549266666667
2019-12-06 09:00:00,2.8531,2.8712166666666668,409.66525583333333,538.42683
2019-12-06 10:00:00,2.7697833333333337,2.8656333333333337,511.0697216666667,328.61178333333334
2019-12-06 11:00:00,2.79625,2.8877666666666664,507.0130433333333,322.32112666666666
2019-12-06 12:00:00,2.8214833333333336,2.8883333333333336,305.53724,297.36817499999995
2019-12-06 13:00:00,2.748683333333333,2.8116333333333334,255.84115166666666,406.009825
2019-12-06 14:00:00,2.635066666666667,2.697,256.5746066666667,339.4903083333333
2019-12-06 15:00:00,2.5759499999999997,2.6332333333333335,253.28148666666667,333.710165
2019-12-06 16:00:00,2.5105500000000003,2.5654666666666666,253.55188333333334,308.656575
2019-12-06 17:00:00,2.4248666666666665,2.48585,252.62035166666666,368.5455516666667
2019-12-06 18:00:00,2.35845,2.4133666666666667,248.00774166666667,304.01103166666667
2019-12-06 19:00:00,2.288816666666667,2.3457,250.26096833333335,355.40888333333334
2019-12-06 20:00:00,2.1541833333333336,2.2202833333333336,250.94286833333334,475.7848016666667
2019-12-06 21:00:00,2.055816666666667,2.109,247.815385,280.30472000000003
2019-12-06 22:00:00,2.0172666666666665,2.0706166666666665,251.08467333333334,293.05741166666667
2019-12-06 23:00:00,1.98735,2.0235666666666665,448.5648466666667,320.32464
2019-12-07 00:00:00,2.0597666666666665,2.065,554.8764050000001,287.47533500000003
2019-12-07 01:00:00,2.15,2.1589,555.4751633333333,224.2406916666667
2019-12-07 02:00:00,2.2798833333333333,2.29125,553.290705,187.10853333333336
2019-12-07 03:00:00,2.4216333333333333,2.4345166666666667,552.4862783333333,176.93142333333333
2019-12-07 04:00:00,2.568033333333333,2.57985,554.24297,176.02869166666667
2019-12-07 05:00:00,2.703033333333333,2.7152833333333333,551.485695,201.84462833333333
2019-12-07 06:00:00,2.8272833333333334,2.840716666666667,544.2347483333333,222.40734333333333
2019-12-07 07:00:00,2.9207666666666667,2.9317166666666665,544.470655,284.66293333333334
2019-12-07 08:00:00,2.9697166666666663,2.9763333333333337,551.7974033333334,359.6669166666667
2019-12-07 09:00:00,2.944166666666667,2.939433333333333,553.9357233333334,550.2120416666668
2019-12-07 10:00:00,2.81685,2.80325,557.1857966666666,548.0664333333333
2019-12-07 11:00:00,2.7861833333333332,2.7899833333333333,551.758555,348.4120116666667
2019-12-07 12:00:00,2.808383333333333,2.8101833333333333,556.44953,378.34484
2019-12-07 13:00:00,2.8162000000000003,2.816616666666667,551.2579516666666,406.09466833333335
2019-12-07 14:00:00,2.8022666666666667,2.8025666666666664,554.9030616666666,376.3687516666667
2019-12-07 15:00:00,2.8451666666666666,2.8522666666666665,561.05181,301.3731366666667
2019-12-07 16:00:00,2.87865,2.8925166666666664,470.6235883333333,354.64469833333334
2019-12-07 17:00:00,2.8728333333333333,2.88965,410.2921783333333,338.921645
2019-12-07 18:00:00,2.8145000000000002,2.816683333333333,342.61477666666667,452.0183183333333
2019-12-07 19:00:00,2.682366666666667,2.69535,229.50654,371.59426333333334
2019-12-07 20:00:00,2.5803833333333333,2.6084166666666664,165.62048666666666,316.52844833333336
2019-12-07 21:00:00,2.4884166666666667,2.51775,163.05035666666666,288.3914733333333
2019-12-07 22:00:00,2.39765,2.4254666666666664,164.78240833333334,347.4280016666667
2019-12-07 23:00:00,2.3209833333333334,2.3476500000000002,358.332115,274.86313333333334
2019-12-08 00:00:00,2.3670833333333334,2.3879499999999996,522.9898866666666,302.129745
2019-12-08 01:00:00,2.445533333333333,2.4689166666666664,521.9315833333334,207.258105
2019-12-08 02:00:00,2.5640666666666667,2.5883,526.373425,190.11521
2019-12-08 03:00:00,2.6916333333333333,2.7155333333333336,525.7751166666667,188.865955
2019-12-08 04:00:00,2.8169666666666666,2.842966666666667,528.8387566666667,182.795185
2019-12-08 05:00:00,2.94495,2.9695666666666667,518.1807566666666,204.97280333333336
2019-12-08 06:00:00,3.0597,3.089916666666667,536.6206625925926,201.41382666666667
2019-12-08 07:00:00,3.2458,3.2712166666666667,595.0476907407408,256.43425833333333
2019-12-08 08:00:00,3.335383333333333,3.3567166666666663,445.585345,303.52480333333335
2019-12-08 09:00:00,3.23075,3.2454166666666664,300.6475566666667,596.0305866666666
2019-12-08 10:00:00,2.9880166666666668,2.9982666666666664,297.0542066666667,554.984425
2019-12-08 11:00:00,2.8694833333333336,2.8873166666666665,332.37118333333336,334.79582166666665
2019-12-08 12:00:00,2.812316666666667,2.827916666666667,341.21673166666665,384.732195
2019-12-08 13:00:00,2.7411833333333333,2.7550166666666667,349.10268833333333,386.447615
2019-12-08 14:00:00,2.671466666666667,2.685483333333333,351.80786333333333,364.9072366666667
2019-12-08 15:00:00,2.6404,2.6591,355.2694016666666,297.27228833333334
2019-12-08 16:00:00,2.6123833333333333,2.62655,356.6674233333333,374.31992833333334
2019-12-08 17:00:00,2.54685,2.56185,348.3857716666667,401.84548
2019-12-08 18:00:00,2.4551333333333334,2.4697000000000005,352.3865416666667,410.25417
2019-12-08 19:00:00,2.37975,2.3937,351.5503083333333,360.6625433333333
2019-12-08 20:00:00,2.3242333333333334,2.3387666666666664,345.4753566666667,351.02523833333333
2019-12-08 21:00:00,2.279733333333333,2.2939333333333334,343.3639416666667,369.50640500000003
2019-12-08 22:00:00,2.22135,2.2356333333333334,344.72601000000003,328.83158166666664
2019-12-08 23:00:00,2.1996333333333333,2.21495,360.47828583333336,275.944765
2019-12-09 00:00:00,2.2318000000000002,2.2545333333333333,466.861415,260.4415
2019-12-09 01:00:00,2.287183333333333,2.3179000000000003,516.7510283333334,302.0504216666667
2019-12-09 02:00:00,2.3747666666666665,2.4047833333333335,522.6597049999999,184.50846
2019-12-09 03:00:00,2.5061833333333334,2.5344166666666665,524.1456533333334,177.73905333333332
2019-12-09 04:00:00,2.63985,2.6683000000000003,522.975515,177.10715166666665
2019-12-09 05:00:00,2.7689666666666666,2.7990666666666666,522.3532983333333,190.05823833333335
2019-12-09 06:00:00,2.8817999999999997,2.91295,506.63951499999996,229.084925
2019-12-09 07:00:00,2.8877333333333337,2.9215166666666668,500.09859166666666,495.2162883333333
2019-12-09 08:00:00,2.7985666666666664,2.83095,508.6130916666667,460.7979616666667
2019-12-09 09:00:00,2.7780666666666667,2.8110833333333334,508.74109166666665,371.22171333333335
2019-12-09 10:00:00,2.7640499999999997,2.7828166666666667,322.435135,345.44652666666667
2019-12-09 11:00:00,2.6847833333333333,2.676416666666667,182.46286833333335,337.0502716666667
2019-12-09 12:00:00,2.5759,2.583833333333333,230.41960166666667,397.45088833333335
2019-12-09 13:00:00,2.4197333333333333,2.4552666666666667,294.52732333333336,453.35631
2019-12-09 14:00:00,2.34155,2.3686000000000003,338.90458666666666,317.21166
2019-12-09 15:00:00,2.323783333333333,2.3504666666666667,320.7173516666666,285.44597
2019-12-09 16:00:00,2.3221666666666665,2.34865,305.66908333333333,263.39692833333334
2019-12-09 17:00:00,2.297283333333333,2.3233333333333333,309.21975166666664,355.97203666666667
2019-12-09 18:00:00,2.2432666666666665,2.2689333333333335,308.5816783333333,337.638945
2019-12-09 19:00:00,2.2049833333333333,2.2215333333333334,419.44186333333334,349.94434
2019-12-09 20:00:00,2.235716666666667,2.2381333333333333,508.98085833333334,356.6568016666667
2019-12-09 21:00:00,2.23265,2.229966666666667,506.6204333333333,398.30730500000004
2019-12-09 22:00:00,2.1960833333333336,2.1877666666666666,509.31203,494.21625166666666
2019-12-09 23:00:00,2.1965333333333334,2.2018333333333335,511.69102833333335,254.90003166666665
2019-12-10 00:00:00,2.285283333333333,2.2928166666666665,514.0603333333333,237.91381
2019-12-10 01:00:00,2.400516666666667,2.4124333333333334,514.28486,198.04354999999998
2019-12-10 02:00:00,2.5297166666666664,2.5437000000000003,516.89431,183.56591666666665
2019-12-10 03:00:00,2.6635,2.6773000000000002,505.6215516666667,178.75366333333335
2019-12-10 04:00:00,2.797066666666667,2.8135666666666665,517.536115,177.99635833333335
2019-12-10 05:00:00,2.9346166666666664,2.949516666666667,528.7339801330204,217.473125
2019-12-10 06:00:00,3.0897666666666668,3.136683333333333,570.9408267605634,350.2730833333333
2019-12-10 07:00:00,3.189416666666667,3.24375,648.6466295774648,515.2463033333333
2019-12-10 08:00:00,3.2753,3.3257833333333333,726.3524323943662,339.3614133333333
2019-12-10 09:00:00,3.443966666666667,3.4978333333333333,787.6527185155377,331.48531833333334
2019-12-10 10:00:00,3.5299666666666667,3.5831500000000003,343.92199095238095,368.09905333333336
2019-12-10 11:00:00,3.4770499999999998,3.5266,273.98794833333335,357.81727166666667
2019-12-10 12:00:00,3.3611999999999997,3.4143333333333334,276.0512033333333,443.53989
2019-12-10 13:00:00,3.2695833333333337,3.3188166666666663,279.7897283333333,343.0164733333333
2019-12-10 14:00:00,3.2302833333333334,3.2763,282.11282,307.6032083333333
2019-12-10 15:00:00,3.1856333333333335,3.227533333333333,221.21731833333334,344.6262033333333
2019-12-10 16:00:00,3.08975,3.121383333333333,150.87679333333332,322.36030666666665
2019-12-10 17:00:00,3.0037000000000003,3.0333666666666668,152.65848833333334,302.194125
2019-12-10 18:00:00,2.9163,2.94705,146.05245333333332,338.9225133333333
2019-12-10 19:00:00,2.7873500000000004,2.816116666666667,146.64189333333334,381.671525
2019-12-10 20:00:00,2.671966666666667,2.7000666666666664,148.09205,324.20983
2019-12-10 21:00:00,2.5421,2.56935,148.18603333333334,453.6965333333334
2019-12-10 22:00:00,2.3638166666666667,2.3895666666666666,148.90129666666664,398.7699166666667
2019-12-10 23:00:00,2.282566666666667,2.3242166666666666,389.642725,269.43052166666666
2019-12-11 00:00:00,2.3554166666666663,2.4098333333333333,510.7835083333333,257.40307
2019-12-11 01:00:00,2.4448999999999996,2.4980333333333333,517.1107716666667,216.792425
2019-12-11 02:00:00,2.5718666666666667,2.6216,516.6272383333334,194.88056
2019-12-11 03:00:00,2.709783333333333,2.7583166666666665,518.2001083333333,173.85121166666667
2019-12-11 04:00:00,2.8513,2.899916666666667,503.6012866666667,173.503745
2019-12-11 05:00:00,2.9820333333333333,3.0322166666666663,498.0185133333333,185.97866666666667
2019-12-11 06:00:00,3.0374499999999998,3.10475,500.16084666666666,414.19212
2019-12-11 07:00:00,2.990083333333333,3.06715,515.8251033333333,430.94241166666666
2019-12-11 08:00:00,2.98175,3.0537666666666667,515.98397,369.6764
2019-12-11 09:00:00,3.0088166666666667,3.0782499999999997,521.4402416666667,351.17465
2019-12-11 10:00:00,3.0272666666666668,3.098316666666667,511.79134,410.18393333333336
2019-12-11 11:00:00,2.984366666666667,3.0371666666666663,326.5385133333333,357.0469566666667
2019-12-11 12:00:00,2.96165,3.0054166666666666,325.40391166666666,311.17789999999997
2019-12-11 13:00:00,2.9041333333333332,2.9507166666666667,327.5744433333333,403.2609483333334
2019-12-11 14:00:00,2.8538666666666668,2.897283333333333,326.77120833333333,303.14726333333334
2019-12-11 15:00:00,2.8380666666666667,2.88175,330.15806833333335,320.79827666666665
2019-12-11 16:00:00,2.8294,2.871366666666667,334.0377366666667,274.13333500000005
2019-12-11 17:00:00,2.8294333333333332,2.8699999999999997,279.2885883333333,304.8426
2019-12-11 18:00:00,2.7456166666666664,2.7764499999999996,145.50631166666665,357.6481283333333
2019-12-11 19:00:00,2.6073833333333334,2.637183333333333,145.67698666666666,414.54637333333335
2019-12-11 20:00:00,2.4792,2.5086166666666667,149.20905333333334,357.7883916666667
2019-12-11 21:00:00,2.3199666666666667,2.34675,148.15257333333332,443.443395
2019-12-11 22:00:00,2.1886,2.215716666666667,147.39041166666667,322.85160666666667
2019-12-11 23:00:00,2.091266666666667,2.11535,204.38656833333334,312.01286
2019-12-12 00:00:00,2.1210166666666668,2.1488666666666663,451.58285166666667,298.6830483333333
2019-12-12 01:00:00,2.1717500000000003,2.1982666666666666,506.4069866666667,369.14030166666663
2019-12-12 02:00:00,2.248083333333333,2.27125,497.3898316666666,190.48080666666667
2019-12-12 03:00:00,2.3756166666666667,2.3985666666666665,501.5359916666667,182.82707166666665
2019-12-12 04:00:00,2.5094333333333334,2.534383333333333,502.7668316666667,174.02175166666666
2019-12-12 05:00:00,2.6989333333333336,2.7226833333333333,681.4654345416667,186.80646
2019-12-12 06:00:00,2.9497833333333334,2.97565,664.321180625,254.31623499999998
2019-12-12 07:00:00,3.1441,3.1713999999999998,620.8350365,372.48920166666664
2019-12-12 08:00:00,3.1942833333333334,3.235316666666667,600.2723483333334,374.2835166666666
2019-12-12 09:00:00,3.1675,3.2045833333333333,165.75325,409.52952999999997
2019-12-12 10:00:00,3.0035666666666665,3.0383,215.508405,405.57552833333335
2019-12-12 11:00:00,2.9177999999999997,2.9509499999999997,212.00346166666668,330.85370666666665
2019-12-12 12:00:00,2.8434833333333334,2.8768833333333332,209.29193166666667,329.04060000000004
2019-12-12 13:00:00,2.7508333333333335,2.7853166666666667,209.80442499999998,376.78854333333334
2019-12-12 14:00:00,2.656966666666667,2.688533333333333,223.83673833333333,311.3009983333333
2019-12-12 15:00:00,2.6053166666666665,2.63635,233.83546833333332,294.597955
2019-12-12 16:00:00,2.539416666666667,2.5709166666666667,228.80760833333335,339.02547166666665
2019-12-12 17:00:00,2.4579,2.4891833333333335,228.90584166666667,324.2223216666667
2019-12-12 18:00:00,2.36905,2.3998666666666666,230.18983333333333,366.281025
2019-12-12 19:00:00,2.28115,2.311383333333333,234.14298666666667,314.47621
2019-12-12 20:00:00,2.1847166666666666,2.2155,234.99133166666667,431.2319016666667
2019-12-12 21:00:00,2.0529166666666665,2.08195,235.0096816666667,418.458945
2019-12-12 22:00:00,1.8878333333333333,1.91785,234.87722166666666,499.09347333333335
2019-12-12 23:00:00,1.7318333333333333,1.75265,381.6825116666667,370.3343966666667
2019-12-13 00:00:00,1.8142666666666665,1.8309166666666667,658.2216966666667,242.0523266666667
2019-12-13 01:00:00,1.9597499999999999,1.9838833333333334,682.3942666666667,231.02836666666664
2019-12-13 02:00:00,2.134383333333333,2.1599166666666667,673.0750566666667,189.93426666666667
2019-12-13 03:00:00,2.317066666666667,2.3425333333333334,658.6209716666667,176.38698666666667
2019-12-13 04:00:00,2.504033333333333,2.5301833333333335,657.7826766666666,175.98409
2019-12-13 05:00:00,2.6860666666666666,2.7137333333333333,674.2292116666666,190.72599333333335
2019-12-13 06:00:00,2.8629000000000002,2.8885666666666667,680.0465247413794,224.956555
2019-12-13 07:00:00,3.0875,3.07,698.8746163793104,380.6831866666667
2019-12-13 08:00:00,3.2788166666666667,3.2685166666666663,615.3040472126437,334.66654
2019-12-13 09:00:00,3.22885,3.2632,181.93037166666667,445.02641166666666
2019-12-13 10:00:00,3.10995,3.1465,183.22339333333332,343.11492166666665
2019-12-13 11:00:00,3.0053833333333335,3.040116666666667,185.89788,359.47843
2019-12-13 12:00:00,2.9231,2.9563833333333336,190.20172666666667,295.4013816666667
2019-12-13 13:00:00,2.8554833333333334,2.8892499999999997,186.48420166666668,322.82413833333334
2019-12-13 14:00:00,2.755333333333333,2.7885333333333335,188.33957833333335,371.9580833333333
2019-12-13 15:00:00,2.65865,2.6922,194.18302333333335,336.06995333333333
2019-12-13 16:00:00,2.5781,2.61065,188.29500166666668,292.245395
2019-12-13 17:00:00,2.5060999999999996,2.540116666666667,192.81136833333332,352.965615
2019-12-13 18:00:00,2.3983,2.4312666666666667,179.407365,362.87814999999995
2019-12-13 19:00:00,2.30445,2.33495,190.77662999999998,320.2150933333333
2019-12-13 20:00:00,2.2143,2.239516666666667,292.06612333333334,439.154875
2019-12-13 21:00:00,2.1173333333333333,2.1426833333333333,342.06936,410.8185066666667
2019-12-13 22:00:00,2.01995,2.0606333333333335,406.38471833333335,453.35829333333334
2019-12-13 23:00:00,2.005866666666667,2.046316666666667,487.15493,275.3803883333333
2019-12-14 00:00:00,2.0608166666666667,2.1092666666666666,578.4639483333334,335.38057000000003
2019-12-14 01:00:00,2.1497666666666664,2.192066666666667,557.3040116666667,236.99147499999998
2019-12-14 02:00:00,2.276616666666667,2.3155833333333335,549.8268683333333,196.78662500000002
2019-12-14 03:00:00,2.4250166666666666,2.4659,584.8902316666666,186.04763833333334
2019-12-14 04:00:00,2.578216666666667,2.6182333333333334,577.9290683333334,178.768185
2019-12-14 05:00:00,2.726716666666667,2.7667333333333333,570.7171466666666,190.44106833333333
2019-12-14 06:00:00,2.8630833333333334,2.9059166666666667,579.5022933333333,211.50813333333332
2019-12-14 07:00:00,2.988,3.0330999999999997,593.3907516666666,247.05462333333332
2019-12-14 08:00:00,3.03965,3.0928166666666663,544.682415,400.7125966666666
2019-12-14 09:00:00,3.0145166666666667,3.070333333333333,399.1889883333333,397.40117499999997
2019-12-14 10:00:00,2.903766666666667,2.9684000000000004,396.7377133333333,508.23288833333334
2019-12-14 11:00:00,2.8116333333333334,2.869133333333333,389.2014066666667,372.30245666666667
2019-12-14 12:00:00,2.778033333333333,2.831166666666667,390.8221233333333,358.86809
2019-12-14 13:00:00,2.6980999999999997,2.7577833333333337,401.0658616666667,469.1252983333333
2019-12-14 14:00:00,2.6319,2.6860500000000003,397.0278583333333,341.43422
2019-12-14 15:00:00,2.6175333333333333,2.6525000000000003,263.7638033333333,304.32718166666666
2019-12-14 16:00:00,2.5491,2.58125,259.3564983333333,333.18470333333335
2019-12-14 17:00:00,2.4932833333333333,2.5261666666666667,258.94339833333333,305.86879000000005
2019-12-14 18:00:00,2.4216333333333333,2.4549833333333333,257.60748333333333,356.130945
2019-12-14 19:00:00,2.296483333333333,2.3297166666666667,259.94531166666667,486.191915
2019-12-14 20:00:00,2.1351333333333335,2.168066666666667,259.6893483333333,476.4925733333333
2019-12-14 21:00:00,2.00045,2.0319,257.383135,338.8208
2019-12-14 22:00:00,1.9700166666666667,1.9948833333333333,464.48051666666663,349.2540416666667
2019-12-14 23:00:00,2.0247,2.0486166666666668,513.8176566666666,258.58598
2019-12-15 00:00:00,2.0824166666666666,2.0931833333333336,431.8342916666667,287.2245383333333
2019-12-15 01:00:00,2.1114166666666665,2.1230333333333333,431.36762999999996,244.08334666666667
2019-12-15 02:00:00,2.1805833333333333,2.19535,432.0140666666667,208.11091666666667
2019-12-15 03:00:00,2.2655499999999997,2.283283333333333,436.593635,184.05075
2019-12-15 04:00:00,2.3666,2.3840333333333334,436.4503,177.52727666666667
2019-12-15 05:00:00,2.46055,2.47795,435.9154016666667,199.38293833333333
2019-12-15 06:00:00,2.6010833333333334,2.597983333333333,736.0313641666667,223.41215
2019-12-15 07:00:00,2.799916666666667,2.8007,682.0409433333333,243.6474683333333
2019-12-15 08:00:00,2.9154,2.9598500000000003,211.11419083333334,300.85789
2019-12-15 09:00:00,2.8005333333333335,2.84135,179.29176999999999,421.95048
2019-12-15 10:00:00,2.6233,2.6651000000000002,171.64777,448.835805
2019-12-15 11:00:00,2.47285,2.5107333333333335,174.201955,369.80419166666667
2019-12-15 12:00:00,2.3441833333333335,2.3820166666666664,172.55997,378.2590916666667
2019-12-15 13:00:00,2.231466666666667,2.2664,173.92651166666667,331.2226116666667
2019-12-15 14:00:00,2.2256,2.204016666666667,633.9280966666666,377.8451383333333
2019-12-15 15:00:00,2.3024666666666667,2.2751,650.3723566666666,301.0939133333333
2019-12-15 16:00:00,2.3859333333333335,2.3542833333333335,657.9968383333332,353.69432
2019-12-15 17:00:00,2.4355666666666664,2.39125,665.6912100000001,448.16592
2019-12-15 18:00:00,2.513516666666667,2.3209333333333335,610.6581351666666,473.4114916666667
2019-12-15 19:00:00,2.9138,1.7082166666666665,335.48554499999995,484.430795
2019-12-15 20:00:00,3.1809999999999996,1.6329500000000001,91.86142024333334,375.31040666666667
2019-12-15 21:00:00,3.3053833333333333,3.062,3.9759839116666664,331.14142499999997
2019-12-15 22:00:00,3.3672833333333334,3.062,3.7874948316666663,356.46453333333335
2019-12-15 23:00:00,3.1094166666666667,3.062,9.813702058166665,267.9297666666667
2019-12-16 00:00:00,2.9695000000000005,3.062,252.11168666666666,274.7404966666666
2019-12-16 01:00:00,2.9458166666666665,3.062,252.68078,206.49836333333332
2019-12-16 02:00:00,2.9556,3.062,250.24472166666666,265.88831
2019-12-16 03:00:00,2.8894333333333333,3.062,249.65348666666665,221.42088
2019-12-16 04:00:00,2.93325,3.062,251.34174833333333,188.19113000000002
2019-12-16 05:00:00,2.9734833333333333,3.062,251.91466350000002,203.60107333333332
2019-12-16 06:00:00,2.9266333333333336,3.062,113.34934883333334,238.70462333333336
2019-12-16 07:00:00,2.791166666666667,3.062,235.14394333333334,354.95437166666665
2019-12-16 08:00:00,2.5601833333333333,3.062,235.40386333333333,369.1252533333334
2019-12-16 09:00:00,2.371366666666667,3.062,282.38159833333333,347.99526333333336
2019-12-16 10:00:00,2.297683333333333,3.062,403.20716,332.47184333333337
2019-12-16 11:00:00,2.2391666666666667,3.062,412.98994166666665,346.24846999999994
2019-12-16 12:00:00,2.213716666666667,3.062,419.36448,368.4474116666667
2019-12-16 13:00:00,2.116233333333333,3.062,422.91030666666666,381.94318666666663
2019-12-16 14:00:00,2.067466666666667,3.062,436.4306666666667,380.480765
2019-12-16 15:00:00,2.04825,3.062,559.94954,333.6410466666667
2019-12-16 16:00:00,2.0856500000000002,3.062,306.93506333333335,288.214365
2019-12-16 17:00:00,2.0143833333333334,3.062,303.22657,338.498155
2019-12-16 18:00:00,1.9327,3.062,740.9226533333333,541.913245
2019-12-16 19:00:00,1.9288666666666667,3.062,770.6394566666667,439.174695
2019-12-16 20:00:00,2.1535,3.062,772.2909350000001,336.47898
2019-12-16 21:00:00,2.3396666666666666,3.062,703.5873133333333,383.5822816666667
2019-12-16 22:00:00,2.4185999999999996,3.062,515.918055,380.12909666666667
2019-12-16 23:00:00,2.3390833333333334,3.062,390.37812833333334,370.7854016666667
2019-12-17 00:00:00,2.3353333333333333,3.062,346.1069366666667,241.85833833333334
2019-12-17 01:00:00,2.3882833333333333,3.062,346.65296333333333,222.5101316666667
2019-12-17 02:00:00,2.4942333333333333,3.062,349.0451683333333,183.87451833333336
2019-12-17 03:00:00,2.62885,3.062,351.00794333333334,171.17940166666668
2019-12-17 04:00:00,2.7627333333333337,3.062,348.641555,182.51404333333332
2019-12-17 05:00:00,3.0127499999999996,3.062,688.3117133333333,186.21253166666665
2019-12-17 06:00:00,3.322083333333333,3.062,516.9707933333333,267.35362
2019-12-17 07:00:00,3.335866666666667,3.062,372.3703366666667,327.85261499999996
2019-12-17 08:00:00,3.2455,3.062,387.5728766666667,386.48031833333334
2019-12-17 09:00:00,3.1571,3.062,384.1032333333333,338.08115333333336
2019-12-17 10:00:00,3.0990333333333333,3.062,386.27143666666666,382.9665166666667
2019-12-17 11:00:00,3.0176333333333334,3.062,383.70107666666667,326.8422283333333
2019-12-17 12:00:00,2.99265,3.062,385.15735333333333,324.6528983333334
2019-12-17 13:00:00,2.8743666666666665,3.062,379.0843316666667,474.46573333333333
2019-12-17 14:00:00,2.703216666666667,3.062,382.74288,334.9905566666667
2019-12-17 15:00:00,2.6932,3.062,385.91863166666667,299.14636333333334
2019-12-17 16:00:00,2.676483333333333,3.062,384.47464,326.49473333333333
2019-12-17 17:00:00,2.6135,3.062,370.2754933333334,350.8227283333334
2019-12-17 18:00:00,2.5469999999999997,3.062,359.5253583333333,368.63727
2019-12-17 19:00:00,2.3114333333333335,3.062,360.9448733333333,513.7726333333334
2019-12-17 20:00:00,2.147466666666667,3.062,500.88076333333333,354.40228
2019-12-17 21:00:00,2.218933333333333,3.062,560.3162583333334,350.6892133333333
2019-12-17 22:00:00,2.1672333333333333,3.062,566.4516866666667,494.939235
2019-12-17 23:00:00,2.1719333333333335,3.062,563.3038066666667,322.715365
2019-12-18 00:00:00,2.2468500000000002,3.062,334.71373666666665,249.638875
2019-12-18 01:00:00,2.28925,3.062,299.56132833333334,198.81238333333334
2019-12-18 02:00:00,2.36665,3.062,297.148445,186.19823166666666
2019-12-18 03:00:00,2.4553000000000003,3.062,300.76632,186.53173833333332
2019-12-18 04:00:00,2.53365,3.062,304.06339,195.46996333333334
2019-12-18 05:00:00,2.6109666666666667,3.062,298.71586833333333,213.61464166666667
2019-12-18 06:00:00,2.76875,3.062,597.0541266666667,231.8220433333333
2019-12-18 07:00:00,2.9768333333333334,3.062,595.8376649999999,326.9500233333334
2019-12-18 08:00:00,3.0294666666666665,3.062,583.66904,394.3611383333334
2019-12-18 09:00:00,3.0229500000000002,3.062,308.8405466666666,330.8170183333333
2019-12-18 10:00:00,2.8578833333333336,3.062,220.53783333333334,342.8975433333333
2019-12-18 11:00:00,2.65625,3.062,223.34566333333333,416.324845
2019-12-18 12:00:00,2.4053166666666663,3.062,226.21407833333333,346.53979
2019-12-18 13:00:00,2.234866666666667,3.062,382.79784333333333,382.5321983333333
2019-12-18 14:00:00,2.2857,3.062,763.922325,406.3915666666666
2019-12-18 15:00:00,2.469066666666667,3.062,646.4725633333333,317.05244500000003
2019-12-18 16:00:00,2.56465,3.062,482.80700333333334,306.92285999999996
2019-12-18 17:00:00,2.5737333333333337,3.062,398.7183817424242,333.77717
2019-12-18 18:00:00,2.214033333333333,2.25895,346.94529448051946,448.31937166666665
2019-12-18 19:00:00,1.5365666666666666,1.9190333333333334,402.62252824675323,496.68427499999996
2019-12-18 20:00:00,2.221033333333333,2.7819999999999996,454.56462636363636,350.8985533333333
2019-12-18 21:00:00,3.071,3.173766666666667,454.10665166666666,431.45477833333337
2019-12-18 22:00:00,3.071,2.9361333333333333,449.9677,372.94016666666664
2019-12-18 23:00:00,3.071,2.5250166666666667,423.0629241666667,306.8966833333333
2019-12-19 00:00:00,3.071,2.4824333333333333,327.98643,237.28971166666668
2019-12-19 01:00:00,3.071,2.5177,330.44478999999995,235.13511166666666
2019-12-19 02:00:00,3.071,2.575,329.99796,200.60173
2019-12-19 03:00:00,3.071,2.6777666666666664,326.22431666666665,178.77096333333333
2019-12-19 04:00:00,3.071,2.7758499999999997,331.4004933333334,218.72075833333335
2019-12-19 05:00:00,3.071,2.8313,327.83538500000003,201.87948833333334
2019-12-19 06:00:00,3.071,2.9025166666666666,323.0568616666667,226.61764666666667
2019-12-19 07:00:00,3.071,2.873683333333333,321.76425,365.64672666666667
2019-12-19 08:00:00,3.071,2.7051833333333333,315.8739133333333,349.93986333333334
2019-12-19 09:00:00,3.071,2.5991666666666666,319.99870333333337,334.59089166666666
2019-12-19 10:00:00,3.071,2.433383333333333,324.7910233333333,407.0718366666667
2019-12-19 11:00:00,3.071,2.2583833333333336,178.685335,353.9894216666667
2019-12-19 12:00:00,3.071,1.9737833333333334,120.635255,349.1605766666667
2019-12-19 13:00:00,3.071,1.7027833333333333,216.92455166666664,378.05459833333333
2019-12-19 14:00:00,3.071,1.5702666666666665,364.9957366666667,310.39194000000003
2019-12-19 15:00:00,3.071,1.6071833333333332,547.9198483333333,310.91521833333337
2019-12-19 16:00:00,3.071,1.85715,719.0837817415729,291.088535
2019-12-19 17:00:00,3.071,2.1888833333333335,514.3427365917603,351.98874166666667
2019-12-19 18:00:00,3.071,2.17415,482.25358166666666,473.981285
2019-12-19 19:00:00,3.071,2.0178833333333333,549.5728375,452.89016
2019-12-19 20:00:00,3.071,1.9511833333333333,462.67054333333334,417.39602833333333
2019-12-19 21:00:00,3.071,1.8847166666666666,542.78023,381.53122666666667
2019-12-19 22:00:00,3.071,1.95795,550.6336983333333,305.5519433333333
2019-12-19 23:00:00,3.071,2.0225999999999997,416.643335,315.46076
2019-12-20 00:00:00,3.071,2.0346166666666665,359.39124999999996,250.14708833333333
2019-12-20 01:00:00,3.071,2.0576166666666666,359.27427,260.72459833333335
2019-12-20 02:00:00,3.071,2.131483333333333,360.7699866666666,190.732115
2019-12-20 03:00:00,3.071,2.2664166666666667,361.38633,172.78255
2019-12-20 04:00:00,3.071,2.4065333333333334,362.7742,178.02777333333333
2019-12-20 05:00:00,3.071,2.5459833333333335,361.3658316666667,184.66617666666667
2019-12-20 06:00:00,3.071,2.6499666666666664,357.983285,220.04212
2019-12-20 07:00:00,3.071,2.675683333333333,368.35803666666664,326.2062466666667
2019-12-20 08:00:00,3.071,2.586116666666667,361.91401666666667,370.5380966666667
2019-12-20 09:00:00,3.071,2.3796833333333334,357.0238066666667,475.43709333333334
2019-12-20 10:00:00,3.071,2.2190000000000003,388.528585,325.93553333333335
2019-12-20 11:00:00,3.071,2.2409166666666667,529.341135,346.54569999999995
2019-12-20 12:00:00,3.071,2.30395,528.1738183333333,311.72311666666667
2019-12-20 13:00:00,3.071,2.38935,528.3865499999999,326.62702666666667
2019-12-20 14:00:00,3.071,2.3964,526.7781466666667,395.961405
2019-12-20 15:00:00,3.071,2.4275666666666664,528.232295,329.0122683333333
2019-12-20 16:00:00,3.071,2.5006833333333334,537.3444466666666,317.12874999999997
2019-12-20 17:00:00,3.071,2.5998666666666663,514.87816,302.75067666666666
2019-12-20 18:00:00,3.071,2.6216166666666667,514.2103666666667,436.8610683333333
2019-12-20 19:00:00,3.071,2.4675166666666666,504.76854333333335,493.34216333333336
2019-12-20 20:00:00,3.071,2.3656333333333333,513.7215116666667,423.4796283333333
2019-12-20 21:00:00,3.071,2.384,525.746515,317.632385
2019-12-20 22:00:00,3.071,2.4041833333333336,507.78129,365.6877
2019-12-20 23:00:00,3.071,2.4861,574.597145,295.43364833333334
2019-12-21 00:00:00,3.071,2.5711833333333334,413.4268401666667,328.91311666666667
2019-12-21 01:00:00,3.071,2.5869,357.7022816666667,219.29102
2019-12-21 02:00:00,3.071,2.6883166666666667,359.40545833333334,196.28902833333333
2019-12-21 03:00:00,3.071,2.8135833333333333,357.202695,183.94310833333333
2019-12-21 04:00:00,3.071,2.937683333333333,353.2144833333333,200.34286
2019-12-21 05:00:00,3.071,3.0484166666666668,349.83739333333335,190.51282833333335
2019-12-21 06:00:00,3.071,3.147283333333333,347.337325,231.35417333333334
2019-12-21 07:00:00,3.071,3.188816666666667,346.5098516666667,249.42526
2019-12-21 08:00:00,3.071,3.1622666666666666,342.00424000000004,349.14287666666667
2019-12-21 09:00:00,3.071,3.0420000000000003,332.81823333333335,387.462045
2019-12-21 10:00:00,3.071,2.843233333333333,330.36615333333333,438.0201316666667
2019-12-21 11:00:00,3.071,2.6410833333333334,330.24916833333333,388.7087633333333
2019-12-21 12:00:00,3.071,2.44705,332.01644500000003,417.61666833333334
2019-12-21 13:00:00,3.071,2.3070833333333334,331.32045833333336,325.274465
2019-12-21 14:00:00,3.071,2.2087999999999997,332.70673999999997,360.53430000000003
2019-12-21 15:00:00,3.071,2.10195,336.6183683333333,343.128285
2019-12-21 16:00:00,3.071,2.1107,615.274305,343.21204
2019-12-21 17:00:00,3.071,2.1226666666666665,640.5812716666667,487.637795
2019-12-21 18:00:00,3.071,2.1066,644.7278966666667,419.34777
2019-12-21 19:00:00,3.071,2.1461333333333332,641.0273326666667,389.05523
2019-12-21 20:00:00,3.071,2.4766666666666666,554.2706506666667,333.76162833333336
2019-12-21 21:00:00,3.071,2.7160333333333333,491.6265583333333,307.22275666666667
2019-12-21 22:00:00,3.071,2.7790833333333333,492.60903333333334,298.57984666666664
2019-12-21 23:00:00,3.071,2.8888833333333332,466.8456933333334,258.54756166666664
2019-12-22 00:00:00,3.071,2.922457627118644,282.0662559322034,276.5453033898305
2019-12-22 01:00:00,3.071,2.824683333333333,303.6974533333333,327.67586166666666
2019-12-22 02:00:00,3.071,2.8049166666666663,303.203075,204.89382500000002
2019-12-22 03:00:00,3.071,2.8628833333333334,313.4506283333333,214.83164666666664
2019-12-22 04:00:00,3.071,2.9442833333333334,317.8170216666667,179.46819166666668
2019-12-22 05:00:00,3.071,3.0429000000000004,310.3177166666667,183.122325
2019-12-22 06:00:00,3.071,3.1184833333333333,302.83592666666664,213.85579
2019-12-22 07:00:00,3.071,3.1580999999999997,306.173495,226.51649
2019-12-22 08:00:00,3.071,3.1561333333333335,307.4129966666667,297.00157333333334
2019-12-22 09:00:00,3.071,3.052633333333333,310.59276000000006,369.39546499999994
2019-12-22 10:00:00,3.071,2.8293166666666667,364.744565,469.308505
2019-12-22 11:00:00,3.071,2.7436833333333337,475.35704833333335,335.0591383333333
2019-12-22 12:00:00,3.071,2.7514833333333333,477.99577500000004,325.30587833333334
2019-12-22 13:00:00,3.071,2.7975666666666665,481.16147333333333,334.32685166666664
2019-12-22 14:00:00,3.071,2.7297333333333333,488.60290999999995,460.28474166666666
2019-12-22 15:00:00,3.071,2.6759833333333334,480.24487500000004,305.89335833333337
2019-12-22 16:00:00,3.071,2.68125,477.53467166666667,440.5416783333333
2019-12-22 17:00:00,3.071,2.5223166666666668,474.19342666666665,466.76739166666664
2019-12-22 18:00:00,3.071,2.3449166666666668,468.42949500000003,452.1695416666667
2019-12-22 19:00:00,3.071,2.322866666666667,476.91371833333335,324.978565
2019-12-22 20:00:00,3.071,2.33145,481.83258666666666,333.4744083333334
2019-12-22 21:00:00,3.071,2.3574166666666665,487.37467666666663,346.84117
2019-12-22 22:00:00,3.071,2.36625,482.718785,354.7348333333333
2019-12-22 23:00:00,3.071,2.3350333333333335,427.31011166666667,355.29320666666666
2019-12-23 00:00:00,3.071,2.35465,367.46212333333335,227.29177666666666
2019-12-23 01:00:00,3.071,2.4550833333333335,366.05456,199.84599500000002
2019-12-23 02:00:00,3.071,2.5770833333333334,368.87825833333335,186.1873566666667
2019-12-23 03:00:00,3.071,2.7181333333333333,368.24733333333336,178.15103666666667
2019-12-23 04:00:00,3.071,2.8619166666666667,368.70447666666666,178.85066833333335
2019-12-23 05:00:00,3.071,2.99865,358.1033166666667,189.99885333333336
2019-12-23 06:00:00,3.071,3.1054833333333334,488.9656166666666,314.0037883333333
2019-12-23 07:00:00,3.071,3.0868166666666665,597.2088566666666,420.47384500000004
2019-12-23 08:00:00,3.071,3.1265,368.65880016666665,336.75897999999995
2019-12-23 09:00:00,3.071,2.90055,38.47806116666666,335.114155
2019-12-23 10:00:00,3.071,2.5429166666666663,38.23848366666667,384.34227833333335
2019-12-23 11:00:00,3.071,2.1819833333333336,390.72402933333336,338.88992666666667
2019-12-23 12:00:00,3.071,2.0217,616.1554251666668,332.44611499999996
2019-12-23 13:00:00,3.071,2.10635,697.53166,480.43420833333334
2019-12-23 14:00:00,3.071,2.0313833333333333,715.595855,469.9020683333334
2019-12-23 15:00:00,1.6077666666666668,1.6914166666666666,563.2594216666668,324.2932583333333
2019-12-23 16:00:00,1.5549,1.4108833333333335,257.87861333333336,392.28507833333333
2019-12-23 17:00:00,1.5374666666666668,1.8649333333333333,446.69487833333335,387.83611833333333
2019-12-23 18:00:00,1.42305,1.4166999999999998,567.42787,376.14252166666665
2019-12-23 19:00:00,1.4593500000000001,1.4558,563.27505,310.00159666666667
2019-12-23 20:00:00,1.4978166666666666,1.4918500000000001,558.0459533333334,372.22585999999995
2019-12-23 21:00:00,1.5275833333333333,1.5232999999999999,564.1164633333334,326.5561216666666
2019-12-23 22:00:00,1.5727333333333333,1.5696333333333332,559.34352,334.435485
2019-12-23 23:00:00,1.6081333333333334,1.6115666666666668,458.767555,324.61772833333333
2019-12-24 00:00:00,1.5628333333333333,1.5948666666666669,252.04122166666667,260.48161999999996
2019-12-24 01:00:00,1.5460166666666666,1.5553833333333331,276.50558,309.34100666666666
2019-12-24 02:00:00,1.5426833333333332,1.5565833333333332,274.3617233333333,187.21848666666668
2019-12-24 03:00:00,1.5733333333333335,1.5879666666666667,271.82904833333333,184.56666666666666
2019-12-24 04:00:00,1.6089666666666667,1.6233666666666666,275.45128166666666,182.94781
2019-12-24 05:00:00,1.6371666666666667,1.6513166666666665,260.2406016666667,197.57483333333332
2019-12-24 06:00:00,1.6853333333333333,1.6991333333333332,502.4760783333333,227.11391666666665
2019-12-24 07:00:00,1.7334666666666665,1.7571,565.1833750000001,403.62807
2019-12-24 08:00:00,1.7779833333333335,1.81785,516.7315616666667,355.8117966666667
2019-12-24 09:00:00,1.7497166666666668,1.7683666666666666,364.4743966666667,347.31545833333337
2019-12-24 10:00:00,1.7195,1.7367166666666667,367.85818666666665,347.3858466666667
2019-12-24 11:00:00,1.6796,1.6964166666666667,369.1797483333333,310.86110333333335
2019-12-24 12:00:00,1.6509166666666666,1.6673666666666667,362.81219500000003,415.00491
2019-12-24 13:00:00,1.5008166666666667,1.5122166666666668,360.87489,549.70776
2019-12-24 14:00:00,1.3458333333333334,1.3583166666666666,359.58787333333333,445.58534833333334
2019-12-24 15:00:00,1.35665,1.3713000000000002,367.48253619047614,276.26539833333334
2019-12-24 16:00:00,1.7509333333333332,1.7647333333333333,387.17175000000003,302.509465
2019-12-24 17:00:00,2.1775666666666664,2.193766666666667,405.1280357142857,315.96889
2019-12-24 18:00:00,2.4365666666666663,2.4088166666666666,420.2145630952381,343.13572666666664
2019-12-24 19:00:00,2.4074833333333334,2.3630166666666668,415.6306383333333,342.6912933333333
2019-12-24 20:00:00,2.411016666666667,2.377483333333333,417.1972666666667,298.1265616666667
2019-12-24 21:00:00,2.3960999999999997,2.348783333333333,422.30826833333333,360.9642666666667
2019-12-24 22:00:00,2.3949833333333337,2.3583,422.930805,300.78643999999997
2019-12-24 23:00:00,2.4107833333333333,2.3991166666666666,526.8968816666667,358.20968
2019-12-25 00:00:00,2.3696166666666665,2.379183333333333,436.921865,348.8026416666667
2019-12-25 01:00:00,2.395033333333333,2.4114333333333335,438.4263216666667,236.13548833333334
2019-12-25 02:00:00,2.4701,2.4883499999999996,437.78501,198.42788166666665
2019-12-25 03:00:00,2.5574500000000002,2.5768666666666666,437.042735,183.74316166666668
2019-12-25 04:00:00,2.653233333333333,2.6736500000000003,436.5063916666667,176.96361666666664
2019-12-25 05:00:00,2.7476833333333333,2.7690166666666665,432.7557903256705,183.974945
2019-12-25 06:00:00,2.9273666666666665,2.9576833333333337,461.76572241379307,216.67625333333334
2019-12-25 07:00:00,3.1635,3.196166666666667,519.4492396551724,222.23839333333333
2019-12-25 08:00:00,3.3811999999999998,3.41575,577.737337605364,292.032505
2019-12-25 09:00:00,3.4574333333333334,3.4947666666666666,578.10923,373.1134566666667
2019-12-25 10:00:00,3.4286000000000003,3.462483333333333,186.56330166666666,336.0812466666667
2019-12-25 11:00:00,3.321683333333333,3.35515,187.98020499999998,355.8883083333333
2019-12-25 12:00:00,3.1633166666666668,3.1935999999999996,186.13412833333334,526.7196583333333
2019-12-25 13:00:00,2.9075833333333336,2.935683333333333,187.0374766666667,548.4392700000001
2019-12-25 14:00:00,2.7228166666666667,2.7505666666666664,185.91144166666666,382.65589166666666
2019-12-25 15:00:00,2.6245,2.652916666666667,185.67674666666665,304.41668000000004
2019-12-25 16:00:00,2.5384333333333333,2.56785,190.99285333333333,316.602875
2019-12-25 17:00:00,2.4513666666666665,2.4795833333333333,190.00038833333335,326.1237983333333
2019-12-25 18:00:00,2.35215,2.379833333333333,194.45544,319.57702166666667
2019-12-25 19:00:00,2.288616666666667,2.3190833333333334,261.846815,313.7909283333333
2019-12-25 20:00:00,2.199316666666667,2.2291000000000003,259.5809083333333,360.43602666666663
2019-12-25 21:00:00,2.1214666666666666,2.1515166666666667,256.84827333333334,396.475705
2019-12-25 22:00:00,2.0073166666666666,2.03675,259.647495,350.901715
2019-12-25 23:00:00,1.9607333333333334,1.9987,512.8091833333333,356.265645
2019-12-26 00:00:00,2.0051666666666668,2.0403666666666664,564.47189,271.59601
2019-12-26 01:00:00,2.122333333333333,2.15385,565.539055,204.99639833333333
2019-12-26 02:00:00,2.2593166666666664,2.28985,557.5929816666667,183.67282666666668
2019-12-26 03:00:00,2.3990500000000003,2.4306,545.6598366666666,172.49008333333333
2019-12-26 04:00:00,2.5376,2.5700333333333334,543.622915,181.13720833333335
2019-12-26 05:00:00,2.6755666666666666,2.7081,545.7307733333333,184.05045333333334
2019-12-26 06:00:00,2.8021833333333332,2.8356500000000002,594.6720783333333,227.13646
2019-12-26 07:00:00,2.9013333333333335,2.9383,633.9743450000001,345.42738
2019-12-26 08:00:00,2.9647333333333337,3.000183333333333,571.1718466666666,331.42508999999995
2019-12-26 09:00:00,2.9565333333333332,2.9572833333333337,289.12327666666664,340.24515833333334
2019-12-26 10:00:00,2.9120925925925922,2.9103518518518516,267.3459648148148,321.72624259259254
2019-12-26 11:00:00,2.7806833333333336,2.7654,289.502945,534.27655
2019-12-26 12:00:00,2.62880701754386,2.63259649122807,466.74781403508774,409.31920526315787
2019-12-26 13:00:00,2.621083333333333,2.6633166666666668,631.90549,360.26383999999996
2019-12-26 14:00:00,2.66395,2.7068833333333333,629.6341583333334,385.02119166666665
2019-12-26 15:00:00,2.6946166666666667,2.73685,635.2579916666667,343.20769666666666
2019-12-26 16:00:00,2.7920166666666666,2.8315166666666665,628.2018433333334,276.82986
2019-12-26 17:00:00,2.875583333333333,2.9168000000000003,625.860195,339.926145
2019-12-26 18:00:00,2.8986666666666663,2.9287833333333335,382.99074333333334,345.394005
2019-12-26 19:00:00,2.8556166666666667,2.885883333333333,298.8114133333333,329.2239016666666
2019-12-26 20:00:00,2.7619333333333334,2.8090166666666665,178.28032,368.18484666666666
2019-12-26 21:00:00,2.5995333333333335,2.64955,181.39637666666667,421.230095
2019-12-26 22:00:00,2.48625,2.5314833333333335,181.68245166666665,311.53793666666667
2019-12-26 23:00:00,2.4002,2.44305,214.1570416666667,309.9043283333333
2019-12-27 00:00:00,2.4099999999999997,2.433466666666667,464.698985,286.37009333333333
2019-12-27 01:00:00,2.4545000000000003,2.4768499999999998,465.98041,239.22336333333334
2019-12-27 02:00:00,2.5414000000000003,2.565166666666667,463.1311333333333,187.86707166666665
2019-12-27 03:00:00,2.64505,2.670866666666667,462.2746783333333,180.768505
2019-12-27 04:00:00,2.7514499999999997,2.77745,463.5240733333333,179.04852833333334
2019-12-27 05:00:00,2.8564,2.88235,459.0380916666666,189.7108683333333
2019-12-27 06:00:00,2.9486,2.9733,516.1379716666667,244.9060166666667
2019-12-27 07:00:00,2.9932166666666666,3.01665,524.54425,405.106925
2019-12-27 08:00:00,2.9731666666666667,2.9973,520.0128783333333,365.87597666666665
2019-12-27 09:00:00,2.998683333333333,3.022366666666666,507.82176833333335,346.34580666666665
2019-12-27 10:00:00,2.9661833333333334,2.9873666666666665,525.5601583333333,438.5695816666667
2019-12-27 11:00:00,2.94045,2.9600333333333335,531.9252533333333,471.32360166666666
2019-12-27 12:00:00,2.8645333333333336,2.8820166666666664,526.2780266666666,449.33005833333334
2019-12-27 13:00:00,2.85625,2.8763333333333336,525.8316766666667,360.85151666666667
2019-12-27 14:00:00,2.8680499999999998,2.889133333333333,523.6538733333333,350.22733166666666
2019-12-27 15:00:00,2.8973500000000003,2.92,524.8637833333333,347.2280166666667
2019-12-27 16:00:00,2.901683333333333,2.9229,522.5944816666666,368.22272
2019-12-27 17:00:00,2.92265,2.9440666666666666,523.286445,371.882035
2019-12-27 18:00:00,2.9126833333333333,2.932533333333333,518.9506866666667,387.4673216666667
2019-12-27 19:00:00,2.9135833333333334,2.93305,525.8184133333333,376.0338516666667
2019-12-27 20:00:00,2.8869,2.904333333333333,522.9303866666667,480.02943166666665
2019-12-27 21:00:00,2.8434666666666666,2.8624500000000004,526.5304716666667,353.06578
2019-12-27 22:00:00,2.88325,2.9057833333333334,529.1926266666667,305.2210816666667
2019-12-27 23:00:00,2.9362333333333335,2.9595333333333333,466.16729000000004,260.4362283333333
2019-12-28 00:00:00,2.95805,2.971416666666667,329.11667833333337,267.261695
2019-12-28 01:00:00,2.976183333333333,2.9926666666666666,341.50016500000004,214.34989
2019-12-28 02:00:00,3.015533333333333,3.0332166666666667,342.86682666666667,204.51776166666664
2019-12-28 03:00:00,3.0536833333333333,3.0725333333333333,337.51614166666667,212.66676666666666
2019-12-28 04:00:00,3.0956333333333332,3.113783333333333,336.97461500000003,214.93488166666666
2019-12-28 05:00:00,3.1386666666666665,3.159183333333333,326.22701166666667,188.14300333333333
2019-12-28 06:00:00,3.1729666666666665,3.189983333333333,336.39350333333334,270.12447833333334
2019-12-28 07:00:00,3.1640333333333333,3.1770666666666667,353.73217,280.905165
2019-12-28 08:00:00,3.1512333333333333,3.1607333333333334,352.55257,340.9346733333333
2019-12-28 09:00:00,3.1164833333333335,3.1255499999999996,364.4759666666667,322.9414116666667
2019-12-28 10:00:00,3.02095,3.0153000000000003,363.1254083333333,616.8338116666667
2019-12-28 11:00:00,2.8302,2.8553,601.7175541666667,523.8839333333333
2019-12-28 12:00:00,2.8074833333333333,2.8485333333333336,543.28573,373.8149716666667
2019-12-28 13:00:00,2.835583333333333,2.8606833333333332,476.42554333333334,325.85443000000004
2019-12-28 14:00:00,2.797266666666667,2.826016666666667,423.7401933333333,432.6973766666667
2019-12-28 15:00:00,2.7525666666666666,2.7847333333333335,410.7965783333333,323.1799216666667
2019-12-28 16:00:00,2.75085,2.7839,412.322065,319.13423166666666
2019-12-28 17:00:00,2.720666666666667,2.76505,276.44196,326.3628166666667
2019-12-28 18:00:00,2.6318333333333332,2.6846,262.44369,419.9157433333333
2019-12-28 19:00:00,2.4979333333333336,2.5517833333333333,270.71093,361.23474
2019-12-28 20:00:00,2.4378333333333333,2.4902,269.5502866666667,362.60177500000003
2019-12-28 21:00:00,2.34865,2.4008166666666666,270.0327383333333,327.84915
2019-12-28 22:00:00,2.303833333333333,2.3530666666666664,272.88244833333334,317.65785166666666
2019-12-28 23:00:00,2.3007,2.343033333333333,507.6582783333333,275.96551833333336
2019-12-29 00:00:00,2.3820833333333336,2.415216666666667,528.4762,246.860475
2019-12-29 01:00:00,2.477,2.51225,531.4404499999999,221.792845
2019-12-29 02:00:00,2.587083333333333,2.6207,533.2274333333334,218.77049666666665
2019-12-29 03:00:00,2.6796333333333333,2.7138333333333335,534.9365133333333,267.7741666666667
2019-12-29 04:00:00,2.77265,2.806033333333333,534.7632366666667,207.236205
2019-12-29 05:00:00,2.8930833333333337,2.9269833333333333,533.1777333333333,195.59932500000002
2019-12-29 06:00:00,2.98205,3.0157499999999997,350.2070166666666,199.65003333333334
2019-12-29 07:00:00,3.029333333333333,3.066033333333333,427.6584266666667,224.314575
2019-12-29 08:00:00,3.1165000000000003,3.1849833333333333,682.9674,301.330175
2019-12-29 09:00:00,3.15685,3.2463333333333333,682.3042733333333,478.78598500000004
2019-12-29 10:00:00,3.19165,3.273483333333333,679.8376666666667,368.5990516666667
2019-12-29 11:00:00,3.188216666666667,3.2646,511.98211333333336,504.75719833333335
2019-12-29 12:00:00,3.0948833333333337,3.141233333333333,390.9166966666667,455.52081
2019-12-29 13:00:00,3.0079333333333333,3.0515,388.43274166666663,399.04454499999997
2019-12-29 14:00:00,2.975616666666667,3.016566666666667,398.15034333333335,349.49939
2019-12-29 15:00:00,2.9291,2.9709999999999996,390.51925,361.9746666666667
2019-12-29 16:00:00,2.9155333333333333,2.9554833333333335,388.390815,313.2226
2019-12-29 17:00:00,2.8727333333333336,2.914633333333333,388.22768833333333,428.51867000000004
2019-12-29 18:00:00,2.7921,2.834766666666667,386.34490666666665,360.63392333333337
2019-12-29 19:00:00,2.7406333333333333,2.7846333333333333,318.36278666666664,364.45695166666667
2019-12-29 20:00:00,2.6808166666666664,2.7270333333333334,304.81812666666667,372.36608666666666
2019-12-29 21:00:00,2.6068333333333333,2.652216666666667,296.2257166666667,321.09583333333336
2019-12-29 22:00:00,2.5653833333333336,2.6088666666666667,286.60633333333334,308.45130666666665
2019-12-29 23:00:00,2.516633333333333,2.5669833333333334,229.07903,274.43707
2019-12-30 00:00:00,2.5030833333333335,2.5191666666666666,427.43783,341.2270183333333
2019-12-30 01:00:00,2.5169833333333336,2.5281666666666665,424.8685716666667,270.14310666666665
2019-12-30 02:00:00,2.5695333333333332,2.5831333333333335,421.95615,196.13826
2019-12-30 03:00:00,2.6510333333333334,2.66655,422.862725,207.43247833333334
2019-12-30 04:00:00,2.728733333333333,2.743933333333333,423.3731133333333,198.88228833333332
2019-12-30 05:00:00,2.76705,2.7778666666666667,421.7361133333333,302.45741999999996
2019-12-30 06:00:00,2.8071166666666665,2.82235,419.59423,235.02101166666668
2019-12-30 07:00:00,2.85615,2.87305,484.1000133333334,293.44968
2019-12-30 08:00:00,2.8590833333333334,2.8723,472.1902583333333,381.06854
2019-12-30 09:00:00,2.814316666666667,2.825283333333333,466.73456833333336,491.30741166666667
2019-12-30 10:00:00,2.716,2.7260833333333334,473.6292066666667,430.90706500000005
2019-12-30 11:00:00,2.7023333333333337,2.7159166666666668,472.66403166666663,349.93420499999996
2019-12-30 12:00:00,2.710366666666667,2.7252,473.83634333333333,333.82023166666664
2019-12-30 13:00:00,2.7192166666666666,2.7344500000000003,474.8444766666667,335.29277333333334
2019-12-30 14:00:00,2.6997333333333335,2.7102333333333335,473.31745666666666,423.71383833333334
2019-12-30 15:00:00,2.6347666666666667,2.64265,477.8474816666667,448.25541
2019-12-30 16:00:00,2.6141333333333336,2.6280833333333335,481.0942616666667,306.67372666666665
2019-12-30 17:00:00,2.64945,2.665033333333333,469.3256516666667,297.8414333333333
2019-12-30 18:00:00,2.6720166666666665,2.6880666666666664,466.83083,332.9199883333333
2019-12-30 19:00:00,2.6638,2.677916666666667,465.86759666666666,365.4355083333333
2019-12-30 20:00:00,2.6621333333333337,2.6759166666666667,491.00885666666665,344.6285583333334
2019-12-30 21:00:00,2.681833333333333,2.697766666666667,483.6856066666667,318.4320866666667
2019-12-30 22:00:00,2.7005,2.71475,483.7192266666667,324.34390833333333
2019-12-30 23:00:00,2.7108666666666665,2.7227166666666665,481.280305,387.77607333333333
2019-12-31 00:00:00,2.6860833333333334,2.6984,480.05632499999996,333.38272333333333
2019-12-31 01:00:00,2.734383333333333,2.7525,481.00293,236.5820883333333
2019-12-31 02:00:00,2.8122666666666665,2.8326166666666666,485.734685,219.85408
2019-12-31 03:00:00,2.916933333333333,2.9384333333333337,486.1711266666667,185.98694666666668
2019-12-31 04:00:00,3.0239666666666665,3.046066666666667,476.89653999999996,194.52498666666668
2019-12-31 05:00:00,3.1251333333333333,3.1477500000000003,474.90682166666664,200.20796
2019-12-31 06:00:00,3.2187166666666664,3.2429166666666664,476.478565,217.38716000000002
2019-12-31 07:00:00,3.285083333333333,3.306566666666667,478.0785666666667,321.1741216666667
2019-12-31 08:00:00,3.26285,3.2782,473.33320333333336,452.70070166666665
2019-12-31 09:00:00,3.166233333333333,3.178533333333333,478.07665333333335,524.7531366666667
2019-12-31 10:00:00,3.1022166666666666,3.119066666666667,478.4339616666667,333.0265283333334
2019-12-31 11:00:00,3.1113833333333334,3.12745,468.72618500000004,366.49481833333334
2019-12-31 12:00:00,3.070266666666667,3.0976500000000002,268.26740666666666,341.9486816666667
2019-12-31 13:00:00,2.9430833333333335,2.9745333333333335,237.48138666666668,446.57362166666667
2019-12-31 14:00:00,2.8017333333333334,2.8325,237.98640666666668,411.96732833333334
2019-12-31 15:00:00,2.7072999999999996,2.7374,238.525915,295.2688933333333
2019-12-31 16:00:00,2.664533333333333,2.695133333333333,240.94346499999997,288.65684
2019-12-31 17:00:00,2.6009333333333333,2.6310999999999996,244.63282666666666,331.0459216666667
2019-12-31 18:00:00,2.515,2.5443333333333333,239.35692166666666,368.01732999999996
2019-12-31 19:00:00,2.42265,2.4522833333333334,242.10266833333333,354.20059000000003
2019-12-31 20:00:00,2.3430833333333334,2.37075,270.76754833333337,317.7836766666667
2019-12-31 21:00:00,2.3152166666666667,2.3345833333333332,318.49990499999996,326.440405
2019-12-31 22:00:00,2.2747666666666664,2.2923833333333334,350.19217833333335,303.1173733333333
2019-12-31 23:00:00,2.2737333333333334,2.2798000000000003,476.46636666666666,345.11357166666664
2020-01-01 00:00:00,2.3199166666666664,2.33745,532.1782916666666,251.10757833333335
2020-01-01 01:00:00,2.3992333333333336,2.4182166666666665,559.6791866666666,293.89543
2020-01-01 02:00:00,2.4827833333333333,2.5020666666666664,561.3782583333334,235.43016666666665
2020-01-01 03:00:00,2.608816666666667,2.6302666666666665,561.8413033333333,198.54084666666668
2020-01-01 04:00:00,2.7405666666666666,2.7632833333333333,559.0843866666667,194.86087833333335
2020-01-01 05:00:00,2.8724166666666666,2.8952999999999998,448.651715,191.42065333333332
2020-01-01 06:00:00,2.9267666666666665,2.9507166666666667,275.278635,199.96648
2020-01-01 07:00:00,2.9444833333333333,2.967633333333333,282.86553166666664,236.09480833333333
2020-01-01 08:00:00,2.941733333333333,2.97135,392.055615,275.1340116666667
2020-01-01 09:00:00,2.9716,3.018,531.4515749999999,323.5748883333333
2020-01-01 10:00:00,2.9642333333333335,3.0166833333333334,533.171485,459.34695166666666
2020-01-01 11:00:00,2.8907499999999997,2.9442333333333335,535.9850416666667,519.9782250000001
2020-01-01 12:00:00,2.842233333333333,2.8913333333333333,527.9656266666667,392.57291
2020-01-01 13:00:00,2.8249666666666666,2.8747333333333334,537.75362,424.7624783333333
2020-01-01 14:00:00,2.83905,2.88435,530.052105,343.5677783333333
2020-01-01 15:00:00,2.8245833333333334,2.86015,387.39128999999997,352.36176666666665
2020-01-01 16:00:00,2.798216666666667,2.8308666666666666,385.2528266666667,347.26785666666666
2020-01-01 17:00:00,2.7737499999999997,2.80855,334.45157666666665,323.83558999999997
2020-01-01 18:00:00,2.69755,2.71655,183.5390283333333,365.430095
2020-01-01 19:00:00,2.5888166666666668,2.6065166666666664,181.15424333333334,352.9248833333333
2020-01-01 20:00:00,2.4681333333333333,2.4841166666666665,187.17973500000002,375.10040000000004
2020-01-01 21:00:00,2.3181333333333334,2.330366666666667,187.19764666666666,448.927405
2020-01-01 22:00:00,2.195666666666667,2.2128,190.60649833333335,289.95131166666664
2020-01-01 23:00:00,2.1179,2.1394666666666664,319.70110833333337,342.356985
2020-01-02 00:00:00,2.1397833333333334,2.1766666666666667,552.5953866666666,263.974005
2020-01-02 01:00:00,2.2399666666666667,2.2765666666666666,554.3842216666667,226.13514666666666
2020-01-02 02:00:00,2.3684333333333334,2.40335,556.93882,187.20021333333335
2020-01-02 03:00:00,2.510283333333333,2.5444666666666667,555.2792883333333,179.01986666666664
2020-01-02 04:00:00,2.6542166666666662,2.6887833333333333,560.249175,180.19528666666665
2020-01-02 05:00:00,2.7929000000000004,2.8284499999999997,550.1672866666667,192.07076
2020-01-02 06:00:00,2.913816666666667,2.9519666666666664,564.1861766666666,234.76200166666666
2020-01-02 07:00:00,2.9992,3.0416833333333333,568.7354849999999,337.174895
2020-01-02 08:00:00,3.012183333333333,3.0577833333333335,576.0491783333333,442.50464666666664
2020-01-02 09:00:00,2.95235,2.9991166666666667,575.2975299999999,513.277195
2020-01-02 10:00:00,2.9341500000000003,2.977316666666667,576.03818,356.79140666666666
2020-01-02 11:00:00,2.9433833333333337,2.9878666666666667,569.543055,403.59535
2020-01-02 12:00:00,2.9586333333333332,3.002133333333333,571.2817166666666,406.07670333333334
2020-01-02 13:00:00,2.96185,3.0063,574.9407916666667,391.49955500000004
2020-01-02 14:00:00,2.9768,3.02035,573.095605,368.35214333333334
2020-01-02 15:00:00,3.0366833333333334,3.0775833333333336,576.72876,285.86827166666666
2020-01-02 16:00:00,3.1165499999999997,3.158266666666667,572.1368266666667,280.0291383333333
2020-01-02 17:00:00,3.171316666666667,3.21665,567.659385,387.37687166666666
2020-01-02 18:00:00,3.1955,3.238516666666667,567.9134066666667,326.2353983333333
2020-01-02 19:00:00,3.2432000000000003,3.2872833333333333,570.1361966666666,348.62618833333335
2020-01-02 20:00:00,3.2596,3.3061166666666666,570.78333,453.51597000000004
2020-01-02 21:00:00,3.220766666666667,3.2669833333333336,556.06817,389.3309766666667
2020-01-02 22:00:00,3.2306833333333334,3.2633,300.1877533333334,284.76452333333333
2020-01-02 23:00:00,3.1980833333333334,3.229966666666667,292.7966533333334,332.1086583333333
2020-01-03 00:00:00,3.1417166666666665,3.17275,297.63010833333334,327.4737483333334
2020-01-03 01:00:00,3.117633333333333,3.1491166666666666,300.46979666666664,237.7275
2020-01-03 02:00:00,3.1441333333333334,3.1748666666666665,309.08321166666667,202.8138316666667
2020-01-03 03:00:00,3.1806833333333335,3.2116666666666664,307.4371316666667,194.55429666666666
2020-01-03 04:00:00,3.2209833333333338,3.2529166666666667,307.552835,194.97341
2020-01-03 05:00:00,3.2584999999999997,3.2903000000000002,306.837805,214.53921666666668
2020-01-03 06:00:00,3.257166666666667,3.289916666666667,290.810585,274.91715166666665
2020-01-03 07:00:00,3.255033333333333,3.3067,520.6437216666667,327.0375383333333
2020-01-03 08:00:00,3.2459833333333337,3.3143499999999997,543.7099999999999,489.59718
2020-01-03 09:00:00,3.1734999999999998,3.245816666666667,545.3576716666666,451.4649533333333
2020-01-03 10:00:00,3.1315166666666667,3.2034000000000002,542.1878783333334,476.0628566666667
2020-01-03 11:00:00,3.1319833333333333,3.1884,454.40728666666666,315.23258333333337
2020-01-03 12:00:00,3.1181,3.14365,240.08603499999998,312.6687033333334
2020-01-03 13:00:00,3.046383333333333,3.068566666666667,240.60576833333334,347.43688000000003
2020-01-03 14:00:00,2.9497666666666666,2.9707333333333334,242.0653783333333,390.3317383333333
2020-01-03 15:00:00,2.8349166666666665,2.8550833333333334,242.38617833333333,363.2686033333333
2020-01-03 16:00:00,2.7506166666666667,2.770966666666667,239.207635,342.34374833333334
2020-01-03 17:00:00,2.6856500000000003,2.706233333333333,223.207855,294.24562
2020-01-03 18:00:00,2.62015,2.6386833333333333,229.97409000000002,363.8817183333333
2020-01-03 19:00:00,2.5092,2.5264,232.59500500000001,361.18573333333336
2020-01-03 20:00:00,2.404233333333333,2.4170666666666665,356.56969000000004,432.430365
2020-01-03 21:00:00,2.3594,2.3758333333333335,331.27486166666665,314.7873833333333
2020-01-03 22:00:00,2.315733333333333,2.3317833333333335,247.26536833333333,333.0687016666667
2020-01-03 23:00:00,2.257183333333333,2.2864500000000003,387.0495933333333,272.67381666666665
2020-01-04 00:00:00,2.3211500000000003,2.3748,563.5089516666667,255.830585
2020-01-04 01:00:00,2.4234,2.4755833333333332,558.8652883333333,236.55499666666668
2020-01-04 02:00:00,2.5178166666666666,2.5704333333333333,554.79286,250.78977500000002
2020-01-04 03:00:00,2.63995,2.6883666666666666,558.7649033333333,191.19464166666666
2020-01-04 04:00:00,2.776933333333333,2.8272,558.5410366666667,209.31022333333334
2020-01-04 05:00:00,2.8992,2.9504499999999996,558.4710233333334,204.0771883333333
2020-01-04 06:00:00,3.019366666666667,3.07275,559.1511666666667,219.92094666666665
2020-01-04 07:00:00,3.1283499999999997,3.1858,564.8734833333333,249.518035
2020-01-04 08:00:00,3.1752166666666666,3.2239166666666668,355.66127166666666,384.60354
2020-01-04 09:00:00,3.02155,3.041816666666667,201.17500833333332,540.6700316666667
2020-01-04 10:00:00,2.7941333333333334,2.8122,199.24496333333335,518.535295
2020-01-04 11:00:00,2.64,2.6597,200.34796,352.2254566666667
2020-01-04 12:00:00,2.5335166666666664,2.5536499999999998,202.42672166666668,384.93131
2020-01-04 13:00:00,2.4401333333333333,2.4523333333333337,292.94897000000003,331.423115
2020-01-04 14:00:00,2.40375,2.4030833333333335,363.3331183333333,377.76163833333334
2020-01-04 15:00:00,2.3445000000000005,2.3418,362.41379500000005,346.2269616666666
2020-01-04 16:00:00,2.3210166666666665,2.322583333333333,353.99598833333334,326.299945
2020-01-04 17:00:00,2.25575,2.2483333333333335,352.1227533333333,411.81500666666665
2020-01-04 18:00:00,2.2015000000000002,2.1996166666666666,352.58718000000005,371.0829616666667
2020-01-04 19:00:00,2.1153,2.10835,354.19389333333334,391.10598833333336
2020-01-04 20:00:00,2.067883333333333,2.0648500000000003,356.0563266666667,354.36410166666667
2020-01-04 21:00:00,2.0333,2.0334666666666665,358.86128,295.4200666666667
2020-01-04 22:00:00,2.0413833333333335,2.0432,359.14210833333334,268.984535
2020-01-04 23:00:00,2.03605,2.0450666666666666,450.13359,299.96705000000003
2020-01-05 00:00:00,2.101183333333333,2.139216666666667,528.2864816666666,232.44671166666666
2020-01-05 01:00:00,2.205966666666667,2.2422833333333334,528.5348866666667,213.40691333333334
2020-01-05 02:00:00,2.3137333333333334,2.3504333333333336,523.838145,227.84788333333333
2020-01-05 03:00:00,2.422883333333333,2.45905,526.4981983333333,193.31625166666666
2020-01-05 04:00:00,2.5300833333333332,2.5675000000000003,530.78153,247.1552
2020-01-05 05:00:00,2.6235833333333334,2.662116666666667,525.1414333333333,214.867405
2020-01-05 06:00:00,2.7329,2.7712833333333338,535.7493733333333,231.0246283333333
2020-01-05 07:00:00,2.865283333333333,2.9243,746.6168033333332,240.72317999999999
2020-01-05 08:00:00,2.994866666666667,3.0688833333333334,746.8773083333333,356.01182666666665
2020-01-05 09:00:00,3.0268666666666664,3.1168833333333335,725.8638316666667,553.6586783333333
2020-01-05 10:00:00,2.9830166666666664,3.0762333333333336,735.3618583333333,502.0923683333333
2020-01-05 11:00:00,3.055,3.13045,737.0068150000001,338.88602333333336
2020-01-05 12:00:00,3.17225,3.242233333333333,727.622925,323.67849666666666
2020-01-05 13:00:00,3.2677833333333335,3.342316666666667,728.9456633333334,346.79274999999996
2020-01-05 14:00:00,3.3710999999999998,3.44005,602.1813883333333,342.77185833333334
2020-01-05 15:00:00,3.340933333333333,3.3506833333333335,128.53649000000001,377.3950016666667
2020-01-05 16:00:00,3.2016333333333336,3.20875,130.71183166666665,346.41247833333335
2020-01-05 17:00:00,3.0698999999999996,3.073716666666667,124.081795,436.9359333333333
2020-01-05 18:00:00,2.8570166666666665,2.8556833333333334,126.79406166666666,440.10512
2020-01-05 19:00:00,2.69905,2.704466666666667,131.79358166666665,348.04751666666664
2020-01-05 20:00:00,2.5916,2.5977,128.16530333333333,315.65008
2020-01-05 21:00:00,2.4648666666666665,2.4672666666666667,128.30456833333332,369.33436
2020-01-05 22:00:00,2.3505666666666665,2.35665,126.06979166666666,303.45984000000004
2020-01-05 23:00:00,2.262383333333333,2.2690833333333336,215.46276083333333,285.26765
2020-01-06 00:00:00,2.2667333333333333,2.2745499999999996,532.6889333333334,316.71855
2020-01-06 01:00:00,2.3418833333333335,2.35505,526.8023933333333,213.55302166666667
2020-01-06 02:00:00,2.4568333333333334,2.4718500000000003,524.9064766666667,199.13022666666666
2020-01-06 03:00:00,2.578033333333333,2.5943833333333335,526.2188716666667,189.86787
2020-01-06 04:00:00,2.658933333333333,2.6690666666666667,530.3093866666667,316.3551166666667
2020-01-06 05:00:00,2.712683333333333,2.7221166666666665,530.9559733333333,349.77329000000003
2020-01-06 06:00:00,2.7232,2.7312833333333333,530.0669866666666,333.62809
2020-01-06 07:00:00,2.7971333333333335,2.7993333333333337,630.2967131147541,334.22642666666667
2020-01-06 08:00:00,3.0108333333333333,2.995033333333333,773.978881885246,401.39179499999995
2020-01-06 09:00:00,3.117233333333333,3.15205,707.0525,354.03607999999997
2020-01-06 10:00:00,3.1816,3.1996666666666664,528.400855,345.62473666666665
2020-01-06 11:00:00,3.1500166666666667,3.170533333333333,270.419385,330.587085
2020-01-06 12:00:00,3.087816666666667,3.107066666666667,273.7868066666667,344.704145
2020-01-06 13:00:00,3.0251333333333337,3.0446666666666666,271.273935,324.5967983333333
2020-01-06 14:00:00,2.960166666666667,2.9781833333333334,271.07375666666667,390.6550316666666
2020-01-06 15:00:00,2.815533333333333,2.82755,271.35957666666667,449.5246133333333
2020-01-06 16:00:00,2.7381,2.756333333333333,275.8134983333333,293.487725
2020-01-06 17:00:00,2.69405,2.7104333333333335,258.168235,325.451625
2020-01-06 18:00:00,2.6239,2.6401,260.07566833333334,342.9423083333333
2020-01-06 19:00:00,2.5313666666666665,2.5446666666666666,256.97430333333335,396.325995
2020-01-06 20:00:00,2.430266666666667,2.4446166666666667,257.8102666666667,345.68425833333333
2020-01-06 21:00:00,2.359466666666667,2.38985,352.02384416666666,341.75791000000004
2020-01-06 22:00:00,2.3375666666666666,2.3721666666666668,351.3569083333333,321.66143
2020-01-06 23:00:00,2.2872,2.315233333333333,479.7858033333333,440.05128666666667
2020-01-07 00:00:00,2.2523,2.2626333333333335,583.4496866666667,466.0416783333333
2020-01-07 01:00:00,2.2756166666666666,2.291933333333333,591.3025216666666,251.459035
2020-01-07 02:00:00,2.4122166666666667,2.4328999999999996,586.5367483333333,190.94326166666667
2020-01-07 03:00:00,2.5603333333333333,2.582983333333333,581.3932416666667,181.953185
2020-01-07 04:00:00,2.71495,2.7377,585.6920833333334,181.70113166666667
2020-01-07 05:00:00,2.7952166666666667,2.8335,257.0417233333333,211.195455
2020-01-07 06:00:00,2.833266666666667,2.85955,436.43321833333334,234.45265166666667
2020-01-07 07:00:00,2.87585,2.8989166666666666,437.01931333333334,314.24702666666667
2020-01-07 08:00:00,2.8567666666666667,2.8769333333333336,427.30109,386.4492783333333
2020-01-07 09:00:00,2.8412,2.8630166666666668,438.18287,317.93312
2020-01-07 10:00:00,2.8476166666666667,2.868733333333333,437.43986666666666,328.76676000000003
2020-01-07 11:00:00,2.8441166666666664,2.86375,439.60668999999996,347.7498616666666
2020-01-07 12:00:00,2.8364166666666666,2.8566000000000003,444.44225166666666,337.37300166666665
2020-01-07 13:00:00,2.7891,2.80355,443.48037166666666,461.0552983333333
2020-01-07 14:00:00,2.7560999999999996,2.77635,370.22041,326.3098616666667
2020-01-07 15:00:00,2.6878,2.7095833333333332,273.06173,343.3499516666667
2020-01-07 16:00:00,2.6310833333333337,2.6530833333333335,276.5941633333333,300.99107
2020-01-07 17:00:00,2.59265,2.6197333333333335,309.23092833333334,319.3439583333333
2020-01-07 18:00:00,2.5411833333333336,2.56845,321.6834216666667,395.6637116666667
2020-01-07 19:00:00,2.46,2.4865666666666666,315.93753666666663,334.56324333333333
2020-01-07 20:00:00,2.4099500000000003,2.4370666666666665,319.05007666666666,340.562635
2020-01-07 21:00:00,2.3450166666666665,2.3734166666666665,323.51623,435.8329166666666
2020-01-07 22:00:00,2.2240166666666665,2.2529833333333333,321.44572166666666,366.30921666666666
2020-01-07 23:00:00,2.1669166666666664,2.175616666666667,520.3059049999999,522.337895
2020-01-08 00:00:00,2.1222166666666666,2.1385333333333336,522.3840683333333,375.48735000000005
2020-01-08 01:00:00,2.19585,2.211,517.37265,204.72579
2020-01-08 02:00:00,2.3126333333333333,2.3303000000000003,518.5770816666667,188.47073
2020-01-08 03:00:00,2.4383333333333335,2.457533333333333,513.9820933333333,179.19245166666667
2020-01-08 04:00:00,2.566416666666667,2.5866833333333332,514.8402766666667,180.78483999999997
2020-01-08 05:00:00,2.6894833333333334,2.709366666666667,512.7703066666667,200.20984666666666
2020-01-08 06:00:00,2.7929833333333334,2.8141833333333333,514.2228483333333,226.868875
2020-01-08 07:00:00,2.900516666666667,2.927316666666667,749.3566608333333,344.9938016666667
2020-01-08 08:00:00,2.9874333333333336,3.0068,624.2112025,349.47816166666667
2020-01-08 09:00:00,3.0328,3.0452500000000002,517.460445,320.13957666666664
2020-01-08 10:00:00,3.0686833333333334,3.08085,517.9231366666667,333.8166566666667
2020-01-08 11:00:00,3.0548333333333333,3.0699166666666664,417.08011999999997,440.49181666666664
2020-01-08 12:00:00,2.9498666666666664,2.984183333333333,315.74514999999997,363.28865
2020-01-08 13:00:00,2.9002333333333334,2.935416666666667,313.75651833333336,314.07595166666664
2020-01-08 14:00:00,2.8572833333333336,2.8907666666666665,307.19378666666665,373.226685
2020-01-08 15:00:00,2.777433333333333,2.8116166666666667,314.53686999999996,336.60809
2020-01-08 16:00:00,2.7370500000000004,2.7706500000000003,313.67522833333334,307.173635
2020-01-08 17:00:00,2.707533333333333,2.740933333333333,309.15520833333335,339.64450166666666
2020-01-08 18:00:00,2.6370666666666667,2.6686833333333335,307.601045,370.44161833333334
2020-01-08 19:00:00,2.56925,2.6005166666666666,307.129815,344.85891166666664
2020-01-08 20:00:00,2.5098166666666666,2.54225,304.74163166666665,399.0486683333333
2020-01-08 21:00:00,2.3691666666666666,2.4014499999999996,310.07016500000003,443.28747166666665
2020-01-08 22:00:00,2.2733166666666667,2.304333333333333,313.34631,471.2118933333333
2020-01-08 23:00:00,2.1276333333333333,2.153383333333333,421.79412833333333,425.31642999999997
2020-01-09 00:00:00,2.161,2.177916666666667,546.89978,267.39986
2020-01-09 01:00:00,2.2607833333333334,2.28185,551.019675,207.81567666666666
2020-01-09 02:00:00,2.39215,2.413416666666667,548.603815,190.8318316666667
2020-01-09 03:00:00,2.5268333333333337,2.5463666666666667,535.6850116666667,178.58524833333334
2020-01-09 04:00:00,2.659683333333333,2.6818999999999997,535.28359,191.369815
2020-01-09 05:00:00,2.7813833333333333,2.803233333333333,536.6503299999999,232.19863166666667
2020-01-09 06:00:00,2.954266666666667,2.98115,448.7662262657233,242.90469333333334
2020-01-09 07:00:00,3.26975,3.301416666666667,158.67407631761003,342.43878666666666
2020-01-09 08:00:00,3.3123833333333335,3.3333333333333335,129.95535666666666,363.9757766666667
2020-01-09 09:00:00,3.1943333333333332,3.2160333333333333,128.47432333333333,337.2390066666667
2020-01-09 10:00:00,3.0492,3.06805,131.72280166666667,394.54138500000005
2020-01-09 11:00:00,2.916633333333333,2.9373666666666667,132.17798666666667,321.3006716666667
2020-01-09 12:00:00,2.7750666666666666,2.7902666666666667,132.35170666666667,435.03467166666667
2020-01-09 13:00:00,2.629116666666667,2.645883333333333,131.953835,335.145955
2020-01-09 14:00:00,2.497133333333333,2.5121166666666666,133.40698833333332,380.5170116666667
2020-01-09 15:00:00,2.3630166666666668,2.37865,135.75092666666666,332.32628166666666
2020-01-09 16:00:00,2.2674166666666666,2.2842333333333333,132.725165,284.20791166666663
2020-01-09 17:00:00,2.1712166666666666,2.1873833333333335,132.74720666666667,332.116695
2020-01-09 18:00:00,2.0372166666666667,2.05025,131.71048333333334,368.98556
2020-01-09 19:00:00,1.9432,1.9511833333333333,507.97645083333333,438.75674
2020-01-09 20:00:00,1.9723166666666667,1.9789666666666668,663.418125,345.14268333333337
2020-01-09 21:00:00,2.0127666666666664,2.0153,667.6815533333333,508.2018366666667
2020-01-09 22:00:00,1.97325,1.9735666666666667,669.365785,482.2919333333333
2020-01-09 23:00:00,1.97855,1.9825166666666667,658.5815233333334,409.62023666666664
2020-01-10 00:00:00,2.0496333333333334,2.0598666666666667,652.2104766666668,272.83265666666665
2020-01-10 01:00:00,2.1856666666666666,2.2004499999999996,654.28315,222.4698666666667
2020-01-10 02:00:00,2.3439666666666668,2.3606833333333332,651.4177366666667,200.45110666666667
2020-01-10 03:00:00,2.5135833333333335,2.5298000000000003,649.0212416666667,189.25935666666666
2020-01-10 04:00:00,2.683183333333333,2.7013000000000003,651.1795583333334,195.94280333333333
2020-01-10 05:00:00,2.844133333333333,2.863316666666667,645.7144216666667,209.51083666666668
2020-01-10 06:00:00,2.9934166666666666,3.0123,646.4638883333333,260.120675
2020-01-10 07:00:00,3.0890333333333335,3.1056000000000004,647.7345133333333,339.9058933333333
2020-01-10 08:00:00,3.145366666666667,3.165033333333333,518.4240783333333,383.39493500000003
2020-01-10 09:00:00,3.1064333333333334,3.1357166666666667,367.9224266666667,345.12250666666665
2020-01-10 10:00:00,3.0509333333333335,3.0781,370.89559333333335,424.503635
2020-01-10 11:00:00,2.947583333333333,2.9745833333333334,381.77911,404.16723
2020-01-10 12:00:00,2.9267,2.95335,382.84842166666664,323.5832266666667
2020-01-10 13:00:00,2.8901,2.91975,348.12477,376.54511833333333
2020-01-10 14:00:00,2.80185,2.8406666666666665,295.04532,395.7488
2020-01-10 15:00:00,2.736683333333333,2.7726166666666665,290.91318333333334,290.4395866666666
2020-01-10 16:00:00,2.7089,2.745983333333333,272.454575,307.98541
2020-01-10 17:00:00,2.6447833333333337,2.6821833333333336,273.259175,335.5171216666667
2020-01-10 18:00:00,2.5694,2.6083333333333334,275.13423500000005,390.1817183333333
2020-01-10 19:00:00,2.4837833333333337,2.521383333333333,277.20793,340.83013833333337
2020-01-10 20:00:00,2.4128833333333333,2.4519333333333337,261.308245,407.85406500000005
2020-01-10 21:00:00,2.2569500000000002,2.2951833333333336,263.9750216666667,523.7760333333333
2020-01-10 22:00:00,2.1029666666666667,2.1397166666666667,401.7164890833334,456.98736166666663
2020-01-10 23:00:00,2.249016666666667,2.2675,475.51571175000004,269.53165333333334
2020-01-11 00:00:00,2.3131833333333334,2.3705166666666666,496.05584999999996,319.86617
2020-01-11 01:00:00,2.3661000000000003,2.416333333333333,513.6136866666667,240.575475
2020-01-11 02:00:00,2.465033333333333,2.5118500000000004,507.954905,219.45890999999997
2020-01-11 03:00:00,2.577733333333333,2.6220333333333334,503.69267,187.98005833333335
2020-01-11 04:00:00,2.6979166666666665,2.742233333333333,502.0051783333333,185.65411666666665
2020-01-11 05:00:00,2.8119,2.8575333333333335,504.5106266666666,199.41429333333332
2020-01-11 06:00:00,2.9176166666666665,2.9653833333333335,509.8191883333333,221.251315
2020-01-11 07:00:00,2.9889666666666668,3.0429833333333334,520.67224,292.6312366666667
2020-01-11 08:00:00,3.07525,3.1171833333333336,667.0749333333333,329.30116333333336
2020-01-11 09:00:00,3.1542833333333333,3.1960166666666665,661.5978983333333,335.0519283333333
2020-01-11 10:00:00,3.1719166666666667,3.1988666666666665,467.49609,496.61106
2020-01-11 11:00:00,3.0805000000000002,3.1003166666666666,443.1784366666667,395.217605
2020-01-11 12:00:00,3.0507333333333335,3.0728166666666668,446.92054833333333,369.43236333333334
2020-01-11 13:00:00,3.036,3.0576333333333334,446.3760166666667,330.969075
2020-01-11 14:00:00,3.015616666666667,3.0362333333333336,453.41348666666664,397.5419566666667
2020-01-11 15:00:00,2.966416666666667,2.9895666666666667,405.2879116666666,342.21432
2020-01-11 16:00:00,2.9482833333333334,2.9765666666666664,378.56642666666664,310.22941499999996
2020-01-11 17:00:00,2.937683333333333,2.9658666666666664,382.64520833333336,319.0504383333334
2020-01-11 18:00:00,2.908166666666667,2.93495,381.2635383333334,346.7077366666666
2020-01-11 19:00:00,2.8356500000000002,2.863,365.4462066666667,428.415965
2020-01-11 20:00:00,2.74735,2.7736666666666663,363.29695499999997,425.05548999999996
2020-01-11 21:00:00,2.6390666666666664,2.6654,367.7824466666667,413.76705166666665
2020-01-11 22:00:00,2.596966666666667,2.6242333333333336,374.19207,321.0205483333333
2020-01-11 23:00:00,2.5579833333333335,2.582333333333333,416.81050166666665,329.9957483333334
2020-01-12 00:00:00,2.6119666666666665,2.6285000000000003,486.4138733333333,229.96060166666666
2020-01-12 01:00:00,2.693233333333333,2.7093833333333333,488.58626166666664,229.73565166666668
2020-01-12 02:00:00,2.7696166666666664,2.786916666666667,487.598575,250.37318
2020-01-12 03:00:00,2.8468500000000003,2.8663000000000003,484.2965766666667,196.199385
2020-01-12 04:00:00,2.958466666666667,2.980233333333333,483.3050566666667,175.61105833333335
2020-01-12 05:00:00,3.072666666666667,3.0944166666666666,490.0308306359649,182.75985
2020-01-12 06:00:00,3.3019000000000003,3.2956333333333334,518.3125467105262,193.766515
2020-01-12 07:00:00,3.5318833333333335,3.5555666666666665,449.30504682017545,223.79561666666666
2020-01-12 08:00:00,3.5656000000000003,3.608033333333333,395.58676,316.8152416666666
2020-01-12 09:00:00,3.501916666666667,3.5307166666666663,209.46447833333332,364.50048
2020-01-12 10:00:00,3.3562833333333333,3.3810333333333333,200.65926,445.9849766666667
2020-01-12 11:00:00,3.228533333333333,3.254716666666667,203.86167333333333,310.37378
2020-01-12 12:00:00,3.140066666666667,3.1658,207.77047,342.5718616666666
2020-01-12 13:00:00,3.041,3.0650166666666667,206.28885166666666,346.94180166666666
2020-01-12 14:00:00,2.9163833333333335,2.9391833333333333,205.57667,386.7809433333333
2020-01-12 15:00:00,2.8038499999999997,2.8257833333333333,211.39900666666665,329.42823000000004
2020-01-12 16:00:00,2.73765,2.7899000000000003,460.4975813333333,342.0803066666667
2020-01-12 17:00:00,2.811583333333333,2.9181166666666667,533.812604375,381.29028833333336
2020-01-12 18:00:00,2.897683333333333,3.015833333333333,345.513779375,401.3137016666667
2020-01-12 19:00:00,2.9579999999999997,3.0058833333333337,231.70512991666666,473.30323000000004
2020-01-12 20:00:00,2.765216666666667,2.7881833333333335,240.76596833333332,470.01608166666665
2020-01-12 21:00:00,2.6588833333333333,2.6824333333333334,243.425,307.1433316666667
2020-01-12 22:00:00,2.5920833333333335,2.616516666666667,242.94404833333334,336.902015
2020-01-12 23:00:00,2.49555,2.515916666666667,301.205235,356.39334333333335
2020-01-13 00:00:00,2.5025,2.5326166666666667,555.46879,254.19308833333335
2020-01-13 01:00:00,2.6228666666666665,2.66795,627.4091599999999,200.477915
2020-01-13 02:00:00,2.782566666666667,2.826016666666667,631.8881700000001,187.58723666666668
2020-01-13 03:00:00,2.9448,2.9902,633.4823966666667,199.45351333333335
2020-01-13 04:00:00,3.1027666666666667,3.149016666666667,626.4616633333334,180.12018666666665
2020-01-13 05:00:00,3.2667,3.3140333333333336,626.4673466666667,192.82924666666668
2020-01-13 06:00:00,3.382883333333333,3.438016666666667,624.0815283333334,336.44637666666665
2020-01-13 07:00:00,3.4362,3.4940333333333333,627.5431283333334,312.33965333333333
2020-01-13 08:00:00,3.5036833333333335,3.5650666666666666,625.14021,372.39169000000004
2020-01-13 09:00:00,3.535283333333333,3.5980166666666666,622.06783,351.6042233333334
2020-01-13 10:00:00,3.5321333333333333,3.5733,115.81441116666666,310.1516516666667
2020-01-13 11:00:00,3.3855666666666666,3.41845,52.621688166666665,344.446315
2020-01-13 12:00:00,3.246366666666667,3.27915,60.926769166666666,303.85182833333334
2020-01-13 13:00:00,3.0873666666666666,3.1169000000000002,60.72960583333334,404.39391333333333
2020-01-13 14:00:00,2.9113666666666664,2.9405833333333335,58.350589,305.9189833333333
2020-01-13 15:00:00,2.7765166666666667,2.8049000000000004,58.217329166666666,363.09653499999996
2020-01-13 16:00:00,2.577233333333333,2.6035833333333334,57.67483033333333,378.12948500000005
2020-01-13 17:00:00,2.5021,2.5040833333333334,376.42985450000003,284.97243499999996
2020-01-13 18:00:00,2.523416666666667,2.4979500000000003,472.24078166666663,382.53445666666664
2020-01-13 19:00:00,2.4630333333333336,2.4202999999999997,467.25513333333333,493.84943833333335
2020-01-13 20:00:00,2.3573166666666667,2.3150666666666666,463.0042916666667,423.1988633333333
2020-01-13 21:00:00,2.326516666666667,2.303166666666667,460.704075,354.4406266666667
2020-01-13 22:00:00,2.32055,2.299383333333333,456.9921733333333,325.2262133333333
2020-01-13 23:00:00,2.2867333333333333,2.2643666666666666,436.15514833333333,429.7516483333333
2020-01-14 00:00:00,2.2311,2.2670166666666662,352.33181666666667,243.66568833333335
2020-01-14 01:00:00,2.2629499999999996,2.2995500000000004,349.8591216666666,197.32826666666668
2020-01-14 02:00:00,2.3214333333333332,2.358433333333333,350.08609666666666,181.78999833333333
2020-01-14 03:00:00,2.3821166666666667,2.4186666666666667,349.53853999999995,180.81822833333334
2020-01-14 04:00:00,2.44545,2.4818000000000002,350.5893516666667,202.28538666666665
2020-01-14 05:00:00,2.48055,2.518133333333333,389.639735,235.80239500000002
2020-01-14 06:00:00,2.7384333333333335,2.7437666666666667,608.5403071428572,220.69165166666667
2020-01-14 07:00:00,3.1031666666666666,3.1059166666666664,508.7765928571429,289.65110999999996
2020-01-14 08:00:00,3.3928166666666666,3.384516666666667,409.0128785714286,382.47360000000003
2020-01-14 09:00:00,3.6569833333333337,3.6552833333333337,308.92238642857143,357.8564083333333
2020-01-14 10:00:00,3.67015,3.690366666666667,201.66290383333336,320.25773000000004
2020-01-14 11:00:00,3.5439833333333337,3.5803166666666666,120.90075166666666,335.549435
2020-01-14 12:00:00,3.4356500000000003,3.4716333333333336,131.356795,313.74005166666666
2020-01-14 13:00:00,3.2872666666666666,3.3223333333333334,135.04407666666665,449.87442666666664
2020-01-14 14:00:00,3.100916666666667,3.1348166666666666,132.18052666666665,355.85445833333335
2020-01-14 15:00:00,2.9915000000000003,3.0247333333333333,128.432065,276.85177833333336
2020-01-14 16:00:00,2.90535,2.9380499999999996,128.93802833333334,292.22285666666664
2020-01-14 17:00:00,2.8096,2.8415666666666666,125.90192333333333,310.17635666666666
2020-01-14 18:00:00,2.6526666666666667,2.6837666666666666,128.53344333333334,453.1572716666667
2020-01-14 19:00:00,2.465516666666667,2.49605,130.65055999999998,431.44874833333336
2020-01-14 20:00:00,2.351,2.3258,585.2644633333333,448.77001333333334
2020-01-14 21:00:00,2.393666666666667,2.3508333333333336,650.3228683333333,382.0698316666667
2020-01-14 22:00:00,2.4200333333333335,2.371166666666667,647.1839033333333,389.380895
2020-01-14 23:00:00,2.467233333333333,2.4348666666666663,606.9891,330.05362499999995
2020-01-15 00:00:00,2.51995,2.4950833333333335,595.7840133333334,286.0972266666667
2020-01-15 01:00:00,2.63235,2.624483333333333,592.0922516666667,201.55313333333334
2020-01-15 02:00:00,2.7975166666666667,2.8102333333333336,548.2406426190477,187.502795
2020-01-15 03:00:00,3.10715,3.1443333333333334,306.1741479591837,181.01985000000002
2020-01-15 04:00:00,3.296483333333333,3.3363666666666663,197.97304275510206,180.06926833333333
2020-01-15 05:00:00,3.3019333333333334,3.3433333333333333,204.17157166666667,189.97243333333333
2020-01-15 06:00:00,3.4099833333333334,3.4510666666666667,272.31051916666667,231.71730166666666
2020-01-15 07:00:00,3.5164833333333334,3.5502666666666665,346.99398333333335,351.14860000000004
2020-01-15 08:00:00,3.440366666666667,3.460583333333333,282.5918183333333,390.470685
2020-01-15 09:00:00,3.3404666666666665,3.3605,286.65886166666667,344.77660833333334
2020-01-15 10:00:00,3.2912000000000003,3.313283333333333,286.40434833333336,307.0527633333333
2020-01-15 11:00:00,3.2218166666666668,3.2413666666666665,285.43821,359.9098333333333
2020-01-15 12:00:00,3.1286666666666667,3.1458,278.712555,405.89699666666667
2020-01-15 13:00:00,3.0393333333333334,3.0581166666666664,274.588105,330.11807500000003
2020-01-15 14:00:00,2.9508,2.96725,285.55685,373.928835
2020-01-15 15:00:00,2.896716666666667,2.9162833333333333,287.44779,270.2171016666667
2020-01-15 16:00:00,2.8745333333333334,2.8948666666666667,287.78001666666665,281.8012533333333
2020-01-15 17:00:00,2.8169166666666667,2.8334166666666665,277.0343316666667,357.9117083333333
2020-01-15 18:00:00,2.73365,2.7493333333333334,279.80144666666666,357.79943
2020-01-15 19:00:00,2.6148833333333332,2.6254666666666666,277.3030016666667,468.8329983333333
2020-01-15 20:00:00,2.452933333333333,2.4614166666666666,281.33538666666664,478.981735
2020-01-15 21:00:00,2.298783333333333,2.3081,294.31775666666664,440.1863716666667
2020-01-15 22:00:00,2.201416666666667,2.2156833333333332,286.49118333333337,334.92079666666666
2020-01-15 23:00:00,2.151333333333333,2.1566166666666664,408.72102333333333,326.7004483333333
2020-01-16 00:00:00,2.2112333333333334,2.2092666666666667,536.0552233333333,218.446035
2020-01-16 01:00:00,2.322866666666667,2.322666666666667,534.6435116666667,199.22605333333334
2020-01-16 02:00:00,2.4435333333333333,2.44395,536.1716883333333,217.08264
2020-01-16 03:00:00,2.5490333333333335,2.5515166666666667,536.0877083333334,196.39350666666667
2020-01-16 04:00:00,2.6811999999999996,2.6863333333333332,534.248635,176.82392666666667
2020-01-16 05:00:00,2.8135333333333334,2.8195666666666668,538.66646832021,187.66080166666669
2020-01-16 06:00:00,3.0191166666666667,3.08935,580.0063251968505,230.73044
2020-01-16 07:00:00,3.437316666666667,3.5650833333333334,638.080277952756,320.7141283333333
2020-01-16 08:00:00,3.7112166666666666,3.7727,481.58593019685037,342.97056333333336
2020-01-16 09:00:00,3.661016666666667,3.723183333333333,289.46317166666665,369.83080333333334
2020-01-16 10:00:00,3.5677000000000003,3.6313166666666663,293.13928500000003,354.672175
2020-01-16 11:00:00,3.4554166666666664,3.5217,281.1226433333333,448.1969966666667
2020-01-16 12:00:00,3.366333333333333,3.4246,280.91608833333333,313.1589216666667
2020-01-16 13:00:00,3.3049666666666666,3.3643666666666667,281.9463266666667,353.23866499999997
2020-01-16 14:00:00,3.2167000000000003,3.2783333333333333,287.5828616666667,372.804565
2020-01-16 15:00:00,3.1312166666666665,3.1915833333333334,291.47144000000003,368.5583316666667
2020-01-16 16:00:00,3.098183333333333,3.1510166666666666,292.2856483333333,282.50549666666666
2020-01-16 17:00:00,3.072,3.1258166666666667,278.42046666666664,304.68132499999996
2020-01-16 18:00:00,3.00565,3.0627833333333334,275.1253633333333,355.91809166666667
2020-01-16 19:00:00,2.9166499999999997,2.9760333333333335,271.85138333333333,465.69888333333336
2020-01-16 20:00:00,2.7212166666666664,2.78915,277.90520333333336,544.365955
2020-01-16 21:00:00,2.5540333333333334,2.6170833333333334,291.06538166666667,418.8197233333333
2020-01-16 22:00:00,2.5042,2.5526,358.119355,332.2552483333333
2020-01-16 23:00:00,2.4661666666666666,2.5090999999999997,427.05163166666665,409.74281833333333
2020-01-17 00:00:00,2.4608333333333334,2.4983166666666667,419.84305,266.05077666666665
2020-01-17 01:00:00,2.512783333333333,2.5485166666666665,420.903145,210.68340166666667
2020-01-17 02:00:00,2.5949666666666666,2.63035,424.25720333333334,191.6660216666667
2020-01-17 03:00:00,2.687316666666667,2.72175,426.88399833333335,184.07300666666666
2020-01-17 04:00:00,2.7782833333333334,2.8143666666666665,423.34900333333337,181.448255
2020-01-17 05:00:00,2.870966666666667,2.9063,422.7397605154639,192.14289666666667
2020-01-17 06:00:00,3.17635,3.187116666666667,319.18755927835053,237.95723333333333
2020-01-17 07:00:00,3.5057,3.5181,241.96606020618555,319.1862483333333
2020-01-17 08:00:00,3.4842166666666667,3.5031833333333333,299.65867833333334,405.3309566666667
2020-01-17 09:00:00,3.4013666666666666,3.4212333333333333,308.2178916666666,335.13445333333334
2020-01-17 10:00:00,3.3215833333333333,3.3394,303.0632316666667,436.914565
2020-01-17 11:00:00,3.2182166666666663,3.2355500000000004,306.86784,375.28209
2020-01-17 12:00:00,3.15585,3.1744,303.68801833333333,347.5308433333333
2020-01-17 13:00:00,3.0707666666666666,3.0856166666666667,299.01974333333334,448.7818883333333
2020-01-17 14:00:00,2.95905,2.9754333333333336,304.7129883333334,372.00707500000004
2020-01-17 15:00:00,2.89945,2.9172000000000002,308.4560633333333,350.75183333333337
2020-01-17 16:00:00,2.85175,2.87095,304.343595,301.76568000000003
2020-01-17 17:00:00,2.8167,2.8345,299.56498166666665,310.9745516666666
2020-01-17 18:00:00,2.7656833333333335,2.7810833333333336,292.239775,378.0228716666667
2020-01-17 19:00:00,2.6590833333333332,2.6700999999999997,292.1627416666667,473.91494
2020-01-17 20:00:00,2.4868666666666663,2.4935666666666667,291.33664666666664,537.6869283333333
2020-01-17 21:00:00,2.3352999999999997,2.34605,295.38471166666665,402.5651016666667
2020-01-17 22:00:00,2.278033333333333,2.2918666666666665,294.5658916666667,290.399985
2020-01-17 23:00:00,2.246,2.254566666666667,377.04109,344.29353499999996
2020-01-18 00:00:00,2.2621166666666666,2.2599666666666662,496.47480333333334,298.0306683333334
2020-01-18 01:00:00,2.33805,2.34275,500.37813166666666,216.52011
2020-01-18 02:00:00,2.4398833333333334,2.4457999999999998,501.8611283333333,209.50898333333333
2020-01-18 03:00:00,2.548583333333333,2.5575166666666664,499.1466466666667,190.31647999999998
2020-01-18 04:00:00,2.6653000000000002,2.675683333333333,493.17550833333337,186.398255
2020-01-18 05:00:00,2.83845,2.85915,621.0183984090909,198.48421166666668
2020-01-18 06:00:00,3.19365,3.2253,573.2129464285714,297.947285
2020-01-18 07:00:00,3.6583833333333335,3.696566666666667,459.994006395671,273.1805333333333
2020-01-18 08:00:00,3.7074333333333334,3.7483666666666666,82.1233283,357.6269333333333
2020-01-18 09:00:00,3.5484,3.59205,80.79528483333334,353.4974666666667
2020-01-18 10:00:00,3.3571666666666666,3.4047833333333335,101.69334099999999,528.7319516666666
2020-01-18 11:00:00,3.160083333333333,3.22135,280.1460328333333,386.23542
2020-01-18 12:00:00,3.083683333333333,3.1496833333333334,297.9233883333333,345.6065933333333
2020-01-18 13:00:00,3.022583333333333,3.089583333333333,292.7755483333333,384.814165
2020-01-18 14:00:00,2.9217500000000003,2.9906,292.6013316666667,385.0278416666667
2020-01-18 15:00:00,2.8535833333333334,2.91805,295.5184483333333,339.00891333333334
2020-01-18 16:00:00,2.7812666666666668,2.8475333333333332,298.18421,391.29584
2020-01-18 17:00:00,2.7356,2.78375,434.27682333333337,411.2303516666667
2020-01-18 18:00:00,2.6361333333333334,2.6861,433.93776833333334,547.2805116666666
2020-01-18 19:00:00,2.5807166666666665,2.603133333333333,738.81033,432.95693833333337
2020-01-18 20:00:00,2.689633333333333,2.7035833333333334,773.49019,327.34150166666666
2020-01-18 21:00:00,2.766833333333333,2.804483333333333,453.9050833333333,310.57891333333333
2020-01-18 22:00:00,2.7486,2.8056666666666668,335.7491933333333,301.4427733333333
2020-01-18 23:00:00,2.7127666666666665,2.77305,348.8978783333333,352.21835333333337
2020-01-19 00:00:00,2.7636666666666665,2.742633333333333,548.9097849999999,306.1322216666667
2020-01-19 01:00:00,2.8558333333333334,2.835083333333333,557.3176383333333,219.03709500000002
2020-01-19 02:00:00,2.9784833333333336,2.9617333333333336,558.4038833333333,204.40731666666667
2020-01-19 03:00:00,3.1114666666666664,3.0961833333333333,556.7406116666666,195.26439666666664
2020-01-19 04:00:00,3.2454166666666664,3.2318833333333337,555.781685,192.53943333333333
2020-01-19 05:00:00,3.377416666666667,3.3640499999999998,554.5545433333333,209.53500166666666
2020-01-19 06:00:00,3.4794166666666664,3.46235,533.0755033333334,244.68298000000001
2020-01-19 07:00:00,3.5834333333333332,3.5694166666666667,540.3022583333334,240.095885
2020-01-19 08:00:00,3.5862333333333334,3.5991666666666666,148.83250950000001,317.2937166666667
2020-01-19 09:00:00,3.4181666666666666,3.4322,159.05569500000001,514.0957166666666
2020-01-19 10:00:00,3.291533333333333,3.3788,716.8839866666666,402.58069333333333
2020-01-19 11:00:00,3.342233333333333,3.4107166666666666,438.2197566666666,342.01643499999994
2020-01-19 12:00:00,3.319933333333333,3.3680666666666665,360.3730166666667,362.45953833333334
2020-01-19 13:00:00,3.2664166666666663,3.315516666666667,357.61614166666664,383.9046216666667
2020-01-19 14:00:00,3.198383333333333,3.2453999999999996,353.2846666666667,394.062925
2020-01-19 15:00:00,3.1440166666666665,3.1891833333333333,357.16035999999997,337.0506
2020-01-19 16:00:00,3.1059666666666668,3.15205,358.6530016666667,418.9135366666667
2020-01-19 17:00:00,2.9611500000000004,3.0116500000000004,357.97995833333334,580.1143033333334
2020-01-19 18:00:00,2.80205,2.8510166666666668,358.42052,443.46172666666666
2020-01-19 19:00:00,2.7242166666666665,2.7697333333333334,349.56503499999997,369.26167833333335
2020-01-19 20:00:00,2.6738,2.7178833333333334,348.9745316666667,370.9341866666667
2020-01-19 21:00:00,2.6186333333333334,2.66055,338.06375833333334,350.8589283333333
2020-01-19 22:00:00,2.5818333333333334,2.6256,382.7732016666667,333.24213
2020-01-19 23:00:00,2.574883333333333,2.639216666666667,507.7636933333333,323.5303783333333
2020-01-20 00:00:00,2.6213166666666665,2.69305,473.3814116666666,253.43844833333333
2020-01-20 01:00:00,2.7097166666666666,2.7754166666666666,475.21370833333333,208.775795
2020-01-20 02:00:00,2.8116333333333334,2.8752833333333334,472.76149333333336,194.46649833333333
2020-01-20 03:00:00,2.9187833333333333,2.9833166666666666,481.29229166666664,192.6811
2020-01-20 04:00:00,3.02125,3.09015,484.701995,239.89929666666666
2020-01-20 05:00:00,3.0581666666666667,3.1402,480.8999266666667,298.90948000000003
2020-01-20 06:00:00,3.1251166666666665,3.1964333333333332,472.1656033333333,245.16905
2020-01-20 07:00:00,3.288616666666667,3.2536833333333335,504.0728404166667,362.7492683333333
2020-01-20 08:00:00,3.46605,3.3982666666666668,589.890234375,355.8304166666667
2020-01-20 09:00:00,3.566033333333333,3.5319833333333337,588.7395693750001,458.98041166666667
2020-01-20 10:00:00,3.5092333333333334,3.564516666666667,463.8191733333333,360.0212133333333
2020-01-20 11:00:00,3.483033333333333,3.5055166666666664,233.30175833333334,334.2306
2020-01-20 12:00:00,3.40985,3.4310833333333335,232.42922166666668,347.37760499999996
2020-01-20 13:00:00,3.294766666666667,3.3000666666666665,331.50948416666665,513.1917966666666
2020-01-20 14:00:00,3.1720333333333333,3.1293833333333336,454.39915333333335,546.3618966666667
2020-01-20 15:00:00,3.084683333333333,3.0625333333333336,456.0414216666667,343.6189033333333
2020-01-20 16:00:00,3.0703,3.076916666666667,248.63508833333333,302.32075499999996
2020-01-20 17:00:00,2.9745,2.9949833333333333,146.19183999999998,333.3147983333334
2020-01-20 18:00:00,2.8575666666666666,2.8765,141.74071,358.48207333333335
2020-01-20 19:00:00,2.7220500000000003,2.73995,137.78615166666665,359.4188616666667
2020-01-20 20:00:00,2.5970500000000003,2.6145,137.28232333333332,378.2024866666667
2020-01-20 21:00:00,2.4587333333333334,2.4755333333333334,139.25414166666667,339.92412499999995
2020-01-20 22:00:00,2.3210333333333333,2.339583333333333,247.04328833333332,461.79184499999997
2020-01-20 23:00:00,2.21995,2.27225,548.0402216666666,377.09766
2020-01-21 00:00:00,2.2962033898305085,2.343186440677966,553.4884254237288,237.7841372881356
2020-01-21 01:00:00,2.410816666666667,2.4554833333333335,549.9966016666666,207.30903166666667
2020-01-21 02:00:00,2.52765,2.5726166666666668,550.509955,211.3515416666667
2020-01-21 03:00:00,2.6651833333333332,2.7082833333333336,555.85336,186.92857333333333
2020-01-21 04:00:00,2.8029333333333333,2.8473166666666665,552.1964499999999,187.90763166666665
2020-01-21 05:00:00,2.94695,2.988716666666667,556.0225600574712,197.19722166666668
2020-01-21 06:00:00,3.31715,3.3535833333333334,671.6535948275863,234.51244833333334
2020-01-21 07:00:00,3.528583333333333,3.598383333333333,783.773663170498,386.29064
2020-01-21 08:00:00,3.5514333333333337,3.6196333333333333,306.5532777777778,382.04439333333335
2020-01-21 09:00:00,3.4619,3.5216833333333333,222.26579666666666,370.725885
2020-01-21 10:00:00,3.3644000000000003,3.4223,221.037985,326.48861166666666
2020-01-21 11:00:00,3.2916833333333333,3.3495,219.19266833333333,388.8710633333333
2020-01-21 12:00:00,3.0938000000000003,3.1704166666666667,332.30736083333335,591.1001133333334
2020-01-21 13:00:00,2.93615,3.066133333333333,621.382545,490.72066333333333
2020-01-21 14:00:00,2.9572166666666666,3.067066666666667,612.8030516666666,361.8360166666667
2020-01-21 15:00:00,3.0479166666666666,3.1402833333333335,604.7410249999999,284.3735533333333
2020-01-21 16:00:00,3.125,3.2242,617.2039033333333,327.0258333333333
2020-01-21 17:00:00,3.19,3.2495833333333333,511.18997666666667,360.3080583333333
2020-01-21 18:00:00,3.1984385964912283,3.224421052631579,382.6903894736842,352.3155543859649
2020-01-21 19:00:00,3.1299,3.15435,214.30507666666665,360.3560533333333
2020-01-21 20:00:00,3.00585,3.045266666666667,133.22619833333334,358.20705
2020-01-21 21:00:00,2.861083333333333,2.9006499999999997,129.852975,425.36547666666667
2020-01-21 22:00:00,2.67075,2.7086166666666665,128.23354333333333,463.05666333333335
2020-01-21 23:00:00,2.5448666666666666,2.5500833333333333,401.4801366666667,342.90864166666665
2020-01-22 00:00:00,2.5944333333333334,2.5970166666666668,479.464325,238.50960666666666
2020-01-22 01:00:00,2.68365,2.6885333333333334,482.51829833333335,210.33193666666665
2020-01-22 02:00:00,2.78255,2.789216666666667,483.2430983333333,198.4262666666667
2020-01-22 03:00:00,2.8801666666666668,2.886816666666667,476.26881,211.59551833333333
2020-01-22 04:00:00,2.977716666666667,2.9882,469.346165,192.57283833333335
2020-01-22 05:00:00,3.0821666666666667,3.092033333333333,468.935215,202.32138
2020-01-22 06:00:00,3.165783333333333,3.172616666666667,460.463330546875,258.8652716666667
2020-01-22 07:00:00,3.330033333333333,3.4459500000000003,473.73040546875,369.94175333333334
2020-01-22 08:00:00,3.542866666666667,3.58175,357.490676484375,344.35411666666664
2020-01-22 09:00:00,3.4932666666666665,3.5190166666666665,244.25047333333333,375.84647
2020-01-22 10:00:00,3.335783333333333,3.36545,222.42181333333335,514.0406416666667
2020-01-22 11:00:00,3.149983333333333,3.186183333333333,311.46113833333334,470.4303066666667
2020-01-22 12:00:00,3.0585999999999998,3.1144666666666665,424.4323283333333,377.5798666666667
2020-01-22 13:00:00,3.018466666666667,3.0751833333333334,426.1155366666666,416.90952
2020-01-22 14:00:00,2.9659166666666668,3.021916666666667,426.95575833333334,388.537975
2020-01-22 15:00:00,2.9452,2.9822833333333336,268.94886833333334,308.124255
2020-01-22 16:00:00,2.8839166666666665,2.9129666666666667,238.230165,348.70208333333335
2020-01-22 17:00:00,2.7958833333333333,2.823783333333333,235.90531000000001,340.30124666666666
2020-01-22 18:00:00,2.7119833333333334,2.739516666666667,230.973885,350.389495
2020-01-22 19:00:00,2.63445,2.6617333333333333,226.20506833333332,323.88532166666664
2020-01-22 20:00:00,2.5303666666666667,2.5574833333333333,225.13986500000001,397.3422616666667
2020-01-22 21:00:00,2.4129333333333336,2.438,226.38697166666668,443.58224666666666
2020-01-22 22:00:00,2.287,2.3133833333333333,227.725285,359.9974683333333
2020-01-22 23:00:00,2.189833333333333,2.2232333333333334,342.1282616666667,350.64546666666666
2020-01-23 00:00:00,2.19475,2.2489666666666666,510.1997216666667,279.43729666666667
2020-01-23 01:00:00,2.29175,2.3394833333333334,520.7019233333333,207.69321833333333
2020-01-23 02:00:00,2.4116666666666666,2.4586166666666665,523.64128,192.89724833333332
2020-01-23 03:00:00,2.536383333333333,2.5825666666666667,509.3772933333333,183.08852
2020-01-23 04:00:00,2.650116666666667,2.6982666666666666,501.2550966666667,234.19449
2020-01-23 05:00:00,2.7867166666666665,2.8321166666666664,496.38951959219855,213.55656666666667
2020-01-23 06:00:00,3.2712999999999997,3.3141666666666665,439.99861329787234,275.35084666666665
2020-01-23 07:00:00,3.58375,3.6270000000000002,393.96225294326246,312.76573833333333
2020-01-23 08:00:00,3.5461,3.5693,238.61548666666667,441.7178533333334
2020-01-23 09:00:00,3.34435,3.350416666666667,212.67649333333333,543.2889250000001
2020-01-23 10:00:00,3.1519,3.1722166666666665,306.36012500000004,471.9944616666667
2020-01-23 11:00:00,3.06975,3.0915666666666666,370.842125,346.53302
2020-01-23 12:00:00,3.0446833333333334,3.04945,453.8463933333333,428.14086000000003
2020-01-23 13:00:00,2.9848333333333334,2.9873333333333334,454.5439866666667,399.24605833333334
2020-01-23 14:00:00,2.97295,2.9810166666666666,447.53565333333336,334.0926416666667
2020-01-23 15:00:00,2.94245,2.9560000000000004,349.59589666666665,352.2051016666667
2020-01-23 16:00:00,2.908,2.923016666666667,349.22506,349.426025
2020-01-23 17:00:00,2.85085,2.86285,348.53057333333334,392.07767500000006
2020-01-23 18:00:00,2.7767833333333334,2.7883,347.58017333333333,381.1183816666667
2020-01-23 19:00:00,2.70215,2.7125166666666667,334.52603999999997,445.41297000000003
2020-01-23 20:00:00,2.6035666666666666,2.6151,333.87925,374.0930933333333
2020-01-23 21:00:00,2.5200166666666663,2.52895,335.0605716666667,430.38716666666664
2020-01-23 22:00:00,2.4445833333333336,2.455366666666667,337.5546366666667,351.99637666666666
2020-01-23 23:00:00,2.4169666666666667,2.4304166666666664,334.635605,285.50601166666667
2020-01-24 00:00:00,2.45445,2.4594666666666667,551.3274583333333,264.011325
2020-01-24 01:00:00,2.5600666666666667,2.5741333333333336,582.0977533333333,228.70468333333335
2020-01-24 02:00:00,2.68455,2.7001333333333335,582.1973016666667,241.54285666666667
2020-01-24 03:00:00,2.7883666666666667,2.80295,578.0504483333333,291.396455
2020-01-24 04:00:00,2.834883333333333,2.8467,582.403425,343.8844883333333
2020-01-24 05:00:00,2.9348666666666667,2.95275,597.7788011111112,242.57192833333332
2020-01-24 06:00:00,3.3259499999999997,3.349816666666667,706.9120537037037,215.32616833333336
2020-01-24 07:00:00,3.610383333333333,3.6757,580.6643643518518,265.91202166666665
2020-01-24 08:00:00,3.6070833333333336,3.6362666666666663,247.38689333333332,390.3015316666667
2020-01-24 09:00:00,3.4653666666666667,3.48975,240.12009166666667,464.50356166666666
2020-01-24 10:00:00,3.3162000000000003,3.3400166666666666,246.54238666666666,419.88912999999997
2020-01-24 11:00:00,3.2063333333333333,3.2306000000000004,238.78483666666668,406.9587833333334
2020-01-24 12:00:00,3.0810000000000004,3.103933333333333,244.0733,404.5307166666667
2020-01-24 13:00:00,2.9738666666666664,2.9983500000000003,243.09058000000002,382.0832283333333
2020-01-24 14:00:00,2.8564166666666666,2.8798166666666662,246.22588,387.95669166666664
2020-01-24 15:00:00,2.7797666666666667,2.8042166666666666,248.22447833333334,310.08164
2020-01-24 16:00:00,2.7150499999999997,2.744066666666667,336.0316216666667,340.31859499999996
2020-01-24 17:00:00,2.7007666666666665,2.7762000000000002,629.5437999999999,429.87046833333335
2020-01-24 18:00:00,2.7371666666666665,2.8076833333333338,625.6182200000001,309.8655366666666
2020-01-24 19:00:00,2.7800833333333332,2.858966666666667,437.94531,370.40772166666665
2020-01-24 20:00:00,2.7470166666666667,2.8240833333333333,353.94977166666666,297.66648
2020-01-24 21:00:00,2.71845,2.80395,358.44647499999996,409.09863
2020-01-24 22:00:00,2.6384166666666666,2.7203666666666666,443.89084833333334,414.7642333333333
2020-01-24 23:00:00,2.634983333333333,2.6957166666666668,471.4433066666667,338.10290833333335
2020-01-25 00:00:00,2.6726,2.7279666666666667,467.892725,285.79950333333335
2020-01-25 01:00:00,2.7172,2.770583333333333,469.0658966666667,249.87796166666666
2020-01-25 02:00:00,2.8097166666666666,2.8585333333333334,468.753455,198.30845333333335
2020-01-25 03:00:00,2.9171166666666664,2.9650000000000003,470.01533,180.89721333333333
2020-01-25 04:00:00,3.0279000000000003,3.076,470.893185,183.62963166666668
2020-01-25 05:00:00,3.1337166666666665,3.1843999999999997,482.97343,200.047805
2020-01-25 06:00:00,3.2149833333333335,3.2760333333333334,354.2649166666667,230.985545
2020-01-25 07:00:00,3.1894333333333336,3.257366666666667,252.86255166666666,320.5718833333333
2020-01-25 08:00:00,3.089516666666667,3.16675,246.7739433333333,417.25645
2020-01-25 09:00:00,2.9890166666666667,3.0586333333333333,243.12413833333332,333.59911666666665
2020-01-25 10:00:00,2.9194833333333334,2.9878333333333336,244.09492,348.693325
2020-01-25 11:00:00,2.8537000000000003,2.9185666666666665,242.21664833333335,292.2531466666667
2020-01-25 12:00:00,2.806833333333333,2.870366666666667,242.27719666666664,289.15549666666664
2020-01-25 13:00:00,2.76935,2.831566666666667,244.60439333333335,280.65595833333333
2020-01-25 14:00:00,2.7251166666666666,2.790216666666667,244.068315,329.5153633333333
2020-01-25 15:00:00,2.6354666666666664,2.70505,243.67590833333333,355.9338366666667
2020-01-25 16:00:00,2.5545833333333334,2.6216999999999997,245.41758,334.0291483333333
2020-01-25 17:00:00,2.5012499999999998,2.564,238.20518333333334,299.4143666666667
2020-01-25 18:00:00,2.44945,2.510183333333333,231.03820166666668,308.4984983333333
2020-01-25 19:00:00,2.4446,2.4574833333333337,251.92006607806692,417.28049999999996
2020-01-25 20:00:00,2.5908333333333333,2.5656666666666665,289.64473698884757,361.4956633333333
2020-01-25 21:00:00,2.6945833333333336,2.6538,328.18925,493.05922333333336
2020-01-25 22:00:00,2.7943166666666666,2.77335,366.7337630111524,298.0120116666667
2020-01-25 23:00:00,2.9854833333333333,2.9831833333333337,393.99360892193306,248.97730166666668
2020-01-26 00:00:00,3.0559000000000003,3.09645,377.09587166666665,229.93362666666664
2020-01-26 01:00:00,3.0797833333333333,3.1237166666666667,377.3578416666667,279.46759166666664
2020-01-26 02:00:00,3.12565,3.1664666666666665,378.18085833333333,197.986605
2020-01-26 03:00:00,3.1934666666666667,3.235266666666667,381.246035,192.29878
2020-01-26 04:00:00,3.266,3.3078833333333337,384.35123166666665,193.65235166666668
2020-01-26 05:00:00,3.3296666666666668,3.3728,391.4000430952381,230.80966833333332
2020-01-26 06:00:00,3.5484666666666667,3.5763499999999997,502.00726190476195,210.81233666666668
2020-01-26 07:00:00,3.6890833333333335,3.729766666666667,506.90056166666665,222.23539666666665
2020-01-26 08:00:00,3.7211,3.7303833333333336,178.93713333333332,309.2806566666667
2020-01-26 09:00:00,3.6031,3.5970500000000003,178.42505500000001,425.61985333333337
2020-01-26 10:00:00,3.4286000000000003,3.4137,184.86547000000002,499.88285
2020-01-26 11:00:00,3.266766666666667,3.2617166666666666,184.194715,355.2286066666667
2020-01-26 12:00:00,3.1453833333333336,3.1393666666666666,201.02100333333334,416.42211000000003
2020-01-26 13:00:00,3.0152,3.0205833333333336,259.8269133333333,391.1231433333333
2020-01-26 14:00:00,2.8988500000000004,2.9015833333333334,256.99151,422.01140000000004
2020-01-26 15:00:00,2.808133333333333,2.8164333333333333,258.0908583333333,332.97585
2020-01-26 16:00:00,2.7355666666666663,2.74085,253.455095,385.91013333333336
2020-01-26 17:00:00,2.6238,2.6278,254.25774166666667,395.4876716666667
2020-01-26 18:00:00,2.4861999999999997,2.4838833333333334,251.19083333333336,551.9884516666666
2020-01-26 19:00:00,2.241233333333333,2.2280333333333333,250.36273833333334,603.4468883333334
2020-01-26 20:00:00,2.0648666666666666,2.065166666666667,253.088045,398.25377166666664
2020-01-26 21:00:00,2.0239833333333332,2.0870333333333333,607.8143683333333,346.71263
2020-01-26 22:00:00,2.1410666666666667,2.21105,730.4668666666668,353.159275
2020-01-26 23:00:00,2.247,2.315716666666667,699.2960666666667,311.98452333333336
2020-01-27 00:00:00,2.32815,2.3733666666666666,539.1858583333334,319.3681516666667
2020-01-27 01:00:00,2.404166666666667,2.44575,543.005705,254.68505166666668
2020-01-27 02:00:00,2.5039333333333333,2.5452833333333333,561.998095,242.079825
2020-01-27 03:00:00,2.6102833333333333,2.6530666666666667,556.7279550000001,257.3680966666667
2020-01-27 04:00:00,2.7069166666666664,2.748683333333333,541.79823,239.12866833333334
2020-01-27 05:00:00,2.8108166666666667,2.8556166666666667,549.2980227232143,249.18640666666667
2020-01-27 06:00:00,3.0769499999999996,3.09905,513.1632200892857,289.45327166666664
2020-01-27 07:00:00,3.4805,3.5016333333333334,475.5782030208333,264.604855
2020-01-27 08:00:00,3.6258,3.6673166666666663,493.1575166666667,264.6936816666667
2020-01-27 09:00:00,3.6560166666666665,3.6995999999999998,487.115715,412.21884666666665
2020-01-27 10:00:00,3.6032,3.648083333333333,467.47256333333337,415.52932500000003
2020-01-27 11:00:00,3.5198166666666664,3.5879833333333333,320.78749166666665,422.14221833333335
2020-01-27 12:00:00,3.4265,3.4962,321.578955,398.896
2020-01-27 13:00:00,3.35705,3.4230666666666663,320.97779333333335,376.14367500000003
2020-01-27 14:00:00,3.284,3.3502,322.54492833333336,367.52341333333334
2020-01-27 15:00:00,3.2232333333333334,3.2882166666666666,321.163905,358.11523
2020-01-27 16:00:00,3.1624166666666667,3.2296666666666667,322.0390083333333,433.2427533333333
2020-01-27 17:00:00,2.9916,3.071766666666667,323.6746916666667,541.3689966666667
2020-01-27 18:00:00,2.8864666666666663,2.9568833333333333,468.6810783333333,395.73736333333335
2020-01-27 19:00:00,2.9368,3.0142499999999997,723.9842874999999,323.18420333333336
2020-01-27 20:00:00,3.0242166666666668,3.1222333333333334,726.687185,392.03434333333337
2020-01-27 21:00:00,3.0734,3.1317666666666666,402.239645,394.79222166666665
2020-01-27 22:00:00,3.0147666666666666,3.03545,257.32958333333335,332.0049783333333
2020-01-27 23:00:00,2.9621,2.9829000000000003,361.0905541666667,298.6424733333333
2020-01-28 00:00:00,3.0105500000000003,3.0267833333333334,477.03663,276.3696116666667
2020-01-28 01:00:00,3.0753666666666666,3.0923666666666665,486.0978383333333,268.42421833333333
2020-01-28 02:00:00,3.1225333333333336,3.1387,490.14268333333337,253.86706333333333
2020-01-28 03:00:00,3.2220500000000003,3.2436166666666666,492.32621666666665,192.32678333333334
2020-01-28 04:00:00,3.334033333333333,3.355933333333333,481.46578500000004,189.31728333333334
2020-01-28 05:00:00,3.4404166666666667,3.4627166666666667,481.3513166666667,199.31063833333334
2020-01-28 06:00:00,3.538816666666667,3.5604500000000003,488.419155,236.39084
2020-01-28 07:00:00,3.5835500000000002,3.59965,482.70878166666665,364.94255833333335
2020-01-28 08:00:00,3.5622333333333334,3.579216666666667,413.3185266666667,397.14662500000003
2020-01-28 09:00:00,3.4983833333333334,3.51965,328.7477166666667,359.248995
2020-01-28 10:00:00,3.42765,3.4468,320.12308,443.08851
2020-01-28 11:00:00,3.2853166666666667,3.3009166666666667,304.8874983333333,474.35837166666664
2020-01-28 12:00:00,3.1757333333333335,3.1939166666666665,299.7061683333333,390.96902500000004
2020-01-28 13:00:00,3.0704166666666666,3.0930000000000004,384.81996,512.862485
2020-01-28 14:00:00,2.89695,2.9565,429.20028,553.11161
2020-01-28 15:00:00,2.8068666666666666,2.859566666666667,432.52249,378.47441499999996
2020-01-28 16:00:00,2.7984,2.848383333333333,431.082525,364.90616000000006
2020-01-28 17:00:00,2.7800333333333334,2.8286000000000002,444.03704666666664,356.771875
2020-01-28 18:00:00,2.826516666666667,2.81895,539.039015,421.7441133333333
2020-01-28 19:00:00,2.8032666666666666,2.777733333333333,543.395655,430.75442000000004
2020-01-28 20:00:00,2.7892333333333337,2.767233333333333,539.5375766666667,426.5434916666666
2020-01-28 21:00:00,2.7704166666666667,2.7503,537.772945,384.80393833333335
2020-01-28 22:00:00,2.8039,2.7957833333333335,517.9042716666667,294.0965066666667
2020-01-28 23:00:00,2.8461166666666666,2.8371166666666667,515.1541216666667,345.90606833333334
2020-01-29 00:00:00,2.8468333333333335,2.878216666666667,431.156095,292.54422166666666
2020-01-29 01:00:00,2.8973166666666668,2.9286833333333333,426.24764166666665,211.93543499999998
2020-01-29 02:00:00,2.9779666666666667,3.0104666666666664,426.6278233333333,196.41298166666667
2020-01-29 03:00:00,3.0667,3.0999166666666667,427.889005,186.15052666666668
2020-01-29 04:00:00,3.160816666666667,3.19315,428.3562933333333,186.12018
2020-01-29 05:00:00,3.2521333333333335,3.285483333333333,426.6736695614035,203.890355
2020-01-29 06:00:00,3.4801833333333336,3.4547000000000003,424.83398640350873,244.65770166666667
2020-01-29 07:00:00,3.7334166666666664,3.680833333333333,440.4031265350877,439.85704
2020-01-29 08:00:00,3.6540833333333333,3.702633333333333,315.79856,453.2979016666667
2020-01-29 09:00:00,3.5418166666666666,3.6101,331.1054216666667,398.61445333333336
2020-01-29 10:00:00,3.4681166666666665,3.5330166666666667,321.58689,386.23976166666665
2020-01-29 11:00:00,3.3882,3.4542833333333336,321.65945999999997,428.0254266666667
2020-01-29 12:00:00,3.2268833333333333,3.304133333333333,333.8715166666667,579.4758333333334
2020-01-29 13:00:00,3.050683333333333,3.125783333333333,333.9751883333333,470.4906866666667
2020-01-29 14:00:00,2.964716666666667,3.02915,335.2388866666667,398.71768
2020-01-29 15:00:00,2.9016333333333333,2.963916666666667,337.49113166666666,343.22261333333336
2020-01-29 16:00:00,2.8706166666666664,2.920466666666667,453.5117466666667,375.84721333333334
2020-01-29 17:00:00,2.868133333333333,2.9079333333333333,492.51967499999995,446.67531833333334
2020-01-29 18:00:00,2.785816666666667,2.82665,487.37050166666666,465.35293333333334
2020-01-29 19:00:00,2.7486666666666664,2.7878,502.73031833333334,396.1117033333333
2020-01-29 20:00:00,2.7490666666666663,2.78235,364.4584783333333,329.373175
2020-01-29 21:00:00,2.6636333333333337,2.68845,247.54691833333334,432.01660499999997
2020-01-29 22:00:00,2.5505333333333335,2.5747,242.05978833333333,348.94594500000005
2020-01-29 23:00:00,2.4900499999999997,2.51875,345.38663333333335,303.6342383333333
2020-01-30 00:00:00,2.528833333333333,2.5646333333333335,502.61129999999997,262.446075
2020-01-30 01:00:00,2.6112333333333333,2.6477833333333334,501.47309333333334,221.93590166666667
2020-01-30 02:00:00,2.7163166666666667,2.7516833333333333,502.388345,225.57672166666669
2020-01-30 03:00:00,2.7776666666666667,2.816316666666667,502.1091016666667,266.5153583333333
2020-01-30 04:00:00,2.8803166666666664,2.91765,512.8791316666667,207.93709666666666
2020-01-30 05:00:00,3.004566666666667,3.039816666666667,521.5629084999999,195.4742
2020-01-30 06:00:00,3.39085,3.4180333333333333,598.5481823333333,235.59963833333333
2020-01-30 07:00:00,3.6357666666666666,3.67245,462.12992833333334,427.4311
2020-01-30 08:00:00,3.6258,3.6207166666666666,404.64956333333333,394.9083566666667
2020-01-30 09:00:00,3.5992666666666664,3.598183333333333,401.7812566666667,339.57064166666663
2020-01-30 10:00:00,3.5423833333333334,3.5302333333333333,392.0043816666667,483.592275
2020-01-30 11:00:00,3.4299666666666666,3.4166166666666666,394.20056,441.71985333333333
2020-01-30 12:00:00,3.3572333333333333,3.347183333333333,401.8368433333333,429.06758666666667
2020-01-30 13:00:00,3.3005666666666666,3.2943,403.654275,358.52332
2020-01-30 14:00:00,3.2530666666666668,3.2474166666666666,390.423965,438.94660833333336
2020-01-30 15:00:00,3.169166666666667,3.2060000000000004,349.75007,307.51026333333334
2020-01-30 16:00:00,3.164833333333333,3.2037,348.36147,284.83305333333334
2020-01-30 17:00:00,3.1321,3.166733333333333,289.63184333333334,371.14557666666667
2020-01-30 18:00:00,3.0504000000000002,3.079266666666667,227.30294666666666,373.128625
2020-01-30 19:00:00,2.91465,2.9224166666666664,118.53227833333334,401.2432783333333
2020-01-30 20:00:00,2.768133333333333,2.777066666666667,120.48225333333333,362.64616666666666
2020-01-30 21:00:00,2.6199333333333334,2.6260499999999998,122.38521,383.5179233333334
2020-01-30 22:00:00,2.466833333333333,2.4714,118.59495333333332,438.93552
2020-01-30 23:00:00,2.3114666666666666,2.3204833333333337,333.82078333333334,313.51948166666665
2020-01-31 00:00:00,2.3562833333333333,2.3736333333333333,534.2604699999999,287.15482
2020-01-31 01:00:00,2.4457333333333335,2.4649,542.1412516666667,211.49622333333335
2020-01-31 02:00:00,2.5692,2.5891333333333337,531.581015,189.84965666666668
2020-01-31 03:00:00,2.701216666666667,2.722283333333333,532.8897166666667,178.40069166666666
2020-01-31 04:00:00,2.8275333333333332,2.8490666666666664,531.6516666666666,198.18630833333333
2020-01-31 05:00:00,2.9546166666666664,2.9773666666666667,531.2893016666667,197.50059666666667
2020-01-31 06:00:00,3.084166666666667,3.1066833333333337,528.78548,236.42278166666665
2020-01-31 07:00:00,3.2335,3.31515,415.78731750000003,346.19667166666665
2020-01-31 08:00:00,3.307933333333333,3.3456166666666665,327.27226333333334,440.78411
2020-01-31 09:00:00,3.1501333333333337,3.1797166666666667,325.9207383333333,557.2446066666666
2020-01-31 10:00:00,3.04205,3.07275,326.53518333333335,307.32604333333336
2020-01-31 11:00:00,3.0088500000000002,3.0385666666666666,327.5674333333333,340.84785666666664
2020-01-31 12:00:00,2.94205,2.9715333333333334,325.57173166666666,445.09135833333335
2020-01-31 13:00:00,2.8127166666666668,2.8411666666666666,326.44015666666667,435.86709499999995
2020-01-31 14:00:00,2.7378666666666667,2.76695,328.7196616666667,351.9191016666667
2020-01-31 15:00:00,2.6902166666666667,2.7181333333333333,329.91945000000004,323.972965
2020-01-31 16:00:00,2.6699333333333333,2.6976166666666668,329.2087866666667,301.03764666666666
2020-01-31 17:00:00,2.632966666666667,2.661916666666667,332.81152166666664,350.54550666666665
2020-01-31 18:00:00,2.585183333333333,2.6128,337.91755,368.7150516666667
2020-01-31 19:00:00,2.5157000000000003,2.543066666666667,339.82689666666664,360.48976000000005
2020-01-31 20:00:00,2.4880166666666668,2.5156666666666667,339.5845483333333,297.26847
2020-01-31 21:00:00,2.437,2.4640833333333334,337.31702,458.5189283333333
2020-01-31 22:00:00,2.2941333333333334,2.3200999999999996,331.97911166666665,434.0059233333333
2020-01-31 23:00:00,2.235,2.2620999999999998,332.33104333333335,315.1998433333334
2020-02-01 00:00:00,2.237983333333333,2.265416666666667,324.5131583333333,236.77505000000002
2020-02-01 01:00:00,2.26625,2.29395,326.010925,214.064335
2020-02-01 02:00:00,2.3084333333333333,2.3375833333333333,328.34432000000004,200.01987499999998
2020-02-01 03:00:00,2.3586666666666667,2.3868666666666667,327.015255,198.59242666666665
2020-02-01 04:00:00,2.4024666666666668,2.431966666666667,325.865985,191.51457166666665
2020-02-01 05:00:00,2.4509,2.4795000000000003,326.5143166666667,217.86913
2020-02-01 06:00:00,2.613783333333333,2.59205,358.8694471875,215.98454
2020-02-01 07:00:00,2.933883333333333,2.9370833333333333,426.77734312499996,282.88584333333336
2020-02-01 08:00:00,3.4133166666666668,3.477316666666667,494.2426396875,397.670795
2020-02-01 09:00:00,3.4927166666666665,3.546316666666667,512.7809833333333,536.3838966666667
2020-02-01 10:00:00,3.4497500000000003,3.4981166666666668,507.7864233333333,360.6184616666667
2020-02-01 11:00:00,3.434483333333333,3.4840333333333335,507.195785,448.6551633333333
2020-02-01 12:00:00,3.3790833333333334,3.4293166666666663,488.8143616666667,415.5000583333333
2020-02-01 13:00:00,3.2975833333333333,3.3737666666666666,315.644005,431.79697500000003
2020-02-01 14:00:00,3.203516666666667,3.2793,309.92742833333335,386.89804166666664
2020-02-01 15:00:00,3.1383,3.2030833333333333,283.08238650000004,332.229555
2020-02-01 16:00:00,3.10475,3.1218166666666667,252.57692166666666,327.28458666666666
2020-02-01 17:00:00,3.042666666666667,3.0569333333333333,250.67113,330.99839333333335
2020-02-01 18:00:00,2.953866666666667,2.9665000000000004,258.5859516666667,395.26391500000005
2020-02-01 19:00:00,2.8472333333333335,2.85635,255.70158,419.05638166666665
2020-02-01 20:00:00,2.7267333333333337,2.7363166666666667,256.4075266666667,355.00910166666665
2020-02-01 21:00:00,2.6600333333333332,2.67315,255.80733999999998,308.9687583333333
2020-02-01 22:00:00,2.6020499999999998,2.613583333333333,255.77403666666666,358.13626666666664
2020-02-01 23:00:00,2.510183333333333,2.52305,325.32389500000005,370.1708233333333
2020-02-02 00:00:00,2.4947999999999997,2.5297166666666664,470.33564,294.48327
2020-02-02 01:00:00,2.54345,2.5777666666666668,467.07795,232.42441166666669
2020-02-02 02:00:00,2.6337166666666665,2.6677166666666663,467.5939883333333,201.91151666666667
2020-02-02 03:00:00,2.7339166666666666,2.7676166666666666,470.60087833333336,190.29017666666667
2020-02-02 04:00:00,2.8417833333333333,2.8746500000000004,472.20693166666666,185.90288166666667
2020-02-02 05:00:00,2.9208833333333333,2.95585,472.2417530769231,323.44869166666666
2020-02-02 06:00:00,3.0394,3.0325333333333333,504.33602692307693,301.140505
2020-02-02 07:00:00,3.2726166666666665,3.2693,564.0955653846154,257.76838166666664
2020-02-02 08:00:00,3.4376333333333333,3.4397333333333338,600.088152948718,284.06883833333336
2020-02-02 09:00:00,3.4933,3.48585,598.5655083333334,418.3132033333333
2020-02-02 10:00:00,3.4884500000000003,3.4767333333333337,590.8664233333333,442.5142016666667
2020-02-02 11:00:00,3.4785666666666666,3.4810000000000003,519.1283033333333,374.54141999999996
2020-02-02 12:00:00,3.468433333333333,3.4707999999999997,507.7057183333333,414.18202333333335
2020-02-02 13:00:00,3.4327666666666667,3.4377,482.42377,412.80091999999996
2020-02-02 14:00:00,3.3727500000000004,3.3869666666666665,357.1574233333333,417.7699566666667
2020-02-02 15:00:00,3.2792499999999998,3.3211,214.74334666666667,315.125155
2020-02-02 16:00:00,3.1889833333333333,3.23185,215.01877833333336,348.3723083333333
2020-02-02 17:00:00,3.0770666666666666,3.1197666666666666,214.23133833333335,441.91279000000003
2020-02-02 18:00:00,2.9256499999999996,2.9674666666666667,213.39927166666666,373.285505
2020-02-02 19:00:00,2.8252,2.8646499999999997,228.00215,402.475325
2020-02-02 20:00:00,2.7131,2.7615666666666665,300.8085916666667,388.38595999999995
2020-02-02 21:00:00,2.5624666666666664,2.6653000000000002,386.70589666666666,530.5518866666666
2020-02-02 22:00:00,2.4504,2.5444166666666663,387.85106,419.5581183333333
2020-02-02 23:00:00,2.4150666666666667,2.4908,446.6680833333333,324.2956033333333
2020-02-03 00:00:00,2.490483333333333,2.5428,508.8162383333334,234.57463
2020-02-03 01:00:00,2.5623333333333336,2.620483333333333,508.9867366666667,314.2817283333333
2020-02-03 02:00:00,2.625316666666667,2.6776666666666666,512.380345,202.83449333333334
2020-02-03 03:00:00,2.7500666666666667,2.7981,514.291515,182.76697333333334
2020-02-03 04:00:00,2.87535,2.9263333333333335,527.9453283333334,191.62459333333334
2020-02-03 05:00:00,3.0787166666666668,3.1243333333333334,547.825015877193,202.0884233333333
2020-02-03 06:00:00,3.3854666666666664,3.396733333333333,549.1025449561404,271.76621
2020-02-03 07:00:00,3.5133,3.5296499999999997,324.1366091666667,321.7978166666666
2020-02-03 08:00:00,3.4425833333333333,3.4754,240.43097166666666,416.1796966666667
2020-02-03 09:00:00,3.3371666666666666,3.3702666666666667,243.321495,364.6326433333333
2020-02-03 10:00:00,3.2385499999999996,3.272666666666667,233.23691,375.0231733333333
2020-02-03 11:00:00,3.1445166666666666,3.1774833333333334,229.67918166666666,349.54424833333337
2020-02-03 12:00:00,3.0235333333333334,3.05535,239.299065,451.23616000000004
2020-02-03 13:00:00,2.8747833333333332,2.9074166666666668,240.789365,440.527155
2020-02-03 14:00:00,2.7599,2.7916833333333333,242.29529166666669,334.04168500000003
2020-02-03 15:00:00,2.6929333333333334,2.7227,248.5539466666667,337.0787716666666
2020-02-03 16:00:00,2.6318166666666665,2.6570833333333335,296.13892500000003,315.8647683333333
2020-02-03 17:00:00,2.61255,2.6200833333333335,396.471955,362.64538999999996
2020-02-03 18:00:00,2.5619500000000004,2.5676166666666664,396.11119333333335,365.29263499999996
2020-02-03 19:00:00,2.5906833333333332,2.62755,372.52849719964667,448.799215
2020-02-03 20:00:00,2.6578500000000003,2.7083999999999997,302.4393853886926,503.41177
2020-02-03 21:00:00,2.7295000000000003,2.7796000000000003,232.14422708480566,487.88169999999997
2020-02-03 22:00:00,2.8238333333333334,2.8715333333333333,161.8490687809187,401.8542816666667
2020-02-03 23:00:00,3.012783333333333,3.0503,151.07700887926973,279.25866
2020-02-04 00:00:00,3.127483333333333,3.106666666666667,351.64437333333336,266.48532666666665
2020-02-04 01:00:00,3.1427166666666664,3.1216999999999997,351.97343,226.73636
2020-02-04 02:00:00,3.18735,3.1739666666666664,349.277475,205.59731833333333
2020-02-04 03:00:00,3.2270666666666665,3.2082833333333336,352.53917,226.131955
2020-02-04 04:00:00,3.2750166666666667,3.2599,354.01406000000003,213.42596833333334
2020-02-04 05:00:00,3.3268166666666668,3.3111333333333333,364.79414166666663,201.31481166666666
2020-02-04 06:00:00,3.3765666666666667,3.38505,334.35119050847453,284.295925
2020-02-04 07:00:00,3.5250166666666667,3.575683333333333,158.44751282485873,340.12446
2020-02-04 08:00:00,3.4934000000000003,3.5311999999999997,407.8867716666667,356.824145
2020-02-04 09:00:00,3.45925,3.5122833333333334,446.4253016666667,395.60712666666666
2020-02-04 10:00:00,3.4255833333333334,3.470766666666667,380.62429333333336,355.73698333333334
2020-02-04 11:00:00,3.369066666666667,3.4074166666666668,350.64546333333334,428.4389366666667
2020-02-04 12:00:00,3.2699333333333334,3.3082333333333334,345.497635,414.7043283333333
2020-02-04 13:00:00,3.193033333333333,3.2303333333333333,353.60141666666664,374.3942916666667
2020-02-04 14:00:00,3.144483333333333,3.1807666666666665,354.1288433333333,359.98832000000004
2020-02-04 15:00:00,3.105933333333333,3.1417166666666665,355.46925666666664,318.499745
2020-02-04 16:00:00,3.09295,3.1296166666666663,357.28555666666665,305.2556416666667
2020-02-04 17:00:00,3.071683333333333,3.1074166666666665,340.0042383333333,351.37719500000003
2020-02-04 18:00:00,3.0007,3.0359666666666665,334.879065,391.4974966666667
2020-02-04 19:00:00,2.903216666666667,2.9371666666666667,331.172835,505.6891883333334
2020-02-04 20:00:00,2.7299333333333333,2.763916666666667,342.28931666666665,551.2871816666667
2020-02-04 21:00:00,2.566683333333333,2.600216666666667,344.1894516666667,462.9948966666667
2020-02-04 22:00:00,2.4721166666666665,2.5063166666666663,341.40144,367.79791666666665
2020-02-04 23:00:00,2.4450833333333337,2.4779333333333335,376.17525666666666,294.01748000000003
2020-02-05 00:00:00,2.492433333333333,2.5321166666666666,509.92117666666667,240.39358333333334
2020-02-05 01:00:00,2.5892166666666667,2.626733333333333,514.9020233333333,215.32927
2020-02-05 02:00:00,2.699183333333333,2.736683333333333,512.5841616666667,199.10582666666667
2020-02-05 03:00:00,2.8130499999999996,2.8511666666666664,514.0525216666667,201.134075
2020-02-05 04:00:00,2.932666666666667,2.969933333333333,518.1747766666666,192.0662966666667
2020-02-05 05:00:00,3.0702833333333333,3.1019833333333335,521.9928164232209,225.80726833333333
2020-02-05 06:00:00,3.4305666666666665,3.44815,563.9242455056179,270.59277833333334
2020-02-05 07:00:00,3.66985,3.6943333333333332,501.8753914044944,341.915785
2020-02-05 08:00:00,3.6193999999999997,3.6232333333333333,394.93674666666664,448.996425
2020-02-05 09:00:00,3.559683333333333,3.5704166666666666,386.95566833333334,348.5663533333333
2020-02-05 10:00:00,3.4945166666666667,3.498483333333333,392.35930833333333,459.30436333333336
2020-02-05 11:00:00,3.4431166666666666,3.45385,398.07272666666665,320.7323783333333
2020-02-05 12:00:00,3.4089,3.4150833333333335,398.142295,423.12515666666667
2020-02-05 13:00:00,3.332533333333333,3.33795,398.98427166666664,386.47284666666667
2020-02-05 14:00:00,3.318833333333333,3.3311,399.1362916666667,309.73653333333334
2020-02-05 15:00:00,3.3131833333333334,3.3249833333333334,397.63230666666664,317.26337166666667
2020-02-05 16:00:00,3.3102500000000004,3.3219166666666666,399.3540283333333,308.09901333333335
2020-02-05 17:00:00,3.30715,3.3182666666666667,384.55173333333335,347.42774000000003
2020-02-05 18:00:00,3.263183333333333,3.2716,378.5956316666667,386.79618500000004
2020-02-05 19:00:00,3.156433333333333,3.1698333333333335,228.93092333333334,506.1443633333334
2020-02-05 20:00:00,2.8951,2.9196833333333334,148.82138500000002,586.388805
2020-02-05 21:00:00,2.7034166666666666,2.7182833333333334,275.2804366666667,428.09136
2020-02-05 22:00:00,2.6111333333333335,2.6235666666666666,284.92043666666666,336.62140166666666
2020-02-05 23:00:00,2.574116666666667,2.59225,338.41486499999996,275.37051499999995
2020-02-06 00:00:00,2.6176666666666666,2.634716666666667,512.1904433333333,263.8585366666667
2020-02-06 01:00:00,2.7048,2.72145,499.3387466666666,210.54984666666667
2020-02-06 02:00:00,2.8146166666666668,2.83435,505.75507666666664,189.6840633333333
2020-02-06 03:00:00,2.9350333333333336,2.9551666666666665,507.75034,203.41808
2020-02-06 04:00:00,3.039733333333333,3.0596166666666664,511.276745,198.79277166666668
2020-02-06 05:00:00,3.1677166666666663,3.2010833333333335,388.61440858333333,193.38856333333334
2020-02-06 06:00:00,3.2047499999999998,3.2448833333333336,58.752089999999995,238.96389666666667
2020-02-06 07:00:00,3.1228166666666666,3.1744,366.6730303333333,359.103835
2020-02-06 08:00:00,3.14175,3.2142666666666666,447.8505278070176,363.90247
2020-02-06 09:00:00,3.25025,3.342033333333333,280.16639868421055,484.0000066666667
2020-02-06 10:00:00,3.30975,3.3306999999999998,175.16071600877194,329.9950416666667
2020-02-06 11:00:00,3.2166,3.2006,171.10444833333335,379.153195
2020-02-06 12:00:00,3.10005,3.0847166666666666,170.9050983333333,359.23636
2020-02-06 13:00:00,2.9694999999999996,2.9465833333333333,170.909155,410.60308333333336
2020-02-06 14:00:00,2.8363500000000004,2.81915,169.69309,343.68114833333334
2020-02-06 15:00:00,2.7658833333333335,2.752733333333333,177.19137987704917,322.6957116666666
2020-02-06 16:00:00,3.0054166666666666,2.9982333333333333,235.88430778688524,312.36888166666665
2020-02-06 17:00:00,3.2697,3.2575166666666666,310.4133831693989,343.85537666666664
2020-02-06 18:00:00,3.2845333333333335,3.2499833333333332,337.35500333333334,437.25296333333335
2020-02-06 19:00:00,3.1162,3.04465,330.949825,626.706355
2020-02-06 20:00:00,2.9336166666666665,2.8844833333333333,327.0772383333333,413.43626
2020-02-06 21:00:00,2.855566666666667,2.81915,329.587225,370.38011666666665
2020-02-06 22:00:00,2.7858666666666663,2.7464500000000003,330.821325,390.9071433333333
2020-02-06 23:00:00,2.71595,2.68135,326.0053716666667,339.05196
2020-02-07 00:00:00,2.69575,2.6769499999999997,325.66757333333334,244.98640333333333
2020-02-07 01:00:00,2.71825,2.7062166666666667,326.43589499999996,212.8489866666667
2020-02-07 02:00:00,2.757233333333333,2.747333333333333,327.05833666666666,199.22511333333333
2020-02-07 03:00:00,2.806966666666667,2.797966666666667,338.551065,194.01476
2020-02-07 04:00:00,2.855033333333333,2.8454333333333333,338.8262066666667,200.25152166666666
2020-02-07 05:00:00,2.90965,2.9016333333333333,334.0958166666667,193.927975
2020-02-07 06:00:00,2.9905,3.0157833333333333,373.3721936805556,234.61210833333334
2020-02-07 07:00:00,3.3080333333333334,3.3914666666666666,499.51062881944443,351.139435
2020-02-07 08:00:00,3.3034499999999998,3.3778833333333336,369.8605816666667,493.69424499999997
2020-02-07 09:00:00,3.2199833333333334,3.28095,429.0705116666667,367.89912166666664
2020-02-07 10:00:00,3.2609333333333335,3.2876,622.9457233333334,337.42660166666667
2020-02-07 11:00:00,3.3390833333333334,3.36515,633.24747,330.8950833333334
2020-02-07 12:00:00,3.3743166666666666,3.4028833333333335,581.5514783333333,424.32640333333336
2020-02-07 13:00:00,3.2938833333333335,3.37885,438.489675,453.95617000000004
2020-02-07 14:00:00,3.2483,3.294566666666667,310.09547166666664,320.3142416666667
2020-02-07 15:00:00,3.2563,3.2807,417.2906333333333,294.46649499999995
2020-02-07 16:00:00,3.2385333333333337,3.2599500000000003,255.07404666666667,318.9521966666667
2020-02-07 17:00:00,3.1376500000000003,3.1579333333333333,345.3531633333333,502.06539
2020-02-07 18:00:00,2.9761499999999996,3.023083333333333,490.75289333333336,566.7152966666667
2020-02-07 19:00:00,2.9034166666666663,2.9480666666666666,482.1260266666667,374.4226883333333
2020-02-07 20:00:00,2.903016666666667,2.939516666666667,382.69865500000003,341.3727983333334
2020-02-07 21:00:00,2.8481,2.870233333333333,291.9502966666667,377.1865583333334
2020-02-07 22:00:00,2.7707333333333333,2.7911166666666665,294.59777833333334,369.65517
2020-02-07 23:00:00,2.704,2.723716666666667,335.5809766666667,308.872045
2020-02-08 00:00:00,2.7309166666666664,2.7596166666666666,441.25456,241.00332
2020-02-08 01:00:00,2.7999,2.8298666666666668,445.134395,218.06801
2020-02-08 02:00:00,2.8741166666666667,2.9042166666666662,445.16907833333335,246.61714333333333
2020-02-08 03:00:00,2.9437,2.9735,448.9816683333333,195.40527
2020-02-08 04:00:00,3.0340833333333332,3.065,446.0097266666667,209.97027666666665
2020-02-08 05:00:00,3.126816666666667,3.1519833333333334,441.96932323987534,205.069065
2020-02-08 06:00:00,3.3766000000000003,3.3435333333333332,471.49693925233646,251.75347833333333
2020-02-08 07:00:00,3.6278333333333332,3.6058000000000003,520.0487675077882,319.85713833333335
2020-02-08 08:00:00,3.651283333333333,3.673,524.5236916666667,417.14429
2020-02-08 09:00:00,3.6033,3.6406833333333335,295.84518833333334,361.7939416666667
2020-02-08 10:00:00,3.47365,3.5321,167.18958833333332,404.710515
2020-02-08 11:00:00,3.3261166666666666,3.38475,168.979285,379.867235
2020-02-08 12:00:00,3.1725,3.2315166666666664,168.45208666666667,451.9683316666667
2020-02-08 13:00:00,3.0144333333333337,3.0694333333333335,165.99451166666668,426.9606283333333
2020-02-08 14:00:00,2.858683333333333,2.8748333333333336,325.89367500000003,540.8646983333333
2020-02-08 15:00:00,2.710083333333333,2.7022,347.06919166666665,473.59022666666664
2020-02-08 16:00:00,2.6233833333333334,2.6423,569.9653766666667,358.350805
2020-02-08 17:00:00,2.6993,2.7379166666666666,617.8858016666667,318.61532
2020-02-08 18:00:00,2.7562166666666665,2.7895833333333333,582.8440483333333,382.27938166666667
2020-02-08 19:00:00,2.745633333333333,2.7960166666666666,400.17547666666667,327.80824
2020-02-08 20:00:00,2.72405,2.7774,334.4735048333333,319.04103833333335
2020-02-08 21:00:00,2.677016666666667,2.7068333333333334,196.34993666666665,368.941925
2020-02-08 22:00:00,2.5405,2.5563,106.18448978333332,356.6047766666667
2020-02-08 23:00:00,2.451983333333333,2.4888166666666667,318.5676833333334,312.36422166666665
2020-02-09 00:00:00,2.426083333333333,2.4860166666666665,482.45225833333336,321.138755
2020-02-09 01:00:00,2.496983333333333,2.5489166666666665,488.90579333333335,234.51614999999998
2020-02-09 02:00:00,2.594133333333333,2.64365,485.26042666666666,196.66434333333333
2020-02-09 03:00:00,2.6874166666666666,2.739616666666667,489.35844166666664,232.39936
2020-02-09 04:00:00,2.78925,2.83935,483.5796383333334,185.98158333333333
2020-02-09 05:00:00,2.902616666666667,2.9543000000000004,481.91505166666667,184.08642333333333
2020-02-09 06:00:00,3.0846,3.1220333333333334,758.009943375,202.32425333333333
2020-02-09 07:00:00,3.260683333333333,3.2998,305.1047724583333,238.52824
2020-02-09 08:00:00,3.3376333333333337,3.3861166666666667,350.974789375,304.720835
2020-02-09 09:00:00,3.55135,3.591016666666667,323.7485672916667,393.77989833333334
2020-02-09 10:00:00,3.5245166666666665,3.5170833333333333,199.26886666666667,349.80928666666665
2020-02-09 11:00:00,3.414416666666667,3.40005,196.9420166666667,446.6732466666666
2020-02-09 12:00:00,3.205033333333333,3.170266666666667,197.59436,596.4122133333333
2020-02-09 13:00:00,2.947983333333333,2.9274333333333336,234.6228761594203,530.2545133333333
2020-02-09 14:00:00,2.8720166666666667,2.9263666666666666,209.24711384057971,413.678245
2020-02-09 15:00:00,2.7724666666666664,2.8178166666666664,206.57806666666664,314.673855
2020-02-09 16:00:00,2.7032833333333333,2.7479500000000003,206.33822166666667,329.53704666666664
2020-02-09 17:00:00,2.5885499999999997,2.6347,205.84030166666668,378.295235
2020-02-09 18:00:00,2.4978166666666666,2.5419666666666667,206.74533666666667,342.6222016666667
2020-02-09 19:00:00,2.4174833333333337,2.4497333333333335,342.3437533333333,360.19689
2020-02-09 20:00:00,2.414083333333333,2.386216666666667,371.34925333333337,483.14106499999997
2020-02-09 21:00:00,2.272,2.2344333333333335,230.46286999999998,387.65391999999997
2020-02-09 22:00:00,2.29,2.303,424.53157666666664,299.2821383333333
2020-02-09 23:00:00,2.3813666666666666,2.4546833333333336,544.2147600000001,303.1079933333333
2020-02-10 00:00:00,2.4752666666666667,2.477816666666667,499.5282416666667,277.2799483333334
2020-02-10 01:00:00,2.5626499999999997,2.5708333333333333,499.05936333333335,202.46369833333333
2020-02-10 02:00:00,2.6761333333333335,2.6848,500.6311983333333,187.47489833333333
2020-02-10 03:00:00,2.7948833333333334,2.8072666666666666,505.73851833333333,182.17624333333333
2020-02-10 04:00:00,2.9175666666666666,2.927633333333333,495.35837166666664,197.49312333333333
2020-02-10 05:00:00,3.0129666666666663,3.0243166666666665,477.147905,211.62946833333334
2020-02-10 06:00:00,3.217566666666667,3.2855833333333333,689.62751,236.79524
2020-02-10 07:00:00,3.4162000000000003,3.4535666666666667,757.2918233333334,343.6580083333334
2020-02-10 08:00:00,3.5151166666666667,3.5468166666666665,660.5464983333334,406.6890016666667
2020-02-10 09:00:00,3.4635666666666665,3.4474666666666667,430.3173033333333,572.0707366666667
2020-02-10 10:00:00,3.3031,3.2822999999999998,416.769305,519.2959833333333
2020-02-10 11:00:00,3.2269666666666668,3.2240666666666664,416.5819,344.8248216666667
2020-02-10 12:00:00,3.184566666666667,3.176016666666667,414.61649166666666,438.9437433333333
2020-02-10 13:00:00,3.1233833333333334,3.1140499999999998,416.2809516666667,413.314525
2020-02-10 14:00:00,3.0776,3.0742833333333333,415.04538833333334,329.4733366666667
2020-02-10 15:00:00,3.066133333333333,3.0628666666666664,414.85200333333336,359.87531666666666
2020-02-10 16:00:00,3.0395333333333334,3.0341333333333336,416.72749,363.446975
2020-02-10 17:00:00,3.0220166666666666,3.019766666666667,415.12318,344.13213333333334
2020-02-10 18:00:00,2.9686166666666667,2.97405,335.30292166666663,405.96349333333336
2020-02-10 19:00:00,2.8482833333333333,2.8653,291.9422333333333,465.4028866666667
2020-02-10 20:00:00,2.72605,2.7436000000000003,293.857105,373.51751333333334
2020-02-10 21:00:00,2.63455,2.6517666666666666,296.03737333333333,437.02379
2020-02-10 22:00:00,2.5309833333333334,2.5498833333333333,294.64572166666665,336.20321500000006
2020-02-10 23:00:00,2.5108,2.5281000000000002,368.00100333333336,271.84584
2020-02-11 00:00:00,2.5638333333333336,2.5765499999999997,471.26672833333333,251.170365
2020-02-11 01:00:00,2.6377499999999996,2.65075,470.1855133333333,213.43368999999998
2020-02-11 02:00:00,2.728416666666667,2.7438833333333337,463.0319733333333,207.56354833333336
2020-02-11 03:00:00,2.8238666666666665,2.8404499999999997,462.47081999999995,203.15464333333333
2020-02-11 04:00:00,2.9157,2.9322166666666667,462.8488566666667,215.81672166666667
2020-02-11 05:00:00,2.9894499999999997,3.010283333333333,480.6790460666667,235.894195
2020-02-11 06:00:00,3.22805,3.2812833333333336,615.0949159999999,273.2014566666667
2020-02-11 07:00:00,3.5066166666666665,3.5424833333333337,557.3216196,363.391695
2020-02-11 08:00:00,3.4834666666666667,3.5246500000000003,450.09331833333334,536.2989433333333
2020-02-11 09:00:00,3.32235,3.3619833333333333,442.97073166666667,542.98536
2020-02-11 10:00:00,3.2640666666666664,3.3030833333333334,449.75048,350.43677
2020-02-11 11:00:00,3.25005,3.287783333333333,460.1652583333333,391.917125
2020-02-11 12:00:00,3.2135833333333332,3.2869333333333333,498.87371,389.5365516666667
2020-02-11 13:00:00,3.1832166666666666,3.2157,237.99177833333334,328.859975
2020-02-11 14:00:00,3.1107666666666662,3.1419833333333336,239.3930533333333,327.06698500000005
2020-02-11 15:00:00,3.0451166666666665,3.0753666666666666,239.096115,331.839615
2020-02-11 16:00:00,2.9737999999999998,3.004633333333333,240.65331833333332,328.44838999999996
2020-02-11 17:00:00,2.8834666666666666,2.9126333333333334,235.40868166666667,378.64530666666667
2020-02-11 18:00:00,2.7941833333333337,2.824316666666667,237.03649833333333,356.24352166666665
2020-02-11 19:00:00,2.646916666666667,2.6742500000000002,234.28878166666667,507.37987833333335
2020-02-11 20:00:00,2.503516666666667,2.5332999999999997,234.718235,361.192655
2020-02-11 21:00:00,2.4107666666666665,2.4380666666666664,232.99466666666666,375.45874333333336
2020-02-11 22:00:00,2.296066666666667,2.324,233.88647333333336,380.79299166666664
2020-02-11 23:00:00,2.27785,2.289933333333333,406.14239,290.0891233333333
2020-02-12 00:00:00,2.3456333333333332,2.365416666666667,518.7976183333334,264.34029666666663
2020-02-12 01:00:00,2.4455666666666667,2.4660333333333333,519.73694,200.54740666666666
2020-02-12 02:00:00,2.5660499999999997,2.587283333333333,520.06812,188.98047666666668
2020-02-12 03:00:00,2.6954333333333333,2.7170833333333335,522.719925,181.67041833333332
2020-02-12 04:00:00,2.826016666666667,2.8482833333333333,520.7371716666667,178.29031666666666
2020-02-12 05:00:00,2.9547499999999998,2.977316666666667,519.6901419444445,190.70272333333332
2020-02-12 06:00:00,3.1795833333333334,3.19435,506.1547805555556,273.50709666666665
2020-02-12 07:00:00,3.4006166666666666,3.4136499999999996,531.0429733333333,448.86756833333334
2020-02-12 08:00:00,3.3736166666666665,3.3548666666666667,537.7357716151203,617.9518750000001
2020-02-12 09:00:00,3.465716666666667,3.4135,384.0814164948453,385.54796999999996
2020-02-12 10:00:00,3.5021,3.52895,127.41471189003437,339.29563666666667
2020-02-12 11:00:00,3.3629666666666664,3.405866666666667,114.676025,332.16508
2020-02-12 12:00:00,3.2289666666666665,3.2725999999999997,114.88280333333334,410.0558066666666
2020-02-12 13:00:00,3.052316666666667,3.095833333333333,116.139095,388.87516
2020-02-12 14:00:00,2.9279,2.9685166666666665,113.84726500000001,312.535515
2020-02-12 15:00:00,2.8245833333333334,2.8649666666666667,115.13813,312.3089816666667
2020-02-12 16:00:00,2.85295,2.88355,176.26947575601375,341.5928083333334
2020-02-12 17:00:00,3.12475,3.1448166666666664,379.20327924398623,321.437525
2020-02-12 18:00:00,3.253716666666667,3.2020166666666667,538.7008283333333,452.37405
2020-02-12 19:00:00,3.2022666666666666,3.135883333333333,535.5154666666666,444.4425933333333
2020-02-12 20:00:00,3.17815,3.1378666666666666,428.56437731666665,342.64786833333335
2020-02-12 21:00:00,3.0814999999999997,3.0933333333333333,103.698578,361.84034499999996
2020-02-12 22:00:00,2.9040833333333333,2.9122333333333335,104.06435783333333,415.3219966666667
2020-02-12 23:00:00,2.787916666666667,2.8095,251.56687533333334,269.59860833333335
2020-02-13 00:00:00,2.7771,2.8199833333333335,324.67357999999996,253.77572999999998
2020-02-13 01:00:00,2.8038499999999997,2.844266666666667,320.1789766666667,205.730505
2020-02-13 02:00:00,2.848466666666667,2.88975,320.0162333333334,190.80274666666668
2020-02-13 03:00:00,2.899783333333333,2.9416,324.6042816666667,183.71990333333332
2020-02-13 04:00:00,2.9583333333333335,2.9985833333333334,325.582995,180.405685
2020-02-13 05:00:00,3.0107500000000003,3.0520666666666667,321.09881666666666,211.04155166666666
2020-02-13 06:00:00,3.2922833333333332,3.3587833333333337,408.7631466666666,246.19356000000002
2020-02-13 07:00:00,3.4998500000000003,3.511683333333333,380.9505966666667,536.0709366666666
2020-02-13 08:00:00,3.32055,3.3269333333333337,484.21768,571.15149
2020-02-13 09:00:00,3.2888666666666664,3.328616666666667,630.035465,335.93441666666666
2020-02-13 10:00:00,3.3506333333333336,3.3883,557.0864116666667,386.9071566666667
2020-02-13 11:00:00,3.3249500000000003,3.3299333333333334,296.4964583333333,326.6241583333333
2020-02-13 12:00:00,3.271183333333333,3.268133333333333,295.4918083333333,417.72267999999997
2020-02-13 13:00:00,3.154933333333333,3.14765,296.8682866666667,385.80837833333334
2020-02-13 14:00:00,3.090433333333334,3.090316666666667,297.9203416666667,318.3816833333333
2020-02-13 15:00:00,3.0436166666666664,3.053516666666667,215.8212333333333,297.5726516666667
2020-02-13 16:00:00,2.967,2.981133333333333,191.98244333333332,332.33367333333337
2020-02-13 17:00:00,2.8678833333333333,2.8783499999999997,192.92365,397.649385
2020-02-13 18:00:00,2.6959500000000003,2.7003333333333335,193.44316166666667,448.61808666666667
2020-02-13 19:00:00,2.5711500000000003,2.5817833333333335,193.2971983333333,359.72953500000006
2020-02-13 20:00:00,2.448583333333333,2.4571166666666664,192.97343333333336,368.3688733333333
2020-02-13 21:00:00,2.3403,2.3505,191.23856666666669,380.3377283333333
2020-02-13 22:00:00,2.2072833333333337,2.2142166666666667,194.96937166666666,409.67232333333334
2020-02-13 23:00:00,2.1235666666666666,2.15675,479.047225,303.91065
2020-02-14 00:00:00,2.204833333333333,2.2530666666666668,586.1132533333333,239.37671333333336
2020-02-14 01:00:00,2.3314000000000004,2.37745,582.01184,209.51130833333335
2020-02-14 02:00:00,2.468366666666667,2.5152,579.4163283333334,202.26413833333334
2020-02-14 03:00:00,2.614633333333333,2.66005,586.161355,183.85972166666667
2020-02-14 04:00:00,2.7682833333333337,2.8135166666666667,582.8486533333332,185.98578166666667
2020-02-14 05:00:00,2.911283333333333,2.9564999999999997,577.6744013288288,218.47188666666668
2020-02-14 06:00:00,3.1797666666666666,3.1725833333333333,518.8766645270271,430.896685
2020-02-14 07:00:00,3.418966666666667,3.3985333333333334,453.26119155405405,505.6650716666666
2020-02-14 08:00:00,3.549,3.5768333333333335,292.9083584234234,384.70899000000003
2020-02-14 09:00:00,3.4479333333333333,3.5098166666666666,241.21496833333333,351.8884533333333
2020-02-14 10:00:00,3.3493500000000003,3.4128833333333333,228.92766833333332,403.5100283333333
2020-02-14 11:00:00,3.2396833333333332,3.3015166666666667,229.13549833333335,347.164315
2020-02-14 12:00:00,3.1352666666666664,3.195983333333333,230.078425,407.9227133333333
2020-02-14 13:00:00,3.0102333333333333,3.0704166666666666,229.61270333333331,379.03708
2020-02-14 14:00:00,2.9080500000000002,2.9677000000000002,228.75431500000002,360.95898666666665
2020-02-14 15:00:00,2.7773166666666667,2.840733333333333,228.24494666666666,489.4153883333333
2020-02-14 16:00:00,2.6519833333333334,2.7085500000000002,231.79742833333333,313.56595333333337
2020-02-14 17:00:00,2.6039000000000003,2.6509833333333335,300.20143,310.772715
2020-02-14 18:00:00,2.5663,2.606533333333333,343.93629500000003,366.800505
2020-02-14 19:00:00,2.4924000000000004,2.5348166666666665,344.3051083333333,411.08326833333336
2020-02-14 20:00:00,2.4291166666666664,2.4700833333333336,345.864255,332.16348
2020-02-14 21:00:00,2.4017,2.440633333333333,344.90649666666667,356.8822466666667
2020-02-14 22:00:00,2.3368333333333333,2.3786666666666667,342.80418833333334,370.5523166666666
2020-02-14 23:00:00,2.3114666666666666,2.3674833333333334,529.00092,334.66147333333333
2020-02-15 00:00:00,2.3337,2.40115,565.0237149999999,375.07919000000004
2020-02-15 01:00:00,2.3390666666666666,2.4119333333333333,569.4546966666666,444.9395016666667
2020-02-15 02:00:00,2.3798166666666662,2.436716666666667,569.3145283333334,221.71642166666666
2020-02-15 03:00:00,2.5237,2.5748333333333333,571.4137033333334,189.71820833333334
2020-02-15 04:00:00,2.6725833333333333,2.7215333333333334,572.30674,182.45636333333331
2020-02-15 05:00:00,2.8194,2.8689833333333334,565.9718465373563,191.77852833333333
2020-02-15 06:00:00,3.1147833333333335,3.1757333333333335,482.1379056034483,223.29483666666667
2020-02-15 07:00:00,3.5504000000000002,3.6236166666666665,314.53858369252873,294.003105
2020-02-15 08:00:00,3.6788000000000003,3.7187,162.27960333333334,346.78979999999996
2020-02-15 09:00:00,3.5339666666666667,3.5686833333333334,159.169585,433.17690000000005
2020-02-15 10:00:00,3.3860666666666663,3.42,155.97100666666665,391.0069516666666
2020-02-15 11:00:00,3.2439999999999998,3.276483333333333,156.23608833333336,399.1267016666667
2020-02-15 12:00:00,3.0761499999999997,3.1076333333333332,157.59370166666668,500.58213166666667
2020-02-15 13:00:00,2.8601,2.9026833333333335,155.15919114519426,447.56703666666664
2020-02-15 14:00:00,2.8722166666666666,3.0009666666666663,150.20732055214725,419.52293166666664
2020-02-15 15:00:00,3.0202,3.1492,147.46605674846626,323.58356166666664
2020-02-15 16:00:00,3.178933333333333,3.2697333333333334,227.76797572085889,367.43384499999996
2020-02-15 17:00:00,3.1525833333333333,3.1923833333333334,303.5767666666667,366.3594916666667
2020-02-15 18:00:00,3.0975166666666665,3.1365666666666665,300.57308666666665,333.64174333333335
2020-02-15 19:00:00,3.040033333333333,3.079216666666667,301.27334333333334,346.9676866666667
2020-02-15 20:00:00,2.96705,3.00645,301.10842833333334,438.825825
2020-02-15 21:00:00,2.8251,2.8650666666666664,300.1520983333333,486.21540999999996
2020-02-15 22:00:00,2.69325,2.7308499999999998,320.18274333333335,399.6876316666667
2020-02-15 23:00:00,2.6448166666666664,2.6978500000000003,467.9829416666667,368.15988
2020-02-16 00:00:00,2.6685666666666665,2.72125,485.49187333333333,286.14682833333336
2020-02-16 01:00:00,2.71915,2.770483333333333,478.8863,261.24505166666665
2020-02-16 02:00:00,2.808883333333333,2.855166666666667,484.19372833333335,201.30859166666667
2020-02-16 03:00:00,2.9190666666666667,2.9661,485.63244833333334,190.34956333333332
2020-02-16 04:00:00,3.0290666666666666,3.0759499999999997,488.2058183333333,188.65130833333333
2020-02-16 05:00:00,3.1441500000000002,3.1904833333333333,478.2413266666666,186.73834166666666
2020-02-16 06:00:00,3.2688333333333333,3.3443666666666667,487.22057261194027,219.52911666666665
2020-02-16 07:00:00,3.6050166666666663,3.629233333333333,558.8425223880598,233.65740499999998
2020-02-16 08:00:00,3.7121,3.7358333333333333,450.87624,299.186995
2020-02-16 09:00:00,3.6521,3.6939333333333333,236.75969166666667,361.07570000000004
2020-02-16 10:00:00,3.558883333333333,3.6000333333333336,236.57353999999998,359.64324833333336
2020-02-16 11:00:00,3.463,3.5042166666666663,238.23040166666667,355.418965
2020-02-16 12:00:00,3.3564166666666666,3.3978333333333333,239.978665,447.96205333333336
2020-02-16 13:00:00,3.218433333333333,3.2593666666666667,238.87527666666668,413.44667166666665
2020-02-16 14:00:00,3.0889499999999996,3.1291,237.38482833333333,393.31649666666664
2020-02-16 15:00:00,3.0037499999999997,3.0329166666666665,339.866075,342.6455833333333
2020-02-16 16:00:00,2.9868666666666663,3.0044833333333334,305.80498,319.13241166666666
2020-02-16 17:00:00,2.9213333333333336,2.9358999999999997,303.09630166666665,376.64156333333335
2020-02-16 18:00:00,2.8596333333333335,2.8737500000000002,305.84943000000004,378.15735166666667
2020-02-16 19:00:00,2.7348,2.7419333333333333,301.29245166666664,500.256135
2020-02-16 20:00:00,2.5554166666666664,2.5600333333333336,304.02664333333337,530.8580483333333
2020-02-16 21:00:00,2.4492666666666665,2.461516666666667,303.65208666666666,324.9463666666667
2020-02-16 22:00:00,2.397883333333333,2.4076166666666667,383.02085,357.76464833333335
2020-02-16 23:00:00,2.386416666666667,2.4026833333333335,427.819555,315.51533333333333
2020-02-17 00:00:00,2.421266666666667,2.4641,541.9256133333333,262.89563166666665
2020-02-17 01:00:00,2.521583333333333,2.5621500000000004,540.40491,218.66827999999998
2020-02-17 02:00:00,2.63675,2.6784833333333333,530.687845,219.67708166666668
2020-02-17 03:00:00,2.7448166666666665,2.7849333333333335,532.4503416666666,204.893405
2020-02-17 04:00:00,2.8731500000000003,2.9124166666666667,560.5822566666667,192.42728333333335
2020-02-17 05:00:00,3.0161333333333333,3.0529333333333333,617.3930133333334,229.24812166666666
2020-02-17 06:00:00,3.2083999999999997,3.2313166666666664,565.559872008547,241.64248333333333
2020-02-17 07:00:00,3.4553833333333333,3.4955833333333333,466.8853063247863,321.38272166666667
2020-02-17 08:00:00,3.5535,3.57965,268.8728183333333,317.59569166666665
2020-02-17 09:00:00,3.4926000000000004,3.514933333333333,271.20551666666665,350.5085983333333
2020-02-17 10:00:00,3.38475,3.4042666666666666,255.98945666666665,433.01634
2020-02-17 11:00:00,3.2912833333333333,3.3135333333333334,255.78309,324.38458166666663
2020-02-17 12:00:00,3.208766666666667,3.2293000000000003,259.7257466666667,382.740545
2020-02-17 13:00:00,3.11145,3.1313166666666663,257.83375166666667,375.47348500000004
2020-02-17 14:00:00,3.0128833333333334,3.032966666666667,261.15754833333335,387.0980166666667
2020-02-17 15:00:00,2.9286666666666665,2.9484,264.5558,328.8996466666667
2020-02-17 16:00:00,2.871866666666667,2.893266666666667,264.882105,322.51885500000003
2020-02-17 17:00:00,2.8213999999999997,2.8429333333333333,256.7226866666667,291.2552033333333
2020-02-17 18:00:00,2.744666666666667,2.7618500000000004,247.687375,465.69694
2020-02-17 19:00:00,2.5451166666666665,2.5583,356.30411666666663,576.3978033333333
2020-02-17 20:00:00,2.4181000000000004,2.4416166666666665,434.67842333333334,376.3238416666666
2020-02-17 21:00:00,2.412783333333333,2.4384,438.4247016666667,394.51300499999996
2020-02-17 22:00:00,2.364616666666667,2.39005,451.33936,352.7675683333334
2020-02-17 23:00:00,2.4335666666666667,2.4396166666666668,586.0042366666668,273.7472366666667
2020-02-18 00:00:00,2.5111833333333333,2.528316666666667,534.532665,254.23282333333333
2020-02-18 01:00:00,2.6025666666666667,2.6214166666666667,537.6589483333333,231.16435833333333
2020-02-18 02:00:00,2.72365,2.7440833333333337,537.2696283333333,191.20064
2020-02-18 03:00:00,2.8554833333333334,2.877616666666667,539.4843683333334,188.1326883333333
2020-02-18 04:00:00,2.9880833333333334,3.0119,529.350795,184.58390833333334
2020-02-18 05:00:00,3.147766666666667,3.18115,501.31484041666664,206.27411500000002
2020-02-18 06:00:00,3.4309333333333334,3.4694333333333334,280.05934375,278.28963666666664
2020-02-18 07:00:00,3.5569166666666665,3.6103,290.1349691666666,356.9620316666667
2020-02-18 08:00:00,3.4696333333333333,3.535816666666667,318.4656366666667,439.44554166666666
2020-02-18 09:00:00,3.345066666666667,3.4123,321.43235,414.8598416666666
2020-02-18 10:00:00,3.295933333333333,3.3549,321.29425999999995,322.71770000000004
2020-02-18 11:00:00,3.24565,3.3059333333333334,318.470075,363.9273933333333
2020-02-18 12:00:00,3.147883333333333,3.21245,317.2450816666667,440.954495
2020-02-18 13:00:00,3.04835,3.110516666666667,314.69803333333334,392.93055333333336
2020-02-18 14:00:00,2.9956666666666667,3.0508333333333337,314.8984,313.48620166666666
2020-02-18 15:00:00,2.9564833333333334,3.013116666666667,315.98071999999996,319.30632499999996
2020-02-18 16:00:00,2.9201166666666665,2.976,315.7054866666667,332.46233
2020-02-18 17:00:00,2.8671,2.9254000000000002,328.660645,360.41820333333334
2020-02-18 18:00:00,2.7773333333333334,2.840316666666667,323.19313500000004,520.429925
2020-02-18 19:00:00,2.549316666666667,2.6223,320.52204,597.34468
2020-02-18 20:00:00,2.4149666666666665,2.4762166666666667,324.1667033333333,376.23201
2020-02-18 21:00:00,2.3587,2.4165833333333335,325.83691333333337,366.94763666666665
2020-02-18 22:00:00,2.2809666666666666,2.3388,322.4810233333334,369.95771666666667
2020-02-18 23:00:00,2.25,2.299583333333333,374.81503499999997,296.1293083333333
2020-02-19 00:00:00,2.2966166666666665,2.3322999999999996,465.8398833333333,236.08419166666667
2020-02-19 01:00:00,2.3748,2.4090166666666666,471.9890033333333,241.27573666666666
2020-02-19 02:00:00,2.450816666666667,2.484983333333333,475.3697166666667,222.855865
2020-02-19 03:00:00,2.5517666666666665,2.58395,475.9522133333333,183.057545
2020-02-19 04:00:00,2.662783333333333,2.69705,475.43948166666667,184.23991333333333
2020-02-19 05:00:00,2.7716166666666666,2.806166666666667,474.9292016666667,196.54096666666666
2020-02-19 06:00:00,2.8601666666666667,2.89695,472.7346301718213,242.985345
2020-02-19 07:00:00,3.1324833333333335,3.1770333333333336,543.2559283505154,343.35506
2020-02-19 08:00:00,3.5105166666666667,3.5400333333333336,575.1279098109966,503.86932666666667
2020-02-19 09:00:00,3.4986333333333333,3.4884,266.75104,418.21257499999996
2020-02-19 10:00:00,3.3737,3.3806000000000003,214.87027,375.366875
2020-02-19 11:00:00,3.2685666666666666,3.2761666666666667,211.28924666666666,347.79816833333336
2020-02-19 12:00:00,3.17205,3.179483333333333,213.26322666666667,362.7623883333334
2020-02-19 13:00:00,3.0443833333333337,3.04635,214.09886166666666,418.53152500000004
2020-02-19 14:00:00,2.9328,2.9400166666666667,207.66591166666666,347.39510333333334
2020-02-19 15:00:00,2.84085,2.8491666666666666,205.93950166666667,337.72676333333334
2020-02-19 16:00:00,2.750183333333333,2.7577833333333337,207.85223166666668,322.81365166666666
2020-02-19 17:00:00,2.6761166666666667,2.6837,207.45083833333334,352.33640166666663
2020-02-19 18:00:00,2.50095,2.493933333333333,207.03680500000002,595.8675233333332
2020-02-19 19:00:00,2.2493833333333333,2.2400666666666664,205.85863833333332,500.18519333333336
2020-02-19 20:00:00,2.1148000000000002,2.1178833333333333,204.1041,353.45298333333335
2020-02-19 21:00:00,2.0175333333333336,2.0648833333333334,339.16259166666663,392.28726666666665
2020-02-19 22:00:00,2.03135,2.081166666666667,442.643685,425.74893833333334
2020-02-19 23:00:00,2.01425,2.05505,504.65977000000004,297.12099666666666
2020-02-20 00:00:00,2.111491525423729,2.138406779661017,599.4730305084745,258.4259440677966
2020-02-20 01:00:00,2.233366666666667,2.2605666666666666,597.835045,214.55044666666666
2020-02-20 02:00:00,2.3777666666666666,2.405333333333333,602.357695,196.02967333333333
2020-02-20 03:00:00,2.5319333333333334,2.559083333333333,604.97339,200.28446833333334
2020-02-20 04:00:00,2.6782166666666667,2.7064,607.9569416666667,193.77011333333334
2020-02-20 05:00:00,2.8395,2.8654333333333333,598.7021531428571,199.95051833333335
2020-02-20 06:00:00,3.174383333333333,3.189833333333333,572.9753309523809,244.4949983333333
2020-02-20 07:00:00,3.5392,3.5580166666666666,508.8156742380952,422.0319633333333
2020-02-20 08:00:00,3.5318,3.5209333333333332,440.60204,464.6835333333333
2020-02-20 09:00:00,3.47625,3.472983333333333,434.595375,356.191435
2020-02-20 10:00:00,3.4353333333333333,3.448383333333333,275.409175,364.99372500000004
2020-02-20 11:00:00,3.3422666666666667,3.361683333333333,243.07835000000003,349.1135783333333
2020-02-20 12:00:00,3.2294,3.2458,253.93707833333335,437.30253999999996
2020-02-20 13:00:00,3.0997,3.114733333333333,253.88218833333335,411.0406766666666
2020-02-20 14:00:00,3.0108,3.0290833333333333,256.401745,310.969265
2020-02-20 15:00:00,2.95335,2.9707500000000002,256.91373666666664,353.96619833333335
2020-02-20 16:00:00,2.8403,2.8537666666666666,257.34882166666665,462.82617000000005
2020-02-20 17:00:00,2.6838333333333333,2.6952833333333337,259.1261083333333,460.67646499999995
2020-02-20 18:00:00,2.5269833333333334,2.55495,386.061105,453.67333333333335
2020-02-20 19:00:00,2.4821000000000004,2.5354666666666668,450.3124483333333,352.47261999999995
2020-02-20 20:00:00,2.44365,2.490483333333333,223.43985666666669,341.757565
2020-02-20 21:00:00,2.3297499999999998,2.3752333333333335,181.710365,395.76205833333336
2020-02-20 22:00:00,2.2015833333333332,2.2480333333333333,205.58844833333333,373.44950166666666
2020-02-20 23:00:00,2.1504166666666666,2.1668000000000003,524.73401,354.96893
2020-02-21 00:00:00,2.2369333333333334,2.2448166666666665,582.5830966666667,247.25866499999998
2020-02-21 01:00:00,2.3487666666666667,2.3581,581.9669666666666,219.97938166666665
2020-02-21 02:00:00,2.4877499999999997,2.50115,582.5757166666666,191.33152333333334
2020-02-21 03:00:00,2.6355,2.64895,584.3240366666666,184.50837666666666
2020-02-21 04:00:00,2.790016666666667,2.8062833333333335,582.6718516666666,178.40756833333336
2020-02-21 05:00:00,2.9396166666666668,2.9546666666666668,585.9172361494253,221.50409666666667
2020-02-21 06:00:00,3.0955833333333334,3.13455,597.1597350574714,361.0736283333334
2020-02-21 07:00:00,3.3397666666666668,3.3882,623.0624247126436,299.07355
2020-02-21 08:00:00,3.5813166666666665,3.630033333333333,639.1252874137931,374.31554500000004
2020-02-21 09:00:00,3.6937166666666665,3.7069833333333335,419.749055,342.20921166666665
2020-02-21 10:00:00,3.6043666666666665,3.6483666666666665,197.15890833333333,367.5483033333333
2020-02-21 11:00:00,3.5034833333333335,3.5471999999999997,198.70564166666665,330.44005166666665
2020-02-21 12:00:00,3.41955,3.4614166666666666,202.603825,322.187635
2020-02-21 13:00:00,3.3034000000000003,3.3457,202.58296666666666,477.42960166666666
2020-02-21 14:00:00,3.080966666666667,3.1249666666666664,201.14577,575.2387583333333
2020-02-21 15:00:00,2.8333500000000003,2.8761666666666668,201.26190333333335,497.83905
2020-02-21 16:00:00,2.7140166666666667,2.7535499999999997,203.93594833333333,314.68000666666666
2020-02-21 17:00:00,2.691116666666667,2.69485,542.3242983333333,341.94124666666664
2020-02-21 18:00:00,2.778833333333333,2.7373333333333334,739.9109366666667,404.25517666666667
2020-02-21 19:00:00,2.8492,2.8064833333333334,736.35629,403.1893866666667
2020-02-21 20:00:00,2.9290000000000003,2.8933166666666663,734.3720466666667,349.91361166666667
2020-02-21 21:00:00,3.0191500000000002,2.98765,732.17926,341.89527499999997
2020-02-21 22:00:00,3.1081166666666666,3.064416666666667,733.32054,450.08276166666667
2020-02-21 23:00:00,3.1262333333333334,3.1012833333333334,546.0129866666667,355.5739966666667
2020-02-22 00:00:00,3.104316666666667,3.1292833333333334,350.88550000000004,263.16392
2020-02-22 01:00:00,3.14255,3.164,373.0975516666667,222.70024166666664
2020-02-22 02:00:00,3.1759,3.19875,376.8558333333333,250.17684333333332
2020-02-22 03:00:00,3.2278499999999997,3.2522666666666664,377.46057,194.73934833333334
2020-02-22 04:00:00,3.2963,3.3193166666666665,379.67637666666667,212.08292333333333
2020-02-22 05:00:00,3.3508166666666668,3.3746500000000004,375.613885,205.047625
2020-02-22 06:00:00,3.4013333333333335,3.4260666666666664,375.11551,238.38420333333335
2020-02-22 07:00:00,3.4264,3.4503333333333335,364.6393083333333,279.50457
2020-02-22 08:00:00,3.4141166666666667,3.436183333333333,362.20618,367.17
2020-02-22 09:00:00,3.3526499999999997,3.3735333333333335,365.29956500000003,362.76099
2020-02-22 10:00:00,3.3048,3.3244,363.88353666666666,373.7830666666667
2020-02-22 11:00:00,3.2240333333333333,3.239616666666667,358.51490666666666,520.60036
2020-02-22 12:00:00,3.0239166666666666,3.03225,368.56092666666666,636.3701416666667
2020-02-22 13:00:00,2.85605,2.87905,433.0962633333333,464.325675
2020-02-22 14:00:00,2.7884333333333333,2.8144833333333334,431.32951833333334,386.6582266666667
2020-02-22 15:00:00,2.753833333333333,2.7824999999999998,380.76008,375.6671783333333
2020-02-22 16:00:00,2.69055,2.731466666666667,301.24021999999997,324.79779666666667
2020-02-22 17:00:00,2.6302333333333334,2.671783333333333,300.7650233333333,376.65025333333335
2020-02-22 18:00:00,2.5695666666666668,2.6090500000000003,301.40335500000003,340.46284333333335
2020-02-22 19:00:00,2.489,2.53135,297.4091383333333,413.335285
2020-02-22 20:00:00,2.364816666666667,2.4086833333333333,293.919425,432.91870833333337
2020-02-22 21:00:00,2.2929666666666666,2.3333,293.9190416666667,333.14575333333335
2020-02-22 22:00:00,2.215616666666667,2.25815,295.308605,395.17719166666666
2020-02-22 23:00:00,2.1832166666666666,2.2226500000000002,579.1110433333334,319.5912
2020-02-23 00:00:00,2.282433333333333,2.3188166666666663,602.9424483333333,262.01177666666666
2020-02-23 01:00:00,2.3830833333333334,2.4216333333333333,607.0586000000001,271.82034166666665
2020-02-23 02:00:00,2.5084,2.5450500000000003,604.5321066666667,222.94580499999998
2020-02-23 03:00:00,2.64935,2.68725,603.4148533333333,193.96659
2020-02-23 04:00:00,2.8047833333333334,2.8416333333333332,606.703115,192.27695333333335
2020-02-23 05:00:00,2.9564333333333335,2.9945,597.8715017543859,196.23684666666668
2020-02-23 06:00:00,3.20805,3.2479999999999998,610.9729403508771,212.66234333333333
2020-02-23 07:00:00,3.52005,3.559833333333333,582.6057262280701,250.297495
2020-02-23 08:00:00,3.622666666666667,3.6417833333333336,244.14852333333334,348.68127
2020-02-23 09:00:00,3.5126833333333334,3.54275,276.19615,463.623125
2020-02-23 10:00:00,3.3369166666666668,3.4020333333333337,509.09610499999997,596.3168633333333
2020-02-23 11:00:00,3.2219333333333333,3.2916499999999997,507.6754166666667,430.31577166666665
2020-02-23 12:00:00,3.1806833333333335,3.2215,305.6990433333333,444.088745
2020-02-23 13:00:00,3.0501333333333336,3.0825166666666663,288.98862833333334,471.25404999999995
2020-02-23 14:00:00,2.9129666666666667,2.9440000000000004,287.9726116666667,394.05999333333335
2020-02-23 15:00:00,2.8416,2.874216666666667,290.0978366666667,360.12941333333333
2020-02-23 16:00:00,2.758283333333333,2.7895166666666666,290.52019,375.9877666666667
2020-02-23 17:00:00,2.6486666666666663,2.67825,283.46583333333336,484.36722833333334
2020-02-23 18:00:00,2.524983333333333,2.5539,283.77155166666665,355.1719683333333
2020-02-23 19:00:00,2.4278833333333334,2.4583,283.0451333333333,422.5374333333333
2020-02-23 20:00:00,2.39455,2.4000166666666667,522.3598383333333,366.84392833333334
2020-02-23 21:00:00,2.4076333333333335,2.4080166666666667,527.7293566666666,352.98258333333337
2020-02-23 22:00:00,2.404233333333333,2.40195,527.2243649999999,395.37610666666666
2020-02-23 23:00:00,2.4124666666666665,2.4114166666666668,533.74746,404.78489666666667
2020-02-24 00:00:00,2.4117666666666664,2.4125,540.0856766666667,306.18985
2020-02-24 01:00:00,2.474816666666667,2.4772499999999997,545.180475,320.4197266666667
2020-02-24 02:00:00,2.55415,2.5638833333333335,542.8297,215.99956833333331
2020-02-24 03:00:00,2.6798333333333333,2.693,544.5589133333334,195.13288666666668
2020-02-24 04:00:00,2.8118333333333334,2.8249666666666666,545.6318766666667,192.10811999999999
2020-02-24 05:00:00,2.94605,2.9552,594.8846433333333,217.853345
2020-02-24 06:00:00,3.1932,3.2272666666666665,694.1432626706827,272.11298833333336
2020-02-24 07:00:00,3.5433833333333333,3.5669166666666667,422.34800232931724,351.7419066666667
2020-02-24 08:00:00,3.5254166666666666,3.5006666666666666,327.85436666666664,390.95814333333334
2020-02-24 09:00:00,3.44735,3.4252666666666665,321.96882,381.42423333333335
2020-02-24 10:00:00,3.3872166666666668,3.3718500000000002,323.35994166666666,330.80906500000003
2020-02-24 11:00:00,3.3366833333333332,3.31545,322.2928866666667,398.3554316666667
2020-02-24 12:00:00,3.2309,3.198716666666667,321.0966916666667,430.87929833333334
2020-02-24 13:00:00,3.1318833333333336,3.102,320.72152,452.94257999999996
2020-02-24 14:00:00,3.0122333333333335,2.981133333333333,320.45189833333336,393.53613666666666
2020-02-24 15:00:00,2.9572833333333337,2.9366333333333334,325.3707966666667,329.62529
2020-02-24 16:00:00,2.919366666666667,2.8990666666666667,334.4406216666667,328.0125
2020-02-24 17:00:00,2.890066666666667,2.870166666666667,340.0519116666666,331.23670000000004
2020-02-24 18:00:00,2.8396166666666667,2.81155,342.66524166666665,379.464745
2020-02-24 19:00:00,2.76905,2.7375333333333334,339.1867716666667,398.01625333333334
2020-02-24 20:00:00,2.65395,2.6106333333333334,330.2902833333334,523.2419266666667
2020-02-24 21:00:00,2.46735,2.409266666666667,332.98729333333335,585.41252
2020-02-24 22:00:00,2.3116166666666667,2.2783333333333333,324.44322999999997,361.18681
2020-02-24 23:00:00,2.2873500000000004,2.2837666666666667,543.1797916666667,353.46829499999996
2020-02-25 00:00:00,2.3468666666666667,2.35645,557.3047066666667,235.409135
2020-02-25 01:00:00,2.4517499999999997,2.46075,558.1168916666667,250.74411
2020-02-25 02:00:00,2.5633,2.5753500000000003,560.1038116666666,212.61292999999998
2020-02-25 03:00:00,2.688683333333333,2.7003833333333334,557.2965399999999,211.17664666666667
2020-02-25 04:00:00,2.8156833333333333,2.8277666666666668,562.2694083333333,215.86539166666668
2020-02-25 05:00:00,2.932,2.943833333333333,560.9911916666666,231.06694666666667
2020-02-25 06:00:00,3.04305,3.055333333333333,559.2033833333334,260.56272666666666
2020-02-25 07:00:00,3.2773166666666667,3.3166166666666665,456.3939732183908,307.34663
2020-02-25 08:00:00,3.5778166666666666,3.5771333333333337,325.12939261494256,395.4545366666667
2020-02-25 09:00:00,3.5130666666666666,3.49165,330.4188683333333,351.880975
2020-02-25 10:00:00,3.455,3.4472666666666667,250.77136666666667,326.610565
2020-02-25 11:00:00,3.384,3.378133333333333,245.65702833333336,345.9511383333333
2020-02-25 12:00:00,3.27025,3.2520333333333338,249.06688833333334,443.7186333333333
2020-02-25 13:00:00,3.1298833333333334,3.1088999999999998,252.61920999999998,441.149905
2020-02-25 14:00:00,3.0208333333333335,3.010183333333333,252.268115,321.51421500000004
2020-02-25 15:00:00,2.9601166666666665,2.9489500000000004,255.84631333333334,366.05460500000004
2020-02-25 16:00:00,2.877666666666667,2.866116666666667,259.19212666666664,325.94497333333334
2020-02-25 17:00:00,2.8207,2.8114166666666667,256.1737866666667,350.9450666666667
2020-02-25 18:00:00,2.729133333333333,2.71445,243.39811999999998,356.368025
2020-02-25 19:00:00,2.6402,2.62435,242.13928833333333,394.4692733333333
2020-02-25 20:00:00,2.502533333333333,2.4744333333333333,260.159375,510.29431
2020-02-25 21:00:00,2.3180166666666664,2.3089999999999997,443.4977983333334,524.7943633333333
2020-02-25 22:00:00,2.2511,2.2615166666666666,444.82713666666666,372.23163833333336
2020-02-25 23:00:00,2.250316666666667,2.285616666666667,501.1045966666667,324.3806083333333
2020-02-26 00:00:00,2.3206833333333337,2.3933666666666666,549.26694,247.32574333333332
2020-02-26 01:00:00,2.4363,2.5043833333333336,558.2878566666666,208.78029
2020-02-26 02:00:00,2.5596166666666664,2.627616666666667,561.25216,218.01413833333334
2020-02-26 03:00:00,2.6914833333333332,2.759133333333333,559.4557033333333,191.43966333333336
2020-02-26 04:00:00,2.8295666666666666,2.89545,556.2941983333333,188.12829333333332
2020-02-26 05:00:00,2.9700333333333333,3.0309666666666666,551.9609034463277,202.33069833333332
2020-02-26 06:00:00,3.2447,3.2513666666666667,513.2311080508475,331.2680066666666
2020-02-26 07:00:00,3.4917833333333332,3.499083333333333,448.40963766949153,307.20401166666664
2020-02-26 08:00:00,3.5343333333333335,3.5421666666666667,321.78782333333334,381.15534
2020-02-26 09:00:00,3.4687333333333332,3.477416666666667,324.6698733333333,328.8373916666667
2020-02-26 10:00:00,3.3850333333333333,3.4069166666666666,166.22486333333333,386.0433216666667
2020-02-26 11:00:00,3.2337,3.2580999999999998,361.967695,448.856635
2020-02-26 12:00:00,3.1648833333333335,3.1930833333333335,234.69044166666666,364.4198133333333
2020-02-26 13:00:00,3.0284166666666668,3.06,193.63876833333333,419.69486333333333
2020-02-26 14:00:00,2.8800833333333333,2.9110666666666662,195.236965,413.0835583333334
2020-02-26 15:00:00,2.7588999999999997,2.789216666666667,194.04487333333333,347.31914
2020-02-26 16:00:00,2.66395,2.6945166666666664,202.25850833333334,323.89789666666667
2020-02-26 17:00:00,2.5796166666666664,2.6095166666666665,233.87452,389.09167833333333
2020-02-26 18:00:00,2.4441333333333333,2.475216666666667,236.036005,467.9407983333333
2020-02-26 19:00:00,2.2483333333333335,2.278316666666667,284.82790416666666,565.3463466666667
2020-02-26 20:00:00,2.12085,2.1287,589.8457283333333,471.946355
2020-02-26 21:00:00,2.1421166666666664,2.1518333333333333,584.9673650000001,368.5358766666667
2020-02-26 22:00:00,2.1570666666666667,2.166033333333333,580.14628,390.81072
2020-02-26 23:00:00,2.1999166666666667,2.2112833333333333,600.5229033333333,322.32346666666666
2020-02-27 00:00:00,2.2882333333333333,2.302116666666667,607.0006383333333,252.64387833333333
2020-02-27 01:00:00,2.4116666666666666,2.426216666666667,604.3089816666667,227.456995
2020-02-27 02:00:00,2.549183333333333,2.5659833333333335,606.8281583333334,201.69848833333333
2020-02-27 03:00:00,2.7041666666666666,2.7224,608.497595,187.41636666666668
2020-02-27 04:00:00,2.8627666666666665,2.88225,611.3837616666666,188.54160166666668
2020-02-27 05:00:00,3.017333333333333,3.0380833333333332,607.25887,199.76036833333333
2020-02-27 06:00:00,3.2696833333333335,3.3084,458.7963236212121,254.38296499999998
2020-02-27 07:00:00,3.5861500000000004,3.6297833333333336,165.15285171212116,343.414805
2020-02-27 08:00:00,3.5351333333333335,3.569883333333333,123.874595,434.7941466666667
2020-02-27 09:00:00,3.3577333333333335,3.391316666666667,123.62649833333333,445.0914216666667
2020-02-27 10:00:00,3.1801000000000004,3.2130666666666667,121.06559833333334,378.49192500000004
2020-02-27 11:00:00,3.047066666666667,3.0782499999999997,116.82448833333333,333.26095333333336
2020-02-27 12:00:00,2.8952833333333334,2.9261833333333334,117.95248,451.55503166666665
2020-02-27 13:00:00,2.7045166666666662,2.7344500000000003,118.95084333333332,403.4672233333333
2020-02-27 14:00:00,2.553616666666667,2.5832333333333333,120.13842833333334,383.484535
2020-02-27 15:00:00,2.415016666666667,2.4435999999999996,122.014225,318.1773616666667
2020-02-27 16:00:00,2.3191833333333336,2.3469333333333333,122.876135,300.13748166666664
2020-02-27 17:00:00,2.2746333333333335,2.263183333333333,640.96021,494.80987833333336
2020-02-27 18:00:00,2.25085,2.2274333333333334,667.7139616666667,509.6387966666667
2020-02-27 19:00:00,2.2314333333333334,2.2072833333333337,705.2599283333333,479.06015833333333
2020-02-27 20:00:00,2.2639333333333336,2.2460333333333335,699.8869866666666,397.3790816666667
2020-02-27 21:00:00,2.3435166666666665,2.3357666666666668,669.0117083333333,316.66654833333337
2020-02-27 22:00:00,2.3112333333333335,2.3308666666666666,230.324515,395.169035
2020-02-27 23:00:00,2.2535666666666665,2.286016666666667,409.08288333333337,274.18647500000003
2020-02-28 00:00:00,2.302716666666667,2.3394166666666667,450.714575,265.34457333333336
2020-02-28 01:00:00,2.346683333333333,2.3827833333333337,453.15316,259.98502666666667
2020-02-28 02:00:00,2.41985,2.4542166666666665,455.40113,211.72133
2020-02-28 03:00:00,2.51175,2.5454,458.22605166666665,193.73785833333335
2020-02-28 04:00:00,2.6132166666666667,2.647366666666667,456.07005000000004,186.06437666666667
2020-02-28 05:00:00,2.70675,2.7427833333333336,451.75519499999996,220.18893
2020-02-28 06:00:00,2.815833333333333,2.8723,716.5566033333333,225.10253
2020-02-28 07:00:00,3.00875,3.0539666666666667,719.3756786666667,388.96090666666663
2020-02-28 08:00:00,3.1814166666666663,3.2188833333333333,725.3970942307692,374.3375833333333
2020-02-28 09:00:00,3.331366666666667,3.3765666666666667,492.46623293589744,373.69936333333334
2020-02-28 10:00:00,3.2834166666666667,3.3365,387.36608666666666,371.1757366666667
2020-02-28 11:00:00,3.24785,3.282966666666667,227.88758833333335,329.30046666666664
2020-02-28 12:00:00,3.1592333333333333,3.1872666666666665,198.1690866666667,329.12849833333337
2020-02-28 13:00:00,3.0441833333333337,3.0692166666666667,195.99656666666667,451.856005
2020-02-28 14:00:00,2.890066666666667,2.9147000000000003,198.86760833333335,358.57249333333334
2020-02-28 15:00:00,2.7746500000000003,2.7987333333333333,225.51989,436.0587833333333
2020-02-28 16:00:00,2.666166666666667,2.7058833333333334,539.05552,425.66853333333336
2020-02-28 17:00:00,2.68845,2.7276833333333332,523.0480116666666,346.1533583333333
2020-02-28 18:00:00,2.6493333333333333,2.693633333333333,522.7734016666667,498.01801333333333
2020-02-28 19:00:00,2.6261666666666668,2.6620166666666667,455.37762833333335,334.87246
2020-02-28 20:00:00,2.595066666666667,2.60505,290.41000499999996,364.86526
2020-02-28 21:00:00,2.5226333333333333,2.5314666666666668,289.23310000000004,379.0953766666667
2020-02-28 22:00:00,2.424716666666667,2.4308833333333335,292.0344833333333,380.426235
2020-02-28 23:00:00,2.3918666666666666,2.4191,514.7362933333333,295.9194
2020-02-29 00:00:00,2.4723333333333333,2.5071833333333333,567.86803,262.90749166666666
2020-02-29 01:00:00,2.5791,2.613716666666667,567.1789516666666,214.04180166666666
2020-02-29 02:00:00,2.70955,2.7425833333333336,558.3510766666666,198.07441166666666
2020-02-29 03:00:00,2.8446,2.8787000000000003,563.402135,190.32433
2020-02-29 04:00:00,2.9768499999999998,3.0123166666666665,560.5465283333334,212.35347666666667
2020-02-29 05:00:00,3.106666666666667,3.1392499999999997,555.9250702439024,213.98495666666668
2020-02-29 06:00:00,3.35375,3.3489999999999998,592.8498758371787,311.48196666666666
2020-02-29 07:00:00,3.5330166666666667,3.5445166666666665,541.193053918919,282.0033616666667
2020-02-29 08:00:00,3.5024666666666664,3.544366666666667,167.66116333333332,363.0009083333333
2020-02-29 09:00:00,3.3946166666666664,3.4376,181.30471666666665,339.9362316666667
2020-02-29 10:00:00,3.2922166666666666,3.3398833333333333,218.28433833333332,360.8250483333333
2020-02-29 11:00:00,3.1786499999999998,3.2252,205.61026666666666,393.66381
2020-02-29 12:00:00,3.017233333333333,3.0655833333333335,203.63188833333334,542.738995
2020-02-29 13:00:00,2.761616666666667,2.810483333333333,202.28739,544.3132466666667
2020-02-29 14:00:00,2.639033333333333,2.6523,490.57047500000004,452.97131
2020-02-29 15:00:00,2.626183333333333,2.60955,597.8806366666666,417.1840383333334
2020-02-29 16:00:00,2.63125,2.6356666666666664,457.7251366666667,320.3165833333333
2020-02-29 17:00:00,2.624016666666667,2.6332333333333335,365.7643733333333,334.9801933333334
2020-02-29 18:00:00,2.5718166666666664,2.584483333333333,315.969725,395.35869
2020-02-29 19:00:00,2.4820833333333336,2.4936333333333334,314.292975,354.0509683333333
2020-02-29 20:00:00,2.4362,2.449316666666667,313.72390333333334,346.12423333333334
2020-02-29 21:00:00,2.379366666666667,2.39105,312.63480833333335,354.47194666666667
2020-02-29 22:00:00,2.26485,2.26985,313.90754166666665,509.04299499999996
2020-02-29 23:00:00,2.1744666666666665,2.1984666666666666,499.68967833333335,313.3813983333333
2020-03-01 00:00:00,2.2560166666666666,2.2930166666666665,588.89607,253.03465333333332
2020-03-01 01:00:00,2.3648000000000002,2.402133333333333,590.551575,262.9742083333333
2020-03-01 02:00:00,2.4747833333333333,2.51115,592.2752,222.00743333333332
2020-03-01 03:00:00,2.6134166666666667,2.64835,598.6806016666667,195.30620333333334
2020-03-01 04:00:00,2.763,2.7984999999999998,590.37967,190.54593333333332
2020-03-01 05:00:00,2.903566666666667,2.9414333333333333,572.2487316666667,199.04121500000002
2020-03-01 06:00:00,3.1040833333333335,3.1858666666666666,596.12775,213.83289333333332
2020-03-01 07:00:00,3.3802833333333333,3.4625833333333333,662.33775,249.735785
2020-03-01 08:00:00,3.572483333333333,3.645766666666667,728.54775,334.94793833333335
2020-03-01 09:00:00,3.69165,3.76855,621.342424,355.227035
2020-03-01 10:00:00,3.65305,3.6925000000000003,46.09324683333333,438.98113666666666
2020-03-01 11:00:00,3.3994333333333335,3.4349166666666666,45.1108795,493.17766666666665
2020-03-01 12:00:00,3.1572999999999998,3.190816666666667,45.49421683333333,513.7241083333333
2020-03-01 13:00:00,2.9818833333333337,2.99575,607.0870833333333,487.33596833333337
2020-03-01 14:00:00,3.0010499999999998,3.00775,639.2010416666667,355.98488833333334
2020-03-01 15:00:00,3.0744166666666666,3.0841166666666666,641.3053349999999,360.50152833333334
2020-03-01 16:00:00,3.1106833333333332,3.117366666666667,642.9508633333334,376.71475
2020-03-01 17:00:00,3.1750499999999997,3.1861166666666665,642.2665333333333,351.23086666666666
2020-03-01 18:00:00,3.2292666666666667,3.2393333333333336,641.2732966666666,358.3134983333333
2020-03-01 19:00:00,3.2293000000000003,3.23915,261.62670833333334,443.326615
2020-03-01 20:00:00,3.0152833333333335,3.0286,23.707803666666667,397.02478666666667
2020-03-01 21:00:00,2.8878666666666666,2.86845,363.28689058333333,405.94927
2020-03-01 22:00:00,2.8562833333333333,2.81935,442.5987983333333,368.3186666666667
2020-03-01 23:00:00,2.8416,2.810783333333333,449.0760283333333,308.849115
2020-03-02 00:00:00,2.862483333333333,2.8549833333333337,339.699445,230.98537666666667
2020-03-02 01:00:00,2.8893,2.8890000000000002,326.63466666666665,211.259355
2020-03-02 02:00:00,2.929133333333333,2.9314166666666663,324.56529666666665,196.23490333333334
2020-03-02 03:00:00,2.9741500000000003,2.977516666666667,327.6282233333333,196.07237666666666
2020-03-02 04:00:00,3.0242666666666667,3.02805,329.36401,193.439355
2020-03-02 05:00:00,3.060016666666667,3.0608,327.6051088888889,239.917405
2020-03-02 06:00:00,3.2890333333333337,3.3424,316.6052703703704,329.23757666666666
2020-03-02 07:00:00,3.5307,3.5993,303.74445740740737,506.3365733333333
2020-03-02 08:00:00,3.4867666666666666,3.540583333333333,297.58085,402.78950833333334
2020-03-02 09:00:00,3.3705333333333334,3.4222166666666665,281.9943866666666,443.81440166666664
2020-03-02 10:00:00,3.2548000000000004,3.3038666666666665,287.5715133333333,366.79546166666665
2020-03-02 11:00:00,3.2003666666666666,3.245816666666667,287.95566833333334,317.65520166666664
2020-03-02 12:00:00,3.11955,3.1681166666666667,284.79439,428.2287866666667
2020-03-02 13:00:00,2.9688833333333333,3.0195,283.419585,450.72551833333335
2020-03-02 14:00:00,2.8705166666666666,2.9169,247.742185,341.488545
2020-03-02 15:00:00,2.8277666666666668,2.8569666666666667,341.01404333333335,294.10902833333336
2020-03-02 16:00:00,2.8265833333333332,2.8407,376.4551083333333,337.80404833333336
2020-03-02 17:00:00,2.7893166666666667,2.8009833333333334,365.729565,349.74232
2020-03-02 18:00:00,2.7438833333333337,2.75545,370.07945,417.21058833333336
2020-03-02 19:00:00,2.6364500000000004,2.6431166666666663,374.08331999999996,430.96532833333333
2020-03-02 20:00:00,2.5711833333333334,2.5835333333333335,373.5064316666667,380.36271166666666
2020-03-02 21:00:00,2.51805,2.5299166666666664,369.66050333333334,381.19190833333334
2020-03-02 22:00:00,2.4541166666666663,2.4650499999999997,371.60418666666664,349.39738166666666
2020-03-02 23:00:00,2.421466666666667,2.4564166666666667,478.7704683333333,415.06056666666666
2020-03-03 00:00:00,2.3607500000000003,2.4121,533.8988333333333,426.7540783333333
2020-03-03 01:00:00,2.409183333333333,2.452383333333333,535.208215,240.83030166666668
2020-03-03 02:00:00,2.515416666666667,2.5562166666666664,535.586475,210.70483333333334
2020-03-03 03:00:00,2.6329333333333333,2.672816666666667,538.458385,200.550485
2020-03-03 04:00:00,2.7445666666666666,2.7874666666666665,541.997655,220.51129333333336
2020-03-03 05:00:00,2.8660666666666668,2.9071333333333333,566.6523150387598,205.51457333333335
2020-03-03 06:00:00,3.1408,3.1365,740.6387488372093,232.38530166666666
2020-03-03 07:00:00,3.45145,3.4337666666666666,763.2799581395349,355.3169483333333
2020-03-03 08:00:00,3.52245,3.5483166666666666,445.43792298449614,437.64483
2020-03-03 09:00:00,3.4537166666666668,3.4997166666666666,406.1274616666667,394.90603333333337
2020-03-03 10:00:00,3.4241666666666664,3.4691,388.3290833333333,305.78745499999997
2020-03-03 11:00:00,3.4058833333333336,3.4519333333333337,385.29672666666664,346.74602166666665
2020-03-03 12:00:00,3.3652,3.4051,315.5842916666667,371.6449533333333
2020-03-03 13:00:00,3.26495,3.2978333333333336,278.7341533333334,420.4724883333334
2020-03-03 14:00:00,3.1752499999999997,3.2070833333333337,279.32389166666667,332.11668833333334
2020-03-03 15:00:00,3.110716666666667,3.1414,263.233855,345.87860333333333
2020-03-03 16:00:00,3.026683333333333,3.0555333333333334,269.3385,362.79634999999996
2020-03-03 17:00:00,2.96095,2.9896666666666665,277.098355,369.01873666666665
2020-03-03 18:00:00,2.8213166666666667,2.8484,275.0361166666667,470.22983
2020-03-03 19:00:00,2.71985,2.7477,268.52492,333.73751166666665
2020-03-03 20:00:00,2.6449,2.6708,269.5943183333333,363.42528000000004
2020-03-03 21:00:00,2.5126,2.5375666666666663,270.47477,536.9628066666667
2020-03-03 22:00:00,2.3325666666666667,2.357683333333333,271.71871500000003,423.3893933333333
2020-03-03 23:00:00,2.2582666666666666,2.2828666666666666,282.0437983333333,309.37801333333334
2020-03-04 00:00:00,2.2845166666666668,2.3226500000000003,585.4269883333333,242.22554166666666
2020-03-04 01:00:00,2.4020333333333332,2.4409833333333335,570.4105533333333,220.833585
2020-03-04 02:00:00,2.527716666666667,2.5660833333333333,580.9499616666667,210.23425166666667
2020-03-04 03:00:00,2.6448833333333335,2.6888333333333336,585.9604483333334,286.49744333333336
2020-03-04 04:00:00,2.7492666666666663,2.7905666666666664,589.903265,202.48754
2020-03-04 05:00:00,2.8718166666666667,2.9153499999999997,582.0831295945947,239.22114666666667
2020-03-04 06:00:00,3.084966666666667,3.1458999999999997,638.2522058558558,237.39691833333333
2020-03-04 07:00:00,3.37845,3.4200999999999997,664.8003945495495,368.3538633333334
2020-03-04 08:00:00,3.4453,3.4626,329.043835,340.41130833333335
2020-03-04 09:00:00,3.3909833333333332,3.4079333333333333,321.5882966666667,350.4538033333334
2020-03-04 10:00:00,3.3339,3.3496666666666663,322.717915,362.876325
2020-03-04 11:00:00,3.2754333333333334,3.2914833333333333,322.60442666666665,353.7325466666667
2020-03-04 12:00:00,3.2181833333333336,3.2331166666666666,323.4267116666667,344.0834316666667
2020-03-04 13:00:00,3.1388833333333332,3.1489833333333332,320.8393116666667,432.35559666666666
2020-03-04 14:00:00,3.0416000000000003,3.0528,321.03915333333333,403.72221833333333
2020-03-04 15:00:00,2.9486833333333333,2.9592666666666667,331.12870666666663,380.02618
2020-03-04 16:00:00,2.88235,2.895583333333333,332.9389366666667,381.6782983333333
2020-03-04 17:00:00,2.8090166666666665,2.820466666666667,329.5217,377.1639333333333
2020-03-04 18:00:00,2.7396000000000003,2.7525333333333335,318.96114833333337,371.02876166666664
2020-03-04 19:00:00,2.6619666666666664,2.6719999999999997,322.24543,455.679225
2020-03-04 20:00:00,2.5030666666666668,2.5048833333333334,320.61092833333333,506.0670666666667
2020-03-04 21:00:00,2.3843166666666664,2.3921,319.647125,376.06102833333335
2020-03-04 22:00:00,2.2993,2.3041666666666667,321.6942816666667,438.68284666666665
2020-03-04 23:00:00,2.2150166666666666,2.221366666666667,351.7907966666666,341.53550666666666
2020-03-05 00:00:00,2.21955,2.21885,455.84846833333336,267.1899583333333
2020-03-05 01:00:00,2.2883166666666668,2.2932833333333336,459.36378333333334,214.25762500000002
2020-03-05 02:00:00,2.3714833333333334,2.3765833333333335,456.03655833333335,211.62445
2020-03-05 03:00:00,2.457866666666667,2.4645,462.14317,204.48407333333336
2020-03-05 04:00:00,2.5490666666666666,2.5576,458.3929483333333,220.11519
2020-03-05 05:00:00,2.62755,2.6388333333333334,448.0647112121212,206.63591499999998
2020-03-05 06:00:00,2.9354500000000003,2.9964166666666667,461.9444875,243.70959
2020-03-05 07:00:00,3.3686166666666666,3.4447666666666668,493.2504420454545,356.3907483333333
2020-03-05 08:00:00,3.5664833333333332,3.6002500000000004,339.3427600757576,390.4180083333333
2020-03-05 09:00:00,3.497983333333333,3.5098333333333334,291.8474033333333,365.30853666666667
2020-03-05 10:00:00,3.4286499999999998,3.4430833333333335,293.79496,320.72504166666664
2020-03-05 11:00:00,3.383166666666667,3.3981166666666667,294.0520916666666,343.36636333333337
2020-03-05 12:00:00,3.2988833333333334,3.3070166666666667,292.6733116666667,435.212335
2020-03-05 13:00:00,3.1666166666666666,3.172566666666667,291.496475,433.9609183333333
2020-03-05 14:00:00,3.0459666666666667,3.0519333333333334,292.23313666666667,418.20036999999996
2020-03-05 15:00:00,2.972783333333333,2.98455,331.3424983333333,308.32521833333334
2020-03-05 16:00:00,2.9534499999999997,2.9681333333333333,355.7544966666666,314.5409883333333
2020-03-05 17:00:00,2.928033333333333,2.941616666666667,355.298085,335.383205
2020-03-05 18:00:00,2.861683333333333,2.8710166666666668,350.61651166666667,470.27925166666665
2020-03-05 19:00:00,2.712616666666667,2.7167833333333333,368.47504833333335,540.398525
2020-03-05 20:00:00,2.5774166666666667,2.5837,366.0548016666667,445.249505
2020-03-05 21:00:00,2.4749666666666665,2.484,364.82694,412.385095
2020-03-05 22:00:00,2.4145166666666666,2.424716666666667,366.55290499999995,370.12881666666664
2020-03-05 23:00:00,2.3749,2.382833333333333,425.260695,315.86326333333335
2020-03-06 00:00:00,2.4365333333333337,2.4463500000000002,548.9121883333333,241.30827166666668
2020-03-06 01:00:00,2.5272,2.55735,589.9127133333333,247.43678666666668
2020-03-06 02:00:00,2.6543833333333335,2.6847,589.1149,214.96557666666666
2020-03-06 03:00:00,2.7893166666666667,2.82065,594.1838033333333,199.4933
2020-03-06 04:00:00,2.9358500000000003,2.9679166666666665,592.1460016666666,189.601125
2020-03-06 05:00:00,3.0816333333333334,3.1167333333333334,593.545297053872,201.10711833333335
2020-03-06 06:00:00,3.3187833333333336,3.3856666666666664,625.9401257575757,245.11159666666666
2020-03-06 07:00:00,3.5590166666666665,3.6122333333333336,501.98459052188554,367.65009166666664
2020-03-06 08:00:00,3.5724333333333336,3.5801666666666665,333.31046499999997,338.0011866666666
2020-03-06 09:00:00,3.5048833333333334,3.5189166666666667,283.57694333333336,375.42783833333334
2020-03-06 10:00:00,3.3942166666666664,3.4047666666666667,262.20499,444.0223716666667
2020-03-06 11:00:00,3.2474,3.2547166666666665,259.12631166666665,444.93813500000005
2020-03-06 12:00:00,3.1357833333333334,3.147383333333333,263.80617,366.56632
2020-03-06 13:00:00,3.0261833333333334,3.0340333333333334,268.1959333333333,429.4085966666667
2020-03-06 14:00:00,2.925683333333333,2.9372666666666665,268.56114333333335,339.16061
2020-03-06 15:00:00,2.865216666666667,2.876916666666667,268.16677166666665,325.32888166666663
2020-03-06 16:00:00,2.7815333333333334,2.7882000000000002,269.32664666666665,441.5512083333333
2020-03-06 17:00:00,2.620633333333333,2.6233166666666667,265.81579666666664,483.5217566666667
2020-03-06 18:00:00,2.4737500000000003,2.4781,266.24902,459.708195
2020-03-06 19:00:00,2.33455,2.3411166666666667,265.93196,379.99450666666667
2020-03-06 20:00:00,2.24735,2.256533333333333,289.4963916666667,358.62911333333335
2020-03-06 21:00:00,2.1834,2.1917166666666668,292.2388516666667,388.84013
2020-03-06 22:00:00,2.0944166666666666,2.1021666666666667,293.31156333333337,348.23700833333334
2020-03-06 23:00:00,2.0508333333333333,2.0673666666666666,450.8753433333333,309.8697716666667
2020-03-07 00:00:00,2.13105,2.1496666666666666,581.83884,236.18736500000003
2020-03-07 01:00:00,2.240416666666667,2.2582999999999998,581.4020483333334,280.51721499999996
2020-03-07 02:00:00,2.3398,2.3590166666666668,584.6322283333334,215.99633333333335
2020-03-07 03:00:00,2.472,2.4908833333333336,588.5032649999999,206.78138166666668
2020-03-07 04:00:00,2.613783333333333,2.6343166666666664,584.7421166666667,186.67943666666667
2020-03-07 05:00:00,2.7585333333333333,2.7796499999999997,580.9127205617978,197.794925
2020-03-07 06:00:00,3.082,3.1024666666666665,572.9887882022472,215.28534166666668
2020-03-07 07:00:00,3.46965,3.5097,584.3146179026218,279.01697666666666
2020-03-07 08:00:00,3.5269,3.59905,589.8754266666667,413.94049666666666
2020-03-07 09:00:00,3.5335166666666664,3.596883333333333,461.993115,377.68274833333334
2020-03-07 10:00:00,3.4837,3.5099,239.74515000000002,367.3589083333334
2020-03-07 11:00:00,3.3800000000000003,3.4047,238.9980733333333,364.10260999999997
2020-03-07 12:00:00,3.2865666666666664,3.3111333333333333,239.27776,406.4795183333334
2020-03-07 13:00:00,3.1369333333333334,3.157566666666667,240.47098333333332,504.73913166666665
2020-03-07 14:00:00,2.9182166666666665,2.9366166666666667,238.315355,540.432355
2020-03-07 15:00:00,2.7459,2.7651166666666667,241.99836166666668,437.7697616666667
2020-03-07 16:00:00,2.633183333333333,2.6540166666666662,244.14783833333334,341.3260133333333
2020-03-07 17:00:00,2.539083333333333,2.5612166666666667,246.49051666666668,361.99160166666667
2020-03-07 18:00:00,2.44885,2.4692999999999996,244.28095666666667,368.8620683333333
2020-03-07 19:00:00,2.3611333333333335,2.382166666666667,235.85452500000002,341.29641333333336
2020-03-07 20:00:00,2.279533333333333,2.2999666666666667,236.63567666666668,327.376545
2020-03-07 21:00:00,2.20705,2.2268166666666667,237.69799333333333,330.92058166666664
2020-03-07 22:00:00,2.1039833333333333,2.1231666666666666,238.699815,419.28195166666666
2020-03-07 23:00:00,2.0075333333333334,2.0120666666666667,416.55327833333337,409.682695
2020-03-08 00:00:00,2.0227833333333334,2.0461833333333335,601.20898,254.642785
2020-03-08 01:00:00,2.143466666666667,2.1696166666666667,605.8252316666666,223.1459383333333
2020-03-08 02:00:00,2.2720833333333332,2.2979333333333334,601.7523583333333,234.80969833333333
2020-03-08 03:00:00,2.4015666666666666,2.4277333333333333,593.805565,221.040235
2020-03-08 04:00:00,2.527216666666667,2.5543,591.8061883333334,216.55321
2020-03-08 05:00:00,2.6668166666666666,2.6944333333333335,593.3958116666666,202.20789000000002
2020-03-08 06:00:00,2.9483333333333333,2.9796166666666664,606.8223213709678,210.74162333333334
2020-03-08 07:00:00,3.37255,3.4049166666666664,637.0867568548388,248.13817
2020-03-08 08:00:00,3.5577666666666667,3.57295,172.31052927419356,352.8727583333333
2020-03-08 09:00:00,3.4417,3.4620166666666665,274.12985833333335,352.82799
2020-03-08 10:00:00,3.369333333333333,3.4005,333.2046583333333,353.671035
2020-03-08 11:00:00,3.302316666666667,3.3319666666666667,331.39214333333337,472.4062916666666
2020-03-08 12:00:00,3.1264166666666666,3.1538,336.71784,572.4887166666666
2020-03-08 13:00:00,2.9499666666666666,2.975983333333333,537.508095,558.9656083333333
2020-03-08 14:00:00,2.8463833333333337,2.871766666666667,261.69704666666667,386.7816616666667
2020-03-08 15:00:00,2.7494666666666663,2.771,260.30420833333335,391.000215
2020-03-08 16:00:00,2.6587666666666667,2.6784166666666667,263.53279333333336,361.64534166666664
2020-03-08 17:00:00,2.5568999999999997,2.5768,264.3421466666667,374.393025
2020-03-08 18:00:00,2.4815666666666667,2.502866666666667,266.55225333333334,375.8373233333333
2020-03-08 19:00:00,2.3753333333333333,2.393733333333333,274.304335,375.0563616666667
2020-03-08 20:00:00,2.2861166666666666,2.3032166666666667,288.56963666666667,420.15434166666665
2020-03-08 21:00:00,2.158733333333333,2.1738333333333335,285.8310616666667,448.594035
2020-03-08 22:00:00,2.044566666666667,2.0614666666666666,378.07219333333336,374.26928000000004
2020-03-08 23:00:00,2.055683333333333,2.0784,493.6508333333333,291.24696666666665
2020-03-09 00:00:00,2.1292833333333334,2.1596166666666665,626.0531416666666,260.196275
2020-03-09 01:00:00,2.2609166666666667,2.291916666666667,628.6524416666667,223.869725
2020-03-09 02:00:00,2.4113333333333333,2.4426666666666668,630.580665,196.7763733333333
2020-03-09 03:00:00,2.57515,2.6063833333333335,634.8292833333333,188.68451166666668
2020-03-09 04:00:00,2.7420833333333334,2.7736666666666663,632.8928666666667,190.64683
2020-03-09 05:00:00,2.9017333333333335,2.93455,637.5463233333334,224.577655
2020-03-09 06:00:00,3.1131666666666664,3.157366666666667,628.1084577777779,247.40308
2020-03-09 07:00:00,3.3882333333333334,3.4400666666666666,606.8734538011696,385.20364166666667
2020-03-09 08:00:00,3.5298833333333333,3.590733333333333,568.6561234210526,535.2806433333333
2020-03-09 09:00:00,3.5208833333333334,3.5817833333333335,402.3620816666667,433.7864416666667
2020-03-09 10:00:00,3.4148666666666667,3.4779666666666667,379.32085666666666,497.709835
2020-03-09 11:00:00,3.3399,3.395783333333333,370.73321000000004,375.61120833333337
2020-03-09 12:00:00,3.2521,3.3013166666666667,290.04391666666663,426.98952
2020-03-09 13:00:00,3.1340500000000002,3.160366666666667,205.74014666666665,425.1155283333334
2020-03-09 14:00:00,2.9954166666666664,3.020966666666667,206.08554166666667,365.81438333333335
2020-03-09 15:00:00,2.912716666666667,2.9393000000000002,201.67535333333333,300.5888733333333
2020-03-09 16:00:00,2.8441666666666667,2.8686166666666666,200.85454166666665,351.70812166666667
2020-03-09 17:00:00,2.7344500000000003,2.7598333333333334,202.10140666666666,334.41748
2020-03-09 18:00:00,2.643733333333333,2.6683833333333333,200.29550833333332,357.21860000000004
2020-03-09 19:00:00,2.515416666666667,2.5392,199.714805,458.79890666666665
2020-03-09 20:00:00,2.3361500000000004,2.359566666666667,200.02936833333334,407.75927666666666
2020-03-09 21:00:00,2.2211333333333334,2.24515,200.75663333333333,398.2629766666667
2020-03-09 22:00:00,2.1027666666666667,2.1324,268.24299333333335,337.1066183333333
2020-03-09 23:00:00,2.1391166666666668,2.1807333333333334,454.8286839247312,274.34431
2020-03-10 00:00:00,2.2636833333333333,2.3304666666666667,614.3619760752688,331.06191333333334
2020-03-10 01:00:00,2.3406499999999997,2.40525,580.152435,242.60215666666667
2020-03-10 02:00:00,2.469066666666667,2.5281000000000002,580.9625366666667,218.74528666666666
2020-03-10 03:00:00,2.6017333333333332,2.6597333333333335,582.96105,195.35665166666666
2020-03-10 04:00:00,2.7501666666666664,2.8071333333333333,584.13036,192.10061166666668
2020-03-10 05:00:00,2.89105,2.95,589.6204033333332,201.97102666666666
2020-03-10 06:00:00,3.1120666666666663,3.1289000000000002,637.395836904762,396.6869316666667
2020-03-10 07:00:00,3.3642166666666666,3.3721166666666664,499.4071226190477,383.8221433333334
2020-03-10 08:00:00,3.4792166666666664,3.5169166666666665,250.90324297619048,374.03024166666665
2020-03-10 09:00:00,3.3369166666666668,3.38435,226.24536833333332,434.7172516666667
2020-03-10 10:00:00,3.2393833333333335,3.2822,226.32179833333333,301.3790983333334
2020-03-10 11:00:00,3.1677666666666666,3.2112166666666666,226.29225499999998,339.30476
2020-03-10 12:00:00,3.073983333333333,3.1172666666666666,227.33983833333335,387.46326666666664
2020-03-10 13:00:00,2.9504499999999996,2.9951833333333338,231.14583333333334,413.96012833333333
2020-03-10 14:00:00,2.829733333333333,2.8711333333333333,228.16599166666668,335.5041116666667
2020-03-10 15:00:00,2.7674666666666665,2.806766666666667,226.10561666666666,303.568305
2020-03-10 16:00:00,2.6997666666666666,2.738783333333333,233.22152833333334,309.689415
2020-03-10 17:00:00,2.6142,2.6548666666666665,226.7473183333333,373.858275
2020-03-10 18:00:00,2.5017833333333335,2.54395,224.37185666666667,419.7996966666667
2020-03-10 19:00:00,2.346683333333333,2.390133333333333,233.4581816666667,426.41521833333337
2020-03-10 20:00:00,2.3748,2.4163,293.8581431439394,333.98018833333333
2020-03-10 21:00:00,2.6018,2.6319500000000002,286.80164435606065,381.7962866666667
2020-03-10 22:00:00,2.501116666666667,2.524916666666667,287.8891783333333,370.4926066666667
2020-03-10 23:00:00,2.442466666666667,2.4825999999999997,523.369295,413.56433333333337
2020-03-11 00:00:00,2.4397,2.4868333333333337,594.4126566666667,349.11384499999997
2020-03-11 01:00:00,2.5417666666666667,2.5816,597.91121,224.20762666666667
2020-03-11 02:00:00,2.6805166666666667,2.7193833333333335,599.5926816666666,196.41093333333336
2020-03-11 03:00:00,2.832066666666667,2.8720833333333333,595.8408350000001,185.44296
2020-03-11 04:00:00,2.977716666666667,3.0176000000000003,597.8187683333333,216.04622166666667
2020-03-11 05:00:00,3.11735,3.1577833333333336,601.1451416666666,201.40129166666665
2020-03-11 06:00:00,3.42375,3.4784333333333333,561.26445109375,231.30266500000002
2020-03-11 07:00:00,3.6818166666666667,3.7138,180.14000557291666,417.16962666666666
2020-03-11 08:00:00,3.4927,3.49975,274.90497166666665,485.1532466666667
2020-03-11 09:00:00,3.404166666666667,3.4104,328.22197166666666,333.13778333333335
2020-03-11 10:00:00,3.35705,3.3657,301.44544833333333,348.6371066666667
2020-03-11 11:00:00,3.2837166666666664,3.289916666666667,297.48564833333336,383.2469683333333
2020-03-11 12:00:00,3.192833333333333,3.197983333333333,296.84361666666666,395.4727233333333
2020-03-11 13:00:00,3.0895,3.0940833333333333,296.25255500000003,385.7338
2020-03-11 14:00:00,3.0175833333333335,3.0241833333333332,296.3496666666667,345.0458883333333
2020-03-11 15:00:00,2.9663833333333334,2.9741,295.9939416666667,328.94911833333333
2020-03-11 16:00:00,2.909683333333333,2.9150666666666667,300.079135,349.25177333333335
2020-03-11 17:00:00,2.853016666666667,2.8587333333333333,298.77448499999997,369.62172333333336
2020-03-11 18:00:00,2.7319833333333334,2.7295333333333334,294.1031883333333,429.32310666666666
2020-03-11 19:00:00,2.6471999999999998,2.6500666666666666,292.0008933333333,401.50852000000003
2020-03-11 20:00:00,2.5283333333333333,2.529233333333333,291.79144333333335,433.77416
2020-03-11 21:00:00,2.38695,2.38165,293.8130983333333,508.75492
2020-03-11 22:00:00,2.2406,2.2386833333333334,293.827655,403.5355333333334
2020-03-11 23:00:00,2.19375,2.188083333333333,519.52058,333.3007183333333
2020-03-12 00:00:00,2.258033333333333,2.3004666666666664,641.6838133333333,265.41272833333335
2020-03-12 01:00:00,2.3936166666666665,2.4356666666666666,634.3990116666666,229.03704666666667
2020-03-12 02:00:00,2.544433333333333,2.5834166666666665,633.9439733333334,200.16828333333333
2020-03-12 03:00:00,2.7081999999999997,2.7471,633.2529433333333,185.46993666666668
2020-03-12 04:00:00,2.8771833333333334,2.917666666666667,638.4474366666667,184.44091333333333
2020-03-12 05:00:00,3.0347,3.0755166666666667,631.2537856997455,236.63411166666666
2020-03-12 06:00:00,3.2334166666666664,3.249083333333333,581.1821309160306,338.0369166666667
2020-03-12 07:00:00,3.4528666666666665,3.4700333333333333,519.8261767175572,340.60157333333336
2020-03-12 08:00:00,3.5243166666666665,3.53615,317.16216333333335,357.055285
2020-03-12 09:00:00,3.4540833333333336,3.4633,305.10778666666664,390.6099966666667
2020-03-12 10:00:00,3.3706666666666667,3.3803666666666667,306.65888,359.68909333333335
2020-03-12 11:00:00,3.3155,3.32705,307.39293,345.87653000000006
2020-03-12 12:00:00,3.2402333333333333,3.24695,304.637375,389.95696000000004
2020-03-12 13:00:00,3.1390000000000002,3.1421333333333332,301.54546,424.2117816666667
2020-03-12 14:00:00,3.0364166666666668,3.0393666666666665,304.4786183333334,419.8281833333333
2020-03-12 15:00:00,2.9267499999999997,2.9311833333333337,302.84439333333336,380.694385
2020-03-12 16:00:00,2.8735333333333335,2.8813166666666663,299.57037,331.0221666666667
2020-03-12 17:00:00,2.8221,2.829333333333333,302.6727683333333,336.9818966666666
2020-03-12 18:00:00,2.7486166666666665,2.7498666666666667,308.70164,414.14516833333334
2020-03-12 19:00:00,2.6562166666666664,2.6576333333333335,314.65747333333337,414.75317
2020-03-12 20:00:00,2.5139833333333335,2.5081833333333337,313.13976833333334,533.9015966666667
2020-03-12 21:00:00,2.3495500000000002,2.3455333333333335,301.07676499999997,470.4050066666667
2020-03-12 22:00:00,2.2045833333333333,2.2007833333333333,306.702285,476.85724666666664
2020-03-12 23:00:00,2.1119833333333333,2.117366666666667,431.24914,317.71147833333333
2020-03-13 00:00:00,2.1826166666666666,2.200083333333333,646.2722916666667,277.7659733333333
2020-03-13 01:00:00,2.304216666666667,2.3230833333333334,646.53242,238.01284166666667
2020-03-13 02:00:00,2.4567666666666668,2.4766333333333335,650.5029983333334,199.06097
2020-03-13 03:00:00,2.6254333333333335,2.645983333333333,649.2881333333333,190.87045666666666
2020-03-13 04:00:00,2.7960333333333334,2.8183333333333334,649.1798616666667,188.570255
2020-03-13 05:00:00,2.9622666666666664,2.985116666666667,638.8441630864197,200.17838166666667
2020-03-13 06:00:00,3.1466,3.1871333333333336,582.3850172839506,245.83530333333334
2020-03-13 07:00:00,3.301016666666667,3.3509499999999997,473.98886913580253,381.8958
2020-03-13 08:00:00,3.4198999999999997,3.4636666666666667,338.59365216049383,335.059365
2020-03-13 09:00:00,3.404533333333333,3.4277666666666664,245.10892333333334,341.6466766666666
2020-03-13 10:00:00,3.3333999999999997,3.3568333333333333,242.00264333333334,334.99710166666665
2020-03-13 11:00:00,3.2373833333333333,3.2584166666666667,241.97284499999998,368.24983333333336
2020-03-13 12:00:00,3.1273833333333334,3.146083333333333,241.32544666666666,476.52683666666667
2020-03-13 13:00:00,2.952033333333333,2.9678166666666663,243.61999,472.15191
2020-03-13 14:00:00,2.82385,2.842766666666667,244.78468999999998,342.0071566666667
2020-03-13 15:00:00,2.7403833333333334,2.7584333333333335,241.83510166666665,359.93412333333333
2020-03-13 16:00:00,2.6542666666666666,2.6715666666666666,243.945185,340.74639833333333
2020-03-13 17:00:00,2.5719,2.58965,242.46142999999998,347.51854833333334
2020-03-13 18:00:00,2.453116666666667,2.465716666666667,243.0059916666667,509.9833883333333
2020-03-13 19:00:00,2.2666833333333334,2.2785333333333333,243.41615,461.2972283333333
2020-03-13 20:00:00,2.148416666666667,2.1667166666666664,241.58230666666668,339.01323666666667
2020-03-13 21:00:00,2.049116666666667,2.0639333333333334,236.08580666666666,436.20134666666667
2020-03-13 22:00:00,1.9501833333333332,1.9498,476.2153141891892,388.6361133333333
2020-03-13 23:00:00,2.15745,2.1991333333333336,734.625747972973,301.54615333333334
2020-03-14 00:00:00,2.4068833333333335,2.4739166666666668,579.0946153378378,311.53437833333334
2020-03-14 01:00:00,2.485783333333333,2.5517166666666666,560.3801266666667,236.04009
2020-03-14 02:00:00,2.6019833333333335,2.665,566.2743016666667,219.05547833333333
2020-03-14 03:00:00,2.7311,2.7912833333333333,563.162195,196.30343166666668
2020-03-14 04:00:00,2.8712333333333335,2.9302166666666665,563.4657833333333,188.07574833333334
2020-03-14 05:00:00,3.0100166666666666,3.0696833333333333,577.0981306554307,200.67563666666666
2020-03-14 06:00:00,3.3050833333333336,3.30905,637.2217264044943,245.07598000000002
2020-03-14 07:00:00,3.583966666666667,3.5945833333333335,492.48553627340823,291.5062116666667
2020-03-14 08:00:00,3.580633333333333,3.6011499999999996,293.2896566666667,333.75417333333337
2020-03-14 09:00:00,3.468933333333333,3.500183333333333,210.33837,411.51187000000004
2020-03-14 10:00:00,3.339183333333333,3.370166666666667,209.21180999999999,384.4340616666667
2020-03-14 11:00:00,3.1971333333333334,3.2172166666666664,324.88457,497.84841666666665
2020-03-14 12:00:00,3.1161499999999998,3.10375,450.8978783333333,459.0073566666667
2020-03-14 13:00:00,2.9831,3.0084,254.85738,428.84486666666663
2020-03-14 14:00:00,2.891633333333333,2.90405,353.0537166666666,430.786295
2020-03-14 15:00:00,2.76495,2.7723,390.6721816666667,500.03625833333336
2020-03-14 16:00:00,2.678,2.70935,520.1053816666666,398.144045
2020-03-14 17:00:00,2.6952166666666666,2.7274333333333334,516.9907866666666,351.313255
2020-03-14 18:00:00,2.7053333333333334,2.7390833333333333,517.8870866666667,353.3480916666667
2020-03-14 19:00:00,2.6717999999999997,2.69135,300.283185,460.06312833333334
2020-03-14 20:00:00,2.539333333333333,2.5535,256.5195733333333,360.18016
2020-03-14 21:00:00,2.466666666666667,2.4829333333333334,256.70351,336.499815
2020-03-14 22:00:00,2.4099833333333334,2.425816666666667,256.38196,348.27919
2020-03-14 23:00:00,2.3213500000000002,2.3365333333333336,340.5749366666667,346.62517166666663
2020-03-15 00:00:00,2.3499666666666665,2.3673333333333333,550.3685833333333,296.90881333333334
2020-03-15 01:00:00,2.4170666666666665,2.4361666666666664,553.4169133333332,257.3639866666667
2020-03-15 02:00:00,2.5288666666666666,2.5472166666666665,555.9998300000001,219.29129666666668
2020-03-15 03:00:00,2.6465,2.6655333333333333,555.3878016666666,217.356335
2020-03-15 04:00:00,2.7715,2.792533333333333,536.26757,189.09246166666665
2020-03-15 05:00:00,2.90115,2.92275,549.9298599086758,192.54203666666666
2020-03-15 06:00:00,3.09085,3.1175833333333336,595.0713910958905,227.34050666666664
2020-03-15 07:00:00,3.3060833333333335,3.335983333333333,413.49815821917804,264.3150366666667
2020-03-15 08:00:00,3.447283333333333,3.4869166666666667,285.83123410958905,325.152465
2020-03-15 09:00:00,3.40155,3.4477666666666664,285.33001666666667,339.3386483333333
2020-03-15 10:00:00,3.265133333333333,3.3162833333333332,279.78796666666665,537.1439066666667
2020-03-15 11:00:00,3.1332,3.179733333333333,276.80225666666666,339.81260000000003
2020-03-15 12:00:00,3.027933333333333,3.0764833333333335,274.9557083333333,500.70621833333337
2020-03-15 13:00:00,2.8251333333333335,2.8778,374.68085499999995,584.9226333333334
2020-03-15 14:00:00,2.7128,2.7673,490.29132500000003,414.1285066666667
2020-03-15 15:00:00,2.7016333333333336,2.7506333333333335,485.5505616666667,356.23408333333333
2020-03-15 16:00:00,2.7171000000000003,2.7638833333333332,484.49072333333334,325.000075
2020-03-15 17:00:00,2.69875,2.750716666666667,487.55247833333334,464.4551133333333
2020-03-15 18:00:00,2.637383333333333,2.6853166666666666,432.545495,389.77325833333333
2020-03-15 19:00:00,2.6115166666666667,2.654733333333333,410.033355,340.6949133333334
2020-03-15 20:00:00,2.5864333333333334,2.62795,407.82575166666663,392.86759333333333
2020-03-15 21:00:00,2.5484333333333336,2.5890333333333335,407.96645,325.23114333333336
2020-03-15 22:00:00,2.5247499999999996,2.5670333333333333,408.00764833333335,396.54282
2020-03-15 23:00:00,2.4839166666666666,2.5275833333333333,452.6624316666667,324.55305666666663
2020-03-16 00:00:00,2.54775,2.5887333333333333,493.50417166666665,231.063815
2020-03-16 01:00:00,2.615016666666667,2.6604666666666663,494.19624166666665,323.04213999999996
2020-03-16 02:00:00,2.66465,2.70785,494.2330083333334,233.93241
2020-03-16 03:00:00,2.741833333333333,2.784783333333333,492.042235,238.76282
2020-03-16 04:00:00,2.841666666666667,2.8827833333333337,494.456345,192.43205833333334
2020-03-16 05:00:00,2.94405,2.987083333333333,497.7856233333333,216.880925
2020-03-16 06:00:00,3.15035,3.175883333333333,519.0870136138614,242.05328833333334
2020-03-16 07:00:00,3.43265,3.4530499999999997,358.8862463861386,358.79004833333335
2020-03-16 08:00:00,3.4785166666666667,3.521666666666667,517.3533633333333,425.70638833333334
2020-03-16 09:00:00,3.3997666666666664,3.4468,515.86415,514.0054766666667
2020-03-16 10:00:00,3.3499333333333334,3.3938333333333333,510.3552916666667,372.0403866666667
2020-03-16 11:00:00,3.357,3.4002333333333334,510.86861500000003,355.5649066666667
2020-03-16 12:00:00,3.3547000000000002,3.38325,340.21316833333333,396.7292816666667
2020-03-16 13:00:00,3.2259333333333333,3.2373666666666665,276.6577416666667,524.71881
2020-03-16 14:00:00,3.0377500000000004,3.047633333333333,269.43227833333333,445.68508333333335
2020-03-16 15:00:00,2.941033333333333,2.9577666666666667,262.750855,337.68194666666665
2020-03-16 16:00:00,2.8781666666666665,2.89295,261.03440166666667,365.77155000000005
2020-03-16 17:00:00,2.8007166666666667,2.814983333333333,275.65942333333334,317.3524366666667
2020-03-16 18:00:00,2.738583333333333,2.752083333333333,275.53520166666664,382.3721083333333
2020-03-16 19:00:00,2.6399166666666667,2.6512499999999997,273.4061116666666,373.90777833333334
2020-03-16 20:00:00,2.567066666666667,2.5793000000000004,275.6916116666667,344.37323000000004
2020-03-16 21:00:00,2.492766666666667,2.50395,269.72983666666664,403.5878633333333
2020-03-16 22:00:00,2.34265,2.3493666666666666,267.66606333333334,458.9864416666667
2020-03-16 23:00:00,2.2998499999999997,2.309283333333333,556.6532033333333,289.0606933333333
2020-03-17 00:00:00,2.3986666666666663,2.4145,570.96724,243.63339666666667
2020-03-17 01:00:00,2.4927833333333336,2.5070666666666668,576.7577333333334,276.1185733333333
2020-03-17 02:00:00,2.5996666666666663,2.617766666666667,575.8491016666667,218.838065
2020-03-17 03:00:00,2.7264333333333335,2.744866666666667,571.0427616666667,211.12897
2020-03-17 04:00:00,2.86025,2.8808333333333334,573.01684,201.0008
2020-03-17 05:00:00,2.99865,3.021583333333333,579.3066108333334,209.92740666666666
2020-03-17 06:00:00,3.3494666666666664,3.390733333333333,604.5546807598039,449.605545
2020-03-17 07:00:00,3.5532833333333333,3.5174666666666665,449.7203975735294,437.81284500000004
2020-03-17 08:00:00,3.478816666666667,3.5327166666666665,285.29660333333334,374.23634166666665
2020-03-17 09:00:00,3.4144833333333335,3.4688333333333334,276.6937566666667,321.8889766666667
2020-03-17 10:00:00,3.3527666666666667,3.40705,277.1736116666667,337.63403666666665
2020-03-17 11:00:00,3.2793,3.3348999999999998,276.76580333333334,377.1543683333333
2020-03-17 12:00:00,3.1732,3.2295000000000003,304.88195,465.71435333333335
2020-03-17 13:00:00,3.0688833333333334,3.1165666666666665,346.50051833333333,396.1053733333334
2020-03-17 14:00:00,2.982133333333333,3.0288,343.89413499999995,395.4582516666667
2020-03-17 15:00:00,2.946366666666667,2.9877,338.69099166666666,308.8013833333333
2020-03-17 16:00:00,2.91075,2.953016666666667,344.29978833333337,332.065
2020-03-17 17:00:00,2.8749166666666666,2.9172833333333332,344.9248366666667,368.1862933333333
2020-03-17 18:00:00,2.8015166666666667,2.8463166666666666,345.42519833333336,391.92664499999995
2020-03-17 19:00:00,2.707333333333333,2.7536,344.27021333333334,420.62851333333333
2020-03-17 20:00:00,2.6336,2.6773666666666665,350.2702933333333,394.135725
2020-03-17 21:00:00,2.5437333333333334,2.5890166666666667,347.58806333333337,406.46851499999997
2020-03-17 22:00:00,2.472666666666667,2.5166833333333334,348.12594666666666,425.25676333333337
2020-03-17 23:00:00,2.3886,2.4112,541.307665,480.8723483333333
2020-03-18 00:00:00,2.40545,2.4228666666666663,569.67463,260.48089
2020-03-18 01:00:00,2.5182,2.5381666666666667,570.7334916666666,231.24820833333334
2020-03-18 02:00:00,2.6383666666666667,2.6584999999999996,573.3888433333334,211.47257666666667
2020-03-18 03:00:00,2.7704166666666667,2.790316666666667,570.8214383333333,203.89405666666667
2020-03-18 04:00:00,2.9061333333333335,2.9274,573.0957033333333,190.70834166666666
2020-03-18 05:00:00,3.0497666666666663,3.0689333333333333,565.3141981175061,203.57548666666668
2020-03-18 06:00:00,3.27165,3.25595,541.9437852517985,261.5005483333333
2020-03-18 07:00:00,3.4793666666666665,3.454833333333333,522.6219291366907,347.85763000000003
2020-03-18 08:00:00,3.530466666666667,3.5490166666666667,316.4651074940048,378.8987833333333
2020-03-18 09:00:00,3.4029000000000003,3.4419833333333334,290.8551016666667,446.34204000000005
2020-03-18 10:00:00,3.2855833333333333,3.3237333333333337,289.68394,444.375155
2020-03-18 11:00:00,3.174316666666667,3.211,288.1812533333333,372.17561
2020-03-18 12:00:00,3.1103,3.145683333333333,289.3297083333334,347.97595333333334
2020-03-18 13:00:00,3.006866666666667,3.0422000000000002,285.62941166666667,430.4719283333333
2020-03-18 14:00:00,2.9025166666666666,2.9370333333333334,289.2663483333333,398.28212666666667
2020-03-18 15:00:00,2.8331999999999997,2.8664833333333335,288.79395833333336,304.49783
2020-03-18 16:00:00,2.79665,2.8291,287.3783733333333,300.05224
2020-03-18 17:00:00,2.745883333333333,2.7774666666666668,287.65323333333333,366.41218000000003
2020-03-18 18:00:00,2.6461166666666665,2.6778,287.5940816666667,394.32351833333337
2020-03-18 19:00:00,2.5588166666666665,2.5893333333333337,299.76596666666666,414.6747316666667
2020-03-18 20:00:00,2.4013666666666666,2.4310166666666664,306.85824833333334,579.0876583333334
2020-03-18 21:00:00,2.1983166666666665,2.2288833333333335,308.4124916666667,526.8859016666667
2020-03-18 22:00:00,2.0730833333333334,2.1165833333333333,337.82388869918697,374.638815
2020-03-18 23:00:00,2.1555000000000004,2.2405166666666667,597.8617979674797,327.4482516666667
2020-03-19 00:00:00,2.259183333333333,2.3067166666666665,551.5872033333333,264.01766000000003
2020-03-19 01:00:00,2.3636666666666666,2.4105333333333334,555.5217983333333,224.40613
2020-03-19 02:00:00,2.4841333333333333,2.5284,558.7686716666667,205.60894166666668
2020-03-19 03:00:00,2.6159499999999998,2.660483333333333,555.7796733333333,188.97508000000002
2020-03-19 04:00:00,2.7548000000000004,2.7981333333333334,558.84584,186.54050166666667
2020-03-19 05:00:00,2.8889,2.933266666666667,553.9459522222222,199.71526833333334
2020-03-19 06:00:00,3.153383333333333,3.2064833333333334,514.6640777777777,270.95234166666665
2020-03-19 07:00:00,3.35725,3.3800833333333333,374.277835,382.21038500000003
2020-03-19 08:00:00,3.365666666666667,3.4223,390.24356279935273,330.9413966666667
2020-03-19 09:00:00,3.550883333333333,3.659066666666667,530.4207155339806,428.5283816666667
2020-03-19 10:00:00,3.645283333333333,3.6669833333333335,363.6947616666667,410.67726666666664
2020-03-19 11:00:00,3.5686666666666667,3.5707666666666666,314.308355,375.56654333333336
2020-03-19 12:00:00,3.4699833333333334,3.4972166666666666,162.57702333333333,342.878745
2020-03-19 13:00:00,3.3255833333333333,3.3523833333333335,162.79617166666668,437.321385
2020-03-19 14:00:00,3.1713,3.1978,158.68249,358.92141833333335
2020-03-19 15:00:00,3.0623,3.08825,159.30195666666665,345.77069166666666
2020-03-19 16:00:00,2.940033333333333,2.9659666666666666,166.84223333333333,346.08542166666666
2020-03-19 17:00:00,2.8333333333333335,2.85935,166.674365,345.95816833333333
2020-03-19 18:00:00,2.7216333333333336,2.7471166666666664,173.81266,393.2358766666667
2020-03-19 19:00:00,2.5422333333333333,2.5766,253.93116833333335,532.2120983333333
2020-03-19 20:00:00,2.34145,2.3785833333333333,255.00444000000002,518.0574216666666
2020-03-19 21:00:00,2.18085,2.21475,246.03034833333334,407.3889116666667
2020-03-19 22:00:00,2.06345,2.0977166666666665,242.89200833333334,405.55753666666664
2020-03-19 23:00:00,2.0753666666666666,2.0579166666666664,383.73810833333334,338.82570833333335
2020-03-20 00:00:00,2.1886333333333337,2.2127833333333333,616.789385,241.84971666666667
2020-03-20 01:00:00,2.3247166666666668,2.3507000000000002,621.2128016666667,211.80637
2020-03-20 02:00:00,2.4757666666666664,2.502333333333333,623.305575,200.21722833333334
2020-03-20 03:00:00,2.6344166666666666,2.66285,625.4302966666667,189.62206833333332
2020-03-20 04:00:00,2.796133333333333,2.8240666666666665,620.0407849999999,188.25102
2020-03-20 05:00:00,2.950483333333333,2.98325,640.4983633333334,223.93680166666667
2020-03-20 06:00:00,3.20545,3.29725,716.0841964285714,283.5147283333333
2020-03-20 07:00:00,3.4974333333333334,3.5946,520.5599960714286,376.36073000000005
2020-03-20 08:00:00,3.4461500000000003,3.4796,253.213515,509.68610333333334
2020-03-20 09:00:00,3.3036499999999998,3.3304,249.37796333333333,371.52402166666667
2020-03-20 10:00:00,3.2190166666666666,3.2468833333333333,250.34217500000003,342.10369
2020-03-20 11:00:00,3.1461833333333336,3.1719333333333335,249.76278,346.535455
2020-03-20 12:00:00,3.0402833333333334,3.065,251.16735333333332,439.1836
2020-03-20 13:00:00,2.8915,2.9156666666666666,252.52919333333332,435.25946166666665
2020-03-20 14:00:00,2.78295,2.8066833333333334,249.49320833333334,373.32582833333333
2020-03-20 15:00:00,2.6974666666666667,2.7170666666666667,278.77981833333337,338.02974333333333
2020-03-20 16:00:00,2.67495,2.682166666666667,378.0711616666667,321.018155
2020-03-20 17:00:00,2.649083333333333,2.65575,367.467205,388.395845
2020-03-20 18:00:00,2.5249,2.5246666666666666,363.86307833333336,533.4106266666666
2020-03-20 19:00:00,2.376316666666667,2.3759,362.75723,521.147545
2020-03-20 20:00:00,2.2493833333333333,2.2505499999999996,364.9836583333333,432.8118666666667
2020-03-20 21:00:00,2.1706,2.1748666666666665,361.25464166666666,381.41438833333336
2020-03-20 22:00:00,2.1286,2.1371666666666664,363.7128083333333,357.99171
2020-03-20 23:00:00,2.0960666666666667,2.1187,530.9010783333333,329.86840666666666
2020-03-21 00:00:00,2.160542372881356,2.1997118644067792,624.7360813559322,313.8626881355932
2020-03-21 01:00:00,2.2638666666666665,2.30055,632.0758683333333,245.48913499999998
2020-03-21 02:00:00,2.4143166666666667,2.4494,638.1891333333333,205.26880500000001
2020-03-21 03:00:00,2.5717,2.607666666666667,636.7458416666667,197.09136666666666
2020-03-21 04:00:00,2.7314166666666666,2.76865,627.3640933333334,217.24058166666666
2020-03-21 05:00:00,2.8793,2.9166499999999997,650.2181939285714,205.81307999999999
2020-03-21 06:00:00,3.1310833333333337,3.1443166666666666,747.7858990116802,234.16491333333335
2020-03-21 07:00:00,3.496866666666667,3.5028333333333337,610.5619062264151,360.33963166666666
2020-03-21 08:00:00,3.5317,3.5700166666666666,267.68612833333333,394.44377
2020-03-21 09:00:00,3.4505833333333333,3.4930833333333333,288.0274816666667,356.8600083333333
2020-03-21 10:00:00,3.3557333333333332,3.3989833333333332,285.22695500000003,410.2188083333333
2020-03-21 11:00:00,3.2586999999999997,3.300116666666667,285.23494166666666,362.4608066666667
2020-03-21 12:00:00,3.1726,3.215533333333333,261.3652866666667,398.50266166666665
2020-03-21 13:00:00,3.037383333333333,3.0835999999999997,252.2259116666667,472.8646766666667
2020-03-21 14:00:00,2.864916666666667,2.9118833333333334,249.00422500000002,464.52985333333334
2020-03-21 15:00:00,2.7100333333333335,2.755666666666667,249.36516166666667,478.01540166666666
2020-03-21 16:00:00,2.5233,2.5686166666666663,269.16905166666663,523.6989383333333
2020-03-21 17:00:00,2.4091,2.4492333333333334,371.947675,367.65891833333336
2020-03-21 18:00:00,2.379766666666667,2.4367,478.0727783333333,370.3985383333333
2020-03-21 19:00:00,2.366333333333333,2.4246166666666666,471.71401833333334,361.77525499999996
2020-03-21 20:00:00,2.3535,2.40655,304.49631666666664,320.51696833333335
2020-03-21 21:00:00,2.2744500000000003,2.3317833333333335,275.88949333333335,373.3652916666667
2020-03-21 22:00:00,2.2121666666666666,2.2649166666666667,285.63904833333333,333.34269333333333
2020-03-21 23:00:00,2.159583333333333,2.2021333333333337,503.9131433333333,436.54956166666665
2020-03-22 00:00:00,2.1875166666666668,2.2338,574.1809066666666,277.97303833333336
2020-03-22 01:00:00,2.2733666666666665,2.322983333333333,588.1149499999999,276.495375
2020-03-22 02:00:00,2.3828,2.4283333333333332,585.7866783333334,211.101135
2020-03-22 03:00:00,2.5277499999999997,2.5709,587.122885,190.65517499999999
2020-03-22 04:00:00,2.671766666666667,2.7151833333333335,584.2617483333332,198.26877666666667
2020-03-22 05:00:00,2.8115,2.8571666666666666,580.811401,206.831825
2020-03-22 06:00:00,3.056233333333333,3.08195,553.009085,241.69549999999998
2020-03-22 07:00:00,3.38585,3.410083333333333,517.663685,255.87327333333332
2020-03-22 08:00:00,3.5861333333333336,3.60935,332.83778816666666,317.0265283333334
2020-03-22 09:00:00,3.4967166666666665,3.5259333333333336,197.91134333333332,365.7316533333333
2020-03-22 10:00:00,3.38655,3.4156833333333334,199.08033333333333,400.80824333333334
2020-03-22 11:00:00,3.2482333333333333,3.277083333333333,202.4665,377.08617
2020-03-22 12:00:00,3.0963833333333333,3.1233333333333335,201.03044333333335,542.36744
2020-03-22 13:00:00,2.8299833333333333,2.8541166666666666,198.42334833333334,637.81942
2020-03-22 14:00:00,2.566666666666667,2.5902000000000003,198.27558499999998,461.9142
2020-03-22 15:00:00,2.4514833333333335,2.4749,199.46718666666666,353.067715
2020-03-22 16:00:00,2.3636833333333334,2.3875333333333333,290.6363069634703,344.65703833333333
2020-03-22 17:00:00,2.453683333333333,2.5296499999999997,164.85745003652966,378.3886733333333
2020-03-22 18:00:00,2.4867166666666667,2.50945,181.74266833333334,362.57719499999996
2020-03-22 19:00:00,2.3626333333333336,2.3751666666666664,171.91601833333334,389.7873883333333
2020-03-22 20:00:00,2.20065,2.212083333333333,169.176595,482.0565066666667
2020-03-22 21:00:00,2.0299,2.0424166666666665,166.10689833333333,387.6471666666667
2020-03-22 22:00:00,1.9360833333333334,1.9866166666666667,178.4856408865248,368.5459266666667
2020-03-22 23:00:00,2.1411000000000002,2.2451333333333334,247.71535904255316,313.18350666666663
2020-03-23 00:00:00,2.4009333333333336,2.4220333333333333,618.3398242375886,270.25931
2020-03-23 01:00:00,2.5316666666666667,2.5373666666666663,631.6075516666666,221.69509333333332
2020-03-23 02:00:00,2.6772833333333335,2.6845166666666667,634.52743,221.49518166666667
2020-03-23 03:00:00,2.8347333333333333,2.8441666666666667,641.9236533333334,192.49627333333333
2020-03-23 04:00:00,2.99735,3.0076166666666664,638.5764116666667,197.55399333333335
2020-03-23 05:00:00,3.1543666666666668,3.16415,634.0863433333333,231.79119
2020-03-23 06:00:00,3.2874833333333333,3.3104500000000003,621.077364047619,253.04006333333334
2020-03-23 07:00:00,3.54435,3.6237833333333334,410.27219178571426,357.68813666666665
2020-03-23 08:00:00,3.6408833333333335,3.6259333333333337,305.6315583333333,396.241585
2020-03-23 09:00:00,3.4993,3.452116666666667,297.180725,584.8042966666667
2020-03-23 10:00:00,3.2878,3.2435,295.6137016666667,479.74475
2020-03-23 11:00:00,3.1713666666666667,3.143733333333333,294.93332833333335,402.53925999999996
2020-03-23 12:00:00,3.0632333333333337,3.027133333333333,296.09641666666664,435.77271833333333
2020-03-23 13:00:00,2.9517666666666664,2.9205833333333335,295.9499833333333,401.9476583333333
2020-03-23 14:00:00,2.8318166666666666,2.7933666666666666,300.5804483333333,436.06472
2020-03-23 15:00:00,2.7564833333333336,2.7338333333333336,301.53610166666664,315.8346716666667
2020-03-23 16:00:00,2.70675,2.678233333333333,299.3552066666667,359.0603566666667
2020-03-23 17:00:00,2.6385,2.6117166666666667,298.21885000000003,339.83535
2020-03-23 18:00:00,2.5719166666666666,2.5410833333333334,295.8701183333333,408.07828166666667
2020-03-23 19:00:00,2.4399,2.3950166666666663,298.23054833333333,483.35945
2020-03-23 20:00:00,2.3202,2.291233333333333,295.18074,345.54339999999996
2020-03-23 21:00:00,2.24695,2.213983333333333,293.2877633333334,409.70861499999995
2020-03-23 22:00:00,2.1464333333333334,2.1150666666666664,293.97220833333336,375.5303916666666
2020-03-23 23:00:00,2.083066666666667,2.0650333333333335,351.815415,299.02461666666665
2020-03-24 00:00:00,2.1160166666666664,2.153583333333333,611.4542833333333,275.88252833333337
2020-03-24 01:00:00,2.2136666666666667,2.253016666666667,612.7296316666667,256.2171333333333
2020-03-24 02:00:00,2.355433333333333,2.393466666666667,610.7152866666668,196.53257333333335
2020-03-24 03:00:00,2.5120333333333336,2.5487333333333333,613.042115,185.51707
2020-03-24 04:00:00,2.6630666666666665,2.7017499999999997,612.894135,216.32671666666664
2020-03-24 05:00:00,2.8025666666666664,2.8402499999999997,612.6257421574643,228.267285
2020-03-24 06:00:00,3.0494166666666667,3.0646,544.2865325153374,248.90090166666667
2020-03-24 07:00:00,3.285883333333333,3.297266666666667,446.0217717791411,492.11258833333335
2020-03-24 08:00:00,3.36705,3.377133333333333,356.4374885480573,575.4613016666666
2020-03-24 09:00:00,3.27095,3.2920000000000003,334.859605,378.65971333333334
2020-03-24 10:00:00,3.2182166666666663,3.24015,338.3985616666667,328.477585
2020-03-24 11:00:00,3.1594166666666665,3.1801000000000004,338.17823666666663,408.04867666666667
2020-03-24 12:00:00,3.07405,3.0929166666666665,338.35351333333335,398.34073333333333
2020-03-24 13:00:00,2.9875833333333333,3.00725,324.180435,397.40777333333335
2020-03-24 14:00:00,2.9315166666666665,2.9508333333333336,333.1138833333333,319.0133916666666
2020-03-24 15:00:00,2.88765,2.9056166666666665,335.025055,380.95888
2020-03-24 16:00:00,2.8059333333333334,2.82275,332.89315999999997,359.85064
2020-03-24 17:00:00,2.7718833333333333,2.7893833333333333,333.1026233333333,321.73631666666665
2020-03-24 18:00:00,2.6817166666666665,2.6952833333333337,333.87064,497.3582816666667
2020-03-24 19:00:00,2.5667833333333334,2.5821666666666667,333.7662933333333,415.34265
2020-03-24 20:00:00,2.4927,2.5120666666666667,331.15012666666667,330.2371866666666
2020-03-24 21:00:00,2.4316,2.44905,333.891195,407.6058883333333
2020-03-24 22:00:00,2.3519333333333337,2.3696833333333336,337.56202666666667,382.50770833333337
2020-03-24 23:00:00,2.3557833333333336,2.3879333333333337,619.8818200000001,283.62403333333333
2020-03-25 00:00:00,2.4557333333333333,2.48825,575.7427783333333,300.79638
2020-03-25 01:00:00,2.4820333333333333,2.5177833333333335,575.2025816666667,399.1706083333333
2020-03-25 02:00:00,2.5423,2.575016666666667,572.2969400000001,222.65902
2020-03-25 03:00:00,2.6736333333333335,2.7058000000000004,571.30544,205.25775166666665
2020-03-25 04:00:00,2.8110833333333334,2.8426666666666667,577.167985,188.52957333333333
2020-03-25 05:00:00,2.944166666666667,2.9772833333333333,577.8902508139535,237.48510333333334
2020-03-25 06:00:00,3.189,3.2452666666666667,518.8280383720931,295.4956716666667
2020-03-25 07:00:00,3.4199166666666665,3.4611500000000004,292.73164581395355,433.89267666666666
2020-03-25 08:00:00,3.4130333333333334,3.40305,341.52428,424.67414
2020-03-25 09:00:00,3.5268,3.5129,329.48470166666664,361.86882833333334
2020-03-25 10:00:00,3.4203333333333332,3.471783333333333,220.05041333333332,368.42461166666664
2020-03-25 11:00:00,3.3175499999999998,3.370433333333333,216.90109666666666,354.16166833333335
2020-03-25 12:00:00,3.209,3.2624833333333334,215.43131166666666,422.9643116666667
2020-03-25 13:00:00,3.0603333333333333,3.1151166666666668,215.43795833333334,395.03155499999997
2020-03-25 14:00:00,2.9497666666666666,3.0006166666666667,218.78893666666667,358.16862000000003
2020-03-25 15:00:00,2.9037,2.950016666666667,294.80064666666664,420.69496499999997
2020-03-25 16:00:00,3.096983333333333,3.14,520.5053750000001,362.39335666666665
2020-03-25 17:00:00,3.0831,3.1459166666666665,287.3223233333334,437.3202466666667
2020-03-25 18:00:00,2.971283333333333,3.03265,287.59141,361.31817333333333
2020-03-25 19:00:00,2.9035333333333333,2.9625166666666667,279.24303,373.05635666666666
2020-03-25 20:00:00,2.7917666666666667,2.857066666666667,277.49893,422.00479666666666
2020-03-25 21:00:00,2.64195,2.7117166666666668,275.24245499999995,507.94082833333334
2020-03-25 22:00:00,2.4816333333333334,2.5481666666666665,276.95664500000004,432.5588833333333
2020-03-25 23:00:00,2.3644000000000003,2.4268666666666667,375.60477166666664,423.96047999999996
2020-03-26 00:00:00,2.414,2.43615,636.2175433333334,313.19618499999996
2020-03-26 01:00:00,2.5174000000000003,2.5401499999999997,635.5675033333333,229.66897
2020-03-26 02:00:00,2.66595,2.6887833333333333,639.9155433333333,209.06171
2020-03-26 03:00:00,2.828683333333333,2.8518,641.7186716666668,192.57883833333332
2020-03-26 04:00:00,2.9936166666666666,3.0182,641.7263616666667,197.441735
2020-03-26 05:00:00,3.1494666666666666,3.175316666666667,636.0407846184738,208.10659833333332
2020-03-26 06:00:00,3.40345,3.4415,557.7614686746988,264.257205
2020-03-26 07:00:00,3.6339166666666665,3.6739666666666664,294.7083950401606,358.79436999999996
2020-03-26 08:00:00,3.52875,3.56615,200.59355833333333,382.70797166666665
2020-03-26 09:00:00,3.39825,3.435283333333333,192.20634,407.74315
2020-03-26 10:00:00,3.2849166666666667,3.3207,188.97479,331.54687333333334
2020-03-26 11:00:00,3.1853833333333332,3.2216333333333336,189.52195166666667,339.92922166666665
2020-03-26 12:00:00,3.0850166666666667,3.1210166666666668,193.92492,375.35334166666667
2020-03-26 13:00:00,2.9335333333333335,2.9659,372.504325,555.7775516666667
2020-03-26 14:00:00,2.8268833333333334,2.854316666666667,362.19265616666667,342.571465
2020-03-26 15:00:00,2.7923166666666663,2.8192666666666666,296.2792083333333,304.505035
2020-03-26 16:00:00,2.7335333333333334,2.757966666666667,295.91236000000004,375.3480166666667
2020-03-26 17:00:00,2.671116666666667,2.69555,297.1726083333333,323.16537
2020-03-26 18:00:00,2.6038,2.6270000000000002,293.15290999999996,396.833355
2020-03-26 19:00:00,2.5126166666666667,2.5351666666666666,293.11164833333333,376.0505366666667
2020-03-26 20:00:00,2.368666666666667,2.3910833333333334,292.53135333333336,535.6714049999999
2020-03-26 21:00:00,2.2069666666666667,2.2286833333333336,292.35181,484.2974883333333
2020-03-26 22:00:00,2.0572333333333335,2.0794333333333332,301.886905,421.32660833333335
2020-03-26 23:00:00,2.005583333333333,2.0256333333333334,478.07453,330.79298833333337
2020-03-27 00:00:00,2.0931333333333333,2.126933333333333,672.9211166666666,236.61838500000002
2020-03-27 01:00:00,2.252483333333333,2.2866500000000003,670.5125983333334,213.07961500000002
2020-03-27 02:00:00,2.419766666666667,2.4529,674.5169483333334,203.89306666666667
2020-03-27 03:00:00,2.595966666666667,2.629516666666667,677.8062733333334,188.57736666666668
2020-03-27 04:00:00,2.7745,2.8092166666666665,678.1686566666667,220.10939666666667
2020-03-27 05:00:00,2.9268333333333336,2.9636,680.5995036021505,224.40706
2020-03-27 06:00:00,3.201016666666667,3.23095,715.0496247311827,249.8158633333333
2020-03-27 07:00:00,3.52835,3.5452166666666667,546.91729,364.86716333333334
2020-03-27 08:00:00,3.5084500000000003,3.51755,316.9454383333333,366.83151166666664
2020-03-27 09:00:00,3.4436833333333334,3.4533666666666667,311.68097666666665,338.0732683333334
2020-03-27 10:00:00,3.3993666666666664,3.4098666666666664,310.25027666666665,316.8449416666666
2020-03-27 11:00:00,3.34235,3.3501166666666666,307.8745533333333,390.42691666666667
2020-03-27 12:00:00,3.202733333333333,3.202183333333333,310.62260499999996,539.6588566666667
2020-03-27 13:00:00,3.0606166666666668,3.0639499999999997,311.31773,412.20545166666665
2020-03-27 14:00:00,2.9678,2.9735666666666662,310.99124666666665,359.8594683333333
2020-03-27 15:00:00,2.91795,2.9257333333333335,307.17187666666666,332.7537683333333
2020-03-27 16:00:00,2.8646666666666665,2.8704666666666667,311.7296983333334,345.85815333333335
2020-03-27 17:00:00,2.7998333333333334,2.8064999999999998,311.87148666666667,353.83333166666665
2020-03-27 18:00:00,2.734383333333333,2.7383,314.4094316666667,418.06413833333335
2020-03-27 19:00:00,2.587816666666667,2.5832166666666665,312.8234566666667,526.34438
2020-03-27 20:00:00,2.4394666666666667,2.44005,311.65692333333334,388.9704983333333
2020-03-27 21:00:00,2.346566666666667,2.3466,311.2719783333333,439.46718
2020-03-27 22:00:00,2.2543333333333333,2.2571999999999997,309.65121833333336,354.80776333333336
2020-03-27 23:00:00,2.19165,2.20505,438.210815,393.71540166666665
2020-03-28 00:00:00,2.2175000000000002,2.253,612.1728866666667,264.8852316666667
2020-03-28 01:00:00,2.3381,2.372333333333333,614.6895566666666,239.6170283333333
2020-03-28 02:00:00,2.4718999999999998,2.5058833333333337,611.2864316666667,223.215005
2020-03-28 03:00:00,2.6124333333333336,2.6458500000000003,611.7168333333334,204.62966999999998
2020-03-28 04:00:00,2.7615833333333333,2.7963333333333336,614.0836866666667,198.03706
2020-03-28 05:00:00,2.9140333333333333,2.9482833333333334,616.8341416666666,198.97779666666665
2020-03-28 06:00:00,3.1647666666666665,3.1668333333333334,508.3808238461539,234.34321166666666
2020-03-28 07:00:00,3.3562833333333333,3.397,605.0726111538462,286.7371383333333
2020-03-28 08:00:00,3.4625,3.5139,731.8417633333333,331.9420616666667
2020-03-28 09:00:00,3.53875,3.5981666666666667,614.592795,415.672255
2020-03-28 10:00:00,3.5127499999999996,3.5848166666666668,441.3747133333334,376.59348666666665
2020-03-28 11:00:00,3.4268833333333335,3.509666666666667,439.15563000000003,483.56173
2020-03-28 12:00:00,3.3808333333333334,3.4521333333333337,436.99379500000003,381.805345
2020-03-28 13:00:00,3.3124833333333332,3.390016666666667,436.03517999999997,450.9380516666667
2020-03-28 14:00:00,3.2426833333333334,3.3182,444.35706833333336,385.0267983333333
2020-03-28 15:00:00,3.24185,3.3086833333333336,435.2151983333333,319.5388716666667
2020-03-28 16:00:00,3.23285,3.3021833333333332,426.26368,402.241725
2020-03-28 17:00:00,3.1144666666666665,3.1995500000000003,429.2172033333334,551.4809666666666
2020-03-28 18:00:00,3.0184833333333336,3.0924833333333335,427.6844233333333,375.1767316666667
2020-03-28 19:00:00,2.96,3.0349500000000003,424.97357166666666,471.93568500000003
2020-03-28 20:00:00,2.8877,2.960466666666667,429.07406499999996,397.4650266666667
2020-03-28 21:00:00,2.8634833333333334,2.9309,434.234085,338.6014483333333
2020-03-28 22:00:00,2.857666666666667,2.921866666666667,432.96438166666667,328.18055666666663
2020-03-28 23:00:00,2.8392833333333334,2.908533333333333,428.00414166666667,365.50434333333334
2020-03-29 00:00:00,2.8437666666666668,2.9040833333333333,424.008195,272.1297433333333
2020-03-29 01:00:00,2.895183333333333,2.95205,427.94011166666667,244.101055
2020-03-29 02:00:00,2.9328833333333337,2.9923833333333336,424.9924383333334,265.68883
2020-03-29 03:00:00,2.99035,3.0433166666666667,427.52732166666664,203.76282333333333
2020-03-29 04:00:00,3.0741333333333336,3.126,431.04778,193.95449666666667
2020-03-29 05:00:00,3.1537333333333333,3.2071166666666664,430.4067866666667,205.051975
2020-03-29 06:00:00,3.2231666666666667,3.2802000000000002,428.77936500000004,231.37825999999998
2020-03-29 07:00:00,3.3328833333333336,3.39725,500.41331,276.8732866666667
2020-03-29 08:00:00,3.5291,3.560683333333333,411.96499166666666,323.0119433333333
2020-03-29 09:00:00,3.514016666666667,3.5254666666666665,342.15935666666667,418.93615666666665
2020-03-29 10:00:00,3.3827333333333334,3.3868666666666667,307.85049999999995,463.1415983333334
2020-03-29 11:00:00,3.278383333333333,3.28725,309.258475,365.79148499999997
2020-03-29 12:00:00,3.208466666666667,3.2167000000000003,315.65810500000003,369.06214
2020-03-29 13:00:00,3.1065833333333335,3.1083,317.07024333333334,521.946275
2020-03-29 14:00:00,2.8992333333333336,2.891383333333333,316.7604283333333,576.3892099999999
2020-03-29 15:00:00,2.7526,2.75605,311.7987733333333,381.10203
2020-03-29 16:00:00,2.684266666666667,2.6872666666666665,315.26957666666664,402.15209166666665
2020-03-29 17:00:00,2.554333333333333,2.5514666666666668,312.917065,460.04352833333337
2020-03-29 18:00:00,2.4545833333333333,2.4593,311.73128833333334,365.27996833333333
2020-03-29 19:00:00,2.3776,2.3825333333333334,312.418315,378.7237983333333
2020-03-29 20:00:00,2.3062666666666667,2.3119500000000004,310.31332000000003,360.91530500000005
2020-03-29 21:00:00,2.2377,2.2429666666666668,308.41115666666667,385.1787983333333
2020-03-29 22:00:00,2.1565166666666666,2.1624833333333333,305.44675333333333,344.552505
2020-03-29 23:00:00,2.103083333333333,2.1163833333333333,408.4160366666667,362.1188466666666
2020-03-30 00:00:00,2.0905666666666667,2.1338333333333335,652.0882316666666,359.09828833333336
2020-03-30 01:00:00,2.20615,2.244666666666667,653.2009949999999,247.88770666666667
2020-03-30 02:00:00,2.3436333333333335,2.3833833333333336,649.9993016666667,236.45102166666666
2020-03-30 03:00:00,2.486883333333333,2.5246166666666667,651.3960633333334,222.44655333333333
2020-03-30 04:00:00,2.6483166666666667,2.6854,652.0621583333334,197.5132866666667
2020-03-30 05:00:00,2.81165,2.8497666666666666,649.7142083333333,205.89281666666665
2020-03-30 06:00:00,3.0731333333333333,3.076,563.9463666666667,248.74279166666665
2020-03-30 07:00:00,3.395966666666667,3.384583333333333,409.0183666666666,329.5911766666667
2020-03-30 08:00:00,3.5229166666666667,3.540516666666667,296.2502783333333,404.92281333333335
2020-03-30 09:00:00,3.4208166666666666,3.4564666666666666,297.78955833333333,418.4990066666667
2020-03-30 10:00:00,3.2695833333333337,3.3052833333333336,286.42361999999997,511.2177933333333
2020-03-30 11:00:00,3.1140499999999998,3.1481833333333333,298.0902033333333,423.0623483333333
2020-03-30 12:00:00,3.0209166666666665,3.053733333333333,297.00598833333333,445.3980583333333
2020-03-30 13:00:00,2.8497666666666666,2.8822166666666664,296.17088666666666,521.82096
2020-03-30 14:00:00,2.722583333333333,2.7544666666666666,294.817545,383.0216
2020-03-30 15:00:00,2.6366,2.6671,293.89043166666664,392.68510833333335
2020-03-30 16:00:00,2.5541,2.5839333333333334,294.58216999999996,345.9294483333333
2020-03-30 17:00:00,2.4948166666666665,2.5237833333333333,294.07506333333333,348.37430333333333
2020-03-30 18:00:00,2.41655,2.44605,293.66076833333335,377.211365
2020-03-30 19:00:00,2.3369166666666668,2.36715,294.0653633333333,365.425815
2020-03-30 20:00:00,2.2583333333333333,2.28985,291.7952016666667,372.181645
2020-03-30 21:00:00,2.1654666666666667,2.1958333333333333,289.5691016666667,440.9045
2020-03-30 22:00:00,2.028016666666667,2.0591500000000003,291.3225966666667,426.49578166666663
2020-03-30 23:00:00,2.0119833333333332,2.0471333333333335,651.94507,298.977275
2020-03-31 00:00:00,2.153633333333333,2.1879166666666667,691.3394666666667,243.85713333333334
2020-03-31 01:00:00,2.3111333333333333,2.345966666666667,694.1845833333333,225.74466166666667
2020-03-31 02:00:00,2.484,2.5191500000000002,699.6013033333334,207.86796833333335
2020-03-31 03:00:00,2.6666833333333333,2.7020166666666667,697.1485466666667,205.42511333333331
2020-03-31 04:00:00,2.8421833333333333,2.877283333333333,698.7284249999999,200.508985
2020-03-31 05:00:00,3.0007,3.03895,695.874548806706,265.2246916666667
2020-03-31 06:00:00,3.1964166666666665,3.215316666666667,717.1344946745562,293.93565666666666
2020-03-31 07:00:00,3.3685166666666664,3.3810833333333337,752.464198816568,375.1212116666667
2020-03-31 08:00:00,3.4867500000000002,3.4974,668.4384077021696,492.4559516666667
2020-03-31 09:00:00,3.367566666666667,3.4009666666666667,207.11915,476.457465
2020-03-31 10:00:00,3.219,3.253916666666667,199.85764,374.545225
2020-03-31 11:00:00,3.0826833333333337,3.11775,199.58122166666666,446.86318166666666
2020-03-31 12:00:00,2.9059000000000004,2.9397,198.207215,462.2954916666667
2020-03-31 13:00:00,2.74215,2.7748,198.49244166666668,401.972525
2020-03-31 14:00:00,2.6371333333333333,2.6686166666666664,199.02220333333335,330.0627333333333
2020-03-31 15:00:00,2.6080666666666668,2.6521,188.59710405555555,389.26462166666664
2020-03-31 16:00:00,2.876116666666667,2.9267666666666665,154.21489344444444,318.42966
2020-03-31 17:00:00,2.893333333333333,2.9193,154.39962500000001,402.69286166666666
2020-03-31 18:00:00,2.7641166666666668,2.79,155.64012666666667,355.08742333333333
2020-03-31 19:00:00,2.61665,2.6426166666666666,154.07749166666665,428.23625
2020-03-31 20:00:00,2.437816666666667,2.4631666666666665,147.27661,469.667295
2020-03-31 21:00:00,2.2531166666666667,2.2788,150.2451066666667,383.77520166666665
2020-03-31 22:00:00,2.10745,2.131133333333333,152.7813766666667,422.2056583333333
2020-03-31 23:00:00,2.0618666666666665,2.0894833333333334,649.1474533333333,274.74966333333333
2020-04-01 00:00:00,2.210983333333333,2.2384166666666667,710.1751483333334,241.19397833333332
2020-04-01 01:00:00,2.3787000000000003,2.4057666666666666,709.4334333333334,225.01066333333335
2020-04-01 02:00:00,2.5547,2.58295,712.1347883333333,209.18523166666668
2020-04-01 03:00:00,2.7377499999999997,2.7652666666666668,712.0088783333333,207.52367
2020-04-01 04:00:00,2.9254666666666664,2.9556,714.012725,187.84560833333333
2020-04-01 05:00:00,3.084416666666667,3.1152666666666664,703.2697983333333,340.4660533333333
2020-04-01 06:00:00,3.206566666666667,3.251433333333333,625.4276336254295,364.84417666666667
2020-04-01 07:00:00,3.5449333333333333,3.5990333333333333,409.73779637457045,361.62871333333334
2020-04-01 08:00:00,3.587483333333333,3.6465166666666664,330.201105,386.2766683333333
2020-04-01 09:00:00,3.5139666666666667,3.5727333333333333,330.69274333333334,394.719315
2020-04-01 10:00:00,3.396783333333333,3.4580166666666665,317.71354499999995,441.87892
2020-04-01 11:00:00,3.3141000000000003,3.3692333333333333,318.8808066666667,375.6909366666667
2020-04-01 12:00:00,3.213083333333333,3.27165,322.3935016666667,436.7457966666667
2020-04-01 13:00:00,3.11695,3.1724166666666664,330.51806666666664,377.9217233333333
2020-04-01 14:00:00,3.0578,3.111683333333333,335.10170833333336,347.5166883333333
2020-04-01 15:00:00,3.017333333333333,3.0448166666666667,285.47839166666665,350.393895
2020-04-01 16:00:00,2.95905,2.9779666666666667,281.643195,315.202525
2020-04-01 17:00:00,2.8881666666666663,2.9052333333333333,281.1352533333333,393.60369166666663
2020-04-01 18:00:00,2.7919,2.80975,285.1807283333334,376.6371183333333
2020-04-01 19:00:00,2.6972,2.715133333333333,290.4576866666667,439.2757716666666
2020-04-01 20:00:00,2.539633333333333,2.5546833333333336,277.24907833333333,466.0850516666667
2020-04-01 21:00:00,2.4021,2.416816666666667,281.157875,502.4548683333333
2020-04-01 22:00:00,2.2228,2.234983333333333,278.4980133333333,482.29166
2020-04-01 23:00:00,2.16985,2.1914666666666665,564.0393166666667,280.8113266666667
2020-04-02 00:00:00,2.2624,2.287516666666667,604.1116083333333,296.87219999999996
2020-04-02 01:00:00,2.3609999999999998,2.38605,611.03706,235.36925666666667
2020-04-02 02:00:00,2.5029166666666667,2.5281333333333333,611.4499683333332,207.93591999999998
2020-04-02 03:00:00,2.6458166666666667,2.6713999999999998,607.7524216666667,206.44407666666666
2020-04-02 04:00:00,2.7890666666666664,2.8145499999999997,606.4100199999999,203.355105
2020-04-02 05:00:00,2.9361166666666665,2.9626,607.6340004871795,203.39238833333332
2020-04-02 06:00:00,3.182733333333333,3.209233333333333,566.5591480769231,266.5944783333333
2020-04-02 07:00:00,3.4426166666666664,3.4725166666666665,500.022425,349.704245
2020-04-02 08:00:00,3.51465,3.5234333333333336,252.27971726923076,428.7137716666667
2020-04-02 09:00:00,3.33905,3.3331,234.78274333333331,485.91565999999995
2020-04-02 10:00:00,3.191733333333333,3.1908666666666665,238.79243833333334,416.75539166666664
2020-04-02 11:00:00,3.0766666666666667,3.0780666666666665,233.85318999999998,366.75444
2020-04-02 12:00:00,2.9625333333333335,2.9617666666666667,231.93382000000003,406.81887166666667
2020-04-02 13:00:00,2.818566666666667,2.814,240.64641,460.002195
2020-04-02 14:00:00,2.698983333333333,2.7032666666666665,294.1286566666667,339.74326333333335
2020-04-02 15:00:00,2.652733333333333,2.6607333333333334,291.957925,300.4897266666667
2020-04-02 16:00:00,2.6200666666666668,2.62675,293.8191666666667,291.8422516666667
2020-04-02 17:00:00,2.5681166666666666,2.5732833333333334,292.16768833333333,384.4344333333333
2020-04-02 18:00:00,2.471766666666667,2.4745666666666666,293.69472833333333,428.400785
2020-04-02 19:00:00,2.3294,2.3293666666666666,297.10922666666664,477.2420333333333
2020-04-02 20:00:00,2.16365,2.160883333333333,294.3121483333333,532.8947833333334
2020-04-02 21:00:00,1.991,1.9885,293.5250083333333,452.0382933333333
2020-04-02 22:00:00,1.8902166666666667,1.89345,346.10760166666665,399.0421216666667
2020-04-02 23:00:00,1.8554666666666668,1.8953833333333334,658.3825949999999,345.16926666666666
2020-04-03 00:00:00,1.9713500000000002,2.00415,669.6875366666667,261.663665
2020-04-03 01:00:00,2.11835,2.150316666666667,673.8699966666667,223.50964166666665
2020-04-03 02:00:00,2.2849500000000003,2.3141166666666666,678.3393966666666,195.01072166666665
2020-04-03 03:00:00,2.466333333333333,2.497783333333333,687.5551083333334,193.969675
2020-04-03 04:00:00,2.6461333333333332,2.67705,691.5136616666666,198.25572333333332
2020-04-03 05:00:00,2.8250666666666664,2.85615,691.4493221182266,216.080915
2020-04-03 06:00:00,3.02905,3.0526,663.9973534482759,289.744145
2020-04-03 07:00:00,3.2306000000000004,3.2548166666666662,635.6909790640394,389.26574999999997
2020-04-03 08:00:00,3.36755,3.3917333333333333,607.3846046798029,395.6651566666667
2020-04-03 09:00:00,3.48035,3.5105999999999997,422.6064006896552,389.7927
2020-04-03 10:00:00,3.40705,3.4450333333333334,326.5709,399.5880433333333
2020-04-03 11:00:00,3.3341166666666666,3.370433333333333,323.79479833333335,375.264585
2020-04-03 12:00:00,3.2484166666666665,3.284666666666667,325.32996833333334,398.60801833333335
2020-04-03 13:00:00,3.16625,3.2011499999999997,325.593325,377.30305166666665
2020-04-03 14:00:00,3.08745,3.1216999999999997,326.0998766666667,409.55306
2020-04-03 15:00:00,3.0099666666666667,3.0430166666666665,336.40492333333333,335.51414666666665
2020-04-03 16:00:00,2.985516666666667,3.0173,339.93583333333333,309.2727783333333
2020-04-03 17:00:00,2.9159,2.94885,342.18027333333333,444.127115
2020-04-03 18:00:00,2.815816666666667,2.8496,343.1688616666667,459.7231916666667
2020-04-03 19:00:00,2.6595500000000003,2.6942999999999997,323.4706883333334,510.2087916666667
2020-04-03 20:00:00,2.541416666666667,2.5741666666666663,332.03177666666664,389.995715
2020-04-03 21:00:00,2.483983333333333,2.5157499999999997,331.8265166666667,350.5458466666667
2020-04-03 22:00:00,2.416433333333333,2.4482166666666667,321.03184500000003,362.8087133333333
2020-04-03 23:00:00,2.3806333333333334,2.4251666666666667,490.92250500000006,309.60645
2020-04-04 00:00:00,2.454266666666667,2.5048166666666662,550.9964466666667,249.48482166666665
2020-04-04 01:00:00,2.5528833333333334,2.601583333333333,551.64091,231.61306166666665
2020-04-04 02:00:00,2.6657,2.7125333333333335,548.4699916666667,229.3541033333333
2020-04-04 03:00:00,2.7299833333333337,2.7853666666666665,547.6867149999999,321.8984933333333
2020-04-04 04:00:00,2.8241666666666663,2.8703833333333337,549.9983850000001,197.82645166666669
2020-04-04 05:00:00,2.962483333333333,3.0028833333333336,547.7160924509805,197.3559
2020-04-04 06:00:00,3.3007666666666666,3.3580666666666668,446.3748911764706,285.12994999999995
2020-04-04 07:00:00,3.672566666666667,3.6875833333333334,349.61107470588234,317.32930666666664
2020-04-04 08:00:00,3.645233333333333,3.6397,306.26329499999997,361.455045
2020-04-04 09:00:00,3.5422833333333332,3.5789166666666667,263.41781833333334,358.58806166666665
2020-04-04 10:00:00,3.4579333333333335,3.494333333333333,258.40772833333335,337.15882500000004
2020-04-04 11:00:00,3.3624,3.3987,262.4512233333333,401.4979216666667
2020-04-04 12:00:00,3.2488666666666663,3.2842666666666664,258.70925833333337,425.704805
2020-04-04 13:00:00,3.1057166666666665,3.1403000000000003,260.70905166666665,473.71654166666667
2020-04-04 14:00:00,2.9758333333333336,3.009066666666667,261.80111,362.9987466666667
2020-04-04 15:00:00,2.871366666666667,2.90415,263.42341,427.02851333333336
2020-04-04 16:00:00,2.7521833333333334,2.785566666666667,263.6953766666667,435.2574266666667
2020-04-04 17:00:00,2.5934166666666667,2.625916666666667,263.1648333333333,453.701
2020-04-04 18:00:00,2.4867666666666666,2.51905,265.2049533333333,375.40928833333334
2020-04-04 19:00:00,2.381533333333333,2.4134,263.4253783333333,369.79168500000003
2020-04-04 20:00:00,2.3073333333333332,2.3374,260.06716166666666,330.1018683333333
2020-04-04 21:00:00,2.2202166666666665,2.2510499999999998,259.76271833333334,422.68511166666667
2020-04-04 22:00:00,2.091466666666667,2.123266666666667,262.56723166666666,394.5146083333333
2020-04-04 23:00:00,2.000383333333333,2.0328500000000003,330.7999116666667,318.85649
2020-04-05 00:00:00,2.061783333333333,2.09275,663.0333783333333,278.49312166666664
2020-04-05 01:00:00,2.185983333333333,2.2161666666666666,665.53558,246.76877333333334
2020-04-05 02:00:00,2.3360833333333333,2.36795,664.3196483333334,222.29221
2020-04-05 03:00:00,2.4945833333333334,2.5253500000000004,653.3253916666667,201.97619666666665
2020-04-05 04:00:00,2.6597333333333335,2.6891833333333333,653.0966333333333,202.490475
2020-04-05 05:00:00,2.8301000000000003,2.85955,655.020702037037,198.13124666666667
2020-04-05 06:00:00,3.1081,3.1027833333333334,609.064619047619,225.64164
2020-04-05 07:00:00,3.39895,3.3807,543.8221955820105,336.23801333333336
2020-04-05 08:00:00,3.4790666666666668,3.5094666666666665,299.2432083333333,327.16163166666666
2020-04-05 09:00:00,3.3784666666666667,3.4141833333333333,273.76205500000003,419.55397
2020-04-05 10:00:00,3.2878,3.3219333333333334,270.9269316666667,347.95087500000005
2020-04-05 11:00:00,3.16985,3.2041666666666666,268.9745833333333,483.34366000000006
2020-04-05 12:00:00,3.0320833333333335,3.0645499999999997,269.16712333333334,411.895695
2020-04-05 13:00:00,2.87385,2.9058166666666665,267.8509516666667,547.1516233333333
2020-04-05 14:00:00,2.6686166666666664,2.699183333333333,265.59229166666665,479.29852833333337
2020-04-05 15:00:00,2.5646166666666668,2.59355,268.4110116666667,338.67314
2020-04-05 16:00:00,2.4700333333333333,2.5034,274.32533166666667,409.90498833333334
2020-04-05 17:00:00,2.374283333333333,2.40625,270.3221233333333,347.03351166666664
2020-04-05 18:00:00,2.3055666666666665,2.3367500000000003,291.8848633333333,359.55529
2020-04-05 19:00:00,2.203316666666667,2.2235500000000004,408.53311833333333,528.6354133333333
2020-04-05 20:00:00,2.1148833333333332,2.1364500000000004,412.48139,355.7005483333333
2020-04-05 21:00:00,2.0843333333333334,2.1059333333333337,415.03704999999997,376.4573633333333
2020-04-05 22:00:00,2.0359666666666665,2.0569333333333333,413.92765833333334,391.27565500000003
2020-04-05 23:00:00,2.0328166666666667,2.059833333333333,563.827525,302.57080333333334
2020-04-06 00:00:00,2.12435,2.152633333333333,600.3470833333333,260.7010866666667
2020-04-06 01:00:00,2.2373499999999997,2.2652666666666668,606.5809816666666,239.61825
2020-04-06 02:00:00,2.3677,2.3977833333333334,613.0312583333333,219.97262333333336
2020-04-06 03:00:00,2.5082666666666666,2.5395499999999998,612.8845183333334,208.13913833333334
2020-04-06 04:00:00,2.6872,2.7207999999999997,618.2624816666666,255.82098499999998
2020-04-06 05:00:00,3.127216666666667,3.166533333333333,673.6501053763441,229.16604166666667
2020-04-06 06:00:00,3.4833833333333333,3.5252666666666665,529.1469883357771,260.28823166666666
2020-04-06 07:00:00,3.5699166666666664,3.6104666666666665,269.44360378787877,388.5802616666667
2020-04-06 08:00:00,3.410616666666667,3.4504333333333337,248.26365833333332,516.60451
2020-04-06 09:00:00,3.276216666666667,3.2960833333333333,242.7793525082508,466.74497833333334
2020-04-06 10:00:00,3.37915,3.323716666666667,218.942401980198,452.78580666666664
2020-04-06 11:00:00,3.4795833333333333,3.4849,200.82186217821783,362.29851333333335
2020-04-06 12:00:00,3.328516666666667,3.372183333333333,197.86731333333333,448.944535
2020-04-06 13:00:00,3.185166666666667,3.2270666666666665,198.34033333333335,388.3625466666666
2020-04-06 14:00:00,3.0686000000000004,3.1090333333333335,198.57502666666667,347.46877333333333
2020-04-06 15:00:00,2.990666666666667,3.0278,196.73501166666668,289.27756000000005
2020-04-06 16:00:00,2.9166499999999997,2.9564666666666666,197.64632333333333,344.9223083333333
2020-04-06 17:00:00,2.77915,2.8217166666666667,198.47312333333332,459.54828
2020-04-06 18:00:00,2.7157833333333334,2.696633333333333,679.2185499999999,423.20957833333335
2020-04-06 19:00:00,2.791333333333333,2.7660833333333334,688.7920483333332,340.93580333333335
2020-04-06 20:00:00,2.8550666666666666,2.82,689.0792983333333,404.25116499999996
2020-04-06 21:00:00,2.9192666666666667,2.8886666666666665,688.4493883333333,380.5002966666667
2020-04-06 22:00:00,2.9803,2.9534499999999997,675.72575,368.4929133333333
2020-04-06 23:00:00,3.046116666666667,3.0412666666666666,554.875895,288.87538
2020-04-07 00:00:00,3.0644666666666667,3.1011,422.0200733333333,265.22519
2020-04-07 01:00:00,3.11695,3.1538666666666666,422.85659166666665,239.50809833333332
2020-04-07 02:00:00,3.1676166666666665,3.203733333333333,422.27936500000004,230.01264
2020-04-07 03:00:00,3.2373333333333334,3.2729666666666666,421.05952666666667,201.98149999999998
2020-04-07 04:00:00,3.308966666666667,3.3446,413.28629333333333,247.19020833333335
2020-04-07 05:00:00,3.3247500000000003,3.3609,396.3922,261.0959266666667
2020-04-07 06:00:00,3.36195,3.3977,395.441765,290.02912333333336
2020-04-07 07:00:00,3.4478333333333335,3.4952666666666667,556.3936649999999,376.309675
2020-04-07 08:00:00,3.4114500000000003,3.46915,578.5550783333333,531.1963433333333
2020-04-07 09:00:00,3.3382,3.3735333333333335,412.4280016666667,432.07239000000004
2020-04-07 10:00:00,3.286283333333333,3.309966666666667,358.8929733333333,362.480165
2020-04-07 11:00:00,3.2396666666666665,3.25045,266.62573499999996,325.24896333333334
2020-04-07 12:00:00,3.14845,3.1521,264.68607833333334,422.8530583333333
2020-04-07 13:00:00,3.023166666666667,3.0263166666666668,264.3450133333333,396.81107499999996
2020-04-07 14:00:00,2.8995166666666665,2.9022666666666668,264.3352566666667,423.135085
2020-04-07 15:00:00,2.8043,2.8106999999999998,267.61781333333334,343.93481499999996
2020-04-07 16:00:00,2.7466999999999997,2.7535166666666666,267.26126666666664,297.5026633333334
2020-04-07 17:00:00,2.6980666666666666,2.7036333333333333,261.2856116666666,332.6709183333333
2020-04-07 18:00:00,2.609283333333333,2.6115500000000003,256.0675033333333,382.84551666666664
2020-04-07 19:00:00,2.5045833333333336,2.5067333333333335,256.6839616666667,380.8409933333333
2020-04-07 20:00:00,2.4032666666666667,2.4052000000000002,257.1871033333333,399.0145516666667
2020-04-07 21:00:00,2.278833333333333,2.279433333333333,254.097925,415.5834566666666
2020-04-07 22:00:00,2.1341166666666664,2.13075,255.49984833333335,446.810745
2020-04-07 23:00:00,2.082266666666667,2.1060666666666665,553.959735,282.55181999999996
2020-04-08 00:00:00,2.1837,2.2199166666666668,651.5553383333333,257.75326333333334
2020-04-08 01:00:00,2.3192666666666666,2.354516666666667,654.3501233333334,237.47006166666668
2020-04-08 02:00:00,2.4776499999999997,2.5106166666666665,659.56062,193.02569499999998
2020-04-08 03:00:00,2.653966666666667,2.6878333333333333,661.2869783333333,180.679685
2020-04-08 04:00:00,2.832466666666667,2.8664666666666667,658.5315033333334,180.55747833333334
2020-04-08 05:00:00,2.9835833333333337,3.0197,653.1046996688742,320.76560166666667
2020-04-08 06:00:00,3.1297333333333333,3.140133333333333,555.0147122516556,403.28018833333334
2020-04-08 07:00:00,3.3870500000000003,3.4203833333333336,434.7802354304636,367.9330166666667
2020-04-08 08:00:00,3.5800166666666664,3.616333333333333,311.7252976490066,337.55930333333333
2020-04-08 09:00:00,3.52145,3.5593833333333333,280.96713,379.36266166666667
2020-04-08 10:00:00,3.405733333333333,3.44285,283.21147666666667,452.50090166666666
2020-04-08 11:00:00,3.275183333333333,3.3106666666666666,281.51516,410.8427433333334
2020-04-08 12:00:00,3.1445333333333334,3.1789,278.287375,445.4901983333333
2020-04-08 13:00:00,3.0104166666666665,3.04475,276.44829500000003,433.83879833333333
2020-04-08 14:00:00,2.9171,2.9488,278.34027333333336,343.878385
2020-04-08 15:00:00,2.8573000000000004,2.8881333333333337,278.22648833333335,300.6250866666667
2020-04-08 16:00:00,2.8076,2.837816666666667,278.90330166666666,330.29876333333334
2020-04-08 17:00:00,2.74065,2.7710999999999997,278.616775,336.5247066666667
2020-04-08 18:00:00,2.6714333333333333,2.70245,277.88843333333335,378.7916916666666
2020-04-08 19:00:00,2.5662000000000003,2.59755,275.9526483333333,397.6067283333333
2020-04-08 20:00:00,2.476116666666667,2.508383333333333,278.5184466666667,383.3966316666667
2020-04-08 21:00:00,2.35045,2.3829166666666666,288.6359483333334,481.3476033333333
2020-04-08 22:00:00,2.1568833333333335,2.1904,289.86482333333333,559.627575
2020-04-08 23:00:00,2.0572166666666667,2.1004666666666667,602.0725333333334,343.45155
2020-04-09 00:00:00,2.1767166666666666,2.207866666666667,658.3943666666667,248.75955166666665
2020-04-09 01:00:00,2.3111,2.3428,662.624385,237.60216333333335
2020-04-09 02:00:00,2.473,2.5031166666666667,669.4405916666667,196.73621833333334
2020-04-09 03:00:00,2.6521166666666667,2.6847333333333334,671.5884416666667,179.036915
2020-04-09 04:00:00,2.8364,2.8700166666666664,667.2413366666666,181.37846333333334
2020-04-09 05:00:00,3.0129666666666663,3.0480500000000004,666.532970625,197.612685
2020-04-09 06:00:00,3.245033333333333,3.2914499999999998,619.36268125,260.9682
2020-04-09 07:00:00,3.4420333333333333,3.4865500000000003,413.0935664583333,349.8507416666667
2020-04-09 08:00:00,3.3859833333333333,3.419766666666667,342.7720566666667,388.54861999999997
2020-04-09 09:00:00,3.3270166666666667,3.36015,328.01461333333333,364.55091833333336
2020-04-09 10:00:00,3.2222,3.254233333333333,326.06315333333333,447.38890333333336
2020-04-09 11:00:00,3.1516666666666664,3.1832333333333334,328.148125,305.73071833333336
2020-04-09 12:00:00,3.102616666666667,3.1353333333333335,328.3107516666667,404.04137499999996
2020-04-09 13:00:00,2.988316666666667,3.018266666666667,331.33035333333333,432.58901
2020-04-09 14:00:00,2.9086,2.939316666666667,335.3548133333333,340.14859
2020-04-09 15:00:00,2.8705333333333334,2.8996666666666666,334.38337333333334,322.0669716666667
2020-04-09 16:00:00,2.8451833333333334,2.8741,335.36690999999996,319.09587833333336
2020-04-09 17:00:00,2.7964333333333333,2.8266,332.3203066666667,374.7833366666666
2020-04-09 18:00:00,2.7241,2.753233333333333,333.22264333333334,359.572245
2020-04-09 19:00:00,2.6157,2.6454166666666667,332.96170333333333,503.8199466666667
2020-04-09 20:00:00,2.49415,2.5235,329.99146666666667,472.3545316666667
2020-04-09 21:00:00,2.3265833333333332,2.35525,329.9940266666666,514.819105
2020-04-09 22:00:00,2.221616666666667,2.2506,330.957135,358.44768666666664
2020-04-09 23:00:00,2.2489166666666667,2.2872333333333335,532.3771066666667,279.5248383333334
2020-04-10 00:00:00,2.3956500000000003,2.4186166666666664,624.7099316666666,229.81845166666665
2020-04-10 01:00:00,2.528633333333333,2.5519666666666665,627.9152433333334,226.85149666666666
2020-04-10 02:00:00,2.674383333333333,2.6989333333333336,626.8662316666666,227.12158333333335
2020-04-10 03:00:00,2.8069166666666665,2.8332166666666665,623.75417,221.19137
2020-04-10 04:00:00,2.9487,2.9754666666666667,622.2033683333334,201.26264666666665
2020-04-10 05:00:00,3.0988333333333333,3.126,619.5797166666667,215.66495166666667
2020-04-10 06:00:00,3.2158333333333333,3.2446833333333336,613.2921650000001,277.84510500000005
2020-04-10 07:00:00,3.2986666666666666,3.326916666666667,611.09728,379.205335
2020-04-10 08:00:00,3.2780666666666667,3.3061333333333334,606.1086716666666,451.25475833333337
2020-04-10 09:00:00,3.2675833333333335,3.2714166666666666,328.36811833333337,368.476065
2020-04-10 10:00:00,3.1988666666666665,3.195333333333333,310.4188216666667,360.7668816666667
2020-04-10 11:00:00,3.13465,3.13245,311.08068833333334,321.6734916666667
2020-04-10 12:00:00,3.0844333333333336,3.0803833333333333,313.2720983333333,367.8702016666667
2020-04-10 13:00:00,2.995483333333333,2.9840333333333335,311.69258,425.40405166666665
2020-04-10 14:00:00,2.9038833333333334,2.895783333333333,309.0442166666666,355.285155
2020-04-10 15:00:00,2.8389,2.83245,302.8221966666667,348.12284
2020-04-10 16:00:00,2.7681166666666663,2.7589166666666665,306.30692,363.9054666666667
2020-04-10 17:00:00,2.6567333333333334,2.6353999999999997,309.079805,482.7648483333333
2020-04-10 18:00:00,2.5424833333333337,2.5306,304.47720666666663,382.79854
2020-04-10 19:00:00,2.4420333333333333,2.4244666666666665,305.86171,480.6705083333334
2020-04-10 20:00:00,2.2784666666666666,2.253433333333333,310.35514500000005,490.9146416666666
2020-04-10 21:00:00,2.1651166666666666,2.1544666666666665,303.30245666666667,349.79158
2020-04-10 22:00:00,2.086466666666667,2.07395,306.7289666666667,398.1868283333333
2020-04-10 23:00:00,2.01355,2.0103666666666666,336.342275,303.6201
2020-04-11 00:00:00,2.0560666666666667,2.08305,624.5040133333333,243.84231333333335
2020-04-11 01:00:00,2.199316666666667,2.2283166666666667,646.9555466666667,208.58996833333333
2020-04-11 02:00:00,2.3628,2.3931166666666663,656.9170300000001,203.80458666666667
2020-04-11 03:00:00,2.4804166666666663,2.5136333333333334,657.26109,296.29689666666667
2020-04-11 04:00:00,2.627083333333333,2.657983333333333,647.6033816666666,203.46907000000002
2020-04-11 05:00:00,2.7929666666666666,2.8227666666666664,649.4143105208333,190.3003666666667
2020-04-11 06:00:00,3.0505833333333334,3.07855,582.577090625,246.31999666666667
2020-04-11 07:00:00,3.3292166666666665,3.3592333333333335,448.895215625,332.4755016666667
2020-04-11 08:00:00,3.4416333333333333,3.4606333333333335,365.7011648958333,356.81248666666664
2020-04-11 09:00:00,3.4008666666666665,3.417133333333333,360.18024333333335,345.19952333333333
2020-04-11 10:00:00,3.350616666666667,3.3648666666666665,359.2674733333333,381.72345
2020-04-11 11:00:00,3.2778833333333335,3.2910666666666666,364.1941166666667,392.65727
2020-04-11 12:00:00,3.2216,3.2361500000000003,363.02208666666667,377.965085
2020-04-11 13:00:00,3.1466333333333334,3.157166666666667,360.400925,436.776895
2020-04-11 14:00:00,3.027333333333333,3.0364,359.91801000000004,429.39576833333336
2020-04-11 15:00:00,2.9772166666666666,2.9923333333333333,360.1698216666666,330.98738833333334
2020-04-11 16:00:00,2.941333333333333,2.95545,360.7629033333333,334.17525166666667
2020-04-11 17:00:00,2.8499166666666667,2.8576833333333336,359.14739166666664,513.4327316666667
2020-04-11 18:00:00,2.714583333333333,2.7224333333333335,362.143575,429.4770016666667
2020-04-11 19:00:00,2.6563999999999997,2.66875,363.2090233333333,358.88633166666665
2020-04-11 20:00:00,2.6081333333333334,2.6206,364.45959166666665,317.6407566666667
2020-04-11 21:00:00,2.5942833333333337,2.607666666666667,362.41113333333334,331.9547616666667
2020-04-11 22:00:00,2.535766666666667,2.5433833333333333,361.36763833333333,447.26030833333334
2020-04-11 23:00:00,2.4281833333333336,2.445266666666667,448.81993166666666,354.88798
2020-04-12 00:00:00,2.4817833333333335,2.526416666666667,588.3213033333334,269.8427183333333
2020-04-12 01:00:00,2.5881666666666665,2.630533333333333,588.0252683333333,222.48035333333334
2020-04-12 02:00:00,2.7203333333333335,2.7615,579.0892133333333,205.6225
2020-04-12 03:00:00,2.855633333333333,2.89675,588.4048283333334,189.03237499999997
2020-04-12 04:00:00,3.007166666666667,3.0485333333333333,591.9511766666667,180.90222166666666
2020-04-12 05:00:00,3.1554,3.196683333333333,583.0531466666667,188.59060166666669
2020-04-12 06:00:00,3.29065,3.334883333333333,583.3539316666667,229.5909433333333
2020-04-12 07:00:00,3.3779833333333333,3.4287833333333335,581.4749533333332,307.46894499999996
2020-04-12 08:00:00,3.4421833333333334,3.4939833333333334,577.3719633333333,334.67895000000004
2020-04-12 09:00:00,3.44735,3.5043833333333336,571.046465,420.5058516666667
2020-04-12 10:00:00,3.4661833333333334,3.51985,571.229375,346.72400333333337
2020-04-12 11:00:00,3.5018666666666665,3.55515,571.0337233333333,345.98743
2020-04-12 12:00:00,3.4797333333333333,3.5410666666666666,570.7823166666666,546.4136199999999
2020-04-12 13:00:00,3.4038833333333334,3.464933333333333,577.8096116666667,491.91609666666665
2020-04-12 14:00:00,3.3345833333333332,3.39635,582.0289383333333,505.35145
2020-04-12 15:00:00,3.3389666666666664,3.3920833333333333,579.7312683333333,318.71374333333335
2020-04-12 16:00:00,3.38235,3.4358333333333335,578.7207616666667,361.5205466666667
2020-04-12 17:00:00,3.3984,3.4541833333333334,576.8287616666668,391.54288
2020-04-12 18:00:00,3.3958166666666667,3.45145,389.59045,339.951125
2020-04-12 19:00:00,3.3160000000000003,3.3562,68.42166116666667,409.76175
2020-04-12 20:00:00,3.07045,3.1043499999999997,38.022108,447.74455166666667
2020-04-12 21:00:00,2.87475,2.9078833333333334,37.393556833333335,391.44008
2020-04-12 22:00:00,2.6944666666666666,2.7268499999999998,38.21936016666667,325.04033
2020-04-12 23:00:00,2.6698166666666667,2.658916666666667,515.6440383333334,311.17449833333336
2020-04-13 00:00:00,2.6990166666666666,2.7146333333333335,481.2939883333333,253.13154166666666
2020-04-13 01:00:00,2.7742333333333336,2.7945333333333333,485.1832033333333,219.313325
2020-04-13 02:00:00,2.8650666666666664,2.8857666666666666,480.8859516666667,206.76247999999998
2020-04-13 03:00:00,2.9611333333333336,2.9830166666666664,468.9969266666667,207.06503999999998
2020-04-13 04:00:00,3.0484,3.07105,468.35108,193.90549333333334
2020-04-13 05:00:00,3.215416666666667,3.2506,524.3965416666666,200.73726666666667
2020-04-13 06:00:00,3.6962166666666665,3.7435,335.2886466666667,297.88042666666666
2020-04-13 07:00:00,3.5932166666666663,3.6196833333333336,278.7337655,351.0167583333333
2020-04-13 08:00:00,3.421383333333333,3.4579999999999997,284.19390833333335,438.42436333333336
2020-04-13 09:00:00,3.2668166666666667,3.3043833333333335,276.1783,534.36876
2020-04-13 10:00:00,3.063816666666667,3.1008,274.6897333333333,530.8527466666667
2020-04-13 11:00:00,2.9086,2.943233333333333,275.20565833333336,388.88775999999996
2020-04-13 12:00:00,2.8090166666666665,2.84905,322.87328333333335,433.7332366666667
2020-04-13 13:00:00,2.706233333333333,2.746,328.8721133333333,386.41396333333336
2020-04-13 14:00:00,2.64065,2.67975,328.7521733333333,333.40155500000003
2020-04-13 15:00:00,2.5984166666666666,2.63635,325.2144166666667,321.177975
2020-04-13 16:00:00,2.57145,2.6047833333333332,297.0190733333333,292.74218833333333
2020-04-13 17:00:00,2.5241333333333333,2.5572166666666667,295.6831383333334,371.8963166666666
2020-04-13 18:00:00,2.4227833333333333,2.4564666666666666,292.22621999999996,425.5244633333333
2020-04-13 19:00:00,2.269966666666667,2.3062,288.736405,480.1450833333334
2020-04-13 20:00:00,2.1659833333333336,2.1992166666666666,286.7710183333333,361.8280833333334
2020-04-13 21:00:00,2.0742166666666666,2.106333333333333,287.3619683333334,383.72893166666665
2020-04-13 22:00:00,2.00865,2.0273166666666667,429.01142999999996,368.39906833333333
2020-04-13 23:00:00,2.0715,2.0683333333333334,645.3991583333334,260.335405
2020-04-14 00:00:00,2.209683333333333,2.2049666666666665,677.436055,247.20678333333333
2020-04-14 01:00:00,2.3611666666666666,2.3567166666666663,678.4691449999999,221.114665
2020-04-14 02:00:00,2.5265166666666667,2.52685,676.57736,195.83769166666667
2020-04-14 03:00:00,2.7102999999999997,2.7113666666666663,680.1031983333334,186.974225
2020-04-14 04:00:00,2.8737333333333335,2.8721666666666668,671.6601499999999,249.43387333333334
2020-04-14 05:00:00,3.016116666666667,3.018533333333333,668.7762888541668,221.40239333333332
2020-04-14 06:00:00,3.258783333333333,3.2806833333333336,663.3775067708333,258.876015
2020-04-14 07:00:00,3.5084166666666667,3.5298000000000003,448.5296535416667,388.3882883333333
2020-04-14 08:00:00,3.3385000000000002,3.36845,312.9312066666667,652.1741733333333
2020-04-14 09:00:00,3.1248833333333335,3.1538833333333334,309.3178833333333,510.014
2020-04-14 10:00:00,3.0176166666666666,3.0456333333333334,312.4131033333333,334.5989916666667
2020-04-14 11:00:00,2.9632500000000004,2.991616666666667,312.31986166666667,373.6466
2020-04-14 12:00:00,2.8809166666666663,2.9078500000000003,313.659,391.2408633333333
2020-04-14 13:00:00,2.7971500000000002,2.8261666666666665,314.89741,356.55469999999997
2020-04-14 14:00:00,2.7238666666666664,2.7512666666666665,310.5570883333333,378.43354833333336
2020-04-14 15:00:00,2.677116666666667,2.7033,314.62460166666665,301.2956033333333
2020-04-14 16:00:00,2.6528833333333335,2.678933333333333,315.080875,301.88138333333336
2020-04-14 17:00:00,2.6100333333333334,2.63625,314.5980533333333,327.94312666666667
2020-04-14 18:00:00,2.5231,2.5494166666666667,316.77438666666666,486.973685
2020-04-14 19:00:00,2.39405,2.4227666666666665,350.98543666666666,398.543925
2020-04-14 20:00:00,2.3364166666666666,2.3743333333333334,347.8477033333333,357.6758416666667
2020-04-14 21:00:00,2.288733333333333,2.3258333333333336,326.911755,345.22916833333335
2020-04-14 22:00:00,2.2183166666666665,2.2546000000000004,327.27702000000005,374.71665666666667
2020-04-14 23:00:00,2.1823333333333332,2.2171166666666666,470.2400216666667,284.0112
2020-04-15 00:00:00,2.2964166666666666,2.32385,677.1218683333334,245.638725
2020-04-15 01:00:00,2.452633333333333,2.4807166666666665,687.7911733333333,219.640355
2020-04-15 02:00:00,2.6218,2.6496500000000003,690.2862033333333,203.87325
2020-04-15 03:00:00,2.7993666666666663,2.829016666666667,690.8263483333334,203.87516333333332
2020-04-15 04:00:00,2.9755,3.00415,688.52629,188.65348833333334
2020-04-15 05:00:00,3.1571166666666666,3.1879333333333335,671.38977,191.43205
2020-04-15 06:00:00,3.3209500000000003,3.353,664.6655850000001,234.85481666666666
2020-04-15 07:00:00,3.43335,3.466666666666667,667.1738316666667,385.91816
2020-04-15 08:00:00,3.40525,3.4404666666666666,673.3012033333333,567.2301733333334
2020-04-15 09:00:00,3.40595,3.440533333333333,670.2659483333333,363.79965833333335
2020-04-15 10:00:00,3.4604333333333335,3.495166666666667,670.5874766666667,402.80715
2020-04-15 11:00:00,3.4942166666666665,3.5181666666666667,447.3600466666667,391.01390333333336
2020-04-15 12:00:00,3.39455,3.4007666666666667,264.64533666666665,419.982035
2020-04-15 13:00:00,3.2773666666666665,3.284666666666667,262.4709133333333,390.49061
2020-04-15 14:00:00,3.1929833333333333,3.2032666666666665,265.70498833333335,331.50478833333335
2020-04-15 15:00:00,3.11985,3.128233333333333,272.63664166666666,362.5536866666667
2020-04-15 16:00:00,3.0045833333333336,3.00555,275.6709583333333,469.76804
2020-04-15 17:00:00,2.8964833333333333,2.9023166666666667,281.6459066666667,334.52780333333334
2020-04-15 18:00:00,2.813016666666667,2.81785,282.7088433333334,361.6084666666667
2020-04-15 19:00:00,2.745566666666667,2.7508333333333335,281.38191,367.6764166666666
2020-04-15 20:00:00,2.6420833333333333,2.6483666666666665,350.8686533333333,378.239465
2020-04-15 21:00:00,2.6016,2.6265833333333335,495.36457333333334,414.73393666666664
2020-04-15 22:00:00,2.58405,2.609666666666667,493.6361366666667,350.2243916666667
2020-04-15 23:00:00,2.614916666666667,2.6367666666666665,550.5397283333333,382.9032516666667
2020-04-16 00:00:00,2.6042166666666664,2.6124666666666667,529.1575716666667,470.250685
2020-04-16 01:00:00,2.61045,2.6312833333333336,513.3107783333334,227.83335
2020-04-16 02:00:00,2.7228666666666665,2.7445833333333334,517.536675,190.18882666666667
2020-04-16 03:00:00,2.8430833333333334,2.866033333333333,519.81768,182.63808500000002
2020-04-16 04:00:00,2.9647666666666668,2.9898833333333332,510.05389333333335,187.57608166666665
2020-04-16 05:00:00,3.1003,3.128333333333333,499.32695499999994,207.27930333333333
2020-04-16 06:00:00,3.5298166666666666,3.5679333333333334,377.75600000000003,298.4484033333334
2020-04-16 07:00:00,3.6085,3.62545,347.4549183333333,345.9328733333333
2020-04-16 08:00:00,3.539283333333333,3.5431166666666667,267.39981833333337,405.23740166666664
2020-04-16 09:00:00,3.4156833333333334,3.416433333333333,267.57790166666666,385.09575666666666
2020-04-16 10:00:00,3.3377,3.3423666666666665,261.40226,332.47026833333337
2020-04-16 11:00:00,3.2730166666666665,3.278316666666667,261.296435,321.77828000000005
2020-04-16 12:00:00,3.1674333333333333,3.1632666666666664,261.1197633333333,476.875005
2020-04-16 13:00:00,2.99015,2.9797333333333333,260.92670833333335,492.7385033333333
2020-04-16 14:00:00,2.880333333333333,2.8844333333333334,261.12842166666667,299.02765
2020-04-16 15:00:00,2.8193833333333336,2.8208333333333333,261.258195,352.8649633333333
2020-04-16 16:00:00,2.7447999999999997,2.7468,261.724565,326.3262316666667
2020-04-16 17:00:00,2.6853,2.68775,264.99156999999997,342.40682833333335
2020-04-16 18:00:00,2.59635,2.594533333333333,265.288015,383.530605
2020-04-16 19:00:00,2.4948833333333336,2.492766666666667,260.29282166666667,371.0726516666667
2020-04-16 20:00:00,2.39435,2.390833333333333,262.4355816666667,455.7431016666667
2020-04-16 21:00:00,2.1943833333333336,2.1809833333333333,271.09694833333333,579.8717166666667
2020-04-16 22:00:00,2.0225166666666667,2.013466666666667,408.69888333333336,449.8219416666667
2020-04-16 23:00:00,1.9801499999999999,1.9750333333333332,493.0672916666666,329.4765083333333
2020-04-17 00:00:00,2.0738833333333333,2.0442666666666667,719.5825816666667,285.2959866666667
2020-04-17 01:00:00,2.2365166666666667,2.2156499999999997,728.1022966666666,218.0556566666667
2020-04-17 02:00:00,2.4265333333333334,2.408533333333333,729.615545,191.440945
2020-04-17 03:00:00,2.6295166666666665,2.6142333333333334,729.7475433333333,180.012895
2020-04-17 04:00:00,2.834366666666667,2.8211999999999997,718.4179083333333,178.10447166666665
2020-04-17 05:00:00,3.0311833333333333,3.0215166666666664,708.8499782847897,189.13818333333333
2020-04-17 06:00:00,3.2978333333333336,3.32525,612.9965427184466,267.2456133333333
2020-04-17 07:00:00,3.5632666666666664,3.590133333333333,398.5858373300971,330.8774616666667
2020-04-17 08:00:00,3.5467999999999997,3.5658499999999997,272.8727416666667,349.16709166666664
2020-04-17 09:00:00,3.4841333333333333,3.5054000000000003,273.3221966666667,311.36354
2020-04-17 10:00:00,3.4221,3.4415833333333334,263.8167266666667,368.664545
2020-04-17 11:00:00,3.315233333333333,3.332533333333333,262.8917583333333,404.9069583333333
2020-04-17 12:00:00,3.187683333333333,3.2027,269.9664166666667,415.69157333333334
2020-04-17 13:00:00,3.06835,3.0822833333333337,270.1702583333333,415.75371333333334
2020-04-17 14:00:00,2.9781166666666667,2.994266666666667,279.0428866666667,322.47387999999995
2020-04-17 15:00:00,2.9272833333333335,2.9450333333333334,271.67975666666666,318.71740666666665
2020-04-17 16:00:00,2.86525,2.8815833333333334,273.41373833333336,339.48134666666664
2020-04-17 17:00:00,2.7819833333333337,2.7963999999999998,271.8726966666667,351.951985
2020-04-17 18:00:00,2.7141499999999996,2.7285833333333334,275.2099233333333,336.71579166666663
2020-04-17 19:00:00,2.634516666666667,2.64745,271.66654,418.412155
2020-04-17 20:00:00,2.47015,2.4787666666666666,267.200235,514.8898350000001
2020-04-17 21:00:00,2.2948999999999997,2.3043166666666663,266.31186,438.23805
2020-04-17 22:00:00,2.18575,2.1963,265.66560499999997,390.490015
2020-04-17 23:00:00,2.1758499999999996,2.2046166666666664,574.0509283333333,292.0024666666667
2020-04-18 00:00:00,2.29595,2.331733333333333,634.6434033333334,267.50910666666664
2020-04-18 01:00:00,2.4189,2.454333333333333,639.0283266666667,237.63037833333334
2020-04-18 02:00:00,2.5650833333333334,2.6003666666666665,643.7995133333334,209.57485
2020-04-18 03:00:00,2.722083333333333,2.7554833333333333,635.3404566666667,201.1781916666667
2020-04-18 04:00:00,2.8797333333333333,2.9158166666666667,628.1529883333333,191.42035666666666
2020-04-18 05:00:00,3.0366166666666667,3.072216666666667,626.61646,213.10707666666667
2020-04-18 06:00:00,3.2015000000000002,3.251316666666667,688.1122800757577,229.67841166666668
2020-04-18 07:00:00,3.3701333333333334,3.411383333333333,303.20427492424244,290.2982583333333
2020-04-18 08:00:00,3.351716666666667,3.3770666666666664,323.8998066666666,345.02504166666665
2020-04-18 09:00:00,3.2684,3.2920833333333333,325.060735,415.39889166666666
2020-04-18 10:00:00,3.1910666666666665,3.215516666666667,325.24856,378.3452316666666
2020-04-18 11:00:00,3.0739,3.0972166666666667,325.13652,437.2456716666667
2020-04-18 12:00:00,2.985383333333333,3.0074666666666667,324.47942333333333,420.48788499999995
2020-04-18 13:00:00,2.8700166666666664,2.891366666666667,321.0513066666666,405.14520333333337
2020-04-18 14:00:00,2.7914499999999998,2.8123,324.05717,361.002635
2020-04-18 15:00:00,2.7360333333333333,2.7563833333333334,323.583735,340.4365133333333
2020-04-18 16:00:00,2.6716333333333333,2.691133333333333,323.23152833333336,387.278585
2020-04-18 17:00:00,2.54895,2.5665833333333334,323.610435,535.2105166666666
2020-04-18 18:00:00,2.3921666666666668,2.4118333333333335,366.656865245098,480.90958166666667
2020-04-18 19:00:00,2.6505500000000004,2.6739166666666665,312.2773132352941,476.297595
2020-04-18 20:00:00,2.8987833333333333,2.9154166666666668,158.17832401960783,368.51238666666666
2020-04-18 21:00:00,2.8187833333333336,2.826833333333333,142.34802,304.41002833333334
2020-04-18 22:00:00,2.700483333333333,2.7047833333333333,144.15629499999997,377.5200083333333
2020-04-18 23:00:00,2.5947666666666667,2.61035,467.91384,334.5424683333333
2020-04-19 00:00:00,2.6478166666666665,2.6762666666666663,554.6258,281.7543833333333
2020-04-19 01:00:00,2.73245,2.7613166666666666,548.4482650000001,228.41766833333335
2020-04-19 02:00:00,2.8405833333333335,2.8699500000000002,551.15454,214.607025
2020-04-19 03:00:00,2.9551833333333333,2.9848833333333333,550.9136516666666,211.8294216666667
2020-04-19 04:00:00,3.0754333333333337,3.106733333333333,551.1366583333333,191.75625166666666
2020-04-19 05:00:00,3.206366666666667,3.2374333333333336,543.2502283333333,190.37910333333332
2020-04-19 06:00:00,3.4173666666666667,3.4568000000000003,372.3605869791666,236.864215
2020-04-19 07:00:00,3.6563833333333333,3.6838333333333333,20.823491987499995,263.61733333333336
2020-04-19 08:00:00,3.5573166666666665,3.5830166666666665,150.006463,285.03606
2020-04-19 09:00:00,3.4462166666666665,3.4726333333333335,167.29770833333333,433.361895
2020-04-19 10:00:00,3.2487666666666666,3.3000499999999997,279.83524500000004,412.9579033333333
2020-04-19 11:00:00,3.1656,3.2306666666666666,298.18629,340.28353
2020-04-19 12:00:00,3.1065666666666667,3.169783333333333,298.32398333333333,341.11167
2020-04-19 13:00:00,3.00345,3.074683333333333,294.68696833333337,430.55512333333337
2020-04-19 14:00:00,2.8527833333333334,2.93005,296.97131,498.25017
2020-04-19 15:00:00,2.6873833333333335,2.7616500000000004,298.26699,437.64967333333334
2020-04-19 16:00:00,2.6235333333333335,2.6847333333333334,301.420415,311.10057500000005
2020-04-19 17:00:00,2.532433333333333,2.6035,307.6655616666667,454.00757
2020-04-19 18:00:00,2.4012499999999997,2.4732,307.90435499999995,409.47944
2020-04-19 19:00:00,2.3244666666666665,2.3884499999999997,305.55183833333336,335.13741500000003
2020-04-19 20:00:00,2.2516000000000003,2.3175166666666667,307.90899666666667,388.10034666666667
2020-04-19 21:00:00,2.1843500000000002,2.2447,297.02393166666667,323.6101233333333
2020-04-19 22:00:00,2.1130166666666668,2.1757833333333334,295.4580066666667,343.1936333333333
2020-04-19 23:00:00,2.10105,2.1434166666666665,457.4500816666667,279.377465
2020-04-20 00:00:00,2.2064576271186445,2.2230000000000003,657.5544355932203,240.9822559322034
2020-04-20 01:00:00,2.3489999999999998,2.3626833333333335,672.198385,250.35756666666666
2020-04-20 02:00:00,2.4900333333333333,2.504,664.8059366666668,218.36936666666668
2020-04-20 03:00:00,2.65365,2.6719999999999997,669.6599616666666,199.12089166666667
2020-04-20 04:00:00,2.78925,2.8025,674.3095733333333,303.206915
2020-04-20 05:00:00,2.9429333333333334,2.9583333333333335,678.8835112676056,211.96628166666667
2020-04-20 06:00:00,3.3146166666666668,3.3381833333333333,509.63191539906103,255.747805
2020-04-20 07:00:00,3.4349833333333333,3.454266666666667,444.384095,351.3496016666667
2020-04-20 08:00:00,3.40345,3.4221833333333334,438.381345,374.30206333333336
2020-04-20 09:00:00,3.354133333333333,3.3749166666666666,384.59521333333333,397.56860333333333
2020-04-20 10:00:00,3.271583333333333,3.3008,303.975445,396.8298883333334
2020-04-20 11:00:00,3.13055,3.15835,311.12510166666664,502.00771
2020-04-20 12:00:00,3.014233333333333,3.0418333333333334,307.2729983333333,344.12535
2020-04-20 13:00:00,2.9263,2.9526499999999998,305.6341283333333,455.48818833333337
2020-04-20 14:00:00,2.7928333333333333,2.819033333333333,309.5453416666667,386.406065
2020-04-20 15:00:00,2.740083333333333,2.7647666666666666,307.16247000000004,320.24603666666667
2020-04-20 16:00:00,2.695683333333333,2.7196333333333333,307.53240999999997,306.11097166666667
2020-04-20 17:00:00,2.652533333333333,2.6770833333333335,308.8094966666667,314.701875
2020-04-20 18:00:00,2.5879166666666666,2.6132833333333334,308.3135716666667,355.791225
2020-04-20 19:00:00,2.52205,2.5475,308.49888,370.265375
2020-04-20 20:00:00,2.4531833333333335,2.47675,308.18956,342.8532533333333
2020-04-20 21:00:00,2.359266666666667,2.3828666666666667,306.5657116666667,417.8942833333333
2020-04-20 22:00:00,2.2470166666666667,2.2701,306.6035983333333,375.27322833333335
2020-04-20 23:00:00,2.2575333333333334,2.278916666666667,574.6283024999999,291.086525
2020-04-21 00:00:00,2.3638333333333335,2.3827333333333334,608.9487166666667,243.3341583333333
2020-04-21 01:00:00,2.48295,2.502733333333333,597.6107800000001,225.65951333333334
2020-04-21 02:00:00,2.6157,2.63835,600.35395,202.29178166666668
2020-04-21 03:00:00,2.76135,2.7836166666666666,604.2228366666666,182.707355
2020-04-21 04:00:00,2.9166000000000003,2.9392666666666667,603.4060016666666,196.9309133333333
2020-04-21 05:00:00,3.05705,3.0816999999999997,610.8132698761468,202.40032333333332
2020-04-21 06:00:00,3.2276499999999997,3.2826666666666666,555.7096659174312,293.14941
2020-04-21 07:00:00,3.405733333333333,3.4670166666666664,245.048941706422,324.68747833333333
2020-04-21 08:00:00,3.408933333333333,3.4460333333333333,323.60229,475.341515
2020-04-21 09:00:00,3.246183333333333,3.2819833333333337,322.9897683333333,478.81678833333336
2020-04-21 10:00:00,3.1303666666666667,3.1644833333333335,319.6797966666666,397.67097666666666
2020-04-21 11:00:00,3.0287833333333336,3.062683333333333,314.50176166666665,437.00655333333333
2020-04-21 12:00:00,2.9151000000000002,2.947783333333333,319.888265,390.6758766666666
2020-04-21 13:00:00,2.8317666666666668,2.8634666666666666,315.7604083333334,356.84452
2020-04-21 14:00:00,2.7810166666666665,2.8119500000000004,319.4353766666666,322.18723500000004
2020-04-21 15:00:00,2.7141499999999996,2.7443166666666667,317.80405666666667,349.467875
2020-04-21 16:00:00,2.6828333333333334,2.7125333333333335,314.60505166666667,302.35336333333333
2020-04-21 17:00:00,2.649,2.6790333333333334,321.1145883333333,316.21384666666665
2020-04-21 18:00:00,2.5937666666666668,2.6242,322.20859333333334,350.5457333333333
2020-04-21 19:00:00,2.50435,2.536216666666667,316.1646166666667,401.67893833333335
2020-04-21 20:00:00,2.4276,2.4575666666666667,320.70706666666666,400.12433
2020-04-21 21:00:00,2.296766666666667,2.3264666666666667,325.8646616666667,417.44598
2020-04-21 22:00:00,2.24065,2.2703166666666665,347.3153281395349,337.54005166666667
2020-04-21 23:00:00,2.43845,2.453033333333333,610.7596868604651,263.17766166666667
2020-04-22 00:00:00,2.5729333333333333,2.5755166666666667,473.91954499999997,282.40809666666667
2020-04-22 01:00:00,2.6364666666666663,2.6460166666666667,475.6788516666667,212.61058999999997
2020-04-22 02:00:00,2.7294833333333335,2.741633333333333,477.219175,204.70699666666667
2020-04-22 03:00:00,2.810566666666667,2.8206333333333333,479.05036333333334,220.67613
2020-04-22 04:00:00,2.9082333333333334,2.9215333333333335,474.9324066666667,176.27852166666668
2020-04-22 05:00:00,3.02905,3.0474,489.82032357526884,192.737545
2020-04-22 06:00:00,3.422883333333333,3.4689,691.9811672580646,268.13041166666665
2020-04-22 07:00:00,3.5766666666666667,3.6598333333333333,770.8982483333333,513.2197600000001
2020-04-22 08:00:00,3.513383333333333,3.5490333333333335,338.5140916666667,450.36958500000003
2020-04-22 09:00:00,3.4503666666666666,3.4690166666666666,297.79746166666666,326.8537216666667
2020-04-22 10:00:00,3.3392166666666667,3.370233333333333,204.42613,433.78830999999997
2020-04-22 11:00:00,3.195266666666667,3.2262,202.60583,361.62315
2020-04-22 12:00:00,3.0845333333333333,3.114516666666667,202.44316166666667,351.6149733333333
2020-04-22 13:00:00,2.9795833333333333,3.00765,204.22577666666666,345.6178233333333
2020-04-22 14:00:00,2.8660666666666668,2.894566666666667,197.70619,354.6226633333333
2020-04-22 15:00:00,2.7813999999999997,2.8097333333333334,200.97566833333335,287.6175283333333
2020-04-22 16:00:00,2.7058833333333334,2.7366333333333333,259.956995,354.7358266666667
2020-04-22 17:00:00,2.6313166666666663,2.6677166666666663,343.428565,349.8462216666667
2020-04-22 18:00:00,2.568566666666667,2.6051,345.65508666666665,368.0232483333333
2020-04-22 19:00:00,2.5200666666666667,2.558316666666667,341.8807883333333,329.3621616666667
2020-04-22 20:00:00,2.4274666666666667,2.4675000000000002,340.71846166666666,483.62973
2020-04-22 21:00:00,2.3114500000000002,2.350283333333333,338.7768883333334,376.27675
2020-04-22 22:00:00,2.2723500000000003,2.3089,340.4360066666667,286.6493283333333
2020-04-22 23:00:00,2.2715,2.3111666666666664,433.128195,290.2499516666667
2020-04-23 00:00:00,2.327733333333333,2.36965,606.9983649999999,261.69010833333334
2020-04-23 01:00:00,2.4602999999999997,2.49955,607.8160183333333,199.34174833333333
2020-04-23 02:00:00,2.609933333333333,2.6481666666666666,608.893765,187.30437833333332
2020-04-23 03:00:00,2.7615,2.7998333333333334,611.7219299999999,194.25977833333334
2020-04-23 04:00:00,2.910566666666667,2.9491,609.556145,195.426065
2020-04-23 05:00:00,3.0529,3.0939166666666664,610.5855483333332,214.14143833333335
2020-04-23 06:00:00,3.198983333333333,3.2029666666666667,585.6615413934427,440.795505
2020-04-23 07:00:00,3.3429333333333333,3.3254,523.7735577868852,446.0568616666667
2020-04-23 08:00:00,3.3507166666666666,3.3808833333333337,287.21871165300547,419.47610333333336
2020-04-23 09:00:00,3.2165666666666666,3.2597333333333336,278.0817333333333,392.7887666666667
2020-04-23 10:00:00,3.120816666666667,3.1628,278.97008666666665,400.48296833333336
2020-04-23 11:00:00,3.020566666666667,3.061583333333333,297.17213499999997,352.5183866666667
2020-04-23 12:00:00,2.9591833333333333,2.9992333333333336,301.18667166666665,324.8348666666667
2020-04-23 13:00:00,2.881866666666667,2.9246333333333334,295.0614933333334,374.632515
2020-04-23 14:00:00,2.8162000000000003,2.8539000000000003,276.9744116666667,302.74863999999997
2020-04-23 15:00:00,2.764533333333333,2.8024666666666667,282.74087,350.75075166666664
2020-04-23 16:00:00,2.7040833333333336,2.741033333333333,290.82092166666666,285.70153666666664
2020-04-23 17:00:00,2.66075,2.696383333333333,281.76731,333.76949833333333
2020-04-23 18:00:00,2.5707999999999998,2.6076333333333332,268.68751833333334,417.2654483333333
2020-04-23 19:00:00,2.4247,2.4633833333333333,278.59096000000005,450.2072533333333
2020-04-23 20:00:00,2.2862500000000003,2.3260666666666667,274.4862316666667,430.45894166666665
2020-04-23 21:00:00,2.1686666666666667,2.2070999999999996,269.14278333333334,361.09139500000003
2020-04-23 22:00:00,2.1096,2.1441999999999997,270.6419266666667,338.38765166666667
2020-04-23 23:00:00,2.030883333333333,2.0672,416.4341366666667,335.78952166666664
2020-04-24 00:00:00,2.0406333333333335,2.0877166666666667,595.1039183333334,405.71331
2020-04-24 01:00:00,2.0832,2.12825,600.0667466666667,268.83824
2020-04-24 02:00:00,2.204133333333333,2.24515,586.2522866666666,210.11047833333333
2020-04-24 03:00:00,2.343166666666667,2.3832666666666666,581.2075216666667,185.93447833333332
2020-04-24 04:00:00,2.4955166666666666,2.5344333333333333,582.2584533333334,178.25923
2020-04-24 05:00:00,2.6388166666666666,2.6786666666666665,581.2429990633609,197.28976
2020-04-24 06:00:00,2.8398499999999998,2.869666666666667,519.6199078512396,260.2505
2020-04-24 07:00:00,3.0291333333333332,3.0621,411.95278388429756,448.99936833333334
2020-04-24 08:00:00,3.1564833333333335,3.1909,304.28565991735536,395.86924166666665
2020-04-24 09:00:00,3.3280666666666665,3.3615500000000003,196.6185359504132,396.484755
2020-04-24 10:00:00,3.3071166666666665,3.3394166666666667,147.03498499999998,431.61194333333333
2020-04-24 11:00:00,3.14135,3.1723333333333334,144.98089333333334,372.5873633333333
2020-04-24 12:00:00,2.987483333333333,3.0171666666666668,142.34259,413.691175
2020-04-24 13:00:00,2.816333333333333,2.84465,143.42844166666666,410.96697666666665
2020-04-24 14:00:00,2.65595,2.683666666666667,139.08004666666665,385.4570933333333
2020-04-24 15:00:00,2.51285,2.5405333333333333,134.271865,336.64203833333335
2020-04-24 16:00:00,2.3882333333333334,2.4160166666666667,138.797425,338.87031833333333
2020-04-24 17:00:00,2.232983333333333,2.2588500000000002,138.78759499999998,464.08731
2020-04-24 18:00:00,2.054,2.08065,138.14887333333334,362.579395
2020-04-24 19:00:00,1.9242333333333332,1.9507666666666668,134.80586,348.84267166666666
2020-04-24 20:00:00,1.9330666666666665,1.9527166666666667,437.51219797619046,366.4242316666667
2020-04-24 21:00:00,2.0962,2.116216666666667,324.71275535714284,503.72486833333335
2020-04-24 22:00:00,2.2583166666666665,2.2777499999999997,178.44714333333334,390.99685500000004
2020-04-24 23:00:00,2.3262833333333335,2.3860666666666663,601.36673,308.7457416666667
2020-04-25 00:00:00,2.4326999999999996,2.499683333333333,634.4728033333333,274.2147033333333
2020-04-25 01:00:00,2.526816666666667,2.59635,632.731095,277.13966999999997
2020-04-25 02:00:00,2.6483333333333334,2.715883333333333,632.4332049999999,281.2787333333333
2020-04-25 03:00:00,2.74025,2.8059,622.3134633333334,234.84135166666667
2020-04-25 04:00:00,2.8937166666666667,2.9512,625.1455866666668,193.04745833333334
2020-04-25 05:00:00,3.0439166666666666,3.1039000000000003,628.56553,214.15483
2020-04-25 06:00:00,3.1823333333333332,3.2443666666666666,625.1772983333334,240.21041333333332
2020-04-25 07:00:00,3.2632333333333334,3.3377833333333333,624.2108499999999,317.4670016666667
2020-04-25 08:00:00,3.3381499999999997,3.4139333333333335,617.0078866666666,332.606445
2020-04-25 09:00:00,3.3717166666666665,3.42785,361.57291499999997,357.73834
2020-04-25 10:00:00,3.2608333333333333,3.2891,209.16032166666668,424.42865166666667
2020-04-25 11:00:00,3.1307,3.1567333333333334,207.25011333333333,365.54661166666665
2020-04-25 12:00:00,3.01715,3.041616666666667,206.15195833333334,370.91307166666667
2020-04-25 13:00:00,2.8469166666666665,2.8697666666666666,207.12869,552.8004
2020-04-25 14:00:00,2.6570166666666664,2.68025,283.8615483333333,391.40479500000004
2020-04-25 15:00:00,2.5794,2.6029833333333334,290.51994,351.584115
2020-04-25 16:00:00,2.5138666666666665,2.5355833333333333,292.8844183333333,314.4091866666667
2020-04-25 17:00:00,2.4675000000000002,2.4923,300.15256000000005,331.41954999999996
2020-04-25 18:00:00,2.39595,2.4206999999999996,314.55774833333334,385.6709133333333
2020-04-25 19:00:00,2.2687999999999997,2.2946,311.6014416666667,503.06442
2020-04-25 20:00:00,2.1421333333333332,2.157966666666667,424.23968666666667,389.73787166666665
2020-04-25 21:00:00,2.1517833333333334,2.1544499999999998,500.46774,340.38613999999995
2020-04-25 22:00:00,2.1421333333333332,2.140816666666667,495.8078066666667,434.60686833333335
2020-04-25 23:00:00,2.1435666666666666,2.1617666666666664,665.3008266666667,322.0845983333333
2020-04-26 00:00:00,2.2183833333333336,2.2455833333333337,647.6718500000001,331.8245666666666
2020-04-26 01:00:00,2.3278166666666666,2.3538666666666668,646.5934933333334,227.35693333333333
2020-04-26 02:00:00,2.4755666666666665,2.5033666666666665,648.8247483333333,211.29463166666667
2020-04-26 03:00:00,2.63565,2.66415,650.8711583333334,191.47709
2020-04-26 04:00:00,2.8029333333333333,2.8307333333333333,646.0859633333333,191.63346666666666
2020-04-26 05:00:00,2.9692999999999996,2.998083333333333,641.867388888889,198.68872000000002
2020-04-26 06:00:00,3.276283333333333,3.3136333333333337,489.6303037777778,231.00358
2020-04-26 07:00:00,3.3984,3.4416333333333333,290.34902266666666,303.37366000000003
2020-04-26 08:00:00,3.4024833333333335,3.4378499999999996,387.95394416666664,382.3310183333333
2020-04-26 09:00:00,3.32735,3.3854666666666664,365.443825,355.24959333333334
2020-04-26 10:00:00,3.281,3.3378333333333337,325.1876166666667,389.80523166666666
2020-04-26 11:00:00,3.160366666666667,3.2050166666666664,128.39735683333333,374.70219
2020-04-26 12:00:00,2.9606333333333335,3.005866666666667,145.82467,509.05962833333336
2020-04-26 13:00:00,2.7934,2.834966666666667,372.40844,436.73006999999996
2020-04-26 14:00:00,2.722066666666667,2.758766666666667,402.82396166666666,377.77363833333334
2020-04-26 15:00:00,2.6922,2.7279833333333334,396.6128066666667,336.2124933333333
2020-04-26 16:00:00,2.615733333333333,2.6539333333333333,396.66200000000003,497.83601166666665
2020-04-26 17:00:00,2.484583333333333,2.5237833333333333,400.25645333333335,440.272185
2020-04-26 18:00:00,2.4334833333333337,2.4703,400.94079,383.40014833333333
2020-04-26 19:00:00,2.367033333333333,2.4065333333333334,400.19228166666664,420.4958883333333
2020-04-26 20:00:00,2.2539333333333333,2.29325,395.5571616666667,466.86838
2020-04-26 21:00:00,2.1847833333333333,2.22195,399.7286583333333,382.85550500000005
2020-04-26 22:00:00,2.1378,2.1765166666666667,398.71452500000004,358.857805
2020-04-26 23:00:00,2.1026333333333334,2.136016666666667,489.7058466666667,347.60394333333335
2020-04-27 00:00:00,2.1948833333333337,2.208183333333333,648.8402733333334,240.94594999999998
2020-04-27 01:00:00,2.3381,2.35325,649.6890766666668,214.83437
2020-04-27 02:00:00,2.4977666666666667,2.5132166666666667,649.3717716666666,188.914975
2020-04-27 03:00:00,2.67015,2.6866666666666665,656.2485016666667,190.86346166666667
2020-04-27 04:00:00,2.83405,2.8511333333333337,651.975065,190.67592166666665
2020-04-27 05:00:00,2.9996,3.0179833333333335,647.6598666666666,205.42524166666666
2020-04-27 06:00:00,3.2094333333333336,3.2345333333333333,650.2724541666666,264.56686
2020-04-27 07:00:00,3.30755,3.361483333333333,645.4681583333333,347.58498
2020-04-27 08:00:00,3.3437166666666664,3.4018666666666664,647.2737199999999,444.2875433333333
2020-04-27 09:00:00,3.32125,3.380933333333333,638.4352166666666,425.5533716666667
2020-04-27 10:00:00,3.348583333333333,3.39395,540.3391183333333,365.358265
2020-04-27 11:00:00,3.3581,3.3903833333333333,445.018345,361.39200999999997
2020-04-27 12:00:00,3.2640499999999997,3.2731166666666667,305.223925,532.369525
2020-04-27 13:00:00,3.0543166666666663,3.0582833333333337,299.2662516666667,539.7674983333333
2020-04-27 14:00:00,2.9243333333333337,2.9359333333333333,290.117595,328.765965
2020-04-27 15:00:00,2.872383333333333,2.8834666666666666,295.08897333333334,310.4657966666667
2020-04-27 16:00:00,2.8303833333333333,2.842833333333333,293.65783833333336,308.75287000000003
2020-04-27 17:00:00,2.7587166666666665,2.76685,297.6127783333333,399.91701
2020-04-27 18:00:00,2.6407000000000003,2.648416666666667,298.43530833333335,420.57111333333336
2020-04-27 19:00:00,2.536283333333333,2.5501333333333336,222.38924333333335,365.89587
2020-04-27 20:00:00,2.4124333333333334,2.4367,245.4107316666667,392.7422666666667
2020-04-27 21:00:00,2.2893499999999998,2.315833333333333,234.86697666666666,372.68498
2020-04-27 22:00:00,2.184883333333333,2.21165,235.61840833333332,353.257425
2020-04-27 23:00:00,2.181433333333333,2.21,602.4252183333333,264.16674166666667
2020-04-28 00:00:00,2.28755,2.3055,559.5396416666666,283.26787333333334
2020-04-28 01:00:00,2.3548833333333334,2.371283333333333,562.0261216666667,268.063665
2020-04-28 02:00:00,2.45485,2.4726500000000002,566.4763416666666,227.896885
2020-04-28 03:00:00,2.5761499999999997,2.5962,560.6305583333334,190.38864333333333
2020-04-28 04:00:00,2.71425,2.7349666666666668,561.1884050000001,181.13186166666668
2020-04-28 05:00:00,2.84165,2.8618,566.8096383333334,263.553365
2020-04-28 06:00:00,3.12985,3.18485,656.8042133333333,322.0039816666667
2020-04-28 07:00:00,3.5650833333333334,3.603,610.1363133333333,351.2601966666667
2020-04-28 08:00:00,3.55565,3.5778000000000003,256.33802,351.73675
2020-04-28 09:00:00,3.4296166666666665,3.4469166666666666,255.53075166666667,487.8078316666667
2020-04-28 10:00:00,3.240816666666667,3.2559166666666663,253.89834333333334,505.433715
2020-04-28 11:00:00,3.0929333333333333,3.1110166666666665,254.33285166666667,383.672115
2020-04-28 12:00:00,2.9623833333333334,2.9795000000000003,254.79301333333333,422.80050833333337
2020-04-28 13:00:00,2.8384666666666667,2.8556000000000004,255.4969,378.5418466666667
2020-04-28 14:00:00,2.7365333333333335,2.753316666666667,254.58727,389.01552333333336
2020-04-28 15:00:00,2.6212666666666666,2.6357333333333335,261.86240000000004,360.32730999999995
2020-04-28 16:00:00,2.5630499999999996,2.5779666666666667,269.37274,289.6958016666667
2020-04-28 17:00:00,2.4912,2.5037000000000003,268.50765666666666,388.9259333333333
2020-04-28 18:00:00,2.3754666666666666,2.3874833333333334,267.0111483333333,428.04360166666663
2020-04-28 19:00:00,2.239833333333333,2.2527666666666666,265.86023,389.75771499999996
2020-04-28 20:00:00,2.1527000000000003,2.16585,266.812475,365.908165
2020-04-28 21:00:00,2.0391,2.050316666666667,269.1418566666667,432.90574166666664
2020-04-28 22:00:00,1.8996333333333333,1.9109,270.2987866666667,428.95651333333336
2020-04-28 23:00:00,1.7984666666666667,1.8105,358.37478166666665,313.3822066666667
2020-04-29 00:00:00,1.8696666666666668,1.8947333333333334,710.2253833333333,281.87183333333337
2020-04-29 01:00:00,2.013466666666667,2.0384,713.1772766666667,223.99810333333335
2020-04-29 02:00:00,2.197283333333333,2.222783333333333,709.7591366666667,188.09445499999998
2020-04-29 03:00:00,2.3935666666666666,2.42,712.8048483333333,179.38079000000002
2020-04-29 04:00:00,2.5923666666666665,2.620566666666667,715.0363666666667,177.79657666666665
2020-04-29 05:00:00,2.8508833333333334,2.8740333333333337,714.7643903333334,203.42651833333332
2020-04-29 06:00:00,3.2332666666666667,3.2674833333333333,697.4102226666668,261.98163166666666
2020-04-29 07:00:00,3.428033333333333,3.47115,617.5389036666667,408.2205916666666
2020-04-29 08:00:00,3.4038666666666666,3.3893,304.79258500000003,503.7219533333333
2020-04-29 09:00:00,3.2184666666666666,3.2015333333333333,286.86628833333333,467.065275
2020-04-29 10:00:00,3.1171833333333336,3.113516666666667,286.1706666666667,353.95043833333335
2020-04-29 11:00:00,3.0149,3.00345,286.758605,455.81476333333336
2020-04-29 12:00:00,2.850216666666667,2.8335166666666667,287.000355,459.8159316666667
2020-04-29 13:00:00,2.7379499999999997,2.7311166666666664,290.39630833333337,366.39233666666667
2020-04-29 14:00:00,2.6519666666666666,2.6424333333333334,289.8053983333333,365.22705833333333
2020-04-29 15:00:00,2.5797499999999998,2.5728,291.5676616666667,326.14403666666664
2020-04-29 16:00:00,2.5056833333333333,2.4951999999999996,285.67555833333336,368.67545666666666
2020-04-29 17:00:00,2.4307666666666665,2.42065,284.3052083333333,346.48200833333334
2020-04-29 18:00:00,2.3604,2.35085,283.46621,337.5803716666667
2020-04-29 19:00:00,2.29605,2.29215,340.5163383333333,352.57147499999996
2020-04-29 20:00:00,2.22155,2.2186666666666666,353.40093666666667,389.82139166666667
2020-04-29 21:00:00,2.121583333333333,2.1136166666666667,351.4541116666667,487.1497933333333
2020-04-29 22:00:00,2.0166166666666667,2.0127333333333333,354.62748166666665,374.87706499999996
2020-04-29 23:00:00,1.9978166666666666,2.0189333333333335,594.7206416666667,311.19503333333336
2020-04-30 00:00:00,2.0839166666666666,2.1158833333333336,663.005105,275.93832000000003
2020-04-30 01:00:00,2.2241,2.2545333333333333,669.117375,230.25691166666667
2020-04-30 02:00:00,2.379633333333333,2.4101500000000002,669.2901883333333,211.96770833333332
2020-04-30 03:00:00,2.5448833333333334,2.5739666666666663,669.3056916666667,199.35556666666668
2020-04-30 04:00:00,2.716533333333333,2.7455,668.8954483333333,193.89040333333332
2020-04-30 05:00:00,2.8815833333333334,2.9128333333333334,673.0411638304809,221.70550333333333
2020-04-30 06:00:00,3.0909166666666663,3.13725,648.1908498777506,236.37452666666667
2020-04-30 07:00:00,3.3161833333333335,3.3699999999999997,592.4131481662591,343.84329333333335
2020-04-30 08:00:00,3.4509333333333334,3.516716666666667,536.6354464547677,495.5399433333333
2020-04-30 09:00:00,3.515216666666667,3.5821666666666667,480.85774474327627,484.860435
2020-04-30 10:00:00,3.63835,3.70125,425.08004303178484,474.97775333333334
2020-04-30 11:00:00,3.7429833333333336,3.805066666666667,369.3023413202934,419.95319166666667
2020-04-30 12:00:00,3.858433333333333,3.9121,314.22521257538716,442.162775
2020-04-30 13:00:00,3.8699833333333333,3.8372,299.49676,363.7611116666667
2020-04-30 14:00:00,3.7311166666666664,3.727433333333333,396.4412683333333,405.18861333333336
2020-04-30 15:00:00,3.471966666666667,3.4936166666666666,434.1789,322.78796
2020-04-30 16:00:00,3.260283333333333,3.28185,434.1789,327.66125666666665
2020-04-30 17:00:00,3.0206666666666666,3.0402,434.1789,358.50632833333333
2020-04-30 18:00:00,2.788816666666667,2.8079833333333335,434.1789,345.78508166666666
2020-04-30 19:00:00,2.5362666666666667,2.5827166666666668,436.39657,432.26685
2020-04-30 20:00:00,2.4119333333333333,2.5191833333333333,434.9039716666667,401.465545
2020-04-30 21:00:00,2.385683333333333,2.4808666666666666,439.84820666666667,324.9956666666667
2020-04-30 22:00:00,2.36645,2.4652666666666665,436.50935166666665,395.27642833333334
2020-04-30 23:00:00,2.2919,2.3947,552.4573733333333,484.33618666666666
2020-05-01 00:00:00,2.2924333333333333,2.3251500000000003,537.850785,415.1789416666667
2020-05-01 01:00:00,2.3324166666666666,2.35365,516.1955566666667,233.86083
2020-05-01 02:00:00,2.427583333333333,2.4502,513.3019983333332,214.07210833333332
2020-05-01 03:00:00,2.5302833333333337,2.5554166666666664,513.513505,200.28923
2020-05-01 04:00:00,2.6433666666666666,2.66805,513.83053,192.84184333333332
2020-05-01 05:00:00,2.7590833333333333,2.7832,513.04344,196.65791333333334
2020-05-01 06:00:00,2.9148,2.948583333333333,515.8354912962964,244.37507
2020-05-01 07:00:00,3.4072999999999998,3.471433333333333,513.5372337037037,333.888055
2020-05-01 08:00:00,3.558316666666667,3.5986166666666666,298.62371833333333,417.1047566666667
2020-05-01 09:00:00,3.41035,3.448916666666667,294.3913566666667,469.26401999999996
2020-05-01 10:00:00,3.2825333333333333,3.3199833333333335,293.839435,396.37113500000004
2020-05-01 11:00:00,3.1876333333333333,3.2240333333333333,296.74537,368.57688666666667
2020-05-01 12:00:00,3.092766666666667,3.12915,290.72505333333334,434.43042499999996
2020-05-01 13:00:00,2.93215,2.9691166666666664,288.83319666666665,471.547915
2020-05-01 14:00:00,2.8221166666666666,2.8548,287.616575,352.55284166666667
2020-05-01 15:00:00,2.73585,2.7657666666666665,287.8642066666667,388.793425
2020-05-01 16:00:00,2.65265,2.6829166666666664,289.1352316666667,385.2197
2020-05-01 17:00:00,2.5113333333333334,2.542333333333333,288.9438166666667,437.95945166666667
2020-05-01 18:00:00,2.427633333333333,2.4568166666666666,288.76919499999997,343.62611666666663
2020-05-01 19:00:00,2.346616666666667,2.377933333333333,285.26960333333335,377.56952333333334
2020-05-01 20:00:00,2.2134333333333336,2.24395,305.2885816666667,498.9690933333333
2020-05-01 21:00:00,2.0672166666666665,2.08025,459.911515,458.1029583333333
2020-05-01 22:00:00,2.089583333333333,2.0692666666666666,613.08001,367.1935733333333
2020-05-01 23:00:00,2.1395666666666666,2.1253,618.1309083333333,304.54479333333336
2020-05-02 00:00:00,2.2075,2.19175,609.9765266666667,342.239445
2020-05-02 01:00:00,2.2552166666666666,2.2408833333333336,609.5505566666667,334.22953666666666
2020-05-02 02:00:00,2.3508166666666668,2.34735,614.7114383333334,240.39050166666667
2020-05-02 03:00:00,2.4793333333333334,2.4761333333333337,613.6909333333333,204.98031333333336
2020-05-02 04:00:00,2.6242500000000004,2.622866666666667,617.1351716666667,205.18938166666666
2020-05-02 05:00:00,2.7741166666666666,2.7745166666666665,611.767125,196.49883666666668
2020-05-02 06:00:00,2.966266666666667,2.9719166666666665,595.0353736666667,235.9063033333333
2020-05-02 07:00:00,3.2189166666666664,3.2249833333333333,536.5756,299.3866816666667
2020-05-02 08:00:00,3.41445,3.4271000000000003,437.79904466666665,360.90549333333337
2020-05-02 09:00:00,3.3859333333333335,3.4364333333333335,343.103655,380.04836666666665
2020-05-02 10:00:00,3.284566666666667,3.3393,338.5943183333333,418.733435
2020-05-02 11:00:00,3.210716666666667,3.26105,339.86114333333336,366.62926
2020-05-02 12:00:00,3.1200833333333335,3.173583333333333,335.28598166666666,438.5323816666667
2020-05-02 13:00:00,2.9488333333333334,3.0108166666666665,315.89630166666666,553.0346699999999
2020-05-02 14:00:00,2.8172833333333336,2.8697166666666667,316.35961000000003,351.31595166666665
2020-05-02 15:00:00,2.7689666666666666,2.81725,313.58495000000005,327.91701166666667
2020-05-02 16:00:00,2.716833333333333,2.7649,312.57784833333335,326.63033333333334
2020-05-02 17:00:00,2.6394499999999996,2.6922166666666665,316.4311133333333,452.65994333333333
2020-05-02 18:00:00,2.4684833333333334,2.5288166666666667,317.60061,470.26475500000004
2020-05-02 19:00:00,2.378133333333333,2.4304,315.6573333333333,363.36121166666663
2020-05-02 20:00:00,2.3158000000000003,2.3651,315.800315,314.19174333333336
2020-05-02 21:00:00,2.2798666666666665,2.3287666666666667,316.33038,347.33763
2020-05-02 22:00:00,2.1605166666666666,2.2183333333333333,315.79517666666663,443.09229
2020-05-02 23:00:00,2.15335,2.1966166666666664,638.264555,332.03487333333334
2020-05-03 00:00:00,2.2279833333333334,2.2683833333333334,648.2355833333334,295.37054333333333
2020-05-03 01:00:00,2.3378666666666663,2.3760166666666667,652.1257716666667,286.12955666666664
2020-05-03 02:00:00,2.460983333333333,2.5003333333333333,649.4639033333333,220.74233
2020-05-03 03:00:00,2.6018333333333334,2.640016666666667,650.83295,231.32328
2020-05-03 04:00:00,2.7625333333333333,2.7992166666666667,653.02037,189.10663666666667
2020-05-03 05:00:00,2.9318833333333334,2.968366666666667,640.760465,189.97172833333335
2020-05-03 06:00:00,3.0874333333333337,3.1253499999999996,636.6688966666667,213.5877
2020-05-03 07:00:00,3.2102333333333335,3.2522499999999996,636.0472766666667,269.72358333333335
2020-05-03 08:00:00,3.3085666666666667,3.3494333333333333,524.2754333333334,313.4312366666666
2020-05-03 09:00:00,3.2719,3.2829166666666665,221.18851833333335,359.087855
2020-05-03 10:00:00,3.181366666666667,3.1915833333333334,234.18491,318.3938616666667
2020-05-03 11:00:00,3.0876333333333337,3.094733333333333,236.60505333333333,412.3082616666667
2020-05-03 12:00:00,2.91545,2.917333333333333,231.27096333333333,466.69684333333333
2020-05-03 13:00:00,2.7843333333333335,2.790716666666667,233.051165,369.31235666666663
2020-05-03 14:00:00,2.6544000000000003,2.657966666666667,233.19850333333335,462.22663166666666
2020-05-03 15:00:00,2.44705,2.4443166666666665,232.567995,523.7040949999999
2020-05-03 16:00:00,2.278633333333333,2.2831166666666665,234.68166000000002,369.2833
2020-05-03 17:00:00,2.1931833333333333,2.20215,285.32042436412314,330.205805
2020-05-03 18:00:00,2.2223166666666665,2.2834166666666667,678.195793373494,356.2819733333333
2020-05-03 19:00:00,2.3564333333333334,2.4232500000000003,688.1705644578312,401.05205166666667
2020-05-03 20:00:00,2.4330333333333334,2.510166666666666,698.1453355421687,491.91055500000004
2020-05-03 21:00:00,2.535083333333333,2.60195,708.120106626506,367.1909083333333
2020-05-03 22:00:00,2.657766666666667,2.7126666666666663,710.3697623025436,367.2356283333333
2020-05-03 23:00:00,2.7514,2.7990833333333334,671.0025,302.661415
2020-05-04 00:00:00,2.8188666666666666,2.840733333333333,451.26425,283.80568666666665
2020-05-04 01:00:00,2.874816666666667,2.8952999999999998,450.95844,224.77002333333334
2020-05-04 02:00:00,2.9358666666666666,2.9581,452.59453,231.77374833333334
2020-05-04 03:00:00,3.0171333333333332,3.039733333333333,454.62154333333336,192.695045
2020-05-04 04:00:00,3.11415,3.136616666666667,457.12659833333333,189.87001
2020-05-04 05:00:00,3.205433333333333,3.2291000000000003,456.37282500000003,199.59784499999998
2020-05-04 06:00:00,3.277716666666667,3.3005333333333335,454.80699833333335,263.8388816666667
2020-05-04 07:00:00,3.2998499999999997,3.32035,455.0665133333333,359.93994666666663
2020-05-04 08:00:00,3.266766666666667,3.2873,455.82483333333334,384.61581
2020-05-04 09:00:00,3.1868833333333333,3.2049333333333334,457.07696000000004,467.0874783333333
2020-05-04 10:00:00,3.0931333333333333,3.1106833333333332,453.86251999999996,530.7007150000001
2020-05-04 11:00:00,2.952183333333333,2.9666333333333332,454.93866999999995,497.694875
2020-05-04 12:00:00,2.8907000000000003,2.9076833333333334,454.6297383333333,391.7804316666667
2020-05-04 13:00:00,2.8460666666666667,2.862983333333333,457.9549883333333,389.11723333333333
2020-05-04 14:00:00,2.811716666666667,2.8294333333333332,458.74191666666667,369.034775
2020-05-04 15:00:00,2.7756499999999997,2.7952500000000002,414.02462333333335,362.47294166666666
2020-05-04 16:00:00,2.748666666666667,2.7614666666666663,259.11288,289.42431
2020-05-04 17:00:00,2.6954333333333333,2.70675,255.65088333333333,335.56453166666665
2020-05-04 18:00:00,2.58095,2.586583333333333,254.28675,446.58490333333333
2020-05-04 19:00:00,2.4358500000000003,2.4431166666666666,251.11166999999998,380.17313666666666
2020-05-04 20:00:00,2.346433333333333,2.3574333333333333,247.9064833333333,351.7497
2020-05-04 21:00:00,2.231533333333333,2.2395833333333335,251.49929500000002,384.48337833333335
2020-05-04 22:00:00,2.133883333333333,2.1452,251.07760666666667,360.7430033333333
2020-05-04 23:00:00,2.0542666666666665,2.0707333333333335,361.7950116666667,308.33943833333336
2020-05-05 00:00:00,2.1112833333333336,2.1622,691.218955,258.0735666666667
2020-05-05 01:00:00,2.2410833333333335,2.29415,693.45246,263.2903733333333
2020-05-05 02:00:00,2.4047,2.4506333333333337,693.6581166666667,205.07509666666667
2020-05-05 03:00:00,2.5799000000000003,2.627416666666667,695.8246416666666,205.75475666666668
2020-05-05 04:00:00,2.760566666666667,2.80625,695.693035,196.468095
2020-05-05 05:00:00,2.9385166666666667,2.9859166666666668,698.520195,201.81217333333333
2020-05-05 06:00:00,3.136883333333333,3.1684666666666668,676.7770119491526,228.965255
2020-05-05 07:00:00,3.401883333333333,3.4260666666666664,531.1558363841808,326.742125
2020-05-05 08:00:00,3.3626500000000004,3.4032,382.3981916666667,435.48118
2020-05-05 09:00:00,3.247516666666667,3.2800833333333332,370.84720666666664,481.321605
2020-05-05 10:00:00,3.1234333333333333,3.1534833333333334,366.2479383333333,434.44617666666664
2020-05-05 11:00:00,3.0262333333333333,3.05635,366.31642833333336,440.17677833333335
2020-05-05 12:00:00,2.9412666666666665,2.971416666666667,364.47363666666666,341.86120833333337
2020-05-05 13:00:00,2.9050333333333334,2.9351166666666666,368.5569816666667,346.09992666666665
2020-05-05 14:00:00,2.846083333333333,2.8769333333333336,368.63511,382.4801116666667
2020-05-05 15:00:00,2.8051000000000004,2.8340833333333335,369.74551499999995,311.04119833333334
2020-05-05 16:00:00,2.749283333333333,2.778216666666667,370.6023966666666,444.60264166666667
2020-05-05 17:00:00,2.6734166666666668,2.702716666666667,364.76409500000005,320.7919283333333
2020-05-05 18:00:00,2.6501333333333337,2.678433333333333,364.33549500000004,326.45314333333334
2020-05-05 19:00:00,2.6081333333333334,2.6373499999999996,371.84005333333334,348.6772883333333
2020-05-05 20:00:00,2.5459166666666664,2.5753,378.05884333333336,406.58403166666665
2020-05-05 21:00:00,2.4788833333333335,2.5094833333333333,380.36793,379.9208433333333
2020-05-05 22:00:00,2.4244833333333333,2.4550666666666667,377.2659816666667,319.6919766666667
2020-05-05 23:00:00,2.4223833333333333,2.4544333333333332,465.7754783333333,318.68607
2020-05-06 00:00:00,2.4166166666666666,2.4619,589.5684433333333,394.575065
2020-05-06 01:00:00,2.4952166666666664,2.5327833333333336,591.3602016666666,218.597945
2020-05-06 02:00:00,2.6273833333333334,2.6642333333333337,594.5019883333333,203.59625499999999
2020-05-06 03:00:00,2.7675166666666664,2.804333333333333,591.8267099999999,204.44147999999998
2020-05-06 04:00:00,2.899716666666667,2.936316666666667,593.31574,200.5917883333333
2020-05-06 05:00:00,3.0437166666666666,3.0802166666666664,597.6275246129032,221.88666999999998
2020-05-06 06:00:00,3.1853833333333332,3.2003500000000003,584.0613751612904,423.84445500000004
2020-05-06 07:00:00,3.2886333333333337,3.3009166666666667,552.489336451613,386.32189166666666
2020-05-06 08:00:00,3.377016666666667,3.4124833333333333,503.9154454408602,420.27207999999996
2020-05-06 09:00:00,3.343933333333333,3.4133166666666668,488.5092383333333,350.78182000000004
2020-05-06 10:00:00,3.3425166666666666,3.410883333333333,486.770485,378.764555
2020-05-06 11:00:00,3.3081833333333335,3.3794,489.27650166666666,381.87502166666667
2020-05-06 12:00:00,3.2884666666666664,3.3590166666666668,487.6538983333333,394.4767616666667
2020-05-06 13:00:00,3.2720833333333332,3.3384500000000004,485.9775,350.577065
2020-05-06 14:00:00,3.26945,3.3361,493.40383833333334,357.81169500000004
2020-05-06 15:00:00,3.2731666666666666,3.338616666666667,493.00411499999996,345.4226233333333
2020-05-06 16:00:00,3.2840833333333332,3.3461333333333334,492.78090833333334,311.3351616666667
2020-05-06 17:00:00,3.2973500000000002,3.3630500000000003,485.52811166666663,375.6357016666667
2020-05-06 18:00:00,3.2848666666666664,3.3484,422.74434333333335,340.50971166666665
2020-05-06 19:00:00,3.2096333333333336,3.2387,115.80938333333333,371.8480666666666
2020-05-06 20:00:00,3.0331166666666665,3.0606999999999998,114.98100333333333,460.2902683333333
2020-05-06 21:00:00,2.8319666666666667,2.859383333333333,113.34610833333333,398.56558
2020-05-06 22:00:00,2.6286833333333335,2.656633333333333,114.766015,489.5802683333333
2020-05-06 23:00:00,2.459866666666667,2.480933333333333,468.9072666666667,416.5799783333333
2020-05-07 00:00:00,2.485,2.50015,460.6128233333333,269.5870816666667
2020-05-07 01:00:00,2.5417166666666664,2.55605,460.84612833333335,242.73019833333333
2020-05-07 02:00:00,2.6159833333333333,2.631866666666667,464.19991666666664,201.61737666666667
2020-05-07 03:00:00,2.7104666666666666,2.725916666666667,466.59878833333335,187.14577666666668
2020-05-07 04:00:00,2.81165,2.827566666666667,466.73309166666667,182.72901
2020-05-07 05:00:00,2.90965,2.9269666666666665,468.66835833333334,229.163195
2020-05-07 06:00:00,3.0692,3.056433333333333,650.539097289855,322.62118833333335
2020-05-07 07:00:00,3.3546833333333335,3.322216666666667,494.0927504347826,358.17745333333335
2020-05-07 08:00:00,3.429466666666667,3.4550833333333335,309.02745227536235,389.33258666666666
2020-05-07 09:00:00,3.3138333333333336,3.35145,301.3085883333333,381.61192166666666
2020-05-07 10:00:00,3.2263,3.2636166666666666,301.0935016666666,412.10427
2020-05-07 11:00:00,3.0803333333333334,3.118866666666667,301.319535,469.3308866666667
2020-05-07 12:00:00,2.9480333333333335,2.9849,304.82942166666663,441.7589633333334
2020-05-07 13:00:00,2.8305000000000002,2.866316666666667,304.76535499999994,366.30810833333334
2020-05-07 14:00:00,2.7715666666666667,2.8048833333333336,304.34947,328.115985
2020-05-07 15:00:00,2.7207500000000002,2.750316666666667,306.7674883333333,313.7643616666667
2020-05-07 16:00:00,2.6732,2.7044166666666665,306.2068533333333,352.457125
2020-05-07 17:00:00,2.53765,2.570883333333333,304.80930333333333,482.47973833333333
2020-05-07 18:00:00,2.4129666666666667,2.44455,303.09662000000003,363.00940333333335
2020-05-07 19:00:00,2.3355333333333332,2.368333333333333,303.90183666666667,401.8286933333333
2020-05-07 20:00:00,2.182733333333333,2.2193166666666664,305.5151016666667,521.2018266666666
2020-05-07 21:00:00,2.0204333333333335,2.0357833333333333,502.4806233333333,501.85213500000003
2020-05-07 22:00:00,2.040016666666667,2.0331333333333332,623.569445,331.1356333333333
2020-05-07 23:00:00,2.1058666666666666,2.0992,625.234275,299.7976933333333
2020-05-08 00:00:00,2.1820666666666666,2.1773499999999997,626.66822,327.20161666666667
2020-05-08 01:00:00,2.2707333333333333,2.273066666666667,629.9462933333333,242.826395
2020-05-08 02:00:00,2.4078,2.4135166666666668,634.1261216666667,206.7678733333333
2020-05-08 03:00:00,2.5478,2.5524,632.9855650000001,215.88915666666665
2020-05-08 04:00:00,2.7058000000000004,2.7113500000000004,631.1869733333333,180.41998999999998
2020-05-08 05:00:00,2.8632,2.870566666666667,635.1047384276729,219.21801
2020-05-08 06:00:00,3.0875333333333335,3.1399166666666667,564.641041509434,266.8022133333333
2020-05-08 07:00:00,3.3138,3.3800666666666666,420.3379650628931,391.39070166666664
2020-05-08 08:00:00,3.2874333333333334,3.3463833333333333,325.863275,366.94581999999997
2020-05-08 09:00:00,3.2061333333333333,3.263933333333333,322.97129333333334,409.2711633333333
2020-05-08 10:00:00,3.078516666666667,3.1387666666666667,315.7495883333333,473.46436
2020-05-08 11:00:00,2.940316666666667,2.998083333333333,314.5308783333333,392.157735
2020-05-08 12:00:00,2.877933333333333,2.9284000000000003,315.91831,330.18515
2020-05-08 13:00:00,2.8106166666666668,2.8631,316.84894333333335,356.90416999999997
2020-05-08 14:00:00,2.7402666666666664,2.7908,317.966745,334.49256499999996
2020-05-08 15:00:00,2.704016666666667,2.7524333333333333,318.29788833333333,285.61415500000004
2020-05-08 16:00:00,2.6807333333333334,2.72855,316.735975,288.594395
2020-05-08 17:00:00,2.64925,2.6990333333333334,316.07882166666667,315.6273
2020-05-08 18:00:00,2.5643666666666665,2.62045,314.73149666666666,440.39109
2020-05-08 19:00:00,2.3985,2.462083333333333,316.36693333333335,505.82190833333334
2020-05-08 20:00:00,2.2900666666666667,2.342016666666667,315.0109283333333,350.515875
2020-05-08 21:00:00,2.2061833333333336,2.2600166666666666,315.46861666666666,386.82605500000005
2020-05-08 22:00:00,2.1342666666666665,2.183333333333333,328.6858266666667,308.4724366666667
2020-05-08 23:00:00,2.13505,2.1886,616.6938416666667,378.75008333333335
2020-05-09 00:00:00,2.1810666666666667,2.2317833333333335,648.1937466666666,312.48217833333337
2020-05-09 01:00:00,2.3090166666666665,2.3511666666666664,652.9978466666666,222.77837499999998
2020-05-09 02:00:00,2.459033333333333,2.500716666666667,651.7248233333333,203.31822333333332
2020-05-09 03:00:00,2.6181166666666664,2.6597166666666667,650.17345,193.01301166666664
2020-05-09 04:00:00,2.7835666666666667,2.82425,652.6433583333333,191.05674333333334
2020-05-09 05:00:00,2.945466666666667,2.986683333333333,653.1870299999999,201.34955166666666
2020-05-09 06:00:00,3.0799166666666666,3.12745,652.9835,277.47929166666665
2020-05-09 07:00:00,3.1721333333333335,3.2232333333333334,650.6230516666667,314.7250516666667
2020-05-09 08:00:00,3.3762166666666666,3.396266666666667,504.5763133333333,286.5381883333333
2020-05-09 09:00:00,3.4735333333333336,3.4896499999999997,387.3437566666667,336.86859666666663
2020-05-09 10:00:00,3.4136,3.427916666666667,391.7070966666667,386.03651833333333
2020-05-09 11:00:00,3.3587833333333337,3.37285,394.108975,382.9603016666667
2020-05-09 12:00:00,3.24935,3.2803,235.4383,444.78961
2020-05-09 13:00:00,3.0738666666666665,3.114833333333333,203.97040833333332,394.9541533333333
2020-05-09 14:00:00,2.9526,2.9927,204.15396166666667,368.2752966666667
2020-05-09 15:00:00,2.8350500000000003,2.872516666666667,205.37252833333332,372.214395
2020-05-09 16:00:00,2.64425,2.685166666666667,201.13775166666667,536.948145
2020-05-09 17:00:00,2.432683333333333,2.471883333333333,200.31139666666667,412.66406166666667
2020-05-09 18:00:00,2.3265666666666664,2.3643666666666667,239.42458677018632,349.1315383333333
2020-05-09 19:00:00,2.4511166666666666,2.5027166666666667,398.55183322981367,395.1373766666667
2020-05-09 20:00:00,2.7229666666666663,2.7738500000000004,348.9751748447205,342.31675666666666
2020-05-09 21:00:00,3.0037666666666665,3.0422333333333333,306.7610868219462,321.9405666666667
2020-05-09 22:00:00,2.978283333333333,2.9999666666666664,300.6429866666667,374.1033
2020-05-09 23:00:00,2.8901666666666666,2.9126166666666666,302.89240666666666,337.228555
2020-05-10 00:00:00,2.877083333333333,2.9058166666666665,398.669325,245.74031000000002
2020-05-10 01:00:00,2.907033333333333,2.9377,406.4435733333333,250.900505
2020-05-10 02:00:00,2.9516666666666667,2.9809166666666664,406.12572,209.45994166666665
2020-05-10 03:00:00,3.0057166666666664,3.0350166666666665,406.99590333333333,240.1157683333333
2020-05-10 04:00:00,3.048583333333333,3.077566666666667,406.60136166666666,201.26379833333334
2020-05-10 05:00:00,3.1158833333333336,3.14545,409.00959735294117,199.70759166666667
2020-05-10 06:00:00,3.3093333333333335,3.320866666666667,690.4950659803922,210.20929833333332
2020-05-10 07:00:00,3.4796666666666667,3.4853333333333336,688.0361066666667,248.37332833333332
2020-05-10 08:00:00,3.5319,3.5592333333333332,350.294735,295.6880366666667
2020-05-10 09:00:00,3.4766833333333333,3.50665,348.15880333333337,355.20897333333335
2020-05-10 10:00:00,3.4187833333333333,3.4494666666666665,344.332555,359.0311966666667
2020-05-10 11:00:00,3.3454166666666665,3.3636333333333335,246.07925166666666,394.53671
2020-05-10 12:00:00,3.1881166666666667,3.200483333333333,247.90826333333334,446.2062466666667
2020-05-10 13:00:00,3.0641833333333333,3.07855,248.51238333333333,377.2037583333333
2020-05-10 14:00:00,2.9025000000000003,2.9120833333333334,247.10012999999998,505.67704
2020-05-10 15:00:00,2.740483333333333,2.7518499999999997,248.195695,389.48994000000005
2020-05-10 16:00:00,2.5951166666666667,2.6038166666666664,248.86377333333334,456.42395833333336
2020-05-10 17:00:00,2.4629666666666665,2.47585,246.344715,364.0736
2020-05-10 18:00:00,2.3595333333333333,2.373816666666667,247.27819,334.268935
2020-05-10 19:00:00,2.2744500000000003,2.2881,251.520455,393.10677166666665
2020-05-10 20:00:00,2.146,2.1532,356.79494,415.18698
2020-05-10 21:00:00,2.0810833333333334,2.088166666666667,357.80579666666665,347.10981166666664
2020-05-10 22:00:00,2.0189,2.023966666666667,354.56797666666665,373.98835333333335
2020-05-10 23:00:00,1.9712,1.9835833333333333,384.2412266666667,290.52322833333335
2020-05-11 00:00:00,2.0304166666666665,2.0728666666666666,658.939205,243.26603666666668
2020-05-11 01:00:00,2.1719999999999997,2.2139,660.4514283333334,217.01742000000002
2020-05-11 02:00:00,2.326783333333333,2.3683,658.3746583333334,202.19487833333332
2020-05-11 03:00:00,2.48625,2.5275833333333333,657.6048750000001,210.38196833333333
2020-05-11 04:00:00,2.645783333333333,2.6865499999999995,661.5879733333334,183.15543166666666
2020-05-11 05:00:00,2.8160000000000003,2.8564333333333334,665.1652456504065,199.8923166666667
2020-05-11 06:00:00,3.040233333333333,3.05705,664.6084951219513,255.69854166666667
2020-05-11 07:00:00,3.240416666666667,3.253216666666667,625.957240894309,399.6144433333333
2020-05-11 08:00:00,3.2081166666666667,3.2172833333333335,327.8772016666666,485.81088
2020-05-11 09:00:00,3.0524,3.0593166666666667,326.62943333333334,523.92516
2020-05-11 10:00:00,2.8598500000000002,2.8646666666666665,316.7913066666667,517.89213
2020-05-11 11:00:00,2.7103666666666664,2.71875,317.7876883333333,406.97395166666666
2020-05-11 12:00:00,2.6198166666666665,2.6287000000000003,327.2574466666667,399.602355
2020-05-11 13:00:00,2.522266666666667,2.5293,334.7734566666667,380.50479666666666
2020-05-11 14:00:00,2.4614166666666666,2.4713333333333334,335.93551,334.4439383333333
2020-05-11 15:00:00,2.4229,2.4324999999999997,331.34911,285.836505
2020-05-11 16:00:00,2.3986,2.408266666666667,344.36738333333335,318.55410666666666
2020-05-11 17:00:00,2.3618666666666663,2.3703166666666666,389.0710966666667,335.10322666666667
2020-05-11 18:00:00,2.3271,2.3351166666666665,392.5610316666667,342.9802416666667
2020-05-11 19:00:00,2.2894833333333335,2.297283333333333,390.77088833333335,362.47023666666666
2020-05-11 20:00:00,2.184833333333333,2.1875,390.5012083333333,547.95709
2020-05-11 21:00:00,2.01,2.0123166666666665,408.27375166666667,518.011445
2020-05-11 22:00:00,1.9416,1.9739499999999999,480.49477,301.385555
2020-05-11 23:00:00,1.9829833333333333,2.02465,630.854815,301.55627166666665
2020-05-12 00:00:00,2.0840166666666664,2.1294,664.1047466666666,271.87192
2020-05-12 01:00:00,2.2244,2.2642499999999997,664.1950533333332,215.56138833333335
2020-05-12 02:00:00,2.3799333333333332,2.419966666666667,664.51095,204.93738666666667
2020-05-12 03:00:00,2.5413833333333335,2.5802166666666664,663.6722533333334,198.03944666666666
2020-05-12 04:00:00,2.7049666666666665,2.7451166666666666,668.1984716666667,194.34221
2020-05-12 05:00:00,2.8701166666666666,2.9108333333333336,664.9205783333333,206.16855833333332
2020-05-12 06:00:00,3.0199,3.06995,715.8743816666666,284.956665
2020-05-12 07:00:00,3.0382166666666666,3.10865,710.307325,540.0941166666667
2020-05-12 08:00:00,3.02355,3.0896,705.4438766666666,408.20672833333333
2020-05-12 09:00:00,3.094866666666667,3.15225,701.7410533333333,340.7202883333333
2020-05-12 10:00:00,3.1564666666666668,3.2165833333333333,702.1626,414.85557166666666
2020-05-12 11:00:00,3.1721500000000002,3.2355,702.5937133333333,455.64984
2020-05-12 12:00:00,3.191333333333333,3.2546833333333334,712.7421316666666,446.79964
2020-05-12 13:00:00,3.1885833333333333,3.25445,705.3496066666667,442.29863666666665
2020-05-12 14:00:00,3.24505,3.3033,705.1266633333332,392.49359999999996
2020-05-12 15:00:00,3.2775499999999997,3.3383,705.530575,379.15427166666666
2020-05-12 16:00:00,3.383866666666667,3.4357666666666664,718.0928566666666,293.00613
2020-05-12 17:00:00,3.4228666666666663,3.469933333333333,263.3064766666667,335.86772833333333
2020-05-12 18:00:00,3.297683333333333,3.3431,151.47035666666667,349.66849333333334
2020-05-12 19:00:00,3.174583333333333,3.2197,153.6638133333333,338.3523083333333
2020-05-12 20:00:00,3.042333333333333,3.090416666666667,153.24932500000003,367.68291000000005
2020-05-12 21:00:00,2.8802666666666665,2.9296833333333336,142.3690433333333,395.076855
2020-05-12 22:00:00,2.74325,2.7884333333333333,145.62634500000001,330.76739833333335
2020-05-12 23:00:00,2.677433333333333,2.6973833333333332,418.89991333333336,278.57686666666666
2020-05-13 00:00:00,2.7300666666666666,2.7067833333333335,640.6113066666666,452.70420666666666
2020-05-13 01:00:00,2.7361666666666666,2.7187166666666664,644.2515583333334,303.2815983333333
2020-05-13 02:00:00,2.86415,2.862016666666667,646.98566,199.39315333333334
2020-05-13 03:00:00,3.0209166666666665,3.0227500000000003,642.2943200000001,188.55586499999998
2020-05-13 04:00:00,3.183483333333333,3.1881666666666666,642.3848183333333,178.11764166666666
2020-05-13 05:00:00,3.3439,3.345966666666667,644.02687,214.00213333333335
2020-05-13 06:00:00,3.4666333333333332,3.4611666666666663,642.6466533333333,312.268875
2020-05-13 07:00:00,3.50135,3.4788,638.692895,462.29202
2020-05-13 08:00:00,3.4181166666666667,3.4351333333333334,299.2870566666667,397.129075
2020-05-13 09:00:00,3.2962833333333332,3.3283666666666667,270.21697166666667,354.1157216666667
2020-05-13 10:00:00,3.204,3.2351666666666663,269.21005333333335,372.99926666666664
2020-05-13 11:00:00,3.1025833333333335,3.1327333333333334,270.8403983333333,391.0796
2020-05-13 12:00:00,2.9861,3.015016666666667,269.0395633333333,378.03951666666666
2020-05-13 13:00:00,2.893333333333333,2.9212833333333332,279.74376333333333,354.35747999999995
2020-05-13 14:00:00,2.8236666666666665,2.851116666666667,278.9696533333333,328.00053
2020-05-13 15:00:00,2.7396000000000003,2.7656833333333335,284.9104433333333,353.48878833333333
2020-05-13 16:00:00,2.683783333333333,2.7091,288.97886166666666,288.85988833333334
2020-05-13 17:00:00,2.6131499999999996,2.6381333333333337,285.202375,378.66694666666666
2020-05-13 18:00:00,2.5264499999999996,2.55075,285.73111666666665,348.48689
2020-05-13 19:00:00,2.4247500000000004,2.4505,285.3481883333333,407.66726166666666
2020-05-13 20:00:00,2.3259666666666665,2.3522000000000003,281.32914,401.87232666666665
2020-05-13 21:00:00,2.1368,2.15595,384.6940383333333,612.2044549999999
2020-05-13 22:00:00,2.0110333333333332,1.9786499999999998,632.2575433333333,495.846265
2020-05-13 23:00:00,2.0475499999999998,2.036833333333333,631.2372366666666,276.78234
2020-05-14 00:00:00,2.15745,2.148883333333333,641.6232716666667,248.10832833333333
2020-05-14 01:00:00,2.289616666666667,2.2832999999999997,646.0210783333333,217.20397
2020-05-14 02:00:00,2.4283,2.4238666666666666,641.3684233333333,225.89247166666667
2020-05-14 03:00:00,2.57165,2.5717833333333333,635.0580433333333,195.61764833333334
2020-05-14 04:00:00,2.7226333333333335,2.7213333333333334,638.4453783333333,197.14698666666666
2020-05-14 05:00:00,2.8931166666666663,2.90645,624.3020561111111,197.24342833333333
2020-05-14 06:00:00,3.126,3.1515,533.2769571428572,247.57212166666667
2020-05-14 07:00:00,3.3286333333333333,3.3553166666666665,419.65972007936506,342.6991433333333
2020-05-14 08:00:00,3.3147666666666664,3.3468500000000003,315.56304,408.34310999999997
2020-05-14 09:00:00,3.2221166666666665,3.2538833333333335,312.5347116666666,362.375965
2020-05-14 10:00:00,3.1571333333333333,3.1868833333333333,312.62423666666666,327.23834999999997
2020-05-14 11:00:00,3.0986833333333332,3.12765,311.84078166666666,350.12234666666666
2020-05-14 12:00:00,3.0084166666666667,3.0383166666666668,313.13910000000004,390.4522183333333
2020-05-14 13:00:00,2.927416666666667,2.956166666666667,316.7370233333333,355.751075
2020-05-14 14:00:00,2.8615666666666666,2.8900833333333336,315.041225,326.1702433333333
2020-05-14 15:00:00,2.8026666666666666,2.83175,310.12274333333335,345.37201666666664
2020-05-14 16:00:00,2.7041,2.7321666666666666,320.61125499999997,403.96695166666666
2020-05-14 17:00:00,2.6218,2.6544833333333333,353.13553333333334,351.4729883333333
2020-05-14 18:00:00,2.566216666666667,2.607066666666667,379.4408066666667,351.63669000000004
2020-05-14 19:00:00,2.5104333333333333,2.5517166666666666,383.590015,433.55259666666666
2020-05-14 20:00:00,2.3753499999999996,2.4209166666666664,374.24183999999997,498.00224333333335
2020-05-14 21:00:00,2.2318,2.277933333333333,369.6369583333333,458.53239833333333
2020-05-14 22:00:00,2.157883333333333,2.1969833333333333,363.760105,312.36702499999996
2020-05-14 23:00:00,2.1728666666666663,2.2093833333333333,537.9262183333334,278.09372
2020-05-15 00:00:00,2.2546166666666663,2.29085,606.5238866666666,283.98735166666665
2020-05-15 01:00:00,2.3633333333333337,2.3984666666666663,613.6803066666668,218.27487333333332
2020-05-15 02:00:00,2.50135,2.5366500000000003,611.3317633333334,204.27493833333335
2020-05-15 03:00:00,2.6296666666666666,2.665583333333333,616.8494616666667,222.18901833333334
2020-05-15 04:00:00,2.7795833333333335,2.8137333333333334,625.2757416666667,185.23893833333335
2020-05-15 05:00:00,2.93215,2.968366666666667,627.858965,200.26950833333333
2020-05-15 06:00:00,3.0572166666666667,3.097283333333333,622.5888933333333,300.7909633333333
2020-05-15 07:00:00,3.07745,3.12415,620.044725,429.0301633333333
2020-05-15 08:00:00,3.0965166666666666,3.13975,613.5837166666666,325.0494233333333
2020-05-15 09:00:00,3.158666666666667,3.201783333333333,606.0009516666667,335.90538333333336
2020-05-15 10:00:00,3.2134,3.2572833333333335,608.8695666666666,335.86229000000003
2020-05-15 11:00:00,3.250516666666667,3.295733333333333,624.0572666666667,335.7728383333333
2020-05-15 12:00:00,3.3173000000000004,3.3625,633.0697883333333,355.371645
2020-05-15 13:00:00,3.352116666666667,3.389333333333333,514.8240883333333,358.49479499999995
2020-05-15 14:00:00,3.3116833333333333,3.3188666666666666,337.75235833333335,409.36336666666665
2020-05-15 15:00:00,3.2369333333333334,3.2464166666666667,339.26554500000003,308.59652166666666
2020-05-15 16:00:00,3.17895,3.1979333333333333,145.03251816666668,293.9018116666667
2020-05-15 17:00:00,3.0522666666666667,3.077633333333333,59.247528833333334,310.7219966666667
2020-05-15 18:00:00,2.85955,2.8834333333333335,58.72361266666667,505.815855
2020-05-15 19:00:00,2.6244333333333336,2.66465,568.798258,557.6779816666666
2020-05-15 20:00:00,2.6035833333333334,2.6483,645.6866000000001,358.9698866666667
2020-05-15 21:00:00,2.6592166666666666,2.702433333333333,640.5603733333334,334.8513733333333
2020-05-15 22:00:00,2.7273666666666667,2.7694833333333335,641.5949999999999,359.74312833333335
2020-05-15 23:00:00,2.7685166666666663,2.8102666666666662,622.3231033333334,310.32928999999996
2020-05-16 00:00:00,2.8466833333333335,2.897266666666667,521.1245483333333,275.65056666666663
2020-05-16 01:00:00,2.9193333333333333,2.9665833333333333,521.4453316666667,209.64613
2020-05-16 02:00:00,3.0262333333333333,3.0719166666666666,525.3831216666666,203.01317333333333
2020-05-16 03:00:00,3.13415,3.1805666666666665,526.5398433333334,198.88093333333333
2020-05-16 04:00:00,3.2467833333333336,3.2928333333333333,525.9050583333333,193.95415
2020-05-16 05:00:00,3.3609166666666668,3.405866666666667,524.3901833333333,193.22168166666668
2020-05-16 06:00:00,3.4626666666666663,3.5120500000000003,525.8876266666667,231.06602166666664
2020-05-16 07:00:00,3.5223500000000003,3.578233333333333,528.090085,306.6778816666667
2020-05-16 08:00:00,3.545383333333333,3.6061166666666664,531.4891733333333,352.53760666666665
2020-05-16 09:00:00,3.5220833333333332,3.5629333333333335,303.6991683333334,384.5517466666667
2020-05-16 10:00:00,3.409883333333333,3.4368666666666665,250.846595,416.9089566666667
2020-05-16 11:00:00,3.2460999999999998,3.2706999999999997,250.06911666666667,440.26252666666664
2020-05-16 12:00:00,3.1061,3.1307166666666664,249.663375,412.65407
2020-05-16 13:00:00,2.9741333333333335,2.9981666666666666,249.98067,404.3380316666667
2020-05-16 14:00:00,2.8580666666666668,2.8821999999999997,246.63907333333333,360.5446533333333
2020-05-16 15:00:00,2.7206166666666665,2.74275,243.82429666666667,462.6989116666667
2020-05-16 16:00:00,2.559483333333333,2.5811166666666665,248.64408166666666,397.00492
2020-05-16 17:00:00,2.4622,2.4851666666666663,247.01302166666667,343.3479316666666
2020-05-16 18:00:00,2.3707333333333334,2.3939166666666667,244.929945,324.76984
2020-05-16 19:00:00,2.2988500000000003,2.3225,244.18892499999998,312.4818383333333
2020-05-16 20:00:00,2.193,2.2159166666666663,242.67883166666667,401.84612166666665
2020-05-16 21:00:00,2.101166666666667,2.124033333333333,243.55688833333335,311.02227500000004
2020-05-16 22:00:00,2.012,2.0305,426.2337783333333,414.89478833333334
2020-05-16 23:00:00,2.0267333333333335,2.04,686.2086716666666,338.53869833333334
2020-05-17 00:00:00,2.1208,2.1412666666666667,657.4003583333334,285.70905000000005
2020-05-17 01:00:00,2.2382833333333334,2.25815,656.6396283333332,229.39567666666667
2020-05-17 02:00:00,2.3878833333333334,2.4076166666666667,656.0212133333333,205.20211166666667
2020-05-17 03:00:00,2.5483833333333332,2.5682,653.9430950000001,182.00481166666665
2020-05-17 04:00:00,2.7233333333333336,2.743333333333333,660.27036,174.40973166666666
2020-05-17 05:00:00,2.8895833333333334,2.91115,654.546555,204.54968
2020-05-17 06:00:00,3.0518833333333335,3.085166666666667,776.9387613333333,238.47549833333332
2020-05-17 07:00:00,3.21825,3.2580666666666667,794.2400086666668,291.75027166666666
2020-05-17 08:00:00,3.3141499999999997,3.367833333333333,441.6116191666667,319.789915
2020-05-17 09:00:00,3.2584666666666666,3.3254666666666663,366.5049,399.3672833333333
2020-05-17 10:00:00,3.1386,3.2110166666666666,362.10649333333333,432.2679116666667
2020-05-17 11:00:00,3.0576999999999996,3.124816666666667,362.0543,431.13533666666666
2020-05-17 12:00:00,2.89135,2.97085,360.7980133333333,558.4874183333334
2020-05-17 13:00:00,2.6866,2.766966666666667,359.2392316666666,554.1597566666666
2020-05-17 14:00:00,2.5496166666666666,2.61765,357.5802816666667,402.26005999999995
2020-05-17 15:00:00,2.500783333333333,2.5580333333333334,356.31357,333.54216833333334
2020-05-17 16:00:00,2.4554833333333335,2.5138833333333332,356.47589,332.98836833333337
2020-05-17 17:00:00,2.3879499999999996,2.4501333333333335,358.3245366666667,382.164755
2020-05-17 18:00:00,2.31615,2.3777833333333334,357.1665816666667,377.76805833333333
2020-05-17 19:00:00,2.2617166666666666,2.3182166666666664,384.06617166666666,360.9382683333333
2020-05-17 20:00:00,2.1945666666666668,2.2529,385.83158833333334,378.8250233333334
2020-05-17 21:00:00,2.1158333333333332,2.1775499999999997,387.6197066666667,442.62532333333337
2020-05-17 22:00:00,1.9993333333333334,2.0652666666666666,389.968595,437.9796816666667
2020-05-17 23:00:00,1.9809666666666668,2.0235166666666666,600.7333533333333,342.8587483333333
2020-05-18 00:00:00,2.0707833333333334,2.10005,634.7320533333333,247.359535
2020-05-18 01:00:00,2.20895,2.2385,634.1950866666666,201.425305
2020-05-18 02:00:00,2.367233333333333,2.3968,639.218955,186.85816166666666
2020-05-18 03:00:00,2.5326166666666667,2.5606,635.8428516666667,172.519555
2020-05-18 04:00:00,2.6999666666666666,2.7286,633.6490566666668,180.56597166666668
2020-05-18 05:00:00,2.86345,2.8940166666666665,645.4959602777778,223.07077333333334
2020-05-18 06:00:00,3.0485666666666664,3.0824333333333334,756.3833897222223,277.59387499999997
2020-05-18 07:00:00,3.1511666666666667,3.1879,795.2148,490.9080533333333
2020-05-18 08:00:00,3.1571,3.19605,787.98824,505.43646
2020-05-18 09:00:00,3.1708833333333333,3.20895,598.3264475,465.14788500000003
2020-05-18 10:00:00,3.0885499999999997,3.1292,300.40032499999995,347.86088166666667
2020-05-18 11:00:00,3.0011666666666668,3.0430333333333333,301.987095,420.3619033333333
2020-05-18 12:00:00,2.8775,2.9202999999999997,303.5775283333333,384.43965166666663
2020-05-18 13:00:00,2.7828833333333334,2.82425,302.99877666666663,415.3031883333333
2020-05-18 14:00:00,2.664333333333333,2.7050666666666667,303.1847466666667,389.2505466666667
2020-05-18 15:00:00,2.5866666666666664,2.6250500000000003,307.18805499999996,322.2831783333333
2020-05-18 16:00:00,2.5372833333333333,2.5749,305.65311166666663,342.208045
2020-05-18 17:00:00,2.45165,2.4916,305.24654166666664,383.8689383333333
2020-05-18 18:00:00,2.3350166666666667,2.37635,304.42059166666667,429.99894666666665
2020-05-18 19:00:00,2.2184999999999997,2.2572833333333335,308.32431166666663,396.24139
2020-05-18 20:00:00,2.1243,2.1632166666666666,299.22205327485375,375.93062833333335
2020-05-18 21:00:00,2.26355,2.3079166666666664,417.5842578947369,381.143105
2020-05-18 22:00:00,2.5989,2.65775,634.2459071637427,376.2373533333333
2020-05-18 23:00:00,2.761683333333333,2.8128499999999996,446.7914616666667,331.14250833333335
2020-05-19 00:00:00,2.6837333333333335,2.716133333333333,346.15716833333335,453.9693316666666
2020-05-19 01:00:00,2.5932000000000004,2.62455,347.52383166666664,270.71071
2020-05-19 02:00:00,2.6353500000000003,2.6640666666666664,349.5673566666667,184.58921333333333
2020-05-19 03:00:00,2.693366666666667,2.721033333333333,348.27330333333333,174.46317
2020-05-19 04:00:00,2.7526333333333333,2.7806166666666665,349.9243016666667,173.85728
2020-05-19 05:00:00,2.8051000000000004,2.834416666666667,349.523177594086,215.44851666666668
2020-05-19 06:00:00,3.0711,3.1257499999999996,452.94966814516124,280.02153166666665
2020-05-19 07:00:00,3.5069166666666667,3.572583333333333,623.0481617607527,331.30092833333333
2020-05-19 08:00:00,3.629,3.6792166666666666,306.48889333333335,353.05037333333337
2020-05-19 09:00:00,3.523216666666667,3.5752,299.02433666666667,399.3794483333333
2020-05-19 10:00:00,3.452316666666667,3.5004333333333335,295.9384416666666,319.78766666666667
2020-05-19 11:00:00,3.386483333333333,3.434766666666667,296.5710983333333,374.46642333333335
2020-05-19 12:00:00,3.25645,3.3090333333333333,296.35506499999997,430.2242283333333
2020-05-19 13:00:00,3.15855,3.2049499999999997,294.7875716666667,348.67485000000005
2020-05-19 14:00:00,3.0897666666666668,3.13695,296.93400166666663,325.80463
2020-05-19 15:00:00,3.035066666666667,3.0805333333333333,296.84934833333335,318.77645
2020-05-19 16:00:00,2.95865,3.0050666666666666,295.63392333333337,356.24974000000003
2020-05-19 17:00:00,2.859466666666667,2.9094333333333333,297.6516966666667,434.00992833333333
2020-05-19 18:00:00,2.7483166666666667,2.79705,296.60441499999996,343.70389166666666
2020-05-19 19:00:00,2.6630333333333334,2.7103333333333333,292.6900783333333,368.1727016666666
2020-05-19 20:00:00,2.5781833333333335,2.6249833333333332,295.56633,379.366525
2020-05-19 21:00:00,2.4563333333333333,2.5056000000000003,290.78661166666666,424.4148483333333
2020-05-19 22:00:00,2.3416,2.3886833333333333,293.39535333333333,381.47635166666663
2020-05-19 23:00:00,2.2552666666666665,2.3011166666666667,333.82996,335.2787183333333
2020-05-20 00:00:00,2.2908135593220336,2.3224915254237284,604.0780457627119,276.5214169491525
2020-05-20 01:00:00,2.39675,2.4281833333333336,600.6610883333334,213.004085
2020-05-20 02:00:00,2.532166666666667,2.561316666666667,595.1465333333333,197.11115
2020-05-20 03:00:00,2.6709,2.7009666666666665,597.4746899999999,193.03715666666668
2020-05-20 04:00:00,2.8159833333333335,2.845783333333333,598.8333650000001,182.89013166666666
2020-05-20 05:00:00,2.9583166666666667,2.9896833333333332,600.4126483333333,203.7780833333333
2020-05-20 06:00:00,3.1638333333333337,3.1578333333333335,647.4565535971223,293.0814183333333
2020-05-20 07:00:00,3.3733333333333335,3.3500500000000004,725.6488557553956,429.699875
2020-05-20 08:00:00,3.4121,3.4079833333333336,529.1163023141487,552.0159466666667
2020-05-20 09:00:00,3.2679833333333335,3.30355,397.46903333333336,415.80667
2020-05-20 10:00:00,3.2141,3.2478833333333332,401.3063,351.64135
2020-05-20 11:00:00,3.161283333333333,3.1955,405.21727,388.26948166666665
2020-05-20 12:00:00,3.0809333333333333,3.1153666666666666,398.37825499999997,438.1017983333333
2020-05-20 13:00:00,3.0076166666666664,3.0410666666666666,395.9572933333333,367.1009516666666
2020-05-20 14:00:00,2.9320999999999997,2.9646,393.9263266666667,419.67239
2020-05-20 15:00:00,2.86725,2.8981500000000002,389.61842,400.3812483333333
2020-05-20 16:00:00,2.775583333333333,2.80715,390.26174833333334,437.8860633333333
2020-05-20 17:00:00,2.695866666666667,2.7263666666666664,394.9169333333333,367.16462333333334
2020-05-20 18:00:00,2.651033333333333,2.681633333333333,390.15369666666663,337.04114666666663
2020-05-20 19:00:00,2.6083833333333337,2.6391833333333334,388.90595666666667,361.5971833333333
2020-05-20 20:00:00,2.5555666666666665,2.5878666666666663,387.5822933333333,377.4208066666667
2020-05-20 21:00:00,2.4799833333333337,2.5118333333333336,391.149285,405.50299666666666
2020-05-20 22:00:00,2.4286666666666665,2.4602500000000003,393.0365983333333,333.640965
2020-05-20 23:00:00,2.4506,2.4871166666666666,541.8403383333333,303.6392383333333
2020-05-21 00:00:00,2.5204999999999997,2.5473166666666667,547.921915,271.4552233333333
2020-05-21 01:00:00,2.6077500000000002,2.6336500000000003,548.96805,227.55275500000002
2020-05-21 02:00:00,2.713616666666667,2.74125,550.929715,208.96692
2020-05-21 03:00:00,2.828333333333333,2.8568,552.610215,198.13666
2020-05-21 04:00:00,2.946266666666667,2.9741500000000003,554.9617183333334,210.35314
2020-05-21 05:00:00,3.0567833333333336,3.0862666666666665,553.0362016666667,218.29261166666666
2020-05-21 06:00:00,3.1281833333333333,3.15845,548.6131516666667,329.04463666666663
2020-05-21 07:00:00,3.1537166666666665,3.1837,554.3398037698413,373.5739233333333
2020-05-21 08:00:00,3.2525833333333334,3.3138,575.4003392857143,365.98854666666665
2020-05-21 09:00:00,3.3608,3.4132499999999997,323.16171194444445,364.12064166666664
2020-05-21 10:00:00,3.2620833333333334,3.3119666666666663,246.500095,360.51300833333335
2020-05-21 11:00:00,3.1495666666666664,3.1995500000000003,246.337105,393.032115
2020-05-21 12:00:00,3.0312833333333336,3.0789,245.47953333333334,354.590775
2020-05-21 13:00:00,2.9155666666666664,2.965416666666667,245.97135,437.55249333333336
2020-05-21 14:00:00,2.747266666666667,2.798083333333333,244.772715,459.94078833333333
2020-05-21 15:00:00,2.550483333333333,2.6042166666666664,244.97387833333332,503.78111333333334
2020-05-21 16:00:00,2.3622,2.415,244.000715,523.0686233333333
2020-05-21 17:00:00,2.140216666666667,2.1929000000000003,243.20221666666666,535.4278483333334
2020-05-21 18:00:00,1.9277166666666665,1.9785,243.19634833333333,460.04505
2020-05-21 19:00:00,1.8496166666666667,1.89865,249.98120555555553,387.80609
2020-05-21 20:00:00,2.25295,2.31535,332.02234055555556,353.147835
2020-05-21 21:00:00,2.5054333333333334,2.5673166666666662,395.5380880555556,454.27552166666663
2020-05-21 22:00:00,2.44025,2.4927166666666665,400.0027283333333,326.2020416666667
2020-05-21 23:00:00,2.4301833333333334,2.479133333333333,411.87612666666666,295.31437833333337
2020-05-22 00:00:00,2.4477166666666665,2.492816666666667,427.9712333333334,272.40980333333334
2020-05-22 01:00:00,2.48,2.5216166666666666,427.70147833333334,241.767885
2020-05-22 02:00:00,2.5435666666666665,2.5818833333333333,428.94504333333333,204.30775166666666
2020-05-22 03:00:00,2.6155166666666667,2.655666666666667,431.70809166666663,195.69893666666667
2020-05-22 04:00:00,2.69285,2.7328333333333332,430.72905,195.89788833333333
2020-05-22 05:00:00,2.80855,2.8375,453.05611652968037,214.72242333333332
2020-05-22 06:00:00,3.114716666666667,3.1504666666666665,588.8959643835617,270.5903533333333
2020-05-22 07:00:00,3.4537666666666667,3.501716666666667,675.7792699200913,372.033435
2020-05-22 08:00:00,3.445266666666667,3.45415,323.02498166666663,577.32981
2020-05-22 09:00:00,3.2737833333333333,3.273616666666667,320.1425566666667,417.023775
2020-05-22 10:00:00,3.17415,3.177216666666667,328.3579466666667,392.8550783333333
2020-05-22 11:00:00,3.0887499999999997,3.0926166666666663,325.7067783333333,372.8901466666667
2020-05-22 12:00:00,2.969133333333333,2.9663166666666663,323.4867316666667,495.28160833333334
2020-05-22 13:00:00,2.8077166666666664,2.8043,328.3723,448.12507833333336
2020-05-22 14:00:00,2.727883333333333,2.7330666666666668,328.07930833333336,309.288775
2020-05-22 15:00:00,2.687183333333333,2.6906833333333333,328.96168166666666,344.330805
2020-05-22 16:00:00,2.6121,2.6128833333333334,324.2446233333333,362.652005
2020-05-22 17:00:00,2.5304999999999995,2.5306166666666665,325.26275333333336,378.85358333333335
2020-05-22 18:00:00,2.4649,2.4663166666666667,321.99946,322.29833833333333
2020-05-22 19:00:00,2.4017666666666666,2.4031499999999997,318.2555266666667,388.53061499999995
2020-05-22 20:00:00,2.3082333333333334,2.3096666666666668,317.446925,372.63108666666665
2020-05-22 21:00:00,2.1875666666666667,2.1826166666666666,317.2104166666667,489.7673033333333
2020-05-22 22:00:00,2.0359333333333334,2.0347333333333335,316.2768683333333,384.9186583333333
2020-05-22 23:00:00,1.9814333333333332,1.9888833333333333,412.344975,304.24139833333334
2020-05-23 00:00:00,2.0481,2.0713500000000002,650.9732333333334,251.81939
2020-05-23 01:00:00,2.1732333333333336,2.1978500000000003,656.335555,261.7880016666667
2020-05-23 02:00:00,2.3016666666666667,2.3262833333333335,654.2744416666667,216.70886666666667
2020-05-23 03:00:00,2.4522166666666667,2.47755,654.6681150000001,204.65268166666667
2020-05-23 04:00:00,2.6073166666666667,2.633016666666667,655.26788,202.65595666666667
2020-05-23 05:00:00,2.75595,2.7815999999999996,655.07064,236.2870133333333
2020-05-23 06:00:00,2.921883333333333,2.9453833333333335,645.0248733333334,251.12756
2020-05-23 07:00:00,3.1750166666666666,3.1978,595.6798444444445,288.0778166666667
2020-05-23 08:00:00,3.32665,3.3615666666666666,402.0448455555555,384.36751833333335
2020-05-23 09:00:00,3.23645,3.2822666666666667,321.875715,422.3454983333333
2020-05-23 10:00:00,3.0797000000000003,3.1288666666666667,318.9288383333333,544.7708966666667
2020-05-23 11:00:00,2.8821333333333334,2.931633333333333,318.810925,478.22551
2020-05-23 12:00:00,2.749416666666667,2.7939833333333337,314.64554166666665,441.9945333333333
2020-05-23 13:00:00,2.6023833333333335,2.6487166666666666,313.635915,466.056875
2020-05-23 14:00:00,2.511216666666667,2.5503,320.394595,315.4107633333333
2020-05-23 15:00:00,2.5023666666666666,2.5481333333333334,514.067235,319.3162233333333
2020-05-23 16:00:00,2.5035499999999997,2.5553666666666666,515.4304916666666,390.00957166666666
2020-05-23 17:00:00,2.490083333333333,2.539816666666667,518.1517666666666,361.9732916666666
2020-05-23 18:00:00,2.491616666666667,2.54135,513.8005633333333,335.8197866666667
2020-05-23 19:00:00,2.497466666666667,2.547883333333333,509.6621216666666,355.58718000000005
2020-05-23 20:00:00,2.490733333333333,2.5438666666666667,508.78958,389.8395983333333
2020-05-23 21:00:00,2.4614,2.5178166666666666,510.344535,411.61736333333334
2020-05-23 22:00:00,2.4267833333333333,2.4816833333333337,510.4491483333333,364.40167166666663
2020-05-23 23:00:00,2.4491333333333336,2.4956833333333335,527.7350616666666,318.31636333333336
2020-05-24 00:00:00,2.4911833333333333,2.526116666666667,544.7013433333334,312.27484
2020-05-24 01:00:00,2.5429666666666666,2.5766833333333334,545.924945,315.3259083333333
2020-05-24 02:00:00,2.5780000000000003,2.6117,548.5409766666667,266.3059583333333
2020-05-24 03:00:00,2.6885499999999998,2.71895,555.8410233333333,193.04464833333336
2020-05-24 04:00:00,2.81825,2.8485333333333336,556.3518866666667,179.77777
2020-05-24 05:00:00,2.944733333333333,2.9774666666666665,554.1896866666667,200.63778166666668
2020-05-24 06:00:00,3.098883333333333,3.137583333333333,727.3274600925926,231.50036666666665
2020-05-24 07:00:00,3.2796499999999997,3.3130666666666664,655.6837885790246,395.67053166666665
2020-05-24 08:00:00,3.4593166666666666,3.4909000000000003,714.0657415841583,456.23849666666666
2020-05-24 09:00:00,3.5289833333333336,3.5494,251.93867057755776,367.69529
2020-05-24 10:00:00,3.4011,3.417333333333333,230.07756166666667,388.49718
2020-05-24 11:00:00,3.2968333333333333,3.31465,231.07171000000002,327.3171566666667
2020-05-24 12:00:00,3.1921666666666666,3.2087333333333334,232.08486333333335,438.22872666666666
2020-05-24 13:00:00,3.0091166666666664,3.022966666666667,229.48935166666666,413.7438916666667
2020-05-24 14:00:00,2.90575,2.9224666666666668,225.91659166666668,316.6400433333334
2020-05-24 15:00:00,2.81835,2.8354333333333335,228.19253500000002,347.7049183333333
2020-05-24 16:00:00,2.6893833333333332,2.7026666666666666,235.32305333333335,445.1331116666667
2020-05-24 17:00:00,2.5374,2.5507833333333334,232.03262333333333,370.06422833333335
2020-05-24 18:00:00,2.4206166666666666,2.4349333333333334,227.31443499999997,382.2126216666667
2020-05-24 19:00:00,2.316416666666667,2.3295833333333333,228.41544333333334,337.28789500000005
2020-05-24 20:00:00,2.231666666666667,2.2491333333333334,313.4673907004831,434.77176
2020-05-24 21:00:00,2.5004333333333335,2.5366,376.9448776328502,378.66559333333333
2020-05-24 22:00:00,2.483483333333333,2.5365333333333333,357.12809833333336,539.25386
2020-05-24 23:00:00,2.33965,2.3889666666666667,378.68326666666667,387.7536583333333
2020-05-25 00:00:00,2.3440333333333334,2.3785166666666666,400.57694333333336,242.98850833333333
2020-05-25 01:00:00,2.390016666666667,2.4236333333333335,412.81739166666665,214.839145
2020-05-25 02:00:00,2.453683333333333,2.4864,413.9246366666667,197.05051166666667
2020-05-25 03:00:00,2.5225,2.5549833333333334,414.3383533333333,204.976165
2020-05-25 04:00:00,2.5923333333333334,2.625383333333333,412.2427666666666,175.842275
2020-05-25 05:00:00,2.743666666666667,2.7834,648.3783217369478,212.33421333333334
2020-05-25 06:00:00,3.09445,3.144566666666667,717.3397569277108,283.85620833333337
2020-05-25 07:00:00,3.35335,3.4182833333333336,689.361431626506,458.6443816666667
2020-05-25 08:00:00,3.4561833333333336,3.4803,293.7021955421687,376.77889
2020-05-25 09:00:00,3.349683333333333,3.3612333333333333,259.0176216666667,376.08243666666664
2020-05-25 10:00:00,3.2580666666666667,3.2719666666666667,261.893745,350.87334833333335
2020-05-25 11:00:00,3.159566666666667,3.16985,259.02728666666667,370.71276
2020-05-25 12:00:00,3.048283333333333,3.0578,262.01811833333335,387.11997333333335
2020-05-25 13:00:00,2.9376333333333333,2.946466666666667,263.70793,374.29299166666664
2020-05-25 14:00:00,2.833583333333334,2.84355,265.52290166666666,344.542505
2020-05-25 15:00:00,2.7725166666666667,2.7840333333333334,258.72659833333336,292.393095
2020-05-25 16:00:00,2.7186666666666666,2.7299333333333333,260.87433166666665,291.0490316666667
2020-05-25 17:00:00,2.64925,2.659183333333333,258.017115,344.255035
2020-05-25 18:00:00,2.5567333333333333,2.5646166666666668,259.1999983333333,364.74063666666666
2020-05-25 19:00:00,2.4461166666666667,2.4539666666666666,259.29008333333337,410.212915
2020-05-25 20:00:00,2.2814666666666668,2.28385,256.7432733333333,525.0809466666667
2020-05-25 21:00:00,2.037916666666667,2.0438666666666667,383.88903666666664,591.0002166666667
2020-05-25 22:00:00,1.9485999999999999,1.9869666666666668,638.98915,370.84047
2020-05-25 23:00:00,2.0422833333333332,2.0657666666666668,662.2112883333334,274.25584833333335
2020-05-26 00:00:00,2.15155,2.166416666666667,633.68611,282.3106016666667
2020-05-26 01:00:00,2.2586166666666667,2.2743333333333333,635.4478849999999,228.46813
2020-05-26 02:00:00,2.40545,2.4208,637.5940483333333,198.4422316666667
2020-05-26 03:00:00,2.5595833333333333,2.575083333333333,634.68699,189.83157166666666
2020-05-26 04:00:00,2.7177833333333337,2.7340666666666666,641.1986616666667,186.61056333333332
2020-05-26 05:00:00,2.871966666666667,2.88895,634.7111683333334,214.26437333333334
2020-05-26 06:00:00,3.064016666666667,3.08395,650.1835405172413,306.044515
2020-05-26 07:00:00,3.320516666666667,3.3274166666666667,692.0190711494253,386.5813283333334
2020-05-26 08:00:00,3.3702666666666667,3.40595,328.21103500000004,340.2067833333333
2020-05-26 09:00:00,3.3281666666666667,3.37135,382.08303166666667,320.22556333333335
2020-05-26 10:00:00,3.30115,3.3447833333333334,384.61007166666667,363.54327
2020-05-26 11:00:00,3.2364666666666664,3.2813833333333333,384.7254683333333,354.85052666666667
2020-05-26 12:00:00,3.1792333333333334,3.223783333333333,384.47923833333334,401.62341833333335
2020-05-26 13:00:00,3.1090666666666666,3.1513,382.64747,366.27652
2020-05-26 14:00:00,3.02805,3.0726999999999998,385.0867983333334,463.67767833333335
2020-05-26 15:00:00,2.91525,2.958766666666667,384.07796666666667,379.3959766666667
2020-05-26 16:00:00,2.897366666666666,2.9334,383.5865783333333,290.4916416666667
2020-05-26 17:00:00,2.8874833333333334,2.9248499999999997,385.23308166666664,320.645525
2020-05-26 18:00:00,2.84275,2.883566666666667,385.66136,392.3739116666667
2020-05-26 19:00:00,2.705566666666667,2.7510833333333333,385.0076933333333,549.50896
2020-05-26 20:00:00,2.5639166666666666,2.60575,383.3025333333334,411.26685166666664
2020-05-26 21:00:00,2.5006666666666666,2.5414499999999998,384.148735,402.042785
2020-05-26 22:00:00,2.3991833333333332,2.44225,382.36774833333334,419.1871483333333
2020-05-26 23:00:00,2.391183333333333,2.4295,535.2792416666666,286.3069816666667
2020-05-27 00:00:00,2.463016666666667,2.50245,547.4008533333333,248.56941
2020-05-27 01:00:00,2.5607166666666665,2.597383333333333,551.2611233333333,209.77532166666666
2020-05-27 02:00:00,2.667866666666667,2.7065,552.2853883333333,233.74224166666667
2020-05-27 03:00:00,2.775316666666667,2.8116333333333334,551.92837,198.9277416666667
2020-05-27 04:00:00,2.9093666666666667,2.9378,652.9746141666667,192.94262500000002
2020-05-27 05:00:00,3.1020499999999998,3.1226833333333333,669.2627844540231,267.01806
2020-05-27 06:00:00,3.210366666666667,3.2677666666666667,586.0484947126437,397.609355
2020-05-27 07:00:00,3.2334833333333335,3.2812833333333336,611.8035983333334,426.1881333333333
2020-05-27 08:00:00,3.19575,3.2463333333333333,609.17023,442.7737333333333
2020-05-27 09:00:00,3.2165000000000004,3.2619,608.77413,347.620865
2020-05-27 10:00:00,3.257366666666667,3.2921833333333335,474.6726766666667,363.2378816666667
2020-05-27 11:00:00,3.1638499999999996,3.1546166666666666,245.50987166666667,453.8780133333333
2020-05-27 12:00:00,3.0220166666666666,3.01485,246.45350333333332,369.62222333333335
2020-05-27 13:00:00,2.921266666666667,2.91705,245.311695,344.65551666666664
2020-05-27 14:00:00,2.8298166666666664,2.8249833333333334,249.90589833333334,344.1147
2020-05-27 15:00:00,2.733633333333333,2.7280333333333333,252.65510666666665,343.36975666666666
2020-05-27 16:00:00,2.6281666666666665,2.6171333333333333,268.6296066666667,445.7256683333334
2020-05-27 17:00:00,2.4972,2.5553833333333333,770.4257366666666,539.0891183333333
2020-05-27 18:00:00,2.500916666666667,2.571066666666667,771.7269,441.3774033333333
2020-05-27 19:00:00,2.5330833333333334,2.6039000000000003,764.2188883333333,441.5481983333333
2020-05-27 20:00:00,2.5833999999999997,2.6523499999999998,762.6818083333333,455.29378833333334
2020-05-27 21:00:00,2.5858666666666665,2.657433333333333,728.2545433333332,467.315555
2020-05-27 22:00:00,2.627283333333333,2.689983333333333,729.4997716666666,356.500465
2020-05-27 23:00:00,2.7052166666666664,2.73175,433.9090833333333,309.284555
2020-05-28 00:00:00,2.7199833333333334,2.7327833333333333,376.8399116666667,231.58788
2020-05-28 01:00:00,2.7571166666666667,2.7730666666666663,374.30360833333333,204.7104
2020-05-28 02:00:00,2.8040666666666665,2.820333333333333,369.92529666666667,216.35412166666666
2020-05-28 03:00:00,2.8521,2.8701833333333338,370.61724,177.07291333333333
2020-05-28 04:00:00,2.915116666666667,2.9324333333333334,370.89214833333335,202.70450333333335
2020-05-28 05:00:00,2.950483333333333,2.9671000000000003,370.31322764102566,241.19266833333333
2020-05-28 06:00:00,3.0389,3.0963166666666666,437.12985974358975,269.1388366666667
2020-05-28 07:00:00,3.16935,3.2449166666666667,569.1584443589744,401.2797516666667
2020-05-28 08:00:00,3.242633333333333,3.3244333333333334,701.1870289743589,418.55825333333337
2020-05-28 09:00:00,3.3424666666666667,3.413116666666667,686.4229567820513,391.9983833333333
2020-05-28 10:00:00,3.303516666666667,3.326,326.28939333333335,478.6599316666667
2020-05-28 11:00:00,3.1539333333333333,3.1702999999999997,329.30892,458.01832833333333
2020-05-28 12:00:00,3.040033333333333,3.0566166666666663,329.382145,413.58855666666665
2020-05-28 13:00:00,2.8950166666666663,2.9082999999999997,328.8240083333333,534.808335
2020-05-28 14:00:00,2.7319666666666667,2.746466666666667,330.1991066666667,392.6337966666667
2020-05-28 15:00:00,2.687816666666667,2.7034000000000002,329.7517366666667,289.700085
2020-05-28 16:00:00,2.6656166666666667,2.6809000000000003,331.986485,281.3220616666667
2020-05-28 17:00:00,2.6309666666666667,2.6441166666666667,328.77217333333334,355.16011499999996
2020-05-28 18:00:00,2.5378,2.5526,327.7449633333334,408.4161616666667
2020-05-28 19:00:00,2.4423666666666666,2.4576166666666666,326.80377666666664,359.3070266666667
2020-05-28 20:00:00,2.3752,2.391766666666667,326.6670016666667,370.41226166666667
2020-05-28 21:00:00,2.2701833333333337,2.2842333333333333,326.039775,474.65139999999997
2020-05-28 22:00:00,2.1043166666666666,2.118716666666667,325.62452833333333,451.39375
2020-05-28 23:00:00,2.0219833333333335,2.03865,396.5325891666667,345.0922283333333
2020-05-29 00:00:00,2.0658,2.091083333333333,650.3521450000001,248.23238166666667
2020-05-29 01:00:00,2.2102333333333335,2.2352166666666666,659.2320083333333,200.68336166666668
2020-05-29 02:00:00,2.3768000000000002,2.4006333333333334,658.981935,182.998315
2020-05-29 03:00:00,2.5506666666666664,2.575283333333333,662.4508133333333,173.98740333333333
2020-05-29 04:00:00,2.7293499999999997,2.7533000000000003,661.7057216666667,175.4905
2020-05-29 05:00:00,2.898483333333333,2.924183333333333,662.7771683333334,201.09927833333333
2020-05-29 06:00:00,3.1269333333333336,3.1489,696.5986099099099,285.65821166666666
2020-05-29 07:00:00,3.3763833333333335,3.3970333333333333,671.39407509009,391.18122500000004
2020-05-29 08:00:00,3.3695833333333334,3.3933999999999997,288.9409733333333,437.40567999999996
2020-05-29 09:00:00,3.2446833333333336,3.26835,288.50097999999997,429.00746
2020-05-29 10:00:00,3.06555,3.087216666666667,284.96108499999997,543.799055
2020-05-29 11:00:00,2.890416666666667,2.9108333333333336,288.09571666666665,411.78897333333333
2020-05-29 12:00:00,2.7881,2.8095333333333334,288.7259966666667,350.9266866666667
2020-05-29 13:00:00,2.711883333333333,2.7419166666666666,384.0404016666667,410.0413366666667
2020-05-29 14:00:00,2.5885166666666666,2.62635,393.87690166666664,496.5993833333333
2020-05-29 15:00:00,2.5021,2.53535,393.99125166666664,327.19039499999997
2020-05-29 16:00:00,2.4883666666666664,2.5194833333333335,391.94570666666664,330.60164833333334
2020-05-29 17:00:00,2.4565166666666665,2.488383333333333,393.8145383333333,331.893585
2020-05-29 18:00:00,2.402233333333333,2.4370166666666666,396.7478966666667,401.72285666666664
2020-05-29 19:00:00,2.34125,2.3750833333333334,392.90215,368.322875
2020-05-29 20:00:00,2.27555,2.31135,392.80039833333336,403.21915
2020-05-29 21:00:00,2.2188166666666667,2.2517666666666667,395.20719833333334,361.31636333333336
2020-05-29 22:00:00,2.16505,2.200083333333333,398.464535,365.36620500000004
2020-05-29 23:00:00,2.1929166666666666,2.2393666666666667,716.950175,310.97127
2020-05-30 00:00:00,2.3037666666666667,2.3545166666666666,735.938835,282.37140999999997
2020-05-30 01:00:00,2.46915,2.5136,743.1038233333333,216.211095
2020-05-30 02:00:00,2.6477999999999997,2.6957,745.3826183333333,240.09733333333332
2020-05-30 03:00:00,2.818233333333333,2.863383333333333,751.7776666666666,209.260265
2020-05-30 04:00:00,3.0156666666666667,3.06005,746.4335950000001,186.64305666666667
2020-05-30 05:00:00,3.2028000000000003,3.2502,735.0891983333333,239.10752833333333
2020-05-30 06:00:00,3.327366666666667,3.38285,728.0915633333333,345.0734616666667
2020-05-30 07:00:00,3.4011666666666667,3.4589833333333333,738.6287799999999,352.905925
2020-05-30 08:00:00,3.4533666666666667,3.5193999999999996,684.0893016666666,489.3852
2020-05-30 09:00:00,3.3269666666666664,3.3664833333333335,282.23102166666666,527.9721416666666
2020-05-30 10:00:00,3.185783333333333,3.2178666666666667,279.9694183333333,385.94130333333334
2020-05-30 11:00:00,3.066866666666667,3.0987999999999998,284.3912966666667,414.3161133333333
2020-05-30 12:00:00,2.9302833333333336,2.96035,281.05292833333334,441.61466666666666
2020-05-30 13:00:00,2.81165,2.841616666666667,279.884135,368.95222333333334
2020-05-30 14:00:00,2.7184666666666666,2.7484166666666665,284.138205,359.8971166666667
2020-05-30 15:00:00,2.6565166666666666,2.6847333333333334,286.25092333333333,289.161235
2020-05-30 16:00:00,2.5896,2.6179833333333336,292.133645,387.53086833333333
2020-05-30 17:00:00,2.4833833333333337,2.5126833333333334,290.43425,419.5905716666667
2020-05-30 18:00:00,2.3335,2.3618333333333337,287.3418916666667,409.64864
2020-05-30 19:00:00,2.2386,2.26705,286.45700833333336,397.1342133333334
2020-05-30 20:00:00,2.108033333333333,2.137016666666667,285.5329307142857,418.4178533333333
2020-05-30 21:00:00,2.2417000000000002,2.2622666666666666,326.1933224489796,358.35610166666663
2020-05-30 22:00:00,2.4426833333333335,2.4463500000000002,385.9477535034014,329.00116999999995
2020-05-30 23:00:00,2.4592666666666667,2.4468166666666664,393.1171216666667,279.3272816666667
2020-05-31 00:00:00,2.4604166666666667,2.4471166666666666,394.61888166666665,295.768715
2020-05-31 01:00:00,2.4218333333333333,2.4002,397.90664666666663,413.763515
2020-05-31 02:00:00,2.3624500000000004,2.3480833333333333,398.6541833333333,304.6367633333333
2020-05-31 03:00:00,2.395,2.3932999999999995,395.4271066666667,183.49374
2020-05-31 04:00:00,2.4633,2.463016666666667,396.6563783333333,185.48550500000002
2020-05-31 05:00:00,2.53315,2.5328,422.67327245179064,202.73013833333334
2020-05-31 06:00:00,2.7625,2.797433333333333,706.865538016529,242.05566333333334
2020-05-31 07:00:00,3.160083333333333,3.198716666666667,581.5697911983472,263.4406
2020-05-31 08:00:00,3.3749166666666666,3.37345,548.3234116666666,328.4723633333333
2020-05-31 09:00:00,3.39175,3.3789833333333332,533.0368666666667,422.156935
2020-05-31 10:00:00,3.2676000000000003,3.2661666666666664,359.2551016666667,530.2177766666667
2020-05-31 11:00:00,3.11715,3.1250666666666667,363.03921333333335,414.82359166666663
2020-05-31 12:00:00,3.0394833333333335,3.0534000000000003,324.41242166666666,378.66584500000005
2020-05-31 13:00:00,2.9307333333333334,2.9474,297.42916333333335,371.25184666666667
2020-05-31 14:00:00,2.8372666666666664,2.85295,302.94969000000003,405.7018533333333
2020-05-31 15:00:00,2.7441,2.7598333333333334,303.4524866666667,360.61674000000005
2020-05-31 16:00:00,2.6799166666666663,2.69675,302.292515,299.1809566666667
2020-05-31 17:00:00,2.6182833333333333,2.63305,298.4088883333333,354.5930333333333
2020-05-31 18:00:00,2.5264,2.541433333333333,296.4586933333333,383.21936999999997
2020-05-31 19:00:00,2.4305833333333333,2.4461999999999997,294.9301066666667,423.2887983333333
2020-05-31 20:00:00,2.2199833333333334,2.2302666666666666,294.17071666666664,627.050605
2020-05-31 21:00:00,1.9823166666666665,2.0044166666666667,474.6086583333333,516.6078683333333
2020-05-31 22:00:00,1.9910333333333334,2.0532500000000002,750.5316983333333,330.33074666666664
2020-05-31 23:00:00,2.1141,2.1686833333333335,701.612985,310.22051833333336
2020-06-01 00:00:00,2.2069166666666664,2.2525,650.4923816666667,294.9440383333333
2020-06-01 01:00:00,2.3173666666666666,2.3602166666666666,652.3045783333333,247.03269666666665
2020-06-01 02:00:00,2.4637333333333333,2.5059,658.3770566666666,199.06402333333332
2020-06-01 03:00:00,2.628616666666667,2.67,656.9100483333333,184.42992833333335
2020-06-01 04:00:00,2.79635,2.837083333333333,656.02909,184.93849833333334
2020-06-01 05:00:00,2.957666666666667,2.999416666666667,657.8638307380952,224.42016999999998
2020-06-01 06:00:00,3.170533333333333,3.186183333333333,629.363145,258.5320566666667
2020-06-01 07:00:00,3.4015,3.411,575.3958021428572,372.01007000000004
2020-06-01 08:00:00,3.5029833333333333,3.52185,430.1592787857143,408.61890166666666
2020-06-01 09:00:00,3.4449166666666664,3.4758833333333334,367.07110666666665,335.178505
2020-06-01 10:00:00,3.3988500000000004,3.429666666666667,371.2864766666667,388.2283
2020-06-01 11:00:00,3.2798392857142855,3.3084464285714286,354.6287571428571,426.6839446428571
2020-06-01 12:00:00,3.210783333333333,3.2396000000000003,367.8691016666666,359.04359999999997
2020-06-01 13:00:00,3.1552166666666666,3.18275,371.78085999999996,365.429745
2020-06-01 14:00:00,3.0697166666666664,3.097866666666667,369.08237833333334,426.3029266666666
2020-06-01 15:00:00,3.0054,3.0304,366.29795333333334,299.80828
2020-06-01 16:00:00,2.9912666666666667,3.0151833333333333,364.33260333333334,298.219895
2020-06-01 17:00:00,2.9627333333333334,2.9868333333333337,366.8251016666666,386.5104516666667
2020-06-01 18:00:00,2.8042666666666665,2.8303000000000003,364.738385,599.9233533333334
2020-06-01 19:00:00,2.589516666666667,2.6142499999999997,361.676555,530.2013833333333
2020-06-01 20:00:00,2.4745666666666666,2.5009,360.67126,411.57784333333336
2020-06-01 21:00:00,2.376,2.403383333333333,362.0900066666666,412.9378083333333
2020-06-01 22:00:00,2.3041,2.33125,358.74067833333334,336.37255333333337
2020-06-01 23:00:00,2.2928833333333336,2.3200333333333334,518.666685,299.6892466666667
2020-06-02 00:00:00,2.3886666666666665,2.41055,665.6576600000001,277.9422966666667
2020-06-02 01:00:00,2.4949833333333333,2.516016666666667,666.7002433333333,263.5798383333333
2020-06-02 02:00:00,2.6260833333333333,2.64875,670.4972533333333,233.84031666666667
2020-06-02 03:00:00,2.7817333333333334,2.8068999999999997,672.95506,201.64400333333333
2020-06-02 04:00:00,2.9276166666666668,2.9534833333333332,670.0414333333333,229.9278
2020-06-02 05:00:00,3.080833333333333,3.1074333333333333,668.3030983333333,213.18995666666666
2020-06-02 06:00:00,3.2199666666666666,3.2462666666666666,668.28705,273.93392166666666
2020-06-02 07:00:00,3.3019833333333333,3.3284499999999997,672.4808816666666,372.2204966666667
2020-06-02 08:00:00,3.3374333333333337,3.3641333333333336,666.033555,374.20860166666665
2020-06-02 09:00:00,3.3377,3.355033333333333,453.8289633333333,501.5289583333333
2020-06-02 10:00:00,3.1824999999999997,3.1876333333333333,334.5175633333334,462.37370833333335
2020-06-02 11:00:00,3.0697833333333335,3.0776666666666666,340.16260166666666,384.9855133333333
2020-06-02 12:00:00,3.0132,3.021916666666667,341.05904666666663,316.28430166666664
2020-06-02 13:00:00,2.965416666666667,2.97345,342.4123633333333,348.0799733333333
2020-06-02 14:00:00,2.9106,2.9194166666666663,340.17220333333336,337.90323
2020-06-02 15:00:00,2.8439666666666668,2.851833333333333,344.18080000000003,432.93674
2020-06-02 16:00:00,2.6967333333333334,2.7017,342.22809166666667,434.8624066666667
2020-06-02 17:00:00,2.62775,2.6366,343.13037833333334,332.3409866666667
2020-06-02 18:00:00,2.5694666666666666,2.5772,347.68353833333333,393.3279033333334
2020-06-02 19:00:00,2.4650499999999997,2.4705333333333335,330.886845,406.2157066666667
2020-06-02 20:00:00,2.3730666666666664,2.3741166666666667,334.26119455823294,401.843345
2020-06-02 21:00:00,2.44405,2.4227,422.0878463855422,398.15028333333333
2020-06-02 22:00:00,2.4468,2.452366666666667,503.6268740562249,467.1164166666667
2020-06-02 23:00:00,2.4755666666666665,2.4787166666666667,688.8009050000001,280.1781816666667
2020-06-03 00:00:00,2.5708166666666665,2.588783333333333,552.7764833333333,244.49713666666668
2020-06-03 01:00:00,2.67035,2.68775,552.1192166666666,224.44295
2020-06-03 02:00:00,2.7772666666666668,2.79555,548.536775,203.16977
2020-06-03 03:00:00,2.89535,2.9143166666666667,549.1684183333333,197.55837000000002
2020-06-03 04:00:00,3.0120666666666667,3.0320166666666664,551.2050016666667,194.45113666666666
2020-06-03 05:00:00,3.1358333333333333,3.156,550.139525,199.79410666666666
2020-06-03 06:00:00,3.2169666666666665,3.23535,544.4696533333333,338.6830483333333
2020-06-03 07:00:00,3.2022666666666666,3.21745,541.6382983333334,411.74031
2020-06-03 08:00:00,3.18575,3.2009333333333334,559.0357916666667,393.16766333333334
2020-06-03 09:00:00,3.192,3.2087999999999997,555.9003283333333,381.03958166666666
2020-06-03 10:00:00,3.1734,3.1874833333333332,552.0616983333333,436.6448833333333
2020-06-03 11:00:00,3.115816666666667,3.1277166666666667,556.73481,510.6421066666666
2020-06-03 12:00:00,3.0245,3.0335666666666667,550.418865,476.49726333333336
2020-06-03 13:00:00,3.0100333333333333,3.0245666666666664,554.648045,336.6769683333333
2020-06-03 14:00:00,3.0260000000000002,3.0391,555.6040316666666,406.86232666666666
2020-06-03 15:00:00,2.9825333333333335,2.99385,551.9326500000001,411.666605
2020-06-03 16:00:00,2.987016666666667,3.0010333333333334,548.5349883333333,370.1970583333333
2020-06-03 17:00:00,3.0082999999999998,3.0254166666666666,539.0773416666667,316.5945816666666
2020-06-03 18:00:00,3.0082833333333334,3.010483333333333,426.93123,395.03576
2020-06-03 19:00:00,2.939716666666667,2.9371666666666667,422.58162166666665,445.88158166666665
2020-06-03 20:00:00,2.827933333333333,2.8213999999999997,417.742495,447.6429083333333
2020-06-03 21:00:00,2.7553666666666667,2.7558833333333337,413.0697666666667,371.64880833333336
2020-06-03 22:00:00,2.7121833333333334,2.71185,411.7466416666667,373.04589000000004
2020-06-03 23:00:00,2.684183333333333,2.6915666666666667,436.682645,294.2384583333333
2020-06-04 00:00:00,2.701416666666667,2.7275,483.372255,292.31548333333336
2020-06-04 01:00:00,2.70805,2.733816666666667,480.33881333333335,355.12958833333334
2020-06-04 02:00:00,2.7474833333333333,2.7729333333333335,481.455865,205.45526999999998
2020-06-04 03:00:00,2.83935,2.86625,483.95201,195.75849333333332
2020-06-04 04:00:00,2.9372833333333332,2.964516666666667,484.802355,194.74608333333333
2020-06-04 05:00:00,3.0242500000000003,3.0517666666666665,482.186825,226.61337833333334
2020-06-04 06:00:00,3.06275,3.08905,484.30535833333334,334.34409166666666
2020-06-04 07:00:00,3.05285,3.0760333333333336,483.478755,431.88169
2020-06-04 08:00:00,2.90115,2.93505,404.87488833333333,594.0833433333333
2020-06-04 09:00:00,2.7093833333333333,2.7478,401.25768,520.2773533333333
2020-06-04 10:00:00,2.5882666666666667,2.619866666666667,277.33026614,429.0636216666666
2020-06-04 11:00:00,2.3996666666666666,2.4335,213.16568765,410.55508333333336
2020-06-04 12:00:00,2.302583333333333,2.3441166666666664,361.58572499999997,347.1793783333333
2020-06-04 13:00:00,2.2746666666666666,2.3202166666666666,485.24665666666664,361.21284
2020-06-04 14:00:00,2.269433333333333,2.3142666666666667,480.1464183333334,347.587535
2020-06-04 15:00:00,2.2613666666666665,2.3051166666666663,481.04303999999996,351.39995333333337
2020-06-04 16:00:00,2.2558333333333334,2.2997333333333336,485.0133316666667,390.85436166666665
2020-06-04 17:00:00,2.1752833333333332,2.22405,483.4577516666667,452.44869833333337
2020-06-04 18:00:00,2.1254666666666666,2.1713,480.42935166666666,403.29859833333336
2020-06-04 19:00:00,2.116616666666667,2.1607,525.8189657407407,410.82160166666665
2020-06-04 20:00:00,2.14845,2.1994166666666666,673.8739592592593,501.97497666666663
2020-06-04 21:00:00,2.1415833333333336,2.21555,543.7904216666667,353.750855
2020-06-04 22:00:00,2.1314,2.212,541.4169033333334,399.1673333333334
2020-06-04 23:00:00,2.13415,2.2084833333333336,624.5546383333333,415.20256
2020-06-05 00:00:00,2.158583333333333,2.2155666666666667,728.83604,391.0823
2020-06-05 01:00:00,2.2913833333333335,2.3350333333333335,724.8387516666667,221.04055000000002
2020-06-05 02:00:00,2.4688,2.5117166666666666,727.3753350000001,203.39383833333335
2020-06-05 03:00:00,2.6541,2.6975166666666666,731.8479266666667,195.47325166666667
2020-06-05 04:00:00,2.838083333333333,2.8849,730.391005,243.92694833333334
2020-06-05 05:00:00,2.9546,3.0086,730.7113466666667,312.8204266666667
2020-06-05 06:00:00,3.0728166666666668,3.125916666666667,721.6561016666667,314.5181
2020-06-05 07:00:00,3.1671833333333335,3.2227,685.40292,348.62970666666666
2020-06-05 08:00:00,3.166333333333333,3.21245,501.53958166666666,459.97631
2020-06-05 09:00:00,3.0891499999999996,3.1167666666666665,351.2159883333333,411.05267
2020-06-05 10:00:00,3.00085,3.0233666666666665,353.1605216666667,381.93045333333333
2020-06-05 11:00:00,2.9247666666666663,2.9455,355.58019333333334,380.72753666666665
2020-06-05 12:00:00,2.8358166666666667,2.8552000000000004,352.62651833333337,451.13738666666666
2020-06-05 13:00:00,2.7224166666666667,2.7401333333333335,361.48766,399.11805833333335
2020-06-05 14:00:00,2.66055,2.6788833333333333,362.3631133333334,357.30303166666664
2020-06-05 15:00:00,2.6124666666666667,2.630533333333333,360.0744266666667,311.56361
2020-06-05 16:00:00,2.5740166666666666,2.59135,360.71384333333333,340.16692166666667
2020-06-05 17:00:00,2.5143,2.52985,350.25177833333333,437.75428166666666
2020-06-05 18:00:00,2.3549,2.3686333333333334,357.9049616666667,493.946885
2020-06-05 19:00:00,2.2450666666666668,2.2605833333333334,362.17939,441.36684499999996
2020-06-05 20:00:00,2.1100333333333334,2.113366666666667,464.4547002013423,565.9148733333333
2020-06-05 21:00:00,2.1468333333333334,2.1279,611.1273399328859,410.96384666666665
2020-06-05 22:00:00,2.3111,2.3037833333333335,643.7941989932885,318.47253333333333
2020-06-05 23:00:00,2.414733333333333,2.431366666666667,602.6528458724832,348.187185
2020-06-06 00:00:00,2.4705166666666667,2.46515,465.5383616666667,263.495915
2020-06-06 01:00:00,2.4966,2.48005,421.6193666666667,274.7632216666667
2020-06-06 02:00:00,2.5405333333333333,2.5348333333333333,422.66689,203.89825833333333
2020-06-06 03:00:00,2.6098166666666667,2.6050666666666666,423.77110999999996,197.96876
2020-06-06 04:00:00,2.685416666666667,2.6816166666666663,425.00762166666664,190.96084000000002
2020-06-06 05:00:00,2.75825,2.7550166666666667,424.5775566666667,207.96497
2020-06-06 06:00:00,2.8145000000000002,2.8057666666666665,425.876845,257.9586766666667
2020-06-06 07:00:00,2.836316666666667,2.82715,423.4942448717949,286.98150999999996
2020-06-06 08:00:00,2.97215,3.0006333333333335,425.26879,353.34553500000004
2020-06-06 09:00:00,3.104516666666667,3.13235,436.9132634615385,533.789125
2020-06-06 10:00:00,3.076716666666667,3.1104,543.83553,504.6571566666667
2020-06-06 11:00:00,2.9970166666666667,3.032483333333333,543.75529,446.48714333333334
2020-06-06 12:00:00,2.9892333333333334,3.0216166666666666,547.3910683333332,382.21903833333334
2020-06-06 13:00:00,2.9463,2.98015,544.1301983333334,469.4061766666666
2020-06-06 14:00:00,2.93595,2.965816666666667,545.7637883333333,318.03280333333333
2020-06-06 15:00:00,2.9400833333333334,2.9705166666666667,543.8917516666667,458.10079833333333
2020-06-06 16:00:00,2.8649666666666667,2.8965666666666667,544.2051216666666,464.082
2020-06-06 17:00:00,2.8443833333333335,2.87565,541.7196833333334,363.99683333333337
2020-06-06 18:00:00,2.8591833333333336,2.8911666666666664,537.1410633333334,342.76739833333335
2020-06-06 19:00:00,2.870566666666667,2.9040166666666662,539.575785,386.54262
2020-06-06 20:00:00,2.83035,2.8645833333333335,536.4821266666667,479.84413
2020-06-06 21:00:00,2.7483999999999997,2.7828166666666667,539.6700283333333,461.26776666666666
2020-06-06 22:00:00,2.7292833333333335,2.7609,539.4304933333334,355.3722183333333
2020-06-06 23:00:00,2.762783333333333,2.7939833333333337,524.1835,286.30469
2020-06-07 00:00:00,2.8032166666666667,2.8350166666666667,520.884385,305.58417166666663
2020-06-07 01:00:00,2.8539000000000003,2.8855333333333335,521.0505850000001,270.78410333333335
2020-06-07 02:00:00,2.9266,2.9564833333333334,520.3834633333333,227.36901666666665
2020-06-07 03:00:00,3.03055,3.0610666666666666,521.4520383333333,185.7097
2020-06-07 04:00:00,3.1458999999999997,3.1773499999999997,529.2522266666667,204.96021000000002
2020-06-07 05:00:00,3.2534833333333335,3.28555,530.3942533333334,197.93417833333334
2020-06-07 06:00:00,3.3568833333333337,3.390333333333333,539.1912016666666,227.52436
2020-06-07 07:00:00,3.4384,3.4739166666666668,538.024645,271.2085533333333
2020-06-07 08:00:00,3.47735,3.516033333333333,460.8245316666667,333.84385333333336
2020-06-07 09:00:00,3.44695,3.4869333333333334,435.196065,376.05648333333335
2020-06-07 10:00:00,3.39705,3.4366333333333334,433.257495,395.8837516666666
2020-06-07 11:00:00,3.3057000000000003,3.3451833333333334,427.59075666666666,531.6557483333333
2020-06-07 12:00:00,3.1231333333333335,3.1645666666666665,426.51113833333335,598.8737400000001
2020-06-07 13:00:00,2.9438166666666663,2.984166666666667,420.87184,520.1719583333334
2020-06-07 14:00:00,2.8566333333333334,2.8918166666666663,419.3268166666667,370.65256000000005
2020-06-07 15:00:00,2.8290333333333333,2.8621166666666666,420.5818816666667,345.2083516666667
2020-06-07 16:00:00,2.8106999999999998,2.84125,418.2291333333333,315.39875
2020-06-07 17:00:00,2.7656833333333335,2.7995500000000004,422.1526,431.41338666666667
2020-06-07 18:00:00,2.708466666666667,2.7414,426.13303,357.70981333333333
2020-06-07 19:00:00,2.658183333333333,2.6928666666666667,423.27088833333335,412.489935
2020-06-07 20:00:00,2.5711166666666667,2.6069166666666663,420.810235,439.54831666666666
2020-06-07 21:00:00,2.4905,2.5252833333333333,420.7391866666667,410.03617833333334
2020-06-07 22:00:00,2.40635,2.44285,419.58201166666663,452.19852833333334
2020-06-07 23:00:00,2.3461833333333337,2.38265,491.8584016666666,377.27164166666665
2020-06-08 00:00:00,2.3733666666666666,2.415716666666667,613.3657883333333,274.4745883333333
2020-06-08 01:00:00,2.4946833333333336,2.532766666666667,611.0528883333334,216.63771
2020-06-08 02:00:00,2.6298666666666666,2.6684166666666664,615.8333866666667,199.74858833333334
2020-06-08 03:00:00,2.7798666666666665,2.8172,612.981365,182.848095
2020-06-08 04:00:00,2.9352500000000004,2.9708166666666664,615.9159866666666,181.69240833333333
2020-06-08 05:00:00,3.072866666666667,3.1113166666666667,613.6618033333333,235.8375
2020-06-08 06:00:00,3.1675166666666663,3.209,608.8864816666667,349.94700166666667
2020-06-08 07:00:00,3.1198333333333332,3.170983333333333,595.0251133333334,561.1303983333333
2020-06-08 08:00:00,3.0109166666666667,3.0497,479.75890833333335,473.38386499999996
2020-06-08 09:00:00,2.9580166666666665,2.9885666666666664,469.90671333333336,409.64339333333334
2020-06-08 10:00:00,2.8980166666666665,2.9291833333333335,471.3798883333333,442.66065833333334
2020-06-08 11:00:00,2.848116666666667,2.8806833333333333,475.99973500000004,381.9888383333334
2020-06-08 12:00:00,2.809633333333333,2.841266666666667,474.87467166666664,378.78201666666666
2020-06-08 13:00:00,2.7963,2.8260666666666667,475.66302666666667,347.76380166666667
2020-06-08 14:00:00,2.7724333333333333,2.80245,477.45038166666666,446.23653
2020-06-08 15:00:00,2.6677166666666663,2.6994333333333334,481.38882666666666,457.83903833333335
2020-06-08 16:00:00,2.6240666666666663,2.652833333333333,485.521185,377.596605
2020-06-08 17:00:00,2.6159000000000003,2.6437,479.302345,342.0778816666667
2020-06-08 18:00:00,2.6033833333333334,2.6316166666666665,477.3685116666667,395.29880833333334
2020-06-08 19:00:00,2.54745,2.576016666666667,473.63915,412.1403283333333
2020-06-08 20:00:00,2.4760333333333335,2.5099666666666667,474.8191133333333,466.6308966666667
2020-06-08 21:00:00,2.4037,2.434166666666667,475.10862333333336,402.66459833333334
2020-06-08 22:00:00,2.347266666666667,2.3799833333333336,473.972735,477.6235483333333
2020-06-08 23:00:00,2.2476833333333333,2.2801166666666663,459.49586833333336,411.4211466666667
2020-06-09 00:00:00,2.252283333333333,2.2817833333333337,458.52642333333336,277.60900166666664
2020-06-09 01:00:00,2.2868833333333334,2.3157833333333335,461.2087233333333,283.3495833333333
2020-06-09 02:00:00,2.296466666666667,2.3274,465.1307166666667,310.37711333333334
2020-06-09 03:00:00,2.3559166666666664,2.3840833333333333,464.93851,195.085485
2020-06-09 04:00:00,2.446683333333333,2.47495,465.731385,197.96721166666666
2020-06-09 05:00:00,2.5309999999999997,2.5618,464.88550062937065,228.019405
2020-06-09 06:00:00,2.897383333333333,2.9566833333333333,467.22455314685317,292.76956666666666
2020-06-09 07:00:00,3.1356333333333333,3.2068333333333334,475.1662034965035,398.28035166666666
2020-06-09 08:00:00,3.2131166666666666,3.2444833333333336,480.4828593939394,470.08809
2020-06-09 09:00:00,3.1862166666666667,3.1872166666666666,487.5940933333333,359.30505
2020-06-09 10:00:00,3.1517666666666666,3.1474166666666665,484.609385,430.4577366666666
2020-06-09 11:00:00,3.1047166666666666,3.1010166666666668,483.435305,383.007635
2020-06-09 12:00:00,3.0783666666666667,3.0771666666666664,486.94624666666664,368.433655
2020-06-09 13:00:00,3.0777333333333337,3.0789666666666666,484.43069833333334,332.62737166666665
2020-06-09 14:00:00,3.0718166666666664,3.0702833333333337,481.83083999999997,377.1720716666667
2020-06-09 15:00:00,3.03675,3.03155,484.71521666666666,388.2119466666666
2020-06-09 16:00:00,3.032566666666667,3.0328,483.55891333333335,321.5045666666667
2020-06-09 17:00:00,3.0114666666666663,3.0035000000000003,484.7576266666667,487.14207
2020-06-09 18:00:00,2.8901,2.875383333333333,480.560405,488.132405
2020-06-09 19:00:00,2.8331999999999997,2.8279,481.2420733333333,429.299835
2020-06-09 20:00:00,2.71435,2.6959833333333334,478.81356166666666,593.660725
2020-06-09 21:00:00,2.5665666666666667,2.5541833333333335,474.24036,450.266755
2020-06-09 22:00:00,2.5380333333333334,2.5370166666666667,468.236465,343.14965
2020-06-09 23:00:00,2.52205,2.53275,502.45039,363.162875
2020-06-10 00:00:00,2.54445,2.591333333333333,585.39002,263.89607
2020-06-10 01:00:00,2.6283833333333333,2.6784499999999998,586.3453216666666,256.15949166666667
2020-06-10 02:00:00,2.749683333333333,2.795266666666667,585.0768599999999,199.95954166666667
2020-06-10 03:00:00,2.88505,2.92945,585.7930583333333,195.67859166666668
2020-06-10 04:00:00,3.0233666666666665,3.0684666666666667,585.5682416666666,183.70822666666666
2020-06-10 05:00:00,3.15875,3.2055166666666666,585.9877233333334,211.81414333333333
2020-06-10 06:00:00,3.2517833333333335,3.3069833333333336,590.5101,319.18025666666665
2020-06-10 07:00:00,3.265066666666667,3.3276666666666666,578.365855,411.5302633333333
2020-06-10 08:00:00,3.1746,3.2338666666666667,427.18807833333335,563.9037766666667
2020-06-10 09:00:00,3.0482333333333336,3.0988166666666666,378.6118133333333,420.01849000000004
2020-06-10 10:00:00,2.9217500000000003,2.9531833333333335,195.06459166666667,450.32400666666666
2020-06-10 11:00:00,2.7304000000000004,2.759866666666667,205.35271833333334,456.56103333333334
2020-06-10 12:00:00,2.5895333333333332,2.6186000000000003,205.39753000000002,373.446085
2020-06-10 13:00:00,2.4670666666666667,2.496766666666667,205.10741166666668,360.5675466666667
2020-06-10 14:00:00,2.3585166666666666,2.3867666666666665,207.3793366666667,319.35293
2020-06-10 15:00:00,2.260283333333333,2.2879666666666667,209.34213499999998,352.76916
2020-06-10 16:00:00,2.1392,2.1626499999999997,223.59308833333336,378.21162833333335
2020-06-10 17:00:00,2.01655,2.0582833333333332,335.9801233333334,478.45067166666666
2020-06-10 18:00:00,1.8227166666666668,1.8724833333333335,331.7618566666667,547.0899466666667
2020-06-10 19:00:00,1.6899666666666666,1.7335,333.912385,373.534405
2020-06-10 20:00:00,1.5774333333333332,1.6239833333333331,343.54060611111106,506.8733266666667
2020-06-10 21:00:00,1.52525,1.53095,708.0238347222222,516.0265233333333
2020-06-10 22:00:00,1.58615,1.6040666666666668,507.4463083333333,378.3319466666666
2020-06-10 23:00:00,1.5978833333333333,1.631,681.3582183333333,296.3073933333333
2020-06-11 00:00:00,1.7198,1.7637833333333333,723.2884983333333,259.60336333333333
2020-06-11 01:00:00,1.8812333333333333,1.9237499999999998,727.5287833333333,231.02806833333335
2020-06-11 02:00:00,2.05655,2.0988166666666666,732.4106216666667,206.67694
2020-06-11 03:00:00,2.2321166666666667,2.2760499999999997,732.001565,218.05292333333333
2020-06-11 04:00:00,2.423583333333333,2.4663,728.6344366666667,186.64333333333335
2020-06-11 05:00:00,2.613,2.6560833333333336,729.0039383333333,208.94764166666667
2020-06-11 06:00:00,2.765916666666667,2.8161833333333335,726.2594750000001,327.7636816666666
2020-06-11 07:00:00,2.818833333333333,2.879633333333333,726.636615,385.99390666666665
2020-06-11 08:00:00,2.8886166666666666,2.947866666666667,734.225935,424.46825333333334
2020-06-11 09:00:00,2.9101833333333333,2.9729666666666668,738.3142333333333,414.0873716666667
2020-06-11 10:00:00,2.9914,3.0486166666666668,741.5320133333333,357.95104499999997
2020-06-11 11:00:00,3.059066666666667,3.1199,739.5174033333333,412.90918500000004
2020-06-11 12:00:00,3.109466666666667,3.1687999999999996,742.2872833333333,374.722035
2020-06-11 13:00:00,3.161583333333333,3.217016666666667,676.1825916666666,443.1197733333333
2020-06-11 14:00:00,3.159266666666667,3.210266666666667,583.7680916666667,432.33441666666664
2020-06-11 15:00:00,3.1109999999999998,3.1679166666666663,584.6220433333333,468.6048166666667
2020-06-11 16:00:00,3.1175333333333333,3.1656833333333334,580.3130233333334,322.75962
2020-06-11 17:00:00,3.150716666666667,3.2010333333333336,584.6684083333333,387.51422333333335
2020-06-11 18:00:00,3.1558833333333336,3.20735,574.6939533333333,419.36672999999996
2020-06-11 19:00:00,3.079416666666667,3.1381,563.652025,517.9026316666666
2020-06-11 20:00:00,2.97975,3.0017833333333335,284.792135,474.67616
2020-06-11 21:00:00,2.83225,2.83935,250.667425,410.3589566666667
2020-06-11 22:00:00,2.7169833333333333,2.7253333333333334,253.53293333333335,375.04707666666667
2020-06-11 23:00:00,2.6186000000000003,2.6299166666666665,280.8928416666667,307.12874
2020-06-12 00:00:00,2.5912333333333333,2.60575,328.9346783333333,262.53658
2020-06-12 01:00:00,2.597783333333333,2.6119166666666667,329.64523333333335,227.40039166666665
2020-06-12 02:00:00,2.6196166666666665,2.6352666666666664,330.287615,216.04309666666668
2020-06-12 03:00:00,2.6489833333333332,2.66605,331.28271666666666,191.6474266666667
2020-06-12 04:00:00,2.6961500000000003,2.712816666666667,331.37836,181.295905
2020-06-12 05:00:00,2.7364333333333333,2.7560833333333337,330.48541569444444,211.761165
2020-06-12 06:00:00,2.8777,2.9647,236.17888680555555,360.24281833333333
2020-06-12 07:00:00,2.881133333333333,2.886616666666667,213.63464333333334,374.0808666666666
2020-06-12 08:00:00,2.7758833333333333,2.7996,430.74385166666667,419.018885
2020-06-12 09:00:00,2.6525499999999997,2.67975,432.03653833333334,599.39008
2020-06-12 10:00:00,2.4316666666666666,2.457333333333333,439.1683383333333,647.1286533333333
2020-06-12 11:00:00,2.3360333333333334,2.3360333333333334,640.3756483333333,395.0406183333333
2020-06-12 12:00:00,2.389216666666667,2.3870500000000003,641.8790116666667,336.3278716666666
2020-06-12 13:00:00,2.4346,2.4307000000000003,637.7478100000001,372.037375
2020-06-12 14:00:00,2.4843166666666665,2.4813666666666667,639.9273066666667,360.8250366666667
2020-06-12 15:00:00,2.5355833333333333,2.5338333333333334,641.2094616666667,338.7784283333333
2020-06-12 16:00:00,2.5906666666666665,2.590433333333333,640.0287616666667,326.39008666666666
2020-06-12 17:00:00,2.6596166666666665,2.6586333333333334,639.4752666666667,349.7056283333333
2020-06-12 18:00:00,2.71875,2.7197,639.4728583333333,352.43260666666663
2020-06-12 19:00:00,2.7386500000000003,2.7343166666666665,630.2633416666666,405.82370833333334
2020-06-12 20:00:00,2.7575999999999996,2.753433333333333,635.404895,420.10043
2020-06-12 21:00:00,2.7486333333333333,2.74375,635.76691,416.61520666666667
2020-06-12 22:00:00,2.7625666666666664,2.7601166666666668,636.0235433333334,432.72886666666665
2020-06-12 23:00:00,2.7537666666666665,2.7529666666666666,594.246025,383.7450416666667
2020-06-13 00:00:00,2.783666666666667,2.797366666666667,525.388265,271.52601666666664
2020-06-13 01:00:00,2.8579833333333338,2.8755333333333337,525.8561366666667,235.87255666666667
2020-06-13 02:00:00,2.9542333333333333,2.9714,527.074405,209.09129833333333
2020-06-13 03:00:00,3.0607333333333333,3.0807833333333337,527.4733283333333,194.36188833333333
2020-06-13 04:00:00,3.174983333333333,3.1952833333333337,524.8660033333333,196.74334333333334
2020-06-13 05:00:00,3.28175,3.3039833333333335,517.2952,207.03814333333332
2020-06-13 06:00:00,3.3737,3.394833333333333,523.8428233333333,254.301375
2020-06-13 07:00:00,3.4161,3.4330333333333334,525.5393216666666,393.861735
2020-06-13 08:00:00,3.3443166666666664,3.3535,522.5426816666667,509.8326866666667
2020-06-13 09:00:00,3.271166666666667,3.283533333333333,515.42042,418.16793666666666
2020-06-13 10:00:00,3.2429833333333336,3.25285,521.9106916666667,405.91521666666665
2020-06-13 11:00:00,3.1778833333333334,3.1827666666666667,519.42245,483.960935
2020-06-13 12:00:00,3.116916666666667,3.1234333333333333,519.0079833333333,409.67806
2020-06-13 13:00:00,3.1150333333333338,3.1258166666666667,518.12132,337.87647666666663
2020-06-13 14:00:00,3.09455,3.0997666666666666,521.922155,479.898725
2020-06-13 15:00:00,3.01795,3.0231666666666666,518.357615,410.39370333333335
2020-06-13 16:00:00,3.0256333333333334,3.0379666666666667,519.9830233333333,309.41355500000003
2020-06-13 17:00:00,3.0507333333333335,3.0621333333333336,519.29453,347.07191166666667
2020-06-13 18:00:00,3.0510666666666664,3.062183333333333,518.5996666666666,383.014295
2020-06-13 19:00:00,3.0429166666666663,3.05415,519.9659866666667,339.65694833333333
2020-06-13 20:00:00,3.0422166666666666,3.05165,521.3788866666666,391.8905083333333
2020-06-13 21:00:00,2.9906333333333333,2.9994666666666663,449.9513216666667,466.65461500000004
2020-06-13 22:00:00,2.8511499999999996,2.89485,239.3781316666667,432.40304000000003
2020-06-13 23:00:00,2.68495,2.7367333333333335,354.35299833333335,443.393225
2020-06-14 00:00:00,2.665133333333333,2.7245333333333335,512.6651983333334,276.712405
2020-06-14 01:00:00,2.728216666666667,2.7815833333333333,511.72365333333335,239.234455
2020-06-14 02:00:00,2.81875,2.870766666666667,510.134865,203.4662483333333
2020-06-14 03:00:00,2.9278833333333334,2.9768333333333334,515.67823,193.6716416666667
2020-06-14 04:00:00,2.9863500000000003,3.0467500000000003,516.3065583333333,317.14204166666667
2020-06-14 05:00:00,3.0585,3.1104333333333334,512.1506916666666,192.65749499999998
2020-06-14 06:00:00,3.194,3.2375166666666666,497.23060657894735,233.81655333333336
2020-06-14 07:00:00,3.421983333333333,3.4530833333333333,411.6824342105263,237.08922333333334
2020-06-14 08:00:00,3.6197,3.6533666666666664,321.19011842105266,331.41245999999995
2020-06-14 09:00:00,3.745166666666667,3.7801,230.86393078947367,381.7555283333333
2020-06-14 10:00:00,3.715533333333333,3.743666666666667,191.465135,344.3965716666667
2020-06-14 11:00:00,3.5605166666666666,3.5845166666666666,188.44057833333332,497.1517283333333
2020-06-14 12:00:00,3.3607333333333336,3.38395,191.96543666666668,405.459315
2020-06-14 13:00:00,3.226,3.2494666666666663,192.428145,361.34578
2020-06-14 14:00:00,3.084166666666667,3.1060666666666665,188.05688333333333,377.87352666666663
2020-06-14 15:00:00,2.96345,2.9853666666666663,188.62169,371.7705033333333
2020-06-14 16:00:00,2.81155,2.830633333333333,191.30614166666666,453.04532333333333
2020-06-14 17:00:00,2.6186000000000003,2.6371166666666666,190.54318333333333,410.45965666666666
2020-06-14 18:00:00,2.4881,2.5070166666666664,189.223715,409.76584833333334
2020-06-14 19:00:00,2.292266666666667,2.3105333333333333,196.85215693989073,547.0717483333334
2020-06-14 20:00:00,2.5172000000000003,2.5442166666666663,397.48740204918033,434.931855
2020-06-14 21:00:00,2.80135,2.7879833333333335,586.1577101775955,429.13470333333333
2020-06-14 22:00:00,2.8247333333333335,2.8559666666666668,387.759365,390.6334316666667
2020-06-14 23:00:00,2.7669833333333336,2.7988333333333335,392.2104033333333,321.7137633333333
2020-06-15 00:00:00,2.7794000000000003,2.807366666666667,438.21360166666665,256.050655
2020-06-15 01:00:00,2.830833333333333,2.8576333333333332,442.0562583333333,227.65898666666666
2020-06-15 02:00:00,2.8947999999999996,2.922483333333333,439.6262666666667,208.51616
2020-06-15 03:00:00,2.9716666666666667,3.0002166666666668,433.9282366666667,187.43381833333333
2020-06-15 04:00:00,3.0547,3.0798,433.9801066666667,186.140655
2020-06-15 05:00:00,3.22775,3.24485,519.8716739906104,211.38982833333333
2020-06-15 06:00:00,3.510183333333333,3.518866666666667,717.1132660093897,338.5462766666667
2020-06-15 07:00:00,3.484,3.4819833333333334,338.39884,543.1586083333334
2020-06-15 08:00:00,3.317533333333333,3.3363500000000004,388.07262,417.8451333333333
2020-06-15 09:00:00,3.2364,3.257883333333333,389.3981366666667,379.5911033333333
2020-06-15 10:00:00,3.14705,3.16715,390.0622016666667,491.4520616666667
2020-06-15 11:00:00,3.0434,3.061716666666667,388.60388500000005,395.44155666666666
2020-06-15 12:00:00,2.9638666666666666,2.9819999999999998,389.27305666666666,391.83193166666666
2020-06-15 13:00:00,2.9177833333333334,2.937683333333333,390.6406333333333,348.49171666666666
2020-06-15 14:00:00,2.87525,2.8971666666666662,392.9688433333333,390.42111
2020-06-15 15:00:00,2.7622500000000003,2.7805166666666663,391.6645066666667,487.26810666666665
2020-06-15 16:00:00,2.657033333333333,2.676933333333333,389.105895,399.81762333333336
2020-06-15 17:00:00,2.6096,2.62975,388.87716,327.575715
2020-06-15 18:00:00,2.5813833333333336,2.599883333333333,387.415635,330.861005
2020-06-15 19:00:00,2.514866666666667,2.533533333333333,382.44169,471.6697883333334
2020-06-15 20:00:00,2.3627666666666665,2.3803,381.59737333333334,520.5805833333333
2020-06-15 21:00:00,2.23125,2.250783333333333,376.40206666666666,436.907225
2020-06-15 22:00:00,2.1393666666666666,2.1603833333333333,378.8491633333333,376.0197583333333
2020-06-15 23:00:00,2.1228333333333333,2.1621499999999996,629.7843941666666,346.2163816666667
2020-06-16 00:00:00,2.2239999999999998,2.265133333333333,672.7397833333333,249.722185
2020-06-16 01:00:00,2.36905,2.408916666666667,672.4652616666666,218.59276833333334
2020-06-16 02:00:00,2.5292666666666666,2.567,678.3517883333334,198.75072166666666
2020-06-16 03:00:00,2.7046833333333336,2.7394666666666665,681.8287733333333,187.3199733333333
2020-06-16 04:00:00,2.87265,2.9095166666666668,674.253375,200.91373333333334
2020-06-16 05:00:00,3.0373500000000004,3.0741500000000004,667.4818633893557,213.40423
2020-06-16 06:00:00,3.263116666666667,3.2790166666666667,663.5872647058824,291.4069166666667
2020-06-16 07:00:00,3.51065,3.5522666666666667,621.5788835714286,363.38945666666666
2020-06-16 08:00:00,3.5534499999999998,3.5920666666666667,423.58553666666666,452.19308333333333
2020-06-16 09:00:00,3.4890333333333334,3.5260000000000002,423.20917000000003,356.35003333333333
2020-06-16 10:00:00,3.4271000000000003,3.463783333333333,426.71107,490.61816166666665
2020-06-16 11:00:00,3.2494333333333336,3.288683333333333,426.84051,625.7756483333334
2020-06-16 12:00:00,3.0743333333333336,3.112083333333333,423.60854166666667,456.02598166666667
2020-06-16 13:00:00,3.027333333333333,3.0635833333333333,424.44432,340.6812683333334
2020-06-16 14:00:00,2.9947833333333334,3.03045,424.367375,368.8185583333333
2020-06-16 15:00:00,2.983983333333333,3.0171833333333336,425.3216566666667,285.9974216666667
2020-06-16 16:00:00,2.9792,3.0132,423.69234,337.40638333333334
2020-06-16 17:00:00,2.9706166666666665,3.003533333333333,422.3552416666667,331.02130999999997
2020-06-16 18:00:00,2.9178833333333336,2.9528666666666665,403.0148533333333,393.853215
2020-06-16 19:00:00,2.840616666666667,2.87745,411.11671666666666,428.08448000000004
2020-06-16 20:00:00,2.7781000000000002,2.81315,407.487795,398.6659816666667
2020-06-16 21:00:00,2.6803666666666666,2.7177333333333333,406.222575,439.36606
2020-06-16 22:00:00,2.6199333333333334,2.65595,410.43422166666664,369.0764066666667
2020-06-16 23:00:00,2.5481666666666665,2.5838666666666668,490.20461,441.18855666666667
2020-06-17 00:00:00,2.5822999999999996,2.6071000000000004,619.5422883333333,254.53329166666666
2020-06-17 01:00:00,2.7073666666666667,2.733816666666667,625.319915,213.12596166666665
2020-06-17 02:00:00,2.8400166666666666,2.8676166666666663,634.3270166666666,227.27275999999998
2020-06-17 03:00:00,2.9688833333333333,2.99585,631.9385483333333,240.96587
2020-06-17 04:00:00,3.1013,3.12985,627.5558066666667,195.21438166666667
2020-06-17 05:00:00,3.2513833333333335,3.2793666666666668,619.5397566666667,213.67501333333334
2020-06-17 06:00:00,3.3649,3.39395,616.6437083333333,278.32759833333336
2020-06-17 07:00:00,3.395683333333333,3.4242333333333335,607.1603366666666,496.2127283333333
2020-06-17 08:00:00,3.3046,3.3311166666666665,601.8229150000001,552.12149
2020-06-17 09:00:00,3.2405666666666666,3.2675,591.5553166666667,406.94030166666664
2020-06-17 10:00:00,3.1906833333333333,3.2304666666666666,224.89546333333334,400.85741333333334
2020-06-17 11:00:00,3.0376666666666665,3.08215,190.03099833333332,372.3845616666667
2020-06-17 12:00:00,2.9239,2.9654000000000003,192.05432833333333,326.9316616666666
2020-06-17 13:00:00,2.8092166666666665,2.84885,192.49410166666667,354.57261
2020-06-17 14:00:00,2.6881166666666667,2.7286833333333336,193.76840166666668,372.27395333333334
2020-06-17 15:00:00,2.5744,2.6103,192.52285833333332,328.455355
2020-06-17 16:00:00,2.46365,2.5019666666666667,195.4856166666667,365.9134066666667
2020-06-17 17:00:00,2.3155833333333335,2.362083333333333,398.15135333333336,476.1249066666667
2020-06-17 18:00:00,2.27145,2.3201166666666664,521.7748166666667,358.0521583333333
2020-06-17 19:00:00,2.333466666666667,2.3845,613.9678663666667,407.06978
2020-06-17 20:00:00,2.5068333333333332,2.5599166666666666,722.1610644666666,395.7230183333333
2020-06-17 21:00:00,2.5850333333333335,2.6722333333333332,770.3179283333334,442.8144933333333
2020-06-17 22:00:00,2.646983333333333,2.73035,776.8916433333333,342.77879666666666
2020-06-17 23:00:00,2.7262833333333334,2.7651833333333333,382.33558999999997,286.60560833333335
2020-06-18 00:00:00,2.7488666666666663,2.78965,463.82635833333336,249.969105
2020-06-18 01:00:00,2.7982333333333336,2.8409666666666666,463.62987499999997,306.81973833333336
2020-06-18 02:00:00,2.77095,2.8186666666666667,459.03601833333335,364.129075
2020-06-18 03:00:00,2.80775,2.8471166666666665,468.9109833333333,201.59170833333334
2020-06-18 04:00:00,2.8913,2.928833333333333,473.97494333333333,209.33219
2020-06-18 05:00:00,2.975616666666667,3.0109333333333335,471.3301633333333,208.3629916666667
2020-06-18 06:00:00,3.0436833333333335,3.0825666666666667,467.77952515151514,260.31485333333336
2020-06-18 07:00:00,3.355,3.425,619.7838681818182,433.1205366666666
2020-06-18 08:00:00,3.516116666666667,3.5698833333333337,344.42287166666665,495.0969533333334
2020-06-18 09:00:00,3.3956166666666667,3.435483333333333,337.19693666666666,390.74896
2020-06-18 10:00:00,3.3285666666666667,3.3664666666666667,339.27501333333333,367.0373633333333
2020-06-18 11:00:00,3.242166666666667,3.2811833333333333,334.72988833333335,364.59415333333334
2020-06-18 12:00:00,3.1761166666666667,3.2137000000000002,340.14203333333336,379.13343833333334
2020-06-18 13:00:00,3.10855,3.146183333333333,340.27432500000003,333.58925999999997
2020-06-18 14:00:00,3.0641000000000003,3.099683333333333,346.0280516666666,324.9017216666667
2020-06-18 15:00:00,3.0183999999999997,3.0545666666666667,332.66752166666663,332.1068833333333
2020-06-18 16:00:00,2.9714,3.0036,319.92961333333335,305.27076666666665
2020-06-18 17:00:00,2.9233333333333333,2.9578166666666665,329.3910016666667,345.6605216666667
2020-06-18 18:00:00,2.855933333333333,2.8896666666666664,330.95543999999995,351.15080166666667
2020-06-18 19:00:00,2.79095,2.8243666666666667,328.54833666666667,367.05965833333335
2020-06-18 20:00:00,2.678633333333333,2.7150333333333334,322.141475,463.58685333333335
2020-06-18 21:00:00,2.525383333333333,2.561983333333333,324.50224833333334,508.103025
2020-06-18 22:00:00,2.36015,2.3749166666666666,516.5960716666666,562.5707966666666
2020-06-18 23:00:00,2.311583333333333,2.3141000000000003,588.5877283333334,340.93842333333333
2020-06-19 00:00:00,2.399593220338983,2.418372881355932,647.5898491525423,265.7490338983051
2020-06-19 01:00:00,2.5124,2.5300000000000002,644.5780149999999,246.56955833333333
2020-06-19 02:00:00,2.6518666666666664,2.67055,645.0858316666668,203.93400333333332
2020-06-19 03:00:00,2.803316666666667,2.8234666666666666,644.914275,201.698305
2020-06-19 04:00:00,2.957266666666667,2.9767333333333337,648.30158,195.54358166666668
2020-06-19 05:00:00,3.1074333333333333,3.1288833333333335,642.2732333333333,219.26370333333335
2020-06-19 06:00:00,3.2304166666666663,3.2519,640.5641766666666,291.271525
2020-06-19 07:00:00,3.2826,3.3019666666666665,635.5069233333332,371.7599166666667
2020-06-19 08:00:00,3.2756166666666666,3.303316666666667,471.558675,437.50748333333337
2020-06-19 09:00:00,3.1916,3.222983333333333,440.4054233333334,417.21541833333333
2020-06-19 10:00:00,3.1373333333333333,3.16675,440.69118999999995,371.37321333333335
2020-06-19 11:00:00,3.104416666666667,3.1344,440.6230433333333,389.6848083333333
2020-06-19 12:00:00,3.0498166666666666,3.0776833333333333,442.44307166666664,396.612485
2020-06-19 13:00:00,2.9960833333333334,3.0236333333333336,443.39725166666665,386.27779833333335
2020-06-19 14:00:00,2.934883333333333,2.9633666666666665,434.08068833333334,448.2601266666667
2020-06-19 15:00:00,2.88155,2.9095,443.08666,331.3355916666667
2020-06-19 16:00:00,2.8748,2.90455,449.058265,357.63620999999995
2020-06-19 17:00:00,2.839566666666667,2.8697666666666666,450.98061333333334,373.30615833333337
2020-06-19 18:00:00,2.7896833333333335,2.8199666666666667,447.45941166666665,397.4092616666667
2020-06-19 19:00:00,2.7496333333333336,2.7808166666666665,449.5773983333333,432.94897000000003
2020-06-19 20:00:00,2.6351999999999998,2.6674833333333337,460.975955,510.5729583333333
2020-06-19 21:00:00,2.5317833333333337,2.5635333333333334,461.9303283333333,448.34057
2020-06-19 22:00:00,2.471416666666667,2.5022499999999996,456.2602933333334,405.7105
2020-06-19 23:00:00,2.4499666666666666,2.48265,517.5124166666667,296.21973999999994
2020-06-20 00:00:00,2.5325166666666665,2.57515,628.6216499999999,259.43298666666664
2020-06-20 01:00:00,2.6401499999999998,2.6826999999999996,624.582485,238.14374166666667
2020-06-20 02:00:00,2.77655,2.8153,627.3180950000001,206.60663833333334
2020-06-20 03:00:00,2.9246,2.9609,631.5573983333333,200.94373
2020-06-20 04:00:00,3.0435333333333334,3.0868666666666664,635.456365,309.31713666666667
2020-06-20 05:00:00,3.1204666666666667,3.163683333333333,625.6576650000001,256.269115
2020-06-20 06:00:00,3.2451333333333334,3.28535,613.187515,242.76536666666667
2020-06-20 07:00:00,3.326983333333333,3.372583333333333,618.6931966666667,312.23336166666667
2020-06-20 08:00:00,3.3870999999999998,3.434816666666667,625.1011033333333,345.10122666666666
2020-06-20 09:00:00,3.43075,3.4791666666666665,619.6640966666668,395.43383166666666
2020-06-20 10:00:00,3.418,3.47095,616.457725,427.2303
2020-06-20 11:00:00,3.4317833333333336,3.4810166666666666,611.6002616666666,390.5565416666667
2020-06-20 12:00:00,3.4139166666666667,3.4671666666666665,488.12442666666664,468.6296333333333
2020-06-20 13:00:00,3.3093333333333335,3.3664,391.9332033333333,405.39616666666666
2020-06-20 14:00:00,3.257233333333333,3.3122,390.57338,333.94531
2020-06-20 15:00:00,3.2276499999999997,3.2804999999999995,395.67728,341.7336433333333
2020-06-20 16:00:00,3.1484666666666663,3.2090166666666664,395.9672233333333,503.74555833333335
2020-06-20 17:00:00,2.9757333333333333,3.0433666666666666,405.66698833333334,532.7871416666667
2020-06-20 18:00:00,2.8691999999999998,2.92705,403.81963,386.51812333333334
2020-06-20 19:00:00,2.8266833333333334,2.879033333333333,386.26048833333334,364.08704
2020-06-20 20:00:00,2.7789,2.832333333333333,403.16825166666666,351.95200166666666
2020-06-20 21:00:00,2.7481166666666668,2.8004166666666666,408.42899833333337,343.95003333333335
2020-06-20 22:00:00,2.696266666666667,2.753033333333333,402.33151,404.97862499999997
2020-06-20 23:00:00,2.6401499999999998,2.6942,422.09029,314.5191016666667
2020-06-21 00:00:00,2.6656833333333334,2.7245833333333334,506.797295,306.96591333333333
2020-06-21 01:00:00,2.714633333333333,2.7695833333333337,507.6172433333333,238.1961266666667
2020-06-21 02:00:00,2.80315,2.854816666666667,507.16543,214.31073666666668
2020-06-21 03:00:00,2.89965,2.950283333333333,508.90316,203.62058333333334
2020-06-21 04:00:00,3.0145666666666666,3.0612333333333335,509.2869964814815,188.34767833333333
2020-06-21 05:00:00,3.4818166666666666,3.5305000000000004,536.4313999999999,211.98137833333334
2020-06-21 06:00:00,3.789283333333333,3.825683333333333,219.33585685185187,297.11811666666665
2020-06-21 07:00:00,3.6998166666666665,3.7319666666666667,209.29283833333332,303.31960999999995
2020-06-21 08:00:00,3.624816666666667,3.6576666666666666,218.97352166666667,313.10280166666666
2020-06-21 09:00:00,3.4992,3.5334166666666667,217.99096666666668,482.18912166666667
2020-06-21 10:00:00,3.2977,3.3302166666666664,216.68559,444.4140083333333
2020-06-21 11:00:00,3.1580999999999997,3.1914833333333332,216.1216533333333,374.206775
2020-06-21 12:00:00,3.00715,3.042133333333333,214.26958166666665,513.4844233333333
2020-06-21 13:00:00,2.7569666666666666,2.7906666666666666,213.97159166666668,591.4812733333333
2020-06-21 14:00:00,2.52185,2.55325,215.91826333333333,438.4602966666667
2020-06-21 15:00:00,2.3999499999999996,2.428316666666667,213.80320500000002,354.4885233333333
2020-06-21 16:00:00,2.2969500000000003,2.3254500000000005,214.21807666666666,333.00899833333335
2020-06-21 17:00:00,2.27395,2.26675,552.8564216666667,345.715545
2020-06-21 18:00:00,2.2952,2.2754166666666666,566.5613950000001,388.2168266666667
2020-06-21 19:00:00,2.2931666666666666,2.2744,560.7002133333333,396.0498883333333
2020-06-21 20:00:00,2.26775,2.241,559.59471,484.6448866666667
2020-06-21 21:00:00,2.195333333333333,2.1664833333333333,557.8572533333333,458.30287166666665
2020-06-21 22:00:00,2.182983333333333,2.166933333333333,558.9753433333334,357.396205
2020-06-21 23:00:00,2.19555,2.1844166666666665,566.8512766666666,324.1160433333333
2020-06-22 00:00:00,2.2754499999999998,2.2756833333333333,619.35978,265.77487
2020-06-22 01:00:00,2.3921666666666668,2.3949833333333337,621.2713166666667,219.0256183333333
2020-06-22 02:00:00,2.53065,2.5374333333333334,623.6784016666667,195.92938
2020-06-22 03:00:00,2.6860833333333334,2.6932666666666667,629.1859533333334,183.43314166666667
2020-06-22 04:00:00,2.845833333333333,2.8537666666666666,630.4180183333334,181.36109333333334
2020-06-22 05:00:00,2.99295,3.0012833333333333,624.2810000000001,218.41506333333334
2020-06-22 06:00:00,3.1020499999999998,3.103933333333333,625.2886816666667,317.19916666666666
2020-06-22 07:00:00,3.1088,3.0933,622.1871016666666,554.7715900000001
2020-06-22 08:00:00,3.01305,2.9926666666666666,613.3128233333333,519.4037266666667
2020-06-22 09:00:00,2.984383333333333,2.9757833333333332,600.0755383333333,394.58432999999997
2020-06-22 10:00:00,2.9957833333333337,2.9856833333333332,625.42586,443.6103033333333
2020-06-22 11:00:00,2.9355333333333333,2.9105833333333333,358.37284416666665,572.3607933333333
2020-06-22 12:00:00,2.9019833333333334,2.8879499999999996,0.0,349.50100333333336
2020-06-22 13:00:00,2.9456166666666665,2.9359333333333333,0.0,347.6171966666667
2020-06-22 14:00:00,2.9658666666666664,2.9567666666666668,0.0,386.44109166666664
2020-06-22 15:00:00,2.966,2.957,0.0,386.6457
2020-06-22 16:00:00,2.966,2.957,0.0,386.6457
2020-06-22 17:00:00,2.972283333333333,2.9548666666666668,0.0,353.98806499999995
2020-06-22 18:00:00,2.9932666666666665,2.9637666666666664,0.0,408.91926333333333
2020-06-22 19:00:00,2.9769,2.9471166666666666,0.0,377.9740916666667
2020-06-22 20:00:00,2.97135,2.941416666666667,0.0,422.9435683333333
2020-06-22 21:00:00,2.9291,2.8944166666666664,0.0,462.204695
2020-06-22 22:00:00,2.8810999999999996,2.8457833333333338,0.0,448.5347866666667
2020-06-22 23:00:00,2.8048,2.7666,0.0,501.5244983333333
2020-06-23 00:00:00,2.7444833333333336,2.717033333333333,0.0,372.05707666666666
2020-06-23 01:00:00,2.7994666666666665,2.79205,0.0,245.57095166666667
2020-06-23 02:00:00,2.8987166666666666,2.8951833333333337,0.0,209.64757666666668
2020-06-23 03:00:00,3.013183333333333,3.011416666666667,0.0,199.54722833333332
2020-06-23 04:00:00,3.1406666666666667,3.1391666666666667,0.0,192.41667999999999
2020-06-23 05:00:00,3.25715,3.2534833333333335,0.0,241.39507833333334
2020-06-23 06:00:00,3.3258333333333336,3.313,0.0,338.46992166666666
2020-06-23 07:00:00,3.3380666666666667,3.3172833333333336,0.0,394.93494666666663
2020-06-23 08:00:00,3.3165,3.2901833333333332,0.0,400.0122533333333
2020-06-23 09:00:00,3.3263666666666665,3.3068999999999997,0.0,353.1150766666667
2020-06-23 10:00:00,3.3243500000000004,3.2948333333333335,0.0,433.75304
2020-06-23 11:00:00,3.1764666666666668,3.1741666666666664,0.0,415.7471233333333
2020-06-23 12:00:00,2.97625,2.984766666666667,0.0,339.4001716666667
2020-06-23 13:00:00,2.7983,2.805633333333333,0.0,340.0816733333333
2020-06-23 14:00:00,2.6319666666666666,2.6381,0.0,325.5544816666667
2020-06-23 15:00:00,2.4329833333333335,2.43615,0.0,416.925855
2020-06-23 16:00:00,2.1992166666666666,2.2034499999999997,0.25272727272727274,481.49046999999996
2020-06-23 17:00:00,2.2765,2.3000666666666665,428.79793939393943,388.01240333333334
2020-06-23 18:00:00,2.6359166666666667,2.6431166666666663,645.8240000000001,376.6165183333333
2020-06-23 19:00:00,2.93725,2.9573833333333335,730.304,423.017805
2020-06-23 20:00:00,3.1178166666666667,3.14085,652.9663333333333,537.2912133333333
2020-06-23 21:00:00,3.0122833333333334,3.0449166666666665,555.3,567.74123
2020-06-23 22:00:00,3.3992166666666668,3.4755166666666666,555.3,390.0089516666667
2020-06-23 23:00:00,3.7020666666666666,3.7384,555.3,288.58991833333334
2020-06-24 00:00:00,3.5298666666666665,3.5541833333333335,555.3,252.81346166666665
2020-06-24 01:00:00,3.3699333333333334,3.3941333333333334,111.05999999999999,219.86692
2020-06-24 02:00:00,3.2214666666666667,3.24735,0.0,224.61853833333333
2020-06-24 03:00:00,3.0626666666666664,3.0870666666666664,0.0,223.06370166666665
2020-06-24 04:00:00,2.9275333333333333,2.9523333333333333,0.0,185.01413499999998
2020-06-24 05:00:00,2.80045,2.82465,47.600321285140566,208.80232166666667
2020-06-24 06:00:00,3.0614333333333335,3.1166666666666667,633.3921686746987,268.958415
2020-06-24 07:00:00,3.476933333333333,3.5376833333333333,472.8841767068273,525.245475
2020-06-24 08:00:00,3.4078666666666666,3.4467833333333333,386.8233333333334,457.96219333333335
2020-06-24 09:00:00,3.4246,3.4587999999999997,390.44,322.36331333333334
2020-06-24 10:00:00,3.4504499999999996,3.473716666666667,324.0366666666667,340.25339499999995
2020-06-24 11:00:00,3.40475,3.41375,276.87333333333333,381.28145666666666
2020-06-24 12:00:00,3.3087,3.3133666666666666,274.46500000000003,446.855615
2020-06-24 13:00:00,3.2165000000000004,3.22715,272.195,332.9803033333334
2020-06-24 14:00:00,3.1840166666666665,3.1950833333333337,273.1,306.02053166666667
2020-06-24 15:00:00,3.1609,3.1725166666666667,273.2,304.35728
2020-06-24 16:00:00,3.12585,3.1363833333333333,273.2,316.98733333333337
2020-06-24 17:00:00,3.077566666666667,3.0856833333333333,273.2,362.56045166666667
2020-06-24 18:00:00,2.996683333333333,3.0034666666666667,270.44,395.16924833333337
2020-06-24 19:00:00,2.8729333333333336,2.8742500000000004,264.5366666666667,513.1749316666667
2020-06-24 20:00:00,2.69,2.6875,260.71833333333336,561.494145
2020-06-24 21:00:00,2.48585,2.482466666666667,259.4766666666667,521.4187133333334
2020-06-24 22:00:00,2.3486833333333332,2.3507000000000002,261.8016666666667,388.65898
2020-06-24 23:00:00,2.2886499999999996,2.3016833333333335,364.79833333333335,306.7947516666666
2020-06-25 00:00:00,2.4108333333333336,2.43885,510.15999999999997,241.90910666666664
2020-06-25 01:00:00,2.5864,2.61535,509.39833333333337,221.01137166666666
2020-06-25 02:00:00,2.776816666666667,2.8050166666666665,511.655,203.37546666666668
2020-06-25 03:00:00,2.972183333333333,3.0022333333333333,510.51,218.24350666666666
2020-06-25 04:00:00,3.1565166666666666,3.1877666666666666,508.99,198.17495333333332
2020-06-25 05:00:00,3.3491,3.3825999999999996,508.44666666666666,236.517545
2020-06-25 06:00:00,3.5012166666666666,3.5351500000000002,514.3616666666667,300.287395
2020-06-25 07:00:00,3.5611333333333333,3.5912333333333333,514.6533333333333,393.2675433333333
2020-06-25 08:00:00,3.4579666666666666,3.4831,514.7,399.79537999999997
2020-06-25 09:00:00,3.2667,3.291416666666667,514.7,381.260625
2020-06-25 10:00:00,3.098383333333333,3.12175,447.6333333333334,366.48964166666667
2020-06-25 11:00:00,2.944366666666667,2.9641666666666664,112.89333333333335,336.228
2020-06-25 12:00:00,2.7544666666666666,2.784266666666667,180.22333333333333,456.2316633333333
2020-06-25 13:00:00,2.6001666666666665,2.6459166666666665,372.225,494.20240666666666
2020-06-25 14:00:00,2.6559166666666667,2.7054666666666667,707.2366666666666,364.70521
2020-06-25 15:00:00,2.9331666666666667,2.9820833333333336,696.4766666666667,297.44864333333334
2020-06-25 16:00:00,3.0432333333333332,3.0510666666666664,315.06666666666666,387.45533666666665
2020-06-25 17:00:00,2.9768499999999998,2.9803,312.2,453.6468966666667
2020-06-25 18:00:00,2.85315,2.8516666666666666,315.95166666666665,494.4400866666667
2020-06-25 19:00:00,2.745366666666667,2.74565,314.065,429.0765783333334
2020-06-25 20:00:00,2.696366666666667,2.7009833333333333,313.0516666666666,341.8030583333333
2020-06-25 21:00:00,2.65285,2.6560166666666665,311.1166666666667,414.93284666666665
2020-06-25 22:00:00,2.578233333333333,2.5820333333333334,309.02333333333337,380.53951500000005
2020-06-25 23:00:00,2.5587,2.57205,353.53,304.80889
2020-06-26 00:00:00,2.5822333333333334,2.6119666666666665,433.98833333333334,392.56480166666665
2020-06-26 01:00:00,2.6354333333333333,2.664833333333333,432.2316666666667,259.42154666666664
2020-06-26 02:00:00,2.7718,2.79755,434.5433333333333,207.15874666666664
2020-06-26 03:00:00,2.9181166666666667,2.946466666666667,432.17833333333334,193.57829666666666
2020-06-26 04:00:00,3.0690999999999997,3.0959999999999996,435.9,188.94123833333333
2020-06-26 05:00:00,3.2142833333333334,3.240816666666667,435.1,229.75109333333333
2020-06-26 06:00:00,3.3228333333333335,3.3509,430.10333333333335,298.683395
2020-06-26 07:00:00,3.36955,3.3983333333333334,433.345,392.7706166666667
2020-06-26 08:00:00,3.3995499999999996,3.4285,434.93666666666667,352.95405833333336
2020-06-26 09:00:00,3.4517666666666664,3.4807166666666665,421.21500000000003,355.889335
2020-06-26 10:00:00,3.4380666666666664,3.446883333333333,279.3066666666667,379.17922833333336
2020-06-26 11:00:00,3.366416666666667,3.3727,280.3333333333333,366.18877
2020-06-26 12:00:00,3.2998833333333333,3.3049666666666666,281.01,392.32984833333336
2020-06-26 13:00:00,3.2006666666666663,3.2005333333333335,281.7966666666667,496.0290966666667
2020-06-26 14:00:00,3.0223333333333335,3.016383333333333,283.1066666666667,530.8461416666667
2020-06-26 15:00:00,2.9299833333333334,2.93495,283.1433333333333,313.79054333333335
2020-06-26 16:00:00,2.8925,2.8999499999999996,278.6633333333333,379.89498166666664
2020-06-26 17:00:00,2.7727333333333335,2.7746833333333334,277.2633333333333,488.3760966666667
2020-06-26 18:00:00,2.66765,2.6725333333333334,276.01166666666666,366.50034666666664
2020-06-26 19:00:00,2.5965833333333332,2.6012333333333335,277.0783333333333,374.7852716666667
2020-06-26 20:00:00,2.5237,2.5278,278.74833333333333,385.81984166666666
2020-06-26 21:00:00,2.4637000000000002,2.4707500000000002,274.3616666666667,350.87531666666666
2020-06-26 22:00:00,2.3861833333333333,2.391,274.705,393.3335433333333
2020-06-26 23:00:00,2.3635,2.37795,432.0783333333333,310.86973166666667
2020-06-27 00:00:00,2.4950833333333335,2.4977333333333336,516.355,266.81514666666664
2020-06-27 01:00:00,2.6655333333333333,2.669033333333333,522.6783333333334,246.417305
2020-06-27 02:00:00,2.850216666666667,2.8573166666666667,520.215,206.5049833333333
2020-06-27 03:00:00,3.050483333333333,3.0612666666666666,521.9866666666667,196.12635833333334
2020-06-27 04:00:00,3.2617,3.2712166666666667,523.39,183.8585116666667
2020-06-27 05:00:00,3.46805,3.47625,520.3866666666667,230.30620666666667
2020-06-27 06:00:00,3.6144000000000003,3.632433333333333,387.4933333333333,238.77475
2020-06-27 07:00:00,3.6382666666666665,3.6699333333333333,299.97666666666663,313.7166483333333
2020-06-27 08:00:00,3.56905,3.6030666666666664,303.655,488.65677
2020-06-27 09:00:00,3.4239666666666664,3.4566999999999997,306.22166666666664,459.10112166666664
2020-06-27 10:00:00,3.3263333333333334,3.35835,305.47666666666663,521.2409666666666
2020-06-27 11:00:00,3.1437166666666667,3.1771833333333332,306.4683333333333,551.0673766666666
2020-06-27 12:00:00,3.0245,3.055066666666667,303.3333333333333,427.01119666666665
2020-06-27 13:00:00,2.9483166666666665,2.980433333333333,303.4633333333333,410.540605
2020-06-27 14:00:00,2.8876166666666667,2.919366666666667,304.34666666666664,349.54882
2020-06-27 15:00:00,2.8624333333333336,2.89155,302.7033333333333,331.059395
2020-06-27 16:00:00,2.8112,2.8438333333333334,303.7083333333333,393.47994833333337
2020-06-27 17:00:00,2.74985,2.7817999999999996,302.39000000000004,400.12116
2020-06-27 18:00:00,2.69485,2.7244333333333333,300.885,342.5295083333333
2020-06-27 19:00:00,2.646166666666667,2.6765333333333334,303.01666666666665,390.78547499999996
2020-06-27 20:00:00,2.5500166666666666,2.5819166666666664,303.4583333333333,481.85894333333334
2020-06-27 21:00:00,2.449183333333333,2.4812166666666666,302.60999999999996,417.04925833333334
2020-06-27 22:00:00,2.3866500000000004,2.419166666666667,300.02166666666665,365.924145
2020-06-27 23:00:00,2.3396833333333333,2.3697166666666667,339.11333333333334,344.72816
2020-06-28 00:00:00,2.422883333333333,2.446466666666667,487.1716666666667,271.88153
2020-06-28 01:00:00,2.5569833333333336,2.5799333333333334,483.47999999999996,246.97876666666667
2020-06-28 02:00:00,2.7238166666666666,2.74785,490.63666666666666,216.58582833333332
2020-06-28 03:00:00,2.9019,2.9276166666666668,491.90999999999997,204.11096
2020-06-28 04:00:00,3.0857,3.112983333333333,491.875,195.22953666666666
2020-06-28 05:00:00,3.273283333333333,3.301616666666667,489.34833333333336,200.87206666666668
2020-06-28 06:00:00,3.4444333333333335,3.4731666666666663,480.56,239.95844333333335
2020-06-28 07:00:00,3.509516666666667,3.5408833333333334,296.01,303.85614
2020-06-28 08:00:00,3.430066666666667,3.4621833333333334,300.65166666666664,535.15036
2020-06-28 09:00:00,3.2813166666666667,3.3112833333333334,300.36333333333334,456.5239966666667
2020-06-28 10:00:00,3.2083999999999997,3.2386666666666666,300.6633333333333,391.2338633333333
2020-06-28 11:00:00,3.1523833333333333,3.1819333333333333,300.01,351.7969816666666
2020-06-28 12:00:00,3.0618666666666665,3.08975,299.995,537.5570833333334
2020-06-28 13:00:00,2.9041833333333336,2.9314666666666667,300.43,447.09395333333333
2020-06-28 14:00:00,2.8581,2.88485,301.37333333333333,315.82906166666663
2020-06-28 15:00:00,2.8376666666666663,2.8632666666666666,303.2066666666667,376.902405
2020-06-28 16:00:00,2.7533833333333333,2.7791833333333336,300.6933333333333,408.49579
2020-06-28 17:00:00,2.693033333333333,2.717516666666667,299.96666666666664,381.333635
2020-06-28 18:00:00,2.6362666666666663,2.661583333333333,297.915,386.0241066666667
2020-06-28 19:00:00,2.567533333333333,2.59125,298.2883333333333,382.76813000000004
2020-06-28 20:00:00,2.4920833333333334,2.5174499999999997,298.80333333333334,412.520665
2020-06-28 21:00:00,2.4055833333333334,2.4318833333333334,298.68,483.11433166666666
2020-06-28 22:00:00,2.2307166666666665,2.252733333333333,326.7416666666667,597.0399
2020-06-28 23:00:00,2.1434166666666665,2.1748166666666666,507.80333333333334,394.33299999999997
2020-06-29 00:00:00,2.2694666666666667,2.3128666666666664,503.52166666666665,271.1821483333334
2020-06-29 01:00:00,2.4375,2.477516666666667,504.0133333333333,221.13954999999999
2020-06-29 02:00:00,2.620766666666667,2.6573333333333333,498.6116666666667,202.881285
2020-06-29 03:00:00,2.815733333333333,2.852883333333333,496.28333333333336,182.16586999999998
2020-06-29 04:00:00,3.0085166666666665,3.0478666666666663,499.02333333333337,199.37098333333333
2020-06-29 05:00:00,3.19195,3.234283333333333,500.57666666666665,223.265715
2020-06-29 06:00:00,3.3432000000000004,3.3917166666666665,499.88666666666666,332.43616833333334
2020-06-29 07:00:00,3.4059833333333334,3.4605166666666665,498.2416666666667,406.0002866666666
2020-06-29 08:00:00,3.4483333333333333,3.501816666666667,407.84666666666664,403.76709833333337
2020-06-29 09:00:00,3.3827,3.4254166666666666,183.94833333333332,332.0829433333334
2020-06-29 10:00:00,3.279333333333333,3.32075,183.5366666666667,359.3965833333333
2020-06-29 11:00:00,3.1442666666666668,3.1864500000000002,186.09833333333333,370.53573166666666
2020-06-29 12:00:00,3.015533333333333,3.0585333333333335,185.41666666666666,401.983155
2020-06-29 13:00:00,2.8505,2.89295,185.07666666666668,389.3205766666667
2020-06-29 14:00:00,2.745683333333333,2.7851333333333335,186.86666666666667,326.58945166666666
2020-06-29 15:00:00,2.6109666666666667,2.65265,244.98833333333332,434.80124666666666
2020-06-29 16:00:00,2.6801833333333334,2.7242166666666665,768.3333333333334,375.2132166666667
2020-06-29 17:00:00,2.9559833333333336,2.9866666666666664,758.64,349.6166416666667
2020-06-29 18:00:00,3.2131666666666665,3.246083333333333,758.4983333333333,374.20219833333334
2020-06-29 19:00:00,3.3874166666666667,3.414083333333333,477.7,414.1396383333333
2020-06-29 20:00:00,3.294966666666667,3.305133333333333,203.76166666666668,480.47850999999997
2020-06-29 21:00:00,3.073266666666667,3.078533333333333,202.28833333333333,516.9276933333333
2020-06-29 22:00:00,2.926083333333333,2.9381,201.94666666666666,334.4637166666667
2020-06-29 23:00:00,2.8461,2.870433333333333,290.755,307.16451500000005
2020-06-30 00:00:00,2.91005,2.962416666666667,470.82166666666666,244.84921833333334
2020-06-30 01:00:00,3.0666333333333333,3.1153,472.44166666666666,215.74128333333334
2020-06-30 02:00:00,3.229433333333333,3.27855,470.9316666666667,204.42798
2020-06-30 03:00:00,3.3999666666666664,3.4492,472.755,213.65087666666665
2020-06-30 04:00:00,3.561316666666667,3.6106333333333334,473.445,193.43671
2020-06-30 05:00:00,3.735583333333333,3.78035,357.06,196.086925
2020-06-30 06:00:00,3.7017333333333338,3.721433333333333,62.08166666666667,319.84967500000005
2020-06-30 07:00:00,3.472183333333333,3.4837333333333333,62.12,461.95033666666666
2020-06-30 08:00:00,3.276733333333333,3.3118,264.30833333333334,371.86973333333333
2020-06-30 09:00:00,3.21095,3.25605,298.0316666666667,371.67203666666666
2020-06-30 10:00:00,3.1380833333333333,3.18295,299.0,426.0313683333333
2020-06-30 11:00:00,3.0755166666666667,3.1201166666666666,298.5783333333333,352.41247833333335
2020-06-30 12:00:00,3.0374,3.0790333333333333,300.8616666666667,349.0207183333333
2020-06-30 13:00:00,2.985783333333333,3.029733333333333,298.77833333333336,391.82831833333336
2020-06-30 14:00:00,2.926933333333333,2.96915,300.19166666666666,339.69826166666667
2020-06-30 15:00:00,2.9063166666666667,2.947033333333333,293.795,323.66819833333335
2020-06-30 16:00:00,2.8763333333333336,2.915233333333333,287.1816666666667,320.957265
2020-06-30 17:00:00,2.854016666666667,2.8909333333333334,289.7916666666667,315.954605
2020-06-30 18:00:00,2.8079666666666667,2.8466,297.30333333333334,392.8709983333334
2020-06-30 19:00:00,2.714,2.7569333333333335,295.745,506.19481
2020-06-30 20:00:00,2.5178166666666666,2.56295,296.06,602.7920466666667
2020-06-30 21:00:00,2.3617166666666667,2.40365,293.94166666666666,439.077525
2020-06-30 22:00:00,2.2845333333333335,2.323916666666667,298.4533333333333,388.980095
2020-06-30 23:00:00,2.24335,2.2747499999999996,369.24833333333333,321.13265333333334
2020-07-01 00:00:00,2.37765,2.3867,517.8233333333334,239.22154333333336
2020-07-01 01:00:00,2.565933333333333,2.5765499999999997,521.0416666666666,208.30303833333335
2020-07-01 02:00:00,2.7701333333333333,2.7832,526.5333333333333,194.45964333333333
2020-07-01 03:00:00,2.9808499999999998,2.995483333333333,526.18,197.4924366666667
2020-07-01 04:00:00,3.1898833333333334,3.203533333333333,526.425,196.93899000000002
2020-07-01 05:00:00,3.391033333333333,3.404166666666667,527.9116666666666,223.89439499999997
2020-07-01 06:00:00,3.5697666666666668,3.5851333333333333,487.49833333333333,296.195085
2020-07-01 07:00:00,3.572583333333333,3.61695,309.1333333333333,368.890825
2020-07-01 08:00:00,3.49655,3.5464166666666666,306.5566666666667,443.33547833333336
2020-07-01 09:00:00,3.42615,3.4722,298.71500000000003,355.09028333333333
2020-07-01 10:00:00,3.3803166666666664,3.4261333333333335,298.9316666666667,367.10075500000005
2020-07-01 11:00:00,3.317066666666667,3.3646833333333332,300.00333333333333,443.51595333333336
2020-07-01 12:00:00,3.1769666666666665,3.2278499999999997,299.8683333333333,516.5925316666667
2020-07-01 13:00:00,3.0723,3.1171833333333336,297.585,371.8632983333334
2020-07-01 14:00:00,3.0372500000000002,3.07745,292.39666666666665,324.94554166666666
2020-07-01 15:00:00,3.0000166666666668,3.043,296.4683333333333,385.97913166666666
2020-07-01 16:00:00,2.93365,2.9757166666666666,299.31333333333333,360.3542933333334
2020-07-01 17:00:00,2.893333333333333,2.9353833333333332,297.1933333333333,357.97332833333337
2020-07-01 18:00:00,2.7935333333333334,2.8419499999999998,296.9916666666667,518.2179066666666
2020-07-01 19:00:00,2.6424166666666666,2.6917166666666663,295.6933333333333,458.6276633333334
2020-07-01 20:00:00,2.5846500000000003,2.6247833333333332,295.0816666666667,349.49962666666664
2020-07-01 21:00:00,2.5382666666666664,2.579616666666667,295.935,361.3879033333333
2020-07-01 22:00:00,2.4626666666666663,2.5073833333333337,294.695,409.08092166666665
2020-07-01 23:00:00,2.404433333333333,2.4464333333333332,352.73833333333334,376.32742833333333
2020-07-02 00:00:00,2.4344333333333332,2.467766666666667,444.675,312.3736766666667
2020-07-02 01:00:00,2.5575166666666664,2.5877333333333334,444.635,214.03040666666666
2020-07-02 02:00:00,2.709083333333333,2.7381,443.42,197.635305
2020-07-02 03:00:00,2.8704833333333335,2.8995666666666664,444.6116666666667,180.64785666666666
2020-07-02 04:00:00,3.0349,3.0641166666666666,440.75333333333333,178.86727333333334
2020-07-02 05:00:00,3.2158666666666664,3.2401,548.5793749999999,253.437205
2020-07-02 06:00:00,3.4822333333333333,3.4859,563.5231249999999,328.39011833333336
2020-07-02 07:00:00,3.481533333333333,3.5296333333333334,343.51666666666665,470.0425416666667
2020-07-02 08:00:00,3.4103333333333334,3.464516666666667,336.6933333333333,399.50726833333334
2020-07-02 09:00:00,3.3756666666666666,3.4260333333333337,331.5733333333334,343.997405
2020-07-02 10:00:00,3.3595333333333333,3.4092,331.07,357.26765
2020-07-02 11:00:00,3.3253166666666667,3.3751666666666664,335.08,392.5384433333333
2020-07-02 12:00:00,3.2701333333333333,3.322416666666667,335.4816666666667,416.21111
2020-07-02 13:00:00,3.2205833333333334,3.2718,335.4916666666667,375.54355833333335
2020-07-02 14:00:00,3.178166666666667,3.2331833333333333,337.4116666666667,446.9637683333333
2020-07-02 15:00:00,3.0904000000000003,3.146783333333333,334.97166666666664,417.9639016666667
2020-07-02 16:00:00,3.0532666666666666,3.10525,337.9633333333333,394.36301333333336
2020-07-02 17:00:00,2.9781833333333334,3.0358500000000004,336.49833333333333,475.7826733333333
2020-07-02 18:00:00,2.8988333333333336,2.95355,329.02666666666664,382.3807616666667
2020-07-02 19:00:00,2.8555166666666665,2.9107833333333333,338.945,425.6420533333333
2020-07-02 20:00:00,2.8087500000000003,2.8611,338.1816666666667,360.36967666666663
2020-07-02 21:00:00,2.8081666666666667,2.8554666666666666,388.89229468599035,391.54304333333334
2020-07-02 22:00:00,3.09455,3.1179666666666668,517.061038647343,361.29537999999997
2020-07-02 23:00:00,3.2745666666666664,3.279033333333333,411.325,326.89163333333335
2020-07-03 00:00:00,3.33015,3.33015,388.7916666666667,272.12417666666664
2020-07-03 01:00:00,3.4203833333333336,3.426133333333333,391.27000000000004,217.15360666666666
2020-07-03 02:00:00,3.5039333333333333,3.5218833333333333,291.2566666666667,211.9188
2020-07-03 03:00:00,3.5246833333333334,3.5526666666666666,242.175,187.18676166666668
2020-07-03 04:00:00,3.5506666666666664,3.5793833333333334,238.20666666666665,205.323255
2020-07-03 05:00:00,3.5646666666666667,3.5929166666666665,238.57333333333332,205.402085
2020-07-03 06:00:00,3.5677000000000003,3.5958166666666664,239.9116666666667,253.33927666666665
2020-07-03 07:00:00,3.5191166666666667,3.5454166666666667,242.06833333333333,415.2723016666667
2020-07-03 08:00:00,3.3207,3.3412833333333336,240.9633333333333,576.4016366666667
2020-07-03 09:00:00,3.160283333333333,3.1834166666666666,242.68666666666667,379.54018
2020-07-03 10:00:00,3.0660000000000003,3.0894666666666666,242.57666666666668,407.458865
2020-07-03 11:00:00,2.9154833333333334,2.93755,243.76833333333335,516.431315
2020-07-03 12:00:00,2.7445833333333334,2.7643,244.66666666666666,440.65034
2020-07-03 13:00:00,2.621483333333333,2.6430833333333337,231.2133333333333,372.7073266666667
2020-07-03 14:00:00,2.5409333333333333,2.5631,233.11499999999998,337.0395933333333
2020-07-03 15:00:00,2.485,2.5065999999999997,232.5,293.29860333333335
2020-07-03 16:00:00,2.434816666666667,2.4564000000000004,232.10166666666666,329.5213266666667
2020-07-03 17:00:00,2.3501333333333334,2.371766666666667,277.03,361.8099633333333
2020-07-03 18:00:00,2.352616666666667,2.40925,494.4133333333333,356.83814
2020-07-03 19:00:00,2.4451666666666667,2.5051166666666664,489.2,333.17450833333334
2020-07-03 20:00:00,2.528966666666667,2.589,489.3016666666666,369.424375
2020-07-03 21:00:00,2.584216666666667,2.6492166666666668,493.155,441.5841916666667
2020-07-03 22:00:00,2.598266666666667,2.66925,490.87,423.9620116666667
2020-07-03 23:00:00,2.6659,2.7199000000000004,459.9216666666667,322.0241183333334
2020-07-04 00:00:00,2.7836166666666666,2.811,424.35499999999996,236.24675333333334
2020-07-04 01:00:00,2.90385,2.93215,430.48333333333335,244.387795
2020-07-04 02:00:00,3.0241,3.051416666666667,434.05,215.03401666666664
2020-07-04 03:00:00,3.1691999999999996,3.1965500000000002,432.025,198.416775
2020-07-04 04:00:00,3.31875,3.345766666666667,434.0416666666667,191.510155
2020-07-04 05:00:00,3.4660333333333333,3.4943999999999997,426.17,204.6068
2020-07-04 06:00:00,3.5224166666666665,3.5519000000000003,206.11333333333332,242.63826166666666
2020-07-04 07:00:00,3.4635000000000002,3.4931,244.95499999999998,331.2069716666667
2020-07-04 08:00:00,3.4527833333333335,3.4811833333333335,359.7066666666667,318.36783166666663
2020-07-04 09:00:00,3.4074833333333334,3.435683333333333,360.59833333333336,557.2411833333333
2020-07-04 10:00:00,3.258866666666667,3.2858333333333336,365.40333333333336,505.7044416666667
2020-07-04 11:00:00,3.235766666666667,3.262583333333333,367.90166666666664,346.49314
2020-07-04 12:00:00,3.1976500000000003,3.22595,363.2633333333333,468.73770333333334
2020-07-04 13:00:00,3.1039666666666665,3.131466666666667,362.6683333333333,516.3043783333334
2020-07-04 14:00:00,3.031833333333333,3.057533333333333,365.075,406.9940883333333
2020-07-04 15:00:00,3.0270333333333332,3.053816666666667,367.435,318.12408666666664
2020-07-04 16:00:00,3.0560166666666664,3.0822999999999996,367.1716666666667,313.80909499999996
2020-07-04 17:00:00,3.0803000000000003,3.106333333333333,370.0683333333333,369.29985666666664
2020-07-04 18:00:00,3.0780666666666665,3.103916666666667,366.8383333333333,319.83761
2020-07-04 19:00:00,3.0978833333333333,3.12495,366.14500000000004,337.53294833333337
2020-07-04 20:00:00,3.113983333333333,3.14135,366.6116666666667,329.88936666666666
2020-07-04 21:00:00,3.1265833333333335,3.1532,359.85999999999996,334.22461500000003
2020-07-04 22:00:00,3.1360333333333332,3.162183333333333,358.03333333333336,367.80454000000003
2020-07-04 23:00:00,3.0944833333333337,3.1200166666666664,318.59166666666664,385.25431833333334
2020-07-05 00:00:00,3.0738,3.0951999999999997,264.24666666666667,248.78357333333332
2020-07-05 01:00:00,3.0848500000000003,3.1066333333333334,261.66,225.90138
2020-07-05 02:00:00,3.11035,3.1316166666666665,264.4633333333333,207.5075633333333
2020-07-05 03:00:00,3.1454,3.1669833333333335,265.57,195.58457
2020-07-05 04:00:00,3.186183333333333,3.2093,265.41999999999996,199.77687333333333
2020-07-05 05:00:00,3.2124666666666664,3.235,262.93833333333333,218.67145666666664
2020-07-05 06:00:00,3.1772833333333335,3.1994166666666666,291.15,463.9196083333334
2020-07-05 07:00:00,3.0646166666666668,3.11575,465.275,456.2956433333333
2020-07-05 08:00:00,3.1902,3.2838,665.7233333333334,291.76859833333333
2020-07-05 09:00:00,3.384533333333333,3.471416666666667,551.2383333333333,370.144335
2020-07-05 10:00:00,3.46275,3.539733333333333,486.8283333333333,379.90976333333333
2020-07-05 11:00:00,3.486616666666667,3.508566666666667,234.66833333333335,350.76253333333335
2020-07-05 12:00:00,3.382766666666667,3.3937166666666667,234.8383333333333,418.59541333333334
2020-07-05 13:00:00,3.2515833333333335,3.26225,233.25,424.40472666666665
2020-07-05 14:00:00,3.1224,3.1319166666666667,235.03,399.9046783333333
2020-07-05 15:00:00,3.025516666666667,3.0373499999999996,232.17666666666668,345.668675
2020-07-05 16:00:00,2.95535,2.9672666666666667,233.25833333333333,345.421175
2020-07-05 17:00:00,2.8158499999999997,2.822,234.67999999999998,533.709505
2020-07-05 18:00:00,2.7307,2.7952999999999997,585.6483333333333,380.079215
2020-07-05 19:00:00,2.86645,2.946683333333333,589.1683333333333,381.099535
2020-07-05 20:00:00,2.94885,3.04255,588.4966666666667,527.9041233333334
2020-07-05 21:00:00,2.9544,3.05755,584.7266666666667,562.2682966666667
2020-07-05 22:00:00,3.022283333333333,3.1081833333333333,578.7083333333334,385.6516266666667
2020-07-05 23:00:00,3.159766666666667,3.2368,580.0483333333334,355.49508499999996
2020-07-06 00:00:00,3.2643666666666666,3.298083333333333,297.195,268.56776666666667
2020-07-06 01:00:00,3.2767166666666667,3.2946833333333334,252.685,228.3993583333333
2020-07-06 02:00:00,3.293433333333333,3.3118833333333333,254.41333333333333,207.95461166666666
2020-07-06 03:00:00,3.3235666666666663,3.342033333333333,255.47666666666666,189.54306666666668
2020-07-06 04:00:00,3.360766666666667,3.379833333333333,255.62166666666664,188.85187333333334
2020-07-06 05:00:00,3.3913,3.409683333333333,254.38666666666668,219.773765
2020-07-06 06:00:00,3.4804166666666663,3.4993333333333334,529.4716666666667,259.549845
2020-07-06 07:00:00,3.592566666666667,3.600916666666667,481.42,444.62149500000004
2020-07-06 08:00:00,3.5683333333333334,3.5704166666666666,458.22166666666664,529.1799516666666
2020-07-06 09:00:00,3.491233333333333,3.5336833333333333,310.505,381.3862966666667
2020-07-06 10:00:00,3.4489333333333336,3.4960333333333335,314.03,356.1677916666667
2020-07-06 11:00:00,3.40965,3.4559166666666665,314.61333333333334,369.69817666666665
2020-07-06 12:00:00,3.3666166666666664,3.415633333333333,314.4133333333333,390.1617766666667
2020-07-06 13:00:00,3.2689666666666666,3.325483333333333,317.1683333333333,461.199055
2020-07-06 14:00:00,3.2128666666666663,3.2624,297.2033333333333,350.7936283333333
2020-07-06 15:00:00,3.13165,3.2204166666666665,155.21666666666667,284.40764
2020-07-06 16:00:00,2.95455,3.2713499999999995,119.10333333333332,336.7913766666667
2020-07-06 17:00:00,2.596233333333333,3.363433333333333,109.775,350.858095
2020-07-06 18:00:00,1.73195,3.5432833333333336,50.62166666666667,487.0031866666667
2020-07-06 19:00:00,1.9443666666666668,3.5784499999999997,30.971666666666668,506.86085166666663
2020-07-06 20:00:00,3.071,3.4967166666666665,30.663333333333334,515.3771283333333
2020-07-06 21:00:00,3.071,2.9211,30.720000000000002,451.5165533333333
2020-07-06 22:00:00,3.071,2.4369333333333336,53.86833333333333,351.982705
2020-07-06 23:00:00,3.071,2.223466666666667,292.74833333333333,296.9709266666667
2020-07-07 00:00:00,3.071,2.249616666666667,313.0433333333333,260.76859
2020-07-07 01:00:00,3.071,2.35695,360.77333333333337,259.67244666666664
2020-07-07 02:00:00,3.071,2.504183333333333,358.72166666666664,224.36159
2020-07-07 03:00:00,3.071,2.658866666666667,359.94666666666666,213.37456
2020-07-07 04:00:00,3.071,2.8787499999999997,363.56333333333333,173.929665
2020-07-07 05:00:00,3.071,3.0930166666666663,361.8833333333333,209.40981
2020-07-07 06:00:00,3.071,3.2620833333333334,359.6,244.84906333333336
2020-07-07 07:00:00,3.071,3.333366666666667,359.25,374.04651
2020-07-07 08:00:00,3.071,3.2306166666666667,354.075,418.89667333333335
2020-07-07 09:00:00,3.071,3.183866666666667,354.25333333333333,348.3700283333334
2020-07-07 10:00:00,3.071,3.170933333333333,354.5316666666667,377.5528433333333
2020-07-07 11:00:00,3.071,3.149,358.8066666666667,341.89230000000003
2020-07-07 12:00:00,3.071,3.0971333333333333,360.7,462.9701216666666
2020-07-07 13:00:00,3.071,2.9391333333333334,410.49833333333333,453.9409416666667
2020-07-07 14:00:00,3.071,3.0948166666666665,601.1966666666667,354.4914116666667
2020-07-07 15:00:00,3.071,3.4147833333333333,599.9983333333333,316.5012666666667
2020-07-07 16:00:00,3.071,3.5389,317.30333333333334,502.41185666666667
2020-07-07 17:00:00,3.071,3.1804,200.71666666666667,413.1099683333333
2020-07-07 18:00:00,3.071,3.0037833333333332,498.65999999999997,474.908725
2020-07-07 19:00:00,3.071,3.2062999999999997,589.2516666666667,386.14538166666665
2020-07-07 20:00:00,3.071,3.3818333333333332,497.89833333333337,402.75092166666667
2020-07-07 21:00:00,3.071,3.4918666666666667,493.89000000000004,413.21532
2020-07-07 22:00:00,3.071,3.336316666666667,110.225,380.11565833333333
2020-07-07 23:00:00,3.071,2.9949333333333334,109.40666666666667,379.6151183333333
2020-07-08 00:00:00,3.071,2.8003500000000003,474.185,332.3472866666667
2020-07-08 01:00:00,3.071,3.1937333333333333,574.0966666666667,215.37992666666665
2020-07-08 02:00:00,3.071,3.6569999999999996,573.31,207.6146666666667
2020-07-08 03:00:00,3.071,3.7859333333333334,18.073333333333334,189.76452833333332
2020-07-08 04:00:00,3.071,3.5185999999999997,24.35,207.24735666666666
2020-07-08 05:00:00,3.071,3.3562833333333333,198.83166666666665,218.018445
2020-07-08 06:00:00,3.071,3.4203666666666668,357.35333333333335,291.41823
2020-07-08 07:00:00,3.071,3.4358,355.84166666666664,411.90988500000003
2020-07-08 08:00:00,3.071,3.272566666666667,356.12333333333333,426.28626999999994
2020-07-08 09:00:00,3.071,3.2354833333333333,303.35833333333335,351.05232
2020-07-08 10:00:00,3.071,3.05695,244.285,448.80419333333333
2020-07-08 11:00:00,3.071,2.6925499999999998,336.6166666666667,554.61551
2020-07-08 12:00:00,3.071,2.6540000000000004,533.2099999999999,402.70301
2020-07-08 13:00:00,3.071,2.82015,533.8916666666667,396.49899666666664
2020-07-08 14:00:00,3.071,2.9234999999999998,376.37,351.86575
2020-07-08 15:00:00,3.071,2.9145499999999998,365.6766666666666,365.8690316666667
2020-07-08 16:00:00,3.071,2.8436666666666666,363.00333333333333,436.6203566666666
2020-07-08 17:00:00,3.071,2.8089,367.51666666666665,355.1883583333334
2020-07-08 18:00:00,3.071,2.8122166666666666,365.96,359.99842666666666
2020-07-08 19:00:00,3.071,2.7606333333333333,359.8933333333333,407.10123
2020-07-08 20:00:00,3.071,2.6837333333333335,359.1183333333333,393.81294833333334
2020-07-08 21:00:00,3.071,2.624416666666667,354.365,436.0892733333333
2020-07-08 22:00:00,3.071,2.50835,355.52000000000004,383.40715
2020-07-08 23:00:00,3.071,2.5351666666666666,356.12166666666667,277.03568666666666
2020-07-09 00:00:00,3.071,2.5743500000000004,224.75666666666666,258.89210166666663
2020-07-09 01:00:00,3.071,2.4707999999999997,196.25333333333336,256.4132783333333
2020-07-09 02:00:00,3.071,2.4304666666666668,196.18833333333333,199.1729183333333
2020-07-09 03:00:00,3.071,2.424716666666667,197.64,182.5072516666667
2020-07-09 04:00:00,3.071,2.438416666666667,198.00333333333336,181.05527333333333
2020-07-09 05:00:00,3.071,2.4507,272.11,202.3273516666667
2020-07-09 06:00:00,3.071,2.6373166666666665,523.355,399.3850816666666
2020-07-09 07:00:00,3.071,2.66505,521.7900000000001,552.988585
2020-07-09 08:00:00,3.071,2.585383333333333,519.805,540.9682033333333
2020-07-09 09:00:00,3.071,2.6051333333333333,520.61,442.26569
2020-07-09 10:00:00,3.071,2.7226500000000002,520.2566666666667,414.38224166666663
2020-07-09 11:00:00,3.071,2.8775,521.6333333333333,390.5584816666667
2020-07-09 12:00:00,3.071,2.9703833333333334,458.48499999999996,420.258705
2020-07-09 13:00:00,3.071,3.030333333333333,434.00333333333333,336.01602166666663
2020-07-09 14:00:00,3.071,3.047366666666667,257.2033333333333,349.56017833333334
2020-07-09 15:00:00,3.071,2.8982,240.78333333333333,338.9229666666667
2020-07-09 16:00:00,3.071,2.737616666666667,238.59833333333333,340.56008166666663
2020-07-09 17:00:00,3.071,2.6799000000000004,374.52000000000004,329.12391833333334
2020-07-09 18:00:00,3.071,2.740866666666667,407.865,355.81445833333333
2020-07-09 19:00:00,3.071,2.7045833333333333,408.42833333333334,528.0289483333333
2020-07-09 20:00:00,3.071,2.54945,408.685,441.13403999999997
2020-07-09 21:00:00,3.071,2.5345999999999997,406.275,433.71589666666665
2020-07-09 22:00:00,3.071,2.4557,406.96500000000003,425.27607
2020-07-09 23:00:00,3.071,2.4640666666666666,291.68833333333333,277.6465116666667
2020-07-10 00:00:00,3.071,2.4692999999999996,275.815,265.971165
2020-07-10 01:00:00,3.071,2.37615,277.20166666666665,395.04884666666663
2020-07-10 02:00:00,3.071,2.2887,278.40333333333336,241.64037833333333
2020-07-10 03:00:00,3.071,2.365016666666667,281.4216666666667,227.00645500000002
2020-07-10 04:00:00,3.071,2.4375833333333334,284.83,197.58105333333333
2020-07-10 05:00:00,3.071,2.5384,286.10833333333335,206.55082
2020-07-10 06:00:00,3.071,2.595466666666667,289.5433333333333,261.656005
2020-07-10 07:00:00,3.071,2.6651833333333332,400.97,331.37333666666666
2020-07-10 08:00:00,3.071,2.6550833333333332,399.3183333333333,427.53796500000004
2020-07-10 09:00:00,3.071,2.6797666666666666,390.8316666666667,324.7419983333333
2020-07-10 10:00:00,3.071,2.74325,395.47333333333336,369.7897233333333
2020-07-10 11:00:00,3.071,2.6575833333333336,404.22333333333336,541.1079233333334
2020-07-10 12:00:00,3.071,2.513916666666667,407.31166666666667,412.03610833333335
2020-07-10 13:00:00,3.071,2.53215,409.0883333333333,360.71871333333337
2020-07-10 14:00:00,3.071,2.625916666666667,400.33,297.0787716666666
2020-07-10 15:00:00,3.071,2.730933333333333,403.1066666666667,338.73922500000003
2020-07-10 16:00:00,3.071,2.776483333333333,385.8066666666667,362.478205
2020-07-10 17:00:00,3.071,2.7920666666666665,403.405,354.33145499999995
2020-07-10 18:00:00,3.071,2.85295,402.745,368.5364866666667
2020-07-10 19:00:00,3.071,2.8722,396.09833333333336,371.46198333333336
2020-07-10 20:00:00,3.071,2.8919166666666665,404.0833333333333,400.062075
2020-07-10 21:00:00,3.071,2.783466666666667,410.53499999999997,538.8021166666666
2020-07-10 22:00:00,3.071,2.6203999999999996,408.51666666666665,465.2358666666667
2020-07-10 23:00:00,3.071,2.526933333333333,394.7866666666667,487.9011966666667
2020-07-11 00:00:00,3.071,2.5208166666666667,392.2633333333333,262.234485
2020-07-11 01:00:00,3.071,2.7301,392.45,214.74401333333333
2020-07-11 02:00:00,3.071,2.953616666666667,397.5083333333333,225.74170333333333
2020-07-11 03:00:00,3.071,3.1778,398.245,194.57177666666666
2020-07-11 04:00:00,3.071,3.43515,397.0816666666667,189.77198333333334
2020-07-11 05:00:00,3.071,3.681566666666667,371.11333333333334,208.67272166666666
2020-07-11 06:00:00,3.071,3.7361166666666668,188.95166666666668,235.40002666666666
2020-07-11 07:00:00,3.071,3.6256,189.36333333333332,312.34503166666667
2020-07-11 08:00:00,3.071,3.4247500000000004,189.86166666666668,359.8745816666667
2020-07-11 09:00:00,3.071,3.1618500000000003,274.045,440.87269333333336
2020-07-11 10:00:00,3.071,3.002216666666667,303.22333333333336,368.53397666666666
2020-07-11 11:00:00,3.071,2.8853500000000003,301.655,426.7272216666667
2020-07-11 12:00:00,3.071,2.685583333333333,301.45,410.1846366666667
2020-07-11 13:00:00,3.071,2.5719333333333334,377.35499999999996,419.0858233333333
2020-07-11 14:00:00,3.071,2.5356,455.37,463.34809666666666
2020-07-11 15:00:00,3.071,2.5204,454.2066666666667,434.27902
2020-07-11 16:00:00,3.071,2.6077999999999997,452.725,323.03634166666666
2020-07-11 17:00:00,3.071,2.6330833333333334,448.695,543.4301483333334
2020-07-11 18:00:00,3.071,2.53175,448.93333333333334,428.1993616666667
2020-07-11 19:00:00,3.071,2.6096333333333335,448.27833333333336,377.12431000000004
2020-07-11 20:00:00,3.071,2.6792333333333334,448.63666666666666,365.42566999999997
2020-07-11 21:00:00,3.071,2.8269666666666664,448.295,324.25558333333333
2020-07-11 22:00:00,3.071,2.9166833333333333,450.54,423.2915733333333
2020-07-11 23:00:00,3.071,2.9489500000000004,369.45,335.1983833333333
2020-07-12 00:00:00,3.071,2.9238666666666666,219.02333333333334,263.356895
2020-07-12 01:00:00,3.071,2.8415833333333333,220.48999999999998,256.5071883333333
2020-07-12 02:00:00,3.071,2.8244166666666666,221.7,224.751685
2020-07-12 03:00:00,3.071,2.820133333333333,222.34333333333333,191.09632833333333
2020-07-12 04:00:00,3.071,2.8630333333333335,221.36666666666667,183.50400666666667
2020-07-12 05:00:00,3.071,2.8769,221.49333333333334,255.234075
2020-07-12 06:00:00,3.071,2.7444333333333333,223.46833333333333,312.6299216666667
2020-07-12 07:00:00,3.071,2.8753666666666664,571.85,274.4466283333333
2020-07-12 08:00:00,3.071,3.2255666666666665,484.99666666666667,297.8019366666667
2020-07-12 09:00:00,3.071,3.327916666666667,423.31333333333333,367.400065
2020-07-12 10:00:00,3.071,3.3623,308.8666666666667,357.0250516666667
2020-07-12 11:00:00,3.071,3.16925,176.81333333333333,362.81415833333335
2020-07-12 12:00:00,3.071,2.8659499999999998,176.50833333333333,439.08740666666665
2020-07-12 13:00:00,3.071,2.514733333333333,177.59833333333333,444.64678
2020-07-12 14:00:00,3.071,2.20925,492.22166666666664,529.9819133333333
2020-07-12 15:00:00,3.071,2.4452833333333333,692.3383333333334,340.088325
2020-07-12 16:00:00,3.071,2.8727666666666667,730.2166666666667,464.2218916666667
2020-07-12 17:00:00,3.071,3.2290833333333335,740.4716666666667,393.200475
2020-07-12 18:00:00,3.071,3.574683333333333,338.97833333333335,350.7850133333333
2020-07-12 19:00:00,3.071,3.24395,207.4,387.52808999999996
2020-07-12 20:00:00,3.071,3.1988666666666665,358.77666666666664,321.4363033333333
2020-07-12 21:00:00,3.071,3.17135,343.885,400.649625
2020-07-12 22:00:00,3.071,2.9248333333333334,51.64333333333333,358.72389833333335
2020-07-12 23:00:00,3.071,2.6057333333333332,200.155,293.1127716666667
2020-07-13 00:00:00,3.071,2.61005,306.26,264.451895
2020-07-13 01:00:00,3.071,2.6538833333333334,305.71,239.37138166666668
2020-07-13 02:00:00,3.071,2.7514666666666665,312.69166666666666,212.80246166666666
2020-07-13 03:00:00,3.071,2.9084999999999996,313.76166666666666,174.50542166666668
2020-07-13 04:00:00,3.071,3.0753,313.56,174.66831833333333
2020-07-13 05:00:00,3.071,3.2370500000000004,311.335,190.42158999999998
2020-07-13 06:00:00,3.071,3.358633333333333,316.30333333333334,248.43490500000001
2020-07-13 07:00:00,3.071,3.32885,313.6066666666667,450.6473716666667
2020-07-13 08:00:00,3.071,3.0335666666666667,310.9916666666667,508.85305
2020-07-13 09:00:00,3.071,2.8905666666666665,309.18666666666667,338.93920999999995
2020-07-13 10:00:00,3.071,2.72815,322.82166666666666,498.69739000000004
2020-07-13 11:00:00,3.071,2.6581333333333332,491.96,403.161495
2020-07-13 12:00:00,3.071,2.783066666666667,470.53499999999997,377.25310333333334
2020-07-13 13:00:00,3.071,2.8681666666666668,451.8433333333333,407.5743383333333
2020-07-13 14:00:00,3.071,2.9402833333333334,452.14833333333337,354.63483833333333
2020-07-13 15:00:00,3.071,2.951916666666667,250.02,303.49413333333337
2020-07-13 16:00:00,3.071,2.8330833333333336,253.415,405.86476500000003
2020-07-13 17:00:00,3.071,2.6287000000000003,308.05833333333334,354.83672
2020-07-13 18:00:00,3.071,2.698,432.4316666666667,317.9990366666667
2020-07-13 19:00:00,3.071,2.78095,426.31166666666667,400.17987999999997
2020-07-13 20:00:00,3.071,2.7933000000000003,426.6316666666667,421.05885166666667
2020-07-13 21:00:00,3.071,2.7382666666666666,420.57666666666665,448.06859333333335
2020-07-13 22:00:00,3.071,2.7486666666666664,374.79,363.07361000000003
2020-07-13 23:00:00,3.071,2.6273333333333335,206.73166666666665,345.56684333333334
2020-07-14 00:00:00,3.071,2.4894333333333334,210.06333333333333,258.44428666666664
2020-07-14 01:00:00,3.071,2.45415,210.66666666666666,212.18138
2020-07-14 02:00:00,3.071,2.4527833333333335,210.86333333333332,197.90782833333333
2020-07-14 03:00:00,3.071,2.4534499999999997,210.95,204.58323833333333
2020-07-14 04:00:00,3.071,2.4672833333333335,212.18833333333333,181.98597333333333
2020-07-14 05:00:00,3.071,2.4842,246.37666666666667,210.74394666666666
2020-07-14 06:00:00,3.071,2.6953833333333335,543.6916666666667,284.13138833333335
2020-07-14 07:00:00,3.071,2.9347333333333334,542.095,428.7693816666667
2020-07-14 08:00:00,3.071,2.9659666666666666,542.7,539.8111666666666
2020-07-14 09:00:00,3.071,3.024716666666667,513.8316666666667,405.7074533333333
2020-07-14 10:00:00,3.071,3.0356666666666663,301.3366666666667,356.78326833333335
2020-07-14 11:00:00,3.071,2.9876666666666667,298.80833333333334,328.5619433333333
2020-07-14 12:00:00,3.071,2.9343500000000002,302.2566666666667,353.78128
2020-07-14 13:00:00,3.071,2.7117999999999998,297.4566666666667,530.3177933333333
2020-07-14 14:00:00,3.071,2.4741500000000003,292.435,372.57455833333336
2020-07-14 15:00:00,3.071,2.41585,286.07,304.72434499999997
2020-07-14 16:00:00,3.071,2.390616666666667,301.28,313.3434883333333
2020-07-14 17:00:00,3.071,2.427216666666667,461.675,344.52552833333334
2020-07-14 18:00:00,3.071,2.6154,530.6633333333333,376.11171
2020-07-14 19:00:00,3.071,2.7547,526.8083333333333,472.5983166666667
2020-07-14 20:00:00,3.071,2.8572166666666665,522.4316666666667,368.2513216666667
2020-07-14 21:00:00,3.071,2.9827999999999997,380.1666666666667,408.1988116666667
2020-07-14 22:00:00,3.071,2.835183333333333,285.3333333333333,385.35091
2020-07-14 23:00:00,3.071,2.702916666666667,233.025,308.40057666666667
2020-07-15 00:00:00,3.071,2.654733333333333,234.18333333333334,229.37619833333335
2020-07-15 01:00:00,3.071,2.6195999999999997,233.175,312.81554
2020-07-15 02:00:00,3.071,2.5048000000000004,235.64666666666665,237.88397333333333
2020-07-15 03:00:00,3.071,2.5574333333333334,238.37666666666667,176.16512333333333
2020-07-15 04:00:00,3.071,2.72285,394.15833333333336,178.81879666666666
2020-07-15 05:00:00,3.071,2.9776499999999997,404.6383333333333,227.29368833333334
2020-07-15 06:00:00,3.071,3.15855,387.50166666666667,291.34654666666665
2020-07-15 07:00:00,3.071,3.0736166666666667,282.92333333333335,512.26879
2020-07-15 08:00:00,3.071,2.7039666666666666,280.0733333333334,507.4816133333333
2020-07-15 09:00:00,3.071,2.53195,284.26,381.82409
2020-07-15 10:00:00,3.071,2.3819666666666666,337.5883333333333,394.8083033333333
2020-07-15 11:00:00,3.071,2.5326166666666667,613.7766666666666,334.45816333333335
2020-07-15 12:00:00,3.071,2.875783333333333,611.3449999999999,352.58897666666667
2020-07-15 13:00:00,3.071,3.134666666666667,468.5566666666667,376.7020333333333
2020-07-15 14:00:00,3.071,3.1365333333333334,371.7633333333333,391.2495183333333
2020-07-15 15:00:00,3.071,3.14875,347.68666666666667,298.31116333333335
2020-07-15 16:00:00,3.071,3.129033333333333,314.555,367.59336333333334
2020-07-15 17:00:00,3.071,3.047266666666667,323.4183333333333,405.312575
2020-07-15 18:00:00,3.071,2.8514166666666667,321.51666666666665,466.9879266666667
2020-07-15 19:00:00,3.071,2.71455,368.5416666666667,407.06681833333334
2020-07-15 20:00:00,3.071,2.7096999999999998,416.8566666666667,390.5400233333333
2020-07-15 21:00:00,3.071,2.7590999999999997,412.57666666666665,388.09732333333335
2020-07-15 22:00:00,3.071,2.7116,412.90999999999997,450.84004333333337
2020-07-15 23:00:00,3.071,2.7264666666666666,425.2433333333333,325.95712
2020-07-16 00:00:00,3.071,2.8178833333333335,271.54333333333335,249.18105166666666
2020-07-16 01:00:00,3.071,2.8397666666666668,261.6816666666667,220.3120133333333
2020-07-16 02:00:00,3.071,2.9101333333333335,265.01666666666665,191.8492916666667
2020-07-16 03:00:00,3.071,2.99465,265.485,236.659525
2020-07-16 04:00:00,3.071,2.910283333333333,264.43,379.63800833333335
2020-07-16 05:00:00,3.071,2.8491500000000003,281.13,238.2039166666667
2020-07-16 06:00:00,3.071,3.00975,438.4066666666667,256.44585
2020-07-16 07:00:00,3.071,3.1064833333333337,396.81333333333333,398.62400833333334
2020-07-16 08:00:00,3.071,2.985116666666667,394.77166666666665,526.9387083333334
2020-07-16 09:00:00,3.071,2.8662833333333335,389.8233333333334,398.19778
2020-07-16 10:00:00,3.071,2.86905,390.06,386.77433333333335
2020-07-16 11:00:00,3.071,2.81795,392.48499999999996,443.61578333333335
2020-07-16 12:00:00,3.071,2.7799166666666664,401.02333333333337,391.19512166666664
2020-07-16 13:00:00,3.071,2.782433333333333,403.46666666666664,394.24726833333335
2020-07-16 14:00:00,3.071,2.8073333333333332,400.12,356.4107666666667
2020-07-16 15:00:00,3.071,2.844733333333333,394.9066666666667,337.59126000000003
2020-07-16 16:00:00,3.071,2.9234,376.97166666666664,357.71161166666667
2020-07-16 17:00:00,3.071,2.8679,275.6333333333333,336.48322
2020-07-16 18:00:00,3.071,2.7451,276.925,391.07609333333335
2020-07-16 19:00:00,3.071,2.6007166666666666,277.14000000000004,360.19703166666665
2020-07-16 20:00:00,3.071,2.4343,284.65999999999997,456.26896833333336
2020-07-16 21:00:00,3.071,2.261883333333333,552.59,608.8153533333333
2020-07-16 22:00:00,3.071,2.2239999999999998,551.0,611.7192
2020-07-16 23:00:00,3.071,2.2239999999999998,551.0,611.7192
2020-07-17 00:00:00,3.071,2.2239999999999998,551.0,611.7192
2020-07-17 01:00:00,3.071,2.2239999999999998,551.0,611.7192
2020-07-17 02:00:00,3.071,2.2239999999999998,551.0,611.7192
2020-07-17 03:00:00,3.071,2.2239999999999998,551.0,611.7192
2020-07-17 04:00:00,3.071,2.2239999999999998,551.0,611.7192
2020-07-17 05:00:00,3.071,2.2239999999999998,551.0,611.7192
2020-07-17 06:00:00,3.071,2.2239999999999998,551.0,611.7192
2020-07-17 07:00:00,3.071,2.2239999999999998,551.0,611.7192
2020-07-17 08:00:00,3.071,2.2239999999999998,551.0,611.7192
2020-07-17 09:00:00,3.071,2.2239999999999998,551.0,611.7192
2020-07-17 10:00:00,3.071,2.2239999999999998,551.0,611.7192
2020-07-17 11:00:00,3.071,2.2239999999999998,551.0,611.7192
2020-07-17 12:00:00,3.071,2.2239999999999998,551.0,611.7192
2020-07-17 13:00:00,3.071,2.2239999999999998,551.0,611.7192
2020-07-17 14:00:00,3.071,2.2239999999999998,551.0,611.7192
2020-07-17 15:00:00,3.071,2.3185999999999996,440.8566666666667,422.2349316666667
2020-07-17 16:00:00,3.071,2.4042666666666666,408.93833333333333,321.37715000000003
2020-07-17 17:00:00,3.071,2.51765,414.85833333333335,368.56676
2020-07-17 18:00:00,3.071,2.5394666666666668,418.13,400.738365
2020-07-17 19:00:00,3.071,2.5751500000000003,415.5433333333333,386.227485
2020-07-17 20:00:00,3.071,2.4922666666666666,410.56166666666667,532.575375
2020-07-17 21:00:00,3.071,2.348516666666667,408.89666666666665,432.8058833333333
2020-07-17 22:00:00,3.071,2.3897,410.35166666666663,342.02896
2020-07-17 23:00:00,3.071,2.4678166666666663,405.02666666666664,313.23578
2020-07-18 00:00:00,3.071,2.6007833333333332,406.98499999999996,310.35810166666664
2020-07-18 01:00:00,3.071,2.7572166666666664,408.24666666666667,235.14584666666667
2020-07-18 02:00:00,3.071,2.985783333333333,407.345,215.95034166666667
2020-07-18 03:00:00,3.071,3.23135,407.39166666666665,205.43915333333334
2020-07-18 04:00:00,3.071,3.439983333333333,409.4483333333334,298.82207166666666
2020-07-18 05:00:00,3.071,3.585183333333333,411.99833333333333,241.34984166666666
2020-07-18 06:00:00,3.071,3.75365,281.92833333333334,283.043315
2020-07-18 07:00:00,3.071,3.6584166666666667,315.89500000000004,312.755505
2020-07-18 08:00:00,3.071,3.6555666666666666,332.9533333333333,371.9294883333333
2020-07-18 09:00:00,3.071,3.557466666666667,334.02333333333337,429.46687000000003
2020-07-18 10:00:00,3.071,3.4387,336.40333333333336,391.11261833333333
2020-07-18 11:00:00,3.071,3.354116666666667,334.1116666666667,404.33987
2020-07-18 12:00:00,3.071,3.2222,331.78,430.19129
2020-07-18 13:00:00,3.071,3.1125833333333333,329.69166666666666,375.765755
2020-07-18 14:00:00,3.071,3.0214833333333333,329.8016666666666,391.91265000000004
2020-07-18 15:00:00,3.071,2.9759,332.58,330.8561633333333
2020-07-18 16:00:00,3.071,2.9004666666666665,333.89166666666665,470.56212666666664
2020-07-18 17:00:00,3.071,2.6437666666666666,333.51,548.15141
2020-07-18 18:00:00,3.071,2.36705,330.1183333333333,469.87412166666667
2020-07-18 19:00:00,3.071,2.2881833333333335,330.17833333333334,330.3018666666667
2020-07-18 20:00:00,3.071,2.227433333333333,408.56166666666667,416.61162666666667
2020-07-18 21:00:00,3.071,2.494333333333333,699.7033333333333,335.185265
2020-07-18 22:00:00,3.071,2.9452166666666666,705.995,370.122655
2020-07-18 23:00:00,3.071,3.250716666666667,464.1066666666667,325.539095
2020-07-19 00:00:00,3.071,3.232084745762712,178.0677966101695,284.89780677966104
2020-07-19 01:00:00,3.071,3.1244666666666663,178.57999999999998,229.05294833333335
2020-07-19 02:00:00,3.071,3.0616,178.9,207.75484166666666
2020-07-19 03:00:00,3.071,3.0270333333333332,176.005,185.77687666666668
2020-07-19 04:00:00,3.071,3.0050000000000003,174.59166666666667,184.31101166666667
2020-07-19 05:00:00,3.071,2.9807833333333336,194.44500000000002,191.960075
2020-07-19 06:00:00,3.071,3.1951833333333335,552.9716666666667,254.86829333333333
2020-07-19 07:00:00,3.071,3.416033333333333,339.35999999999996,347.815045
2020-07-19 08:00:00,3.071,3.2464333333333335,160.32166666666666,303.6718116666667
2020-07-19 09:00:00,3.071,2.9748500000000004,160.45833333333334,457.03233
2020-07-19 10:00:00,3.071,2.7003666666666666,444.44666666666666,446.65434999999997
2020-07-19 11:00:00,3.071,2.7962,453.4916666666667,346.55705166666667
2020-07-19 12:00:00,3.071,2.87745,451.7683333333333,418.13356
2020-07-19 13:00:00,3.071,2.8435333333333332,461.2316666666667,515.26664
2020-07-19 14:00:00,3.071,2.7557,464.8383333333333,482.694385
2020-07-19 15:00:00,3.071,2.808883333333333,462.295,380.36313333333334
2020-07-19 16:00:00,3.071,2.8941833333333333,450.56333333333333,394.97924333333333
2020-07-19 17:00:00,3.071,2.9778333333333333,459.26166666666666,340.209375
2020-07-19 18:00:00,3.071,3.040716666666667,329.51500000000004,387.48566666666665
2020-07-19 19:00:00,3.071,2.89385,300.1166666666667,428.8167
2020-07-19 20:00:00,3.071,2.6509666666666667,296.1683333333333,487.8074833333333
2020-07-19 21:00:00,3.071,2.4406000000000003,298.49666666666667,388.2671383333334
2020-07-19 22:00:00,3.071,2.3781000000000003,340.6183333333333,376.3278583333333
2020-07-19 23:00:00,3.071,2.3229166666666665,291.2933333333333,286.11067333333335
2020-07-20 00:00:00,3.071,2.3359333333333336,292.10166666666663,265.0296216666667
2020-07-20 01:00:00,3.071,2.3722333333333334,324.0366666666667,234.64683166666666
2020-07-20 02:00:00,3.071,2.548583333333333,358.505,189.5787183333333
2020-07-20 03:00:00,3.071,2.7632499999999998,359.92333333333335,184.16011833333332
2020-07-20 04:00:00,3.071,2.987216666666667,377.84000000000003,183.17451333333332
2020-07-20 05:00:00,3.071,3.2569999999999997,421.38,205.21008500000002
2020-07-20 06:00:00,3.071,3.4697166666666663,365.625,272.57392999999996
2020-07-20 07:00:00,3.071,3.3925833333333335,190.24666666666664,367.80367
2020-07-20 08:00:00,3.071,3.0743500000000004,185.45666666666665,456.08489333333335
2020-07-20 09:00:00,3.071,2.6446,184.265,520.610635
2020-07-20 10:00:00,3.071,2.2476333333333334,182.95,405.59340833333334
2020-07-20 11:00:00,3.071,1.9227166666666666,184.34166666666667,497.0841233333333
2020-07-20 12:00:00,3.071,1.4654,185.62666666666667,471.878015
2020-07-20 13:00:00,3.071,1.5321500000000001,739.5699999999999,363.67582166666665
2020-07-20 14:00:00,3.071,2.0172333333333334,734.3216666666667,361.05671666666666
2020-07-20 15:00:00,3.071,2.5121666666666664,746.5983333333334,335.511955
2020-07-20 16:00:00,3.071,3.0343166666666668,747.56,362.9944566666666
2020-07-20 17:00:00,3.071,3.4375666666666667,525.7866666666666,364.837775
2020-07-20 18:00:00,3.071,3.4229666666666665,333.09000000000003,396.6908516666666
2020-07-20 19:00:00,3.071,3.35365,333.57166666666666,364.5743483333334
2020-07-20 20:00:00,3.071,3.2427333333333332,334.27000000000004,431.92027333333334
2020-07-20 21:00:00,3.071,3.13855,334.22333333333336,377.995385
2020-07-20 22:00:00,3.071,3.0709333333333335,335.35,385.5001883333333
2020-07-20 23:00:00,3.071,2.93995,326.865,438.67968333333334
2020-07-21 00:00:00,3.071,2.9126,332.9116666666667,237.851345
2020-07-21 01:00:00,3.071,3.053733333333333,333.01500000000004,199.96334333333334
2020-07-21 02:00:00,3.071,3.222466666666667,332.1983333333334,187.03573
2020-07-21 03:00:00,3.071,3.4053666666666667,333.9433333333333,180.14294
2020-07-21 04:00:00,3.071,3.5976,332.9183333333333,178.80970166666665
2020-07-21 05:00:00,3.071,3.77045,316.9216666666667,203.04569166666667
2020-07-21 06:00:00,3.071,3.6938666666666666,114.89,355.761045
2020-07-21 07:00:00,3.071,3.1904166666666667,114.56666666666666,602.6089533333333
2020-07-21 08:00:00,3.071,2.7524333333333333,405.33,493.19625
2020-07-21 09:00:00,3.071,2.7364333333333333,393.3383333333333,353.2662283333333
2020-07-21 10:00:00,3.071,2.75625,393.795,381.5442116666666
2020-07-21 11:00:00,3.071,2.74105,396.085,421.2870566666667
2020-07-21 12:00:00,3.071,2.6764333333333337,392.6716666666667,413.6154516666667
2020-07-21 13:00:00,3.071,2.688816666666667,393.51,343.79256499999997
2020-07-21 14:00:00,3.071,2.7395333333333336,392.1716666666667,342.1016916666667
2020-07-21 15:00:00,3.071,2.7580833333333334,393.325,414.05160166666667
2020-07-21 16:00:00,3.071,2.6987,429.35333333333335,401.08734
2020-07-21 17:00:00,3.071,2.8005166666666668,447.84166666666664,367.20623666666665
2020-07-21 18:00:00,3.071,2.8437833333333336,445.52666666666664,390.4642966666667
2020-07-21 19:00:00,3.071,2.9491500000000004,443.80833333333334,348.82139166666667
2020-07-21 20:00:00,3.071,2.9548833333333335,442.2916666666667,516.7697933333334
2020-07-21 21:00:00,3.071,2.893533333333333,441.17833333333334,411.9610616666667
2020-07-21 22:00:00,3.071,2.928,437.22333333333336,374.5316066666667
2020-07-21 23:00:00,3.071,2.9736,424.59833333333336,449.69196
2020-07-22 00:00:00,3.071,2.8454166666666665,308.885,423.330165
2020-07-22 01:00:00,3.071,2.7291499999999997,281.1666666666667,278.88318833333335
2020-07-22 02:00:00,3.071,2.7998666666666665,282.01500000000004,204.277085
2020-07-22 03:00:00,3.071,2.886283333333333,280.98499999999996,192.395775
2020-07-22 04:00:00,3.071,2.9995666666666665,280.4183333333333,189.24171333333334
2020-07-22 05:00:00,3.071,3.10315,280.21500000000003,197.42955166666667
2020-07-22 06:00:00,3.071,3.1734333333333336,279.80833333333334,251.35109333333332
2020-07-22 07:00:00,3.071,3.1231166666666668,278.3316666666667,370.39681
2020-07-22 08:00:00,3.071,2.92185,276.7316666666667,432.3524716666667
2020-07-22 09:00:00,3.071,2.7828833333333334,281.22333333333336,343.4215033333333
2020-07-22 10:00:00,3.071,2.8572333333333333,637.8216666666667,390.92093833333337
2020-07-22 11:00:00,3.071,3.23505,718.785,415.2032466666667
2020-07-22 12:00:00,3.071,3.50815,392.37833333333333,391.7198183333333
2020-07-22 13:00:00,3.071,3.2209166666666667,138.78333333333333,389.90814666666665
2020-07-22 14:00:00,3.071,2.9204333333333334,136.07833333333332,349.15102
2020-07-22 15:00:00,3.071,2.6551833333333335,133.01166666666666,334.38280833333334
2020-07-22 16:00:00,3.071,2.37825,135.46333333333334,315.483975
2020-07-22 17:00:00,3.071,2.2132,356.58,342.82880166666666
2020-07-22 18:00:00,3.071,2.302966666666667,608.0849999999999,536.1097833333333
2020-07-22 19:00:00,3.071,2.5747333333333335,736.0516666666666,365.16298333333333
2020-07-22 20:00:00,3.071,3.008683333333333,615.1533333333333,391.43638833333335
2020-07-22 21:00:00,3.071,3.0475,523.4333333333333,586.0937983333333
2020-07-22 22:00:00,3.071,2.8952,327.96,451.1676783333333
2020-07-22 23:00:00,3.071,2.7861333333333334,314.60333333333335,346.706475
2020-07-23 00:00:00,3.071,2.78015,315.94,279.1523183333333
2020-07-23 01:00:00,3.071,2.8399,317.36333333333334,242.31855333333334
2020-07-23 02:00:00,3.071,2.9542,320.2033333333333,213.30656333333334
2020-07-23 03:00:00,3.071,3.0885166666666666,319.39500000000004,203.31161333333333
2020-07-23 04:00:00,3.071,3.2325333333333335,319.59166666666664,192.40355333333335
2020-07-23 05:00:00,3.071,3.39005,325.76500000000004,205.12135666666666
2020-07-23 06:00:00,3.071,3.508683333333333,327.69,273.71710666666667
2020-07-23 07:00:00,3.071,3.46325,322.6683333333333,404.61233833333335
2020-07-23 08:00:00,3.071,3.3452833333333336,323.585,414.10196333333334
2020-07-23 09:00:00,3.071,3.1525000000000003,322.92333333333335,473.23066166666666
2020-07-23 10:00:00,3.071,3.0402,322.22666666666663,356.9693316666666
2020-07-23 11:00:00,3.071,2.9618666666666664,320.75,357.808315
2020-07-23 12:00:00,3.071,2.9147833333333333,320.55,370.1716666666667
2020-07-23 13:00:00,3.071,2.8263833333333332,325.1333333333333,363.3491383333333
2020-07-23 14:00:00,3.071,2.8027333333333333,325.02000000000004,316.6489683333333
2020-07-23 15:00:00,3.071,2.7751333333333337,310.225,329.969325
2020-07-23 16:00:00,3.071,2.72235,311.815,372.5157466666667
2020-07-23 17:00:00,3.071,2.60735,312.3233333333334,376.92511
2020-07-23 18:00:00,3.071,2.5351500000000002,314.40999999999997,364.37856833333336
2020-07-23 19:00:00,3.071,2.4199166666666665,433.0683333333333,426.0831733333333
2020-07-23 20:00:00,3.071,2.6809333333333334,730.4816666666667,466.7510683333333
2020-07-23 21:00:00,3.071,2.88035,733.0033333333333,617.8677233333333
2020-07-23 22:00:00,3.071,3.07005,731.455,479.2817383333333
2020-07-23 23:00:00,3.071,3.33645,320.385,309.23314
2020-07-24 00:00:00,3.071,3.1919833333333334,151.38666666666668,244.83557333333334
2020-07-24 01:00:00,3.071,3.085066666666667,152.73,222.79462166666664
2020-07-24 02:00:00,3.071,2.99335,152.10166666666666,191.29854166666667
2020-07-24 03:00:00,3.071,2.9419833333333334,151.62,182.5700216666667
2020-07-24 04:00:00,3.071,2.8893833333333334,151.85,182.67387666666667
2020-07-24 05:00:00,3.071,3.1860500000000003,712.6333333333333,195.07657
2020-07-24 06:00:00,3.071,3.6475999999999997,350.93333333333334,248.437535
2020-07-24 07:00:00,3.071,3.57795,260.5883333333333,421.02540166666665
2020-07-24 08:00:00,3.071,3.292666666666667,262.81333333333333,424.02862
2020-07-24 09:00:00,3.071,3.135183333333333,262.665,369.31816999999995
2020-07-24 10:00:00,3.071,3.0027,263.9,330.51991
2020-07-24 11:00:00,3.071,2.872983333333333,265.43333333333334,351.92257166666667
2020-07-24 12:00:00,3.071,2.7200166666666665,264.99333333333334,401.3871833333333
2020-07-24 13:00:00,3.071,2.522,262.52166666666665,402.40201
2020-07-24 14:00:00,3.071,2.38205,398.9533333333333,412.76036166666665
2020-07-24 15:00:00,3.071,2.4371,517.1416666666667,406.748605
2020-07-24 16:00:00,3.071,2.6374666666666666,515.8166666666667,327.14535666666666
2020-07-24 17:00:00,3.071,2.8462666666666667,514.73,375.0740866666667
2020-07-24 18:00:00,3.071,3.019966666666667,512.6466666666666,361.252045
2020-07-24 19:00:00,3.071,3.1942333333333335,500.0083333333333,412.762975
2020-07-24 20:00:00,3.071,3.1637333333333335,394.6716666666667,465.0140733333334
2020-07-24 21:00:00,3.071,3.0532833333333333,392.365,458.8974183333333
2020-07-24 22:00:00,3.071,2.9583500000000003,335.56,409.9017916666666
2020-07-24 23:00:00,3.071,2.8234500000000002,269.3233333333333,344.00528
2020-07-25 00:00:00,3.071,2.78775,270.39,269.12045666666666
2020-07-25 01:00:00,3.071,2.770866666666667,272.21833333333336,254.00552000000002
2020-07-25 02:00:00,3.071,2.8143833333333332,272.9766666666667,205.13965833333333
2020-07-25 03:00:00,3.071,2.8620666666666663,276.3433333333333,291.83619833333336
2020-07-25 04:00:00,3.071,2.85575,282.9566666666667,211.323925
2020-07-25 05:00:00,3.071,2.9803833333333336,302.2683333333333,203.00286333333332
2020-07-25 06:00:00,3.071,3.1273,384.2083333333333,237.03677833333333
2020-07-25 07:00:00,3.071,3.27955,372.72333333333336,282.7181566666667
2020-07-25 08:00:00,3.071,3.2622833333333334,249.7866666666667,372.0106016666667
2020-07-25 09:00:00,3.071,3.0780000000000003,249.7866666666667,379.16842333333335
2020-07-25 10:00:00,3.071,2.871366666666667,247.12666666666667,428.4469433333333
2020-07-25 11:00:00,3.071,2.6129666666666664,321.77333333333337,433.37989833333336
2020-07-25 12:00:00,3.071,2.5416833333333333,483.72833333333335,443.1117033333333
2020-07-25 13:00:00,3.071,2.7806,718.5483333333334,419.951505
2020-07-25 14:00:00,3.071,3.218166666666667,720.2,341.00887666666665
2020-07-25 15:00:00,3.071,3.6681000000000004,604.8283333333333,401.142015
2020-07-25 16:00:00,3.071,3.590333333333333,270.55,454.6104966666666
2020-07-25 17:00:00,3.071,3.389483333333333,268.205,354.67189833333333
2020-07-25 18:00:00,3.071,3.2672000000000003,266.85833333333335,369.88025666666664
2020-07-25 19:00:00,3.071,3.095566666666667,266.12833333333333,397.55879999999996
2020-07-25 20:00:00,3.071,2.8704666666666667,265.19166666666666,465.68620833333335
2020-07-25 21:00:00,3.071,2.647,267.0783333333333,385.0189983333333
2020-07-25 22:00:00,3.071,2.42505,294.4533333333333,459.57642000000004
2020-07-25 23:00:00,3.071,2.2871,351.7816666666667,361.13399000000004
2020-07-26 00:00:00,3.071,2.3350500000000003,329.2866666666667,270.89043166666664
2020-07-26 01:00:00,3.071,2.419966666666667,330.87,224.11667333333335
2020-07-26 02:00:00,3.071,2.5677999999999996,332.26,201.60900666666666
2020-07-26 03:00:00,3.071,2.7348,333.37333333333333,192.033965
2020-07-26 04:00:00,3.071,2.9107166666666666,331.0866666666667,196.78896
2020-07-26 05:00:00,3.071,3.0745500000000003,329.43833333333333,195.1539
2020-07-26 06:00:00,3.071,3.2287833333333333,332.72,221.82879
2020-07-26 07:00:00,3.071,3.3070333333333335,330.09166666666664,312.7383466666667
2020-07-26 08:00:00,3.071,3.3164333333333333,336.89166666666665,330.76768833333335
2020-07-26 09:00:00,3.071,3.19575,337.22166666666664,506.98427333333336
2020-07-26 10:00:00,3.071,2.9833,331.68333333333334,415.1581683333333
2020-07-26 11:00:00,3.071,2.91595,334.87166666666667,362.88086833333335
2020-07-26 12:00:00,3.071,2.803733333333333,333.35999999999996,460.92118666666664
2020-07-26 13:00:00,3.071,2.6037833333333333,333.89833333333337,446.97548166666667
2020-07-26 14:00:00,3.071,2.4976333333333334,347.6683333333333,364.5413883333333
2020-07-26 15:00:00,3.071,2.5371666666666663,366.31333333333333,306.39688666666666
2020-07-26 16:00:00,3.071,2.5752,410.63666666666666,398.70101166666666
2020-07-26 17:00:00,3.071,2.63545,486.415,365.4052883333333
2020-07-26 18:00:00,3.071,2.7871,483.5083333333333,391.83123666666665
2020-07-26 19:00:00,3.071,2.7627,481.24666666666667,558.0502166666666
2020-07-26 20:00:00,3.071,2.6986166666666667,485.06333333333333,454.9493383333333
2020-07-26 21:00:00,3.071,2.7424666666666666,492.505,455.12965833333334
2020-07-26 22:00:00,3.071,2.78235,490.35833333333335,447.00773833333335
2020-07-26 23:00:00,3.071,2.8192166666666667,428.5866666666667,402.9468683333333
2020-07-27 00:00:00,3.071,2.8598500000000002,308.55,244.25712666666666
2020-07-27 01:00:00,3.071,2.9470666666666667,309.2866666666667,219.837665
2020-07-27 02:00:00,3.071,3.0737666666666663,310.78333333333336,190.55937833333334
2020-07-27 03:00:00,3.071,3.228,310.975,180.22017499999998
2020-07-27 04:00:00,3.071,3.3889,309.8016666666666,181.48139666666665
2020-07-27 05:00:00,3.071,3.5408,309.81333333333333,205.285005
2020-07-27 06:00:00,3.071,3.591933333333333,281.03499999999997,285.69690333333335
2020-07-27 07:00:00,3.071,3.5111833333333333,282.6,386.36705166666667
2020-07-27 08:00:00,3.071,3.3230833333333334,276.2583333333333,418.17191
2020-07-27 09:00:00,3.071,3.1619,276.2433333333333,357.1786916666667
2020-07-27 10:00:00,3.071,3.015333333333333,276.6983333333334,436.99082333333337
2020-07-27 11:00:00,3.071,2.7319166666666663,271.23833333333334,475.2542
2020-07-27 12:00:00,3.071,2.45915,277.7316666666667,458.9358683333333
2020-07-27 13:00:00,3.071,2.3054166666666664,279.42,324.9433716666666
2020-07-27 14:00:00,3.071,2.39895,523.1516666666666,309.55253999999996
2020-07-27 15:00:00,3.071,2.5295166666666664,348.00333333333333,377.6568483333333
2020-07-27 16:00:00,3.071,2.4658333333333333,381.04833333333335,349.13561666666664
2020-07-27 17:00:00,3.071,2.7588166666666667,735.2083333333334,352.12717499999997
2020-07-27 18:00:00,3.071,3.0489666666666664,396.10333333333335,365.87123833333334
2020-07-27 19:00:00,3.071,2.966833333333333,348.47166666666664,416.60337833333335
2020-07-27 20:00:00,3.071,2.8772666666666664,349.02333333333337,420.310405
2020-07-27 21:00:00,3.071,2.682466666666667,348.96,542.8983633333334
2020-07-27 22:00:00,3.071,2.4195333333333333,340.21,470.6368316666667
2020-07-27 23:00:00,3.071,2.3226500000000003,341.44666666666666,376.27995833333335
2020-07-28 00:00:00,3.071,2.3172166666666665,346.03499999999997,295.678455
2020-07-28 01:00:00,3.071,2.4224166666666664,347.925,212.22467666666668
2020-07-28 02:00:00,3.071,2.6122666666666663,348.14666666666665,194.9854916666667
2020-07-28 03:00:00,3.071,2.7963666666666667,353.7133333333333,194.74430833333332
2020-07-28 04:00:00,3.071,3.0124833333333334,353.18833333333333,179.69882
2020-07-28 05:00:00,3.071,3.222366666666667,353.7566666666667,196.30462666666665
2020-07-28 06:00:00,3.071,3.3851166666666668,354.31166666666667,265.200595
2020-07-28 07:00:00,3.071,3.3674000000000004,348.635,435.45779666666664
2020-07-28 08:00:00,3.071,3.21235,346.19166666666666,434.7377833333333
2020-07-28 09:00:00,3.071,3.14575,346.5866666666667,371.06411166666663
2020-07-28 10:00:00,3.071,3.1270666666666664,346.28333333333336,324.86913999999996
2020-07-28 11:00:00,3.071,3.0947666666666667,350.0683333333333,391.25346333333334
2020-07-28 12:00:00,3.071,3.0227333333333335,350.49,421.1363633333333
2020-07-28 13:00:00,3.071,2.87975,348.4183333333333,445.62573499999996
2020-07-28 14:00:00,3.071,2.7627,430.445,449.26323666666667
2020-07-28 15:00:00,3.071,2.8396166666666667,457.9616666666667,337.23026500000003
2020-07-28 16:00:00,3.071,2.9776833333333332,463.725,348.41396
2020-07-28 17:00:00,3.071,3.1182666666666665,403.8383333333333,323.60881
2020-07-28 18:00:00,3.071,3.0678666666666667,306.78,395.31732666666664
2020-07-28 19:00:00,3.071,2.921266666666667,306.69166666666666,420.71612666666664
2020-07-28 20:00:00,3.071,2.7765833333333334,305.67,420.2651483333333
2020-07-28 21:00:00,3.071,2.55265,307.67,461.8218666666667
2020-07-28 22:00:00,3.071,2.3701333333333334,304.37,418.58849666666663
2020-07-28 23:00:00,3.071,2.3884166666666666,482.70166666666665,382.189225
2020-07-29 00:00:00,3.071,2.3593166666666665,287.6,338.2381833333333
2020-07-29 01:00:00,3.071,2.2638666666666665,289.9616666666667,367.6565483333333
2020-07-29 02:00:00,3.071,2.2652666666666668,289.69666666666666,193.849345
2020-07-29 03:00:00,3.071,2.3894666666666664,289.24833333333333,183.264815
2020-07-29 04:00:00,3.071,2.514616666666667,287.76166666666666,191.44970166666664
2020-07-29 05:00:00,3.071,2.6312,312.1066666666667,194.25785166666668
2020-07-29 06:00:00,3.071,3.0345333333333335,722.5966666666667,239.45721833333334
2020-07-29 07:00:00,3.071,3.5030333333333337,560.9283333333333,390.43557
2020-07-29 08:00:00,3.071,3.488783333333333,312.9583333333333,389.1132133333333
2020-07-29 09:00:00,3.071,3.3138,306.85333333333335,433.24708333333336
2020-07-29 10:00:00,3.071,3.2049499999999997,309.975,375.96182000000005
2020-07-29 11:00:00,3.071,3.0695666666666668,310.1633333333333,402.15885
2020-07-29 12:00:00,3.071,2.9808666666666666,312.87166666666667,357.1361716666667
2020-07-29 13:00:00,3.071,2.8931,336.65999999999997,396.9669533333334
2020-07-29 14:00:00,3.071,2.81365,346.06333333333333,370.20824333333337
2020-07-29 15:00:00,3.071,2.80815,345.48333333333335,312.08388833333333
2020-07-29 16:00:00,3.071,2.820266666666667,338.875,349.45822000000004
2020-07-29 17:00:00,3.071,2.801433333333333,336.415,331.340615
2020-07-29 18:00:00,3.071,2.7643333333333335,347.76666666666665,409.16097333333335
2020-07-29 19:00:00,3.071,2.64545,345.47333333333336,386.67015333333336
2020-07-29 20:00:00,3.071,2.5247666666666664,356.25166666666667,514.2008516666667
2020-07-29 21:00:00,3.071,2.4120166666666667,550.4366666666666,524.48982
2020-07-29 22:00:00,3.071,2.4018666666666664,429.5316666666667,447.22356666666667
2020-07-29 23:00:00,3.071,2.3878666666666666,403.97999999999996,381.01307833333334
2020-07-30 00:00:00,3.071,2.4443333333333332,407.03333333333336,326.063625
2020-07-30 01:00:00,3.071,2.550816666666667,408.8433333333333,269.335875
2020-07-30 02:00:00,3.071,2.7779666666666665,409.15166666666664,210.045625
2020-07-30 03:00:00,3.071,3.0298666666666665,372.1766666666666,194.746795
2020-07-30 04:00:00,3.071,3.1636499999999996,251.72,181.280205
2020-07-30 05:00:00,3.071,3.2401666666666666,252.64833333333334,196.90815
2020-07-30 06:00:00,3.071,3.284283333333333,317.03499999999997,259.13617666666664
2020-07-30 07:00:00,3.071,3.3701166666666666,417.55,381.55075166666666
2020-07-30 08:00:00,3.071,3.34015,356.14666666666665,374.04665666666665
2020-07-30 09:00:00,3.071,3.3021833333333332,345.22,371.404165
2020-07-30 10:00:00,3.071,3.2689166666666667,343.7583333333333,346.1149183333334
2020-07-30 11:00:00,3.071,3.2429,345.3566666666667,399.1275866666667
2020-07-30 12:00:00,3.071,3.0931833333333336,347.995,443.5616066666667
2020-07-30 13:00:00,3.071,2.96085,348.69166666666666,448.1866583333333
2020-07-30 14:00:00,3.071,2.8369833333333334,355.18333333333334,395.42021666666665
2020-07-30 15:00:00,3.071,2.7915,356.97999999999996,362.1425883333333
2020-07-30 16:00:00,3.071,2.8001833333333335,357.7433333333333,341.138255
2020-07-30 17:00:00,3.071,2.79155,352.45166666666665,374.71336499999995
2020-07-30 18:00:00,3.071,2.7338999999999998,449.5833333333333,407.0800316666666
2020-07-30 19:00:00,3.071,2.945333333333333,721.515,445.39551
2020-07-30 20:00:00,3.071,3.3602833333333333,606.81,356.2366166666667
2020-07-30 21:00:00,3.071,3.3133333333333335,254.40666666666667,471.85526500000003
2020-07-30 22:00:00,3.071,2.9954166666666664,255.39166666666668,466.83574000000004
2020-07-30 23:00:00,3.071,2.66415,251.7866666666667,528.6724166666667
2020-07-31 00:00:00,3.071,2.4334,334.13,356.40681166666667
2020-07-31 01:00:00,3.071,2.4683166666666665,413.8833333333333,316.21701
2020-07-31 02:00:00,3.071,2.676016666666667,412.7083333333333,203.32932333333335
2020-07-31 03:00:00,3.071,2.943966666666667,409.56666666666666,194.43736833333332
2020-07-31 04:00:00,3.071,3.2129,413.3316666666667,196.26487166666666
2020-07-31 05:00:00,3.071,3.4631833333333333,400.4216666666667,225.93396166666668
2020-07-31 06:00:00,3.071,3.520766666666667,200.68833333333333,283.50652166666663
2020-07-31 07:00:00,3.071,3.316666666666667,213.91,388.9883766666666
2020-07-31 08:00:00,3.071,3.1580500000000002,265.8566666666667,339.60578
2020-07-31 09:00:00,3.071,3.0239833333333332,308.1983333333334,385.09821
2020-07-31 10:00:00,3.071,2.915116666666667,307.47333333333336,385.60592166666663
2020-07-31 11:00:00,3.071,2.7758499999999997,308.7683333333333,404.17122666666666
2020-07-31 12:00:00,3.071,2.639883333333333,315.0816666666667,407.39117999999996
2020-07-31 13:00:00,3.071,2.5071999999999997,314.59000000000003,395.02107166666667
2020-07-31 14:00:00,3.071,2.4153333333333333,316.07666666666665,374.54068333333333
2020-07-31 15:00:00,3.071,2.3575666666666666,457.795,468.8505316666667
2020-07-31 16:00:00,3.071,2.3081666666666667,458.51,427.44729666666666
2020-07-31 17:00:00,3.071,2.4209,459.995,368.84671333333335
2020-07-31 18:00:00,3.071,2.4924833333333334,462.2933333333333,405.65585333333337
2020-07-31 19:00:00,3.071,2.559266666666667,463.335,403.1071583333333
2020-07-31 20:00:00,3.071,2.6176833333333334,451.1066666666667,374.89827499999996
2020-07-31 21:00:00,3.071,2.6703333333333332,456.245,447.74301
2020-07-31 22:00:00,3.071,2.6528666666666667,457.15999999999997,449.17091999999997
2020-07-31 23:00:00,3.071,2.6940833333333334,428.6333333333333,361.5062883333333
2020-08-01 00:00:00,3.071,2.7258333333333336,334.0816666666667,330.9381516666666
2020-08-01 01:00:00,3.071,2.7433166666666664,337.1183333333333,266.57449
2020-08-01 02:00:00,3.071,2.863516666666667,337.7966666666667,235.52490666666665
2020-08-01 03:00:00,3.071,2.9907666666666666,335.94,208.592815
2020-08-01 04:00:00,3.071,3.1175833333333336,337.78,246.82353999999998
2020-08-01 05:00:00,3.071,3.2592,339.75166666666667,206.48649333333333
2020-08-01 06:00:00,3.071,3.408916666666667,341.72166666666664,235.80136666666667
2020-08-01 07:00:00,3.071,3.459883333333333,339.85833333333335,392.0332466666667
2020-08-01 08:00:00,3.071,3.2796499999999997,341.56166666666667,477.58716833333335
2020-08-01 09:00:00,3.071,3.1681000000000004,336.31666666666666,362.60911666666664
2020-08-01 10:00:00,3.071,3.0627166666666668,343.6933333333333,452.92528000000004
2020-08-01 11:00:00,3.071,2.9253833333333334,345.52666666666664,429.6179016666667
2020-08-01 12:00:00,3.071,2.777433333333333,345.125,452.72796
2020-08-01 13:00:00,3.071,2.6633833333333334,349.78,384.6386616666667
2020-08-01 14:00:00,3.071,2.6251666666666664,350.6433333333333,369.3289733333333
2020-08-01 15:00:00,3.071,2.5554,351.98499999999996,420.44172833333334
2020-08-01 16:00:00,3.071,2.4962999999999997,349.9933333333333,329.75453
2020-08-01 17:00:00,3.071,2.4324,347.13,467.930765
2020-08-01 18:00:00,3.071,2.282966666666667,348.67,385.51739166666664
2020-08-01 19:00:00,3.071,2.3123666666666667,522.945,377.58971833333334
2020-08-01 20:00:00,3.071,2.5624166666666666,614.1216666666667,427.558045
2020-08-01 21:00:00,3.071,2.7786,591.2383333333333,411.1303966666666
2020-08-01 22:00:00,3.071,2.9046666666666665,387.7566666666667,405.1402483333333
2020-08-01 23:00:00,3.071,2.8088166666666665,331.705,397.7977216666667
2020-08-02 00:00:00,3.071,2.759066666666667,332.7583333333333,279.98398
2020-08-02 01:00:00,3.071,2.8716500000000003,335.075,214.71175666666667
2020-08-02 02:00:00,3.071,3.0247333333333333,335.40166666666664,206.33777666666666
2020-08-02 03:00:00,3.071,3.1914666666666665,334.165,189.42282166666666
2020-08-02 04:00:00,3.071,3.3430666666666666,270.15,188.1777766666667
2020-08-02 05:00:00,3.071,3.4602666666666666,331.40166666666664,201.21047166666668
2020-08-02 06:00:00,3.071,3.4745333333333335,178.03833333333333,268.39868
2020-08-02 07:00:00,3.071,3.3045666666666667,167.56333333333333,325.18607833333334
2020-08-02 08:00:00,3.071,3.177416666666667,307.10999999999996,303.57089833333333
2020-08-02 09:00:00,3.071,3.0937,291.835,460.32022500000005
2020-08-02 10:00:00,3.071,2.7660833333333334,292.85999999999996,482.72645666666665
2020-08-02 11:00:00,3.071,2.622516666666667,293.23333333333335,353.91589833333336
2020-08-02 12:00:00,3.071,2.4642833333333334,329.5833333333333,455.80537666666663
2020-08-02 13:00:00,3.071,2.38265,421.8666666666667,403.03337833333336
2020-08-02 14:00:00,3.071,2.4302166666666665,419.23833333333334,382.62894666666665
2020-08-02 15:00:00,3.071,2.4307666666666665,411.8816666666667,371.3248283333333
2020-08-02 16:00:00,3.071,2.4955,412.545,366.46354499999995
2020-08-02 17:00:00,3.071,2.5554,416.7566666666667,337.87184833333333
2020-08-02 18:00:00,3.071,2.64785,419.6633333333333,349.756885
2020-08-02 19:00:00,3.071,2.64285,423.50333333333333,506.51361166666663
2020-08-02 20:00:00,3.071,2.458683333333333,421.275,499.46180333333336
2020-08-02 21:00:00,3.071,2.4108666666666663,418.815,450.67753833333336
2020-08-02 22:00:00,3.071,2.3387333333333333,418.85,414.61593166666665
2020-08-02 23:00:00,3.071,2.3556666666666666,340.4133333333333,364.2032766666667
2020-08-03 00:00:00,3.071,2.2887833333333334,262.71833333333336,259.5492366666667
2020-08-03 01:00:00,3.071,2.3029,260.4866666666667,250.20424
2020-08-03 02:00:00,3.071,2.3075833333333335,262.005,232.7274416666667
2020-08-03 03:00:00,3.071,2.3595333333333333,263.61333333333334,190.33470833333334
2020-08-03 04:00:00,3.071,2.4488833333333333,260.6766666666667,186.13188
2020-08-03 05:00:00,3.071,2.523083333333333,257.4816666666667,206.63796666666667
2020-08-03 06:00:00,3.071,2.6384499999999997,530.095,277.76726333333335
2020-08-03 07:00:00,3.071,3.1048666666666667,723.6666666666666,370.29038
2020-08-03 08:00:00,3.071,3.285433333333333,414.5783333333333,410.3904966666667
2020-08-03 09:00:00,3.071,3.320983333333333,413.9066666666667,360.374055
2020-08-03 10:00:00,3.071,3.2629,318.76500000000004,479.83876
2020-08-03 11:00:00,3.071,2.953033333333333,315.295,527.5068416666667
2020-08-03 12:00:00,3.071,2.7342333333333335,313.68833333333333,403.69528333333335
2020-08-03 13:00:00,3.071,2.6387,318.945,359.8116816666667
2020-08-03 14:00:00,3.071,2.5887333333333333,326.6383333333333,352.68793833333336
2020-08-03 15:00:00,3.071,2.57685,378.87,321.40462833333333
2020-08-03 16:00:00,3.071,2.6351,376.72999999999996,366.13614333333334
2020-08-03 17:00:00,3.071,2.6058833333333333,376.74833333333333,379.1838416666667
2020-08-03 18:00:00,3.071,2.5830166666666665,371.96,397.1931383333333
2020-08-03 19:00:00,3.071,2.527,369.1616666666667,363.76203499999997
2020-08-03 20:00:00,3.071,2.5917499999999998,463.025,392.1109216666666
2020-08-03 21:00:00,3.071,2.5725333333333333,472.97999999999996,524.3829549999999
2020-08-03 22:00:00,3.071,2.450616666666667,392.73833333333334,490.27287333333334
2020-08-03 23:00:00,3.071,2.334883333333333,329.56666666666666,362.31950666666665
2020-08-04 00:00:00,3.071,2.2994666666666665,331.72666666666663,356.35778666666664
2020-08-04 01:00:00,3.071,2.2776666666666667,333.9066666666667,292.94700166666667
2020-08-04 02:00:00,3.071,2.386816666666667,335.68333333333334,207.5323
2020-08-04 03:00:00,3.071,2.5570666666666666,335.97333333333336,189.69704833333333
2020-08-04 04:00:00,3.071,2.7398499999999997,336.9133333333333,193.54532833333332
2020-08-04 05:00:00,3.071,2.916433333333333,338.09833333333336,199.22823333333332
2020-08-04 06:00:00,3.071,3.0477166666666666,336.29,272.92526166666664
2020-08-04 07:00:00,3.071,3.0084,337.82,437.2607683333334
2020-08-04 08:00:00,3.071,2.8754166666666667,345.6666666666667,395.41565833333334
2020-08-04 09:00:00,3.071,2.770766666666667,389.4183333333333,417.0890133333333
2020-08-04 10:00:00,3.071,2.9474666666666662,629.0616666666666,378.1953016666667
2020-08-04 11:00:00,3.071,3.2232166666666666,629.3433333333334,426.69411
2020-08-04 12:00:00,3.071,3.3870333333333336,415.43833333333333,422.84452166666665
2020-08-04 13:00:00,3.071,3.21345,294.2433333333333,464.60221333333334
2020-08-04 14:00:00,3.071,2.9806833333333334,294.80833333333334,394.25863833333335
2020-08-04 15:00:00,3.071,2.872666666666667,291.9216666666667,353.1067933333333
2020-08-04 16:00:00,3.071,2.8081,294.87,322.642265
2020-08-04 17:00:00,3.071,2.8705254237288136,171.75593220338985,228.29062372881356
2020-08-04 18:00:00,3.071,2.5821666666666667,294.72333333333336,416.19949333333335
2020-08-04 19:00:00,3.071,2.3979500000000002,294.02333333333337,414.6014783333333
2020-08-04 20:00:00,3.071,2.250316666666667,294.165,419.8914266666667
2020-08-04 21:00:00,3.071,1.9995166666666668,290.0366666666667,468.8962383333334
2020-08-04 22:00:00,3.071,1.7764833333333334,286.75,436.74611333333337
2020-08-04 23:00:00,3.071,1.65915,391.435,407.8320433333334
2020-08-05 00:00:00,3.071,1.6143166666666666,419.02666666666664,387.43577166666665
2020-08-05 01:00:00,3.071,1.73575,418.8066666666667,292.9798566666667
2020-08-05 02:00:00,3.071,1.9547999999999999,420.63,193.1508
2020-08-05 03:00:00,3.071,2.2488,419.945,182.95720500000002
2020-08-05 04:00:00,3.071,2.5486999999999997,420.7366666666667,183.89700333333334
2020-08-05 05:00:00,3.071,2.84015,423.76166666666666,201.48511333333332
2020-08-05 06:00:00,3.071,3.070533333333333,418.9933333333333,296.887665
2020-08-05 07:00:00,3.071,3.1484333333333336,416.43,393.19665499999996
2020-08-05 08:00:00,3.071,3.1264666666666665,424.14833333333337,446.19836000000004
2020-08-05 09:00:00,3.071,3.0425666666666666,393.21,440.2602783333333
2020-08-05 10:00:00,3.071,2.95395,275.68,363.55301333333335
2020-08-05 11:00:00,3.071,2.7777499999999997,274.87833333333333,431.849265
2020-08-05 12:00:00,3.071,2.5633666666666666,277.10833333333335,408.78541
2020-08-05 13:00:00,3.071,2.3977999999999997,276.6433333333333,352.90250833333334
2020-08-05 14:00:00,3.071,2.2961666666666667,278.84000000000003,347.1996516666667
2020-08-05 15:00:00,3.071,2.18195,281.68,398.77052
2020-08-05 16:00:00,3.071,2.1241666666666665,509.3283333333333,380.6377316666667
2020-08-05 17:00:00,3.071,2.316333333333333,508.085,380.06116000000003
2020-08-05 18:00:00,3.071,2.4410833333333333,500.01666666666665,390.1905566666666
2020-08-05 19:00:00,3.071,2.5846333333333336,496.56166666666667,368.50706333333335
2020-08-05 20:00:00,3.071,2.7166333333333332,497.43333333333334,424.68475
2020-08-05 21:00:00,3.071,2.7386500000000003,492.5133333333333,481.7133866666666
2020-08-05 22:00:00,3.071,2.7383333333333337,483.085,450.91059333333334
2020-08-05 23:00:00,3.071,2.7479500000000003,350.1333333333333,353.39529166666665
2020-08-06 00:00:00,3.071,2.714916666666667,324.5383333333333,331.2220016666667
2020-08-06 01:00:00,3.071,2.7096500000000003,324.9,267.78389833333335
2020-08-06 02:00:00,3.071,2.8257166666666667,325.40833333333336,210.79690666666664
2020-08-06 03:00:00,3.071,2.9726833333333333,326.57666666666665,197.39136
2020-08-06 04:00:00,3.071,3.1372833333333334,326.12166666666667,190.36512333333334
2020-08-06 05:00:00,3.071,3.29045,325.495,208.819195
2020-08-06 06:00:00,3.071,3.3005833333333334,325.5833333333333,417.17622
2020-08-06 07:00:00,3.071,3.2815833333333333,458.225,364.82695333333334
2020-08-06 08:00:00,3.071,3.3737333333333335,465.8616666666667,389.80452833333334
2020-08-06 09:00:00,3.071,3.4324166666666667,452.7933333333333,380.81049
2020-08-06 10:00:00,3.071,3.4964166666666667,327.55333333333334,375.5129883333333
2020-08-06 11:00:00,3.071,3.2938,196.475,378.73679833333335
2020-08-06 12:00:00,3.071,3.0247333333333333,197.175,393.63627333333335
2020-08-06 13:00:00,3.071,2.688016666666667,199.49666666666664,457.61514
2020-08-06 14:00:00,3.071,2.425883333333333,201.57000000000002,336.39429
2020-08-06 15:00:00,3.071,2.237,200.64833333333334,335.12147666666664
2020-08-06 16:00:00,3.071,2.0484333333333336,200.5,323.32203666666663
2020-08-06 17:00:00,3.071,1.8787999999999998,199.595,353.261915
2020-08-06 18:00:00,3.071,1.5555833333333335,344.905,529.984375
2020-08-06 19:00:00,3.071,1.7376666666666667,747.1633333333334,363.7716633333333
2020-08-06 20:00:00,3.071,2.191816666666667,742.65,447.3661216666667
2020-08-06 21:00:00,3.071,2.5259833333333335,707.8266666666666,464.64996666666667
2020-08-06 22:00:00,3.071,2.56495,301.705,427.40535
2020-08-06 23:00:00,3.071,2.4200166666666667,307.3383333333333,373.6701366666667
2020-08-07 00:00:00,3.071,2.3283833333333335,309.77333333333337,367.40821166666666
2020-08-07 01:00:00,3.071,2.2892333333333332,311.55,263.08313
2020-08-07 02:00:00,3.071,2.3739,312.3683333333333,234.21646333333334
2020-08-07 03:00:00,3.071,2.49235,311.7066666666667,188.191485
2020-08-07 04:00:00,3.071,2.639883333333333,312.6816666666667,192.42257999999998
2020-08-07 05:00:00,3.071,2.862983333333333,484.8,195.33753166666665
2020-08-07 06:00:00,3.071,3.2501666666666664,450.9066666666667,256.05894166666667
2020-08-07 07:00:00,3.071,3.4299666666666666,469.2633333333333,354.0079533333334
2020-08-07 08:00:00,3.071,3.4439166666666665,356.3233333333334,399.72217166666667
2020-08-07 09:00:00,3.038416666666667,3.2853166666666667,361.77333333333337,462.93942
2020-08-07 10:00:00,3.071,3.2326333333333332,363.44666666666666,347.7615316666667
2020-08-07 11:00:00,3.071,3.230316666666667,362.85166666666663,366.896085
2020-08-07 12:00:00,3.071,3.1743333333333337,363.06666666666666,403.99564
2020-08-07 13:00:00,3.071,3.1494666666666666,361.3433333333333,347.17689333333334
2020-08-07 14:00:00,3.071,3.168766666666667,358.72333333333336,317.6336483333333
2020-08-07 15:00:00,3.071,3.1856,359.65,328.01872000000003
2020-08-07 16:00:00,3.071,3.217833333333333,360.30833333333334,348.2672583333333
2020-08-07 17:00:00,3.071,3.2120166666666665,358.4066666666667,343.9780116666667
2020-08-07 18:00:00,3.071,3.1728333333333336,363.0783333333333,415.320815
2020-08-07 19:00:00,3.071,3.1360333333333332,361.78,338.8122566666667
2020-08-07 20:00:00,3.071,3.1171333333333333,361.7316666666667,436.18579166666666
2020-08-07 21:00:00,3.071,2.920733333333333,363.27000000000004,501.5080766666667
2020-08-07 22:00:00,3.071,2.7671,355.99833333333333,412.2165366666667
2020-08-07 23:00:00,3.071,2.8267333333333338,482.46,369.535285
2020-08-08 00:00:00,3.071,2.841333333333333,296.8383333333333,314.759475
2020-08-08 01:00:00,3.071,2.8053666666666666,297.075,299.76901166666664
2020-08-08 02:00:00,3.071,2.8551833333333336,297.51,198.97841666666667
2020-08-08 03:00:00,3.071,2.9830166666666664,297.795,187.77612833333333
2020-08-08 04:00:00,3.071,3.1217166666666665,296.89833333333337,179.59372166666665
2020-08-08 05:00:00,3.071,3.257883333333333,295.595,191.813125
2020-08-08 06:00:00,3.071,3.35855,298.78499999999997,229.77055000000001
2020-08-08 07:00:00,3.071,3.3923,298.6116666666667,329.8073383333333
2020-08-08 08:00:00,3.071,3.3063166666666666,300.27333333333337,337.06365666666665
2020-08-08 09:00:00,3.071,3.2407,298.54,341.4577516666667
2020-08-08 10:00:00,3.071,3.1425833333333335,299.52333333333337,360.7871083333333
2020-08-08 11:00:00,3.071,3.0313,298.18666666666667,397.81355666666667
2020-08-08 12:00:00,3.071,2.8898333333333333,299.80833333333334,452.74358666666666
2020-08-08 13:00:00,3.071,2.6216333333333335,300.455,433.5562933333333
2020-08-08 14:00:00,3.071,2.5194666666666667,296.5866666666667,352.33553666666666
2020-08-08 15:00:00,3.071,2.3946666666666667,337.90333333333336,391.6575216666667
2020-08-08 16:00:00,3.071,2.5306833333333336,551.2866666666666,321.543455
2020-08-08 17:00:00,3.071,2.817466666666667,553.2616666666667,347.2497716666667
2020-08-08 18:00:00,3.071,2.871583333333333,303.775,415.8635966666667
2020-08-08 19:00:00,3.071,2.6956333333333333,278.8616666666667,374.383215
2020-08-08 20:00:00,3.071,2.6403499999999998,461.71500000000003,415.15103999999997
2020-08-08 21:00:00,3.071,2.7807000000000004,552.065,414.60569000000004
2020-08-08 22:00:00,3.071,2.84565,400.05833333333334,466.42556833333333
2020-08-08 23:00:00,3.071,2.7120333333333333,331.9433333333333,416.4277
2020-08-09 00:00:00,3.071,2.5625,338.28499999999997,394.0135633333333
2020-08-09 01:00:00,3.071,2.5863333333333336,335.83,247.08552333333333
2020-08-09 02:00:00,3.071,2.7302833333333334,335.24,205.91599
2020-08-09 03:00:00,3.071,2.90005,344.6666666666667,191.3383883333333
2020-08-09 04:00:00,3.071,3.14495,411.58,187.448535
2020-08-09 05:00:00,3.071,3.396733333333333,325.345,195.95560500000002
2020-08-09 06:00:00,3.071,3.4533666666666667,305.6166666666667,247.09130666666667
2020-08-09 07:00:00,3.071,3.4905666666666666,234.46666666666667,265.87917333333337
2020-08-09 08:00:00,3.071,3.3929166666666664,241.58166666666665,346.710815
2020-08-09 09:00:00,3.071,3.246283333333333,240.11333333333332,353.8296766666666
2020-08-09 10:00:00,3.071,3.0089166666666665,236.525,414.52406833333333
2020-08-09 11:00:00,3.071,2.780733333333333,238.82000000000002,416.816865
2020-08-09 12:00:00,3.071,2.5203333333333333,238.69833333333332,422.70638333333335
2020-08-09 13:00:00,3.071,2.2444833333333336,234.35666666666665,453.82241
2020-08-09 14:00:00,3.071,2.1380166666666667,624.7900000000001,461.00438
2020-08-09 15:00:00,3.071,2.428516666666667,754.1316666666667,490.6613183333333
2020-08-09 16:00:00,3.071,2.858966666666667,716.6683333333333,390.4007333333333
2020-08-09 17:00:00,3.071,3.051216666666667,400.9633333333333,365.32581666666664
2020-08-09 18:00:00,3.071,2.987,241.76666666666668,388.8380716666667
2020-08-09 19:00:00,3.071,2.658783333333333,212.92000000000002,504.3572666666667
2020-08-09 20:00:00,3.071,2.3178833333333335,212.345,441.0062116666667
2020-08-09 21:00:00,3.071,1.9659833333333334,213.23833333333332,490.2907466666667
2020-08-09 22:00:00,3.071,1.7233166666666666,370.21,422.5750066666667
2020-08-09 23:00:00,3.071,1.69615,377.45,373.31799333333333
2020-08-10 00:00:00,3.071,1.7571666666666668,379.3816666666667,286.98480333333333
2020-08-10 01:00:00,3.071,1.9108166666666666,380.96,282.80484333333334
2020-08-10 02:00:00,3.071,1.9889166666666667,381.7683333333333,270.0844016666667
2020-08-10 03:00:00,3.071,2.208666666666667,381.90999999999997,190.02583166666668
2020-08-10 04:00:00,3.071,2.45585,381.92333333333335,187.56720833333333
2020-08-10 05:00:00,3.071,2.7163166666666667,494.31166666666667,230.08732833333335
2020-08-10 06:00:00,3.071,3.1094500000000003,565.7133333333334,295.36519000000004
2020-08-10 07:00:00,3.071,3.3596,498.14166666666665,398.1213383333333
2020-08-10 08:00:00,3.071,3.296783333333333,313.84833333333336,461.55916333333334
2020-08-10 09:00:00,3.071,3.09585,306.905,423.8844883333333
2020-08-10 10:00:00,3.071,2.9683,309.22,403.91186166666665
2020-08-10 11:00:00,3.071,2.7889166666666667,309.62166666666667,462.472115
2020-08-10 12:00:00,3.071,2.6075999999999997,309.40833333333336,399.61192833333337
2020-08-10 13:00:00,3.071,2.5143,309.53499999999997,363.1473833333333
2020-08-10 14:00:00,3.071,2.46885,364.4116666666667,368.780315
2020-08-10 15:00:00,3.071,2.4455666666666667,377.195,391.7735083333334
2020-08-10 16:00:00,3.071,2.4693,377.4483333333334,319.33593
2020-08-10 17:00:00,3.071,2.4787000000000003,483.21500000000003,451.99675
2020-08-10 18:00:00,3.071,2.644766666666667,547.39,393.9838433333333
2020-08-10 19:00:00,3.071,2.8010666666666664,538.4,400.66388
2020-08-10 20:00:00,3.071,2.97945,538.575,427.1473383333333
2020-08-10 21:00:00,3.071,3.0302999999999995,545.4150000000001,527.2196316666666
2020-08-10 22:00:00,3.071,3.100416666666667,548.1533333333333,434.377295
2020-08-10 23:00:00,3.071,3.2491833333333333,408.82,350.6053566666667
2020-08-11 00:00:00,3.071,3.1702333333333335,229.61499999999998,330.1355233333333
2020-08-11 01:00:00,3.071,3.0691166666666665,231.19333333333333,240.14717333333334
2020-08-11 02:00:00,3.071,3.079733333333333,233.96666666666667,207.534825
2020-08-11 03:00:00,3.071,3.122583333333333,233.375,184.53023333333334
2020-08-11 04:00:00,3.071,3.180066666666667,231.94500000000002,180.98215166666665
2020-08-11 05:00:00,3.071,3.2327999999999997,234.32333333333332,197.08530333333334
2020-08-11 06:00:00,3.071,3.2475,238.52833333333334,253.38952333333333
2020-08-11 07:00:00,3.071,3.0995166666666667,237.73833333333332,434.06005999999996
2020-08-11 08:00:00,3.071,2.7487,237.04500000000002,484.0043483333333
2020-08-11 09:00:00,3.071,2.51605,233.27833333333334,353.156685
2020-08-11 10:00:00,3.071,2.3465,247.82666666666668,353.7705716666667
2020-08-11 11:00:00,3.071,2.4155666666666664,636.3383333333334,422.9316183333333
2020-08-11 12:00:00,3.071,2.650383333333333,639.8233333333334,466.19841833333334
2020-08-11 13:00:00,3.071,2.9130833333333332,638.2283333333332,371.19089833333334
2020-08-11 14:00:00,3.071,3.25835,581.4633333333334,324.9358866666667
2020-08-11 15:00:00,3.071,3.5325166666666665,575.025,399.42489
2020-08-11 16:00:00,3.071,3.5411,181.0,353.3092633333333
2020-08-11 17:00:00,3.071,3.2813333333333334,166.99166666666667,314.089975
2020-08-11 18:00:00,3.071,3.0654666666666666,189.325,392.42576
2020-08-11 19:00:00,3.071,2.7099333333333333,188.96166666666667,482.2217483333333
2020-08-11 20:00:00,3.071,2.2911,187.65166666666667,479.0260016666667
2020-08-11 21:00:00,3.071,1.9149166666666666,187.77166666666665,467.47719666666666
2020-08-11 22:00:00,3.071,1.6165666666666667,364.8833333333333,479.453625
2020-08-11 23:00:00,3.071,1.5174333333333332,387.2866666666667,385.5462716666667
2020-08-12 00:00:00,3.071,1.5701833333333333,391.0933333333333,311.9052316666667
2020-08-12 01:00:00,3.071,1.6848999999999998,400.43666666666667,289.55449500000003
2020-08-12 02:00:00,3.071,1.88465,402.0733333333334,194.06163333333333
2020-08-12 03:00:00,3.071,2.1483166666666667,403.50333333333333,193.33526833333332
2020-08-12 04:00:00,3.071,2.42125,401.10999999999996,181.042305
2020-08-12 05:00:00,3.071,2.6892666666666667,401.7183333333333,201.34177499999998
2020-08-12 06:00:00,3.071,2.8994166666666668,399.21500000000003,283.1961466666667
2020-08-12 07:00:00,3.071,2.9618666666666664,394.875,381.90320333333335
2020-08-12 08:00:00,3.071,2.933466666666667,394.84666666666664,392.09177999999997
2020-08-12 09:00:00,3.071,2.9223166666666667,399.835,380.10336
2020-08-12 10:00:00,3.071,2.9681166666666665,399.9116666666667,346.0334033333333
2020-08-12 11:00:00,3.071,2.8742666666666663,399.2433333333333,561.5769283333334
2020-08-12 12:00:00,3.071,2.7339333333333333,401.3316666666667,398.89288000000005
2020-08-12 13:00:00,3.071,2.7595,400.4816666666667,348.03143166666666
2020-08-12 14:00:00,3.071,2.7744166666666668,404.39666666666665,401.93421666666666
2020-08-12 15:00:00,3.071,2.7599666666666662,398.47166666666664,386.73695000000004
2020-08-12 16:00:00,3.071,2.7656,404.9183333333333,371.13219166666664
2020-08-12 17:00:00,3.071,2.834766666666667,402.05333333333334,316.5543983333334
2020-08-12 18:00:00,3.071,2.88685,397.0833333333333,388.9706816666667
2020-08-12 19:00:00,3.071,2.88245,397.12,365.005715
2020-08-12 20:00:00,3.071,2.843433333333333,392.9133333333333,458.09281999999996
2020-08-12 21:00:00,3.071,2.70925,394.9266666666666,480.12521833333335
2020-08-12 22:00:00,3.071,2.54215,394.6433333333333,543.9268683333333
2020-08-12 23:00:00,3.071,2.3813999999999997,328.99833333333333,366.97186666666664
2020-08-13 00:00:00,3.071,2.3127833333333334,281.4683333333333,334.46965166666666
2020-08-13 01:00:00,3.071,2.26755,282.46500000000003,243.321085
2020-08-13 02:00:00,3.071,2.315716666666667,283.6183333333333,247.18962000000002
2020-08-13 03:00:00,3.071,2.3943999999999996,284.6433333333333,176.75431500000002
2020-08-13 04:00:00,3.071,2.5248833333333334,283.2966666666667,177.6810933333333
2020-08-13 05:00:00,3.071,2.64445,284.0566666666667,196.559885
2020-08-13 06:00:00,3.071,2.9909499999999998,734.7583333333333,287.6768333333333
2020-08-13 07:00:00,3.071,3.5054666666666665,723.3516666666667,381.939
2020-08-13 08:00:00,3.071,3.628533333333333,350.06166666666667,419.45946833333335
2020-08-13 09:00:00,3.071,3.5327166666666665,343.5316666666667,380.3398583333334
2020-08-13 10:00:00,3.071,3.4964999999999997,344.0816666666667,371.91878166666663
2020-08-13 11:00:00,3.071,3.3934166666666665,339.60833333333335,445.8827566666667
2020-08-13 12:00:00,3.071,3.246383333333333,339.905,380.9394166666667
2020-08-13 13:00:00,3.071,3.19335,332.8016666666666,358.408905
2020-08-13 14:00:00,3.071,3.1181166666666664,333.74,420.45633166666664
2020-08-13 15:00:00,3.071,2.94315,338.1816666666667,402.492145
2020-08-13 16:00:00,3.071,2.8767666666666667,339.5883333333333,385.61683999999997
2020-08-13 17:00:00,3.071,2.818366666666667,342.4166666666667,362.74936499999995
2020-08-13 18:00:00,3.071,2.7497333333333334,342.9316666666667,371.63535333333334
2020-08-13 19:00:00,3.071,2.7250500000000004,345.55833333333334,363.31059999999997
2020-08-13 20:00:00,3.071,2.6233666666666666,426.945,482.03798333333333
2020-08-13 21:00:00,3.071,2.5986833333333332,471.325,444.12899999999996
2020-08-13 22:00:00,3.071,2.5692,388.51,463.09335833333336
2020-08-13 23:00:00,3.071,2.435283333333333,337.28499999999997,374.5774916666667
2020-08-14 00:00:00,3.071,2.365816666666667,341.82,426.45099
2020-08-14 01:00:00,3.071,2.29445,343.75,273.25893
2020-08-14 02:00:00,3.071,2.4410000000000003,343.9183333333333,205.48791
2020-08-14 03:00:00,3.071,2.6243833333333333,345.9866666666667,186.4071133333333
2020-08-14 04:00:00,3.071,2.8249666666666666,346.73333333333335,184.70850666666666
2020-08-14 05:00:00,3.071,2.9957,348.40166666666664,249.09794
2020-08-14 06:00:00,3.071,3.0659833333333335,346.12,310.3209783333333
2020-08-14 07:00:00,3.071,3.0181666666666667,340.8066666666667,409.7698983333333
2020-08-14 08:00:00,3.071,2.8819333333333335,338.84000000000003,431.75767666666667
2020-08-14 09:00:00,3.071,2.783983333333333,330.5183333333333,359.9730983333333
2020-08-14 10:00:00,3.071,2.7399999999999998,327.7590163934426,341.0958393442623
2020-08-14 11:00:00,3.071,2.62465,340.1,449.6388733333333
2020-08-14 12:00:00,3.071,2.5136166666666666,343.85166666666663,382.0210333333333
2020-08-14 13:00:00,3.071,2.4365333333333337,343.9066666666667,385.2432166666667
2020-08-14 14:00:00,3.071,2.3559166666666664,347.0566666666667,361.23464666666666
2020-08-14 15:00:00,3.071,2.2877666666666667,347.085,444.99155499999995
2020-08-14 16:00:00,3.071,2.1743666666666663,349.44666666666666,383.15475499999997
2020-08-14 17:00:00,3.071,2.0890166666666667,348.685,413.81048833333335
2020-08-14 18:00:00,3.071,2.0120833333333334,348.30833333333334,352.85825833333337
2020-08-14 19:00:00,3.071,1.9812,345.695,391.90146833333336
2020-08-14 20:00:00,3.071,1.8175999999999999,335.5833333333333,448.12535
2020-08-14 21:00:00,3.071,1.6897333333333333,335.6333333333333,417.3743783333333
2020-08-14 22:00:00,3.071,1.5287333333333335,336.73833333333334,452.7682633333333
2020-08-14 23:00:00,3.071,1.4051666666666667,337.07166666666666,368.2214666666667
2020-08-15 00:00:00,3.071,1.3945333333333332,361.76666666666665,317.191665
2020-08-15 01:00:00,3.071,1.4865,374.3183333333333,247.56554333333332
2020-08-15 02:00:00,3.071,1.67555,374.3833333333333,207.09311666666665
2020-08-15 03:00:00,3.071,1.8986166666666666,375.55833333333334,187.43191166666665
2020-08-15 04:00:00,3.071,2.11925,376.85,206.84978666666666
2020-08-15 05:00:00,3.071,2.363783333333333,497.95,204.91100999999998
2020-08-15 06:00:00,3.071,2.8756833333333334,729.865,336.99332
2020-08-15 07:00:00,3.071,3.1030666666666664,429.915,387.25688
2020-08-15 08:00:00,3.071,3.151216666666667,429.90833333333336,394.1162783333333
2020-08-15 09:00:00,3.071,3.1478166666666665,434.3666666666667,399.92818
2020-08-15 10:00:00,3.071,3.2121666666666666,437.3683333333333,376.6203366666667
2020-08-15 11:00:00,3.071,3.2331166666666666,435.05333333333334,433.33556000000004
2020-08-15 12:00:00,3.071,3.1862,435.23499999999996,435.8607
2020-08-15 13:00:00,3.071,3.2049666666666665,344.98833333333334,334.21126
2020-08-15 14:00:00,3.071,3.116833333333333,265.4133333333333,339.7315316666666
2020-08-15 15:00:00,3.071,2.9653,300.27000000000004,398.51101666666665
2020-08-15 16:00:00,3.071,2.90595,385.67,351.59101833333335
2020-08-15 17:00:00,3.071,2.816616666666667,381.9116666666667,516.546545
2020-08-15 18:00:00,3.071,2.7245333333333335,376.315,354.0745366666667
2020-08-15 19:00:00,3.071,2.7273833333333335,373.85166666666663,347.7890433333333
2020-08-15 20:00:00,3.071,2.74335,372.76166666666666,350.3098566666667
2020-08-15 21:00:00,3.071,2.713083333333333,377.655,426.26936166666667
2020-08-15 22:00:00,3.071,2.7575999999999996,576.1083333333333,415.45369
2020-08-15 23:00:00,3.071,2.961116666666667,496.28499999999997,352.21446333333336
2020-08-16 00:00:00,3.071,2.94515,270.96666666666664,381.09100166666667
2020-08-16 01:00:00,3.071,2.8273,273.33,280.0336066666667
2020-08-16 02:00:00,3.071,2.8509333333333333,273.8433333333333,215.03724666666668
2020-08-16 03:00:00,3.071,2.9252499999999997,273.35999999999996,198.84294333333335
2020-08-16 04:00:00,3.071,3.019766666666667,272.85333333333335,182.59960833333335
2020-08-16 05:00:00,3.071,3.1251,273.5516666666666,190.95311666666666
2020-08-16 06:00:00,3.071,3.1899333333333333,280.155,236.04586
2020-08-16 07:00:00,3.071,3.2123666666666666,280.4866666666667,275.2551
2020-08-16 08:00:00,3.071,3.128633333333333,280.595,398.59746666666666
2020-08-16 09:00:00,3.071,2.8251666666666666,279.04,539.4872416666666
2020-08-16 10:00:00,3.071,2.5717,276.5066666666667,399.59367333333336
2020-08-16 11:00:00,3.071,2.3851333333333335,275.385,375.77348
2020-08-16 12:00:00,3.071,2.2674166666666666,314.905,365.11293666666666
2020-08-16 13:00:00,3.071,2.146716666666667,357.49666666666667,447.884845
2020-08-16 14:00:00,3.071,2.056233333333333,358.4216666666667,351.4581416666667
2020-08-16 15:00:00,3.071,2.0804,362.8933333333333,315.32038
2020-08-16 16:00:00,3.071,2.1113166666666667,436.13666666666666,338.0086616666667
2020-08-16 17:00:00,3.071,2.4336166666666665,747.6483333333333,401.841545
2020-08-16 18:00:00,3.071,2.8871666666666664,744.7416666666667,344.883675
2020-08-16 19:00:00,3.071,3.336383333333333,742.675,391.9768066666667
2020-08-16 20:00:00,3.071,3.4495,287.6383333333333,496.1730283333333
2020-08-16 21:00:00,3.071,3.0908666666666664,274.1716666666667,466.1409216666667
2020-08-16 22:00:00,3.071,2.89125,268.8833333333333,391.87997666666666
2020-08-16 23:00:00,3.071,2.6788499999999997,278.24833333333333,409.62628
2020-08-17 00:00:00,3.071,2.5570166666666667,304.3066666666667,314.0531933333333
2020-08-17 01:00:00,3.071,2.5285,307.3616666666667,307.1739866666667
2020-08-17 02:00:00,3.071,2.5781666666666667,306.5066666666667,216.63561166666665
2020-08-17 03:00:00,3.071,2.6987333333333337,363.725,206.25407333333334
2020-08-17 04:00:00,3.071,2.98915,463.05833333333334,192.92731666666666
2020-08-17 05:00:00,3.071,3.3139833333333333,455.14833333333337,207.89155166666666
2020-08-17 06:00:00,3.071,3.5000166666666668,309.43833333333333,252.63423
2020-08-17 07:00:00,3.071,3.5054666666666665,299.585,328.4282616666667
2020-08-17 08:00:00,3.071,3.4129,296.18666666666667,337.820015
2020-08-17 09:00:00,3.071,3.3127666666666666,294.205,394.55633
2020-08-17 10:00:00,3.071,3.104766666666667,297.275,427.295415
2020-08-17 11:00:00,3.071,2.863316666666667,298.225,508.64556333333337
2020-08-17 12:00:00,3.071,2.64425,296.9216666666667,403.58179333333334
2020-08-17 13:00:00,3.071,2.4082999999999997,295.80333333333334,457.586475
2020-08-17 14:00:00,3.071,2.2665166666666665,368.77333333333337,327.46227833333336
2020-08-17 15:00:00,3.071,2.5390666666666664,719.7833333333333,375.92629000000005
2020-08-17 16:00:00,3.071,2.9997833333333332,725.1366666666667,336.02773833333333
2020-08-17 17:00:00,3.071,3.411583333333333,657.0483333333334,391.78469666666666
2020-08-17 18:00:00,3.071,3.572283333333333,433.4,366.24843500000003
2020-08-17 19:00:00,3.071,3.6456500000000003,432.65333333333336,383.79230333333334
2020-08-17 20:00:00,3.071,3.5970500000000003,431.7916666666667,489.9071333333333
2020-08-17 21:00:00,3.071,3.4602,430.25,520.336785
2020-08-17 22:00:00,3.071,3.3400000000000003,431.14000000000004,461.27117333333337
2020-08-17 23:00:00,3.071,3.286216666666667,328.6933333333333,368.81511666666665
2020-08-18 00:00:00,3.071,3.212423728813559,290.0457627118644,305.38341355932204
2020-08-18 01:00:00,3.071,3.1887333333333334,290.79833333333335,279.2460183333333
2020-08-18 02:00:00,3.071,3.1956833333333337,291.65999999999997,255.63162
2020-08-18 03:00:00,3.071,3.27205,289.95,202.03408833333333
2020-08-18 04:00:00,3.071,3.3787666666666665,291.85166666666663,178.86707166666667
2020-08-18 05:00:00,3.071,3.503,292.03499999999997,197.62909166666665
2020-08-18 06:00:00,3.071,3.5500499999999997,290.34166666666664,304.0018816666667
2020-08-18 07:00:00,3.071,3.465616666666667,288.0433333333333,351.43162666666666
2020-08-18 08:00:00,3.071,3.2971833333333334,285.8233333333334,435.995355
2020-08-18 09:00:00,3.071,3.09485,285.8066666666667,381.34424666666666
2020-08-18 10:00:00,3.071,2.93515,287.78333333333336,428.75796166666663
2020-08-18 11:00:00,3.071,2.6786499999999998,277.075,475.6982766666667
2020-08-18 12:00:00,3.071,2.3484333333333334,288.4316666666667,498.18013333333334
2020-08-18 13:00:00,3.071,2.1586166666666666,290.46,344.08520166666665
2020-08-18 14:00:00,3.071,2.062066666666667,288.5833333333333,342.36099
2020-08-18 15:00:00,3.071,1.99735,291.375,320.3112433333333
2020-08-18 16:00:00,3.071,1.9232,291.38,316.47527166666663
2020-08-18 17:00:00,3.071,1.8569,290.75,365.30644666666666
2020-08-18 18:00:00,3.071,1.82815,456.09166666666664,343.1156766666667
2020-08-18 19:00:00,3.071,1.9793333333333334,492.77666666666664,373.05870166666665
2020-08-18 20:00:00,3.071,2.1045,492.43833333333333,385.1987316666667
2020-08-18 21:00:00,3.071,2.1706166666666666,478.5883333333333,474.44839666666667
2020-08-18 22:00:00,3.071,2.0885000000000002,462.7966666666667,471.68851
2020-08-18 23:00:00,3.071,2.1334500000000003,415.54833333333335,307.89285333333333
2020-08-19 00:00:00,3.071,2.274583333333333,417.295,266.2612383333333
2020-08-19 01:00:00,3.071,2.4769,419.51166666666666,247.70086666666666
2020-08-19 02:00:00,3.071,2.7182166666666663,422.82666666666665,191.14512333333332
2020-08-19 03:00:00,3.071,3.015516666666667,425.47333333333336,184.57030166666667
2020-08-19 04:00:00,3.071,3.3215999999999997,428.45,182.12548
2020-08-19 05:00:00,3.071,3.625183333333333,430.5383333333333,194.95657
2020-08-19 06:00:00,3.071,3.837683333333333,288.85166666666663,267.31359499999996
2020-08-19 07:00:00,3.071,3.6440333333333332,233.27166666666665,445.49798499999997
2020-08-19 08:00:00,3.071,3.2886333333333337,235.14333333333335,465.99534
2020-08-19 09:00:00,3.071,3.019433333333333,233.45166666666668,395.7133733333333
2020-08-19 10:00:00,3.071,2.77655,237.15833333333333,406.2361233333333
2020-08-19 11:00:00,3.071,2.4840166666666668,236.625,477.512895
2020-08-19 12:00:00,3.071,2.1690666666666667,237.18333333333334,420.4134
2020-08-19 13:00:00,3.071,1.8445666666666667,235.33666666666667,476.5570866666667
2020-08-19 14:00:00,3.071,1.5537333333333334,235.27,387.14095333333336
2020-08-19 15:00:00,3.071,1.4508,462.565,335.8363116666667
2020-08-19 16:00:00,3.071,1.8741833333333333,741.5716666666667,308.01058
2020-08-19 17:00:00,3.071,2.403916666666667,743.0550000000001,357.93098166666664
2020-08-19 18:00:00,3.071,2.8679666666666668,748.0366666666666,366.03175666666664
2020-08-19 19:00:00,3.071,3.321166666666667,741.2633333333334,390.02073
2020-08-19 20:00:00,3.071,3.7093,604.3683333333333,420.32426166666664
2020-08-19 21:00:00,3.071,3.6098500000000002,231.96666666666667,433.96029166666665
2020-08-19 22:00:00,3.071,3.3493833333333334,234.26666666666668,344.5127
2020-08-19 23:00:00,3.071,3.1508666666666665,230.1616666666667,435.72553166666665
2020-08-20 00:00:00,3.071,2.9372166666666666,231.50166666666667,269.363595
2020-08-20 01:00:00,3.071,2.9061666666666666,232.36833333333334,239.28455833333334
2020-08-20 02:00:00,3.071,2.8679166666666664,231.54166666666666,253.857725
2020-08-20 03:00:00,3.071,2.8550833333333334,232.59666666666666,191.53506666666667
2020-08-20 04:00:00,3.071,2.9062666666666668,232.0,182.4850583333333
2020-08-20 05:00:00,3.071,2.9472666666666667,230.35166666666666,197.01772
2020-08-20 06:00:00,3.071,2.9421666666666666,230.15333333333334,260.13491166666665
2020-08-20 07:00:00,3.071,2.8755,374.0466666666667,354.85285
2020-08-20 08:00:00,3.071,3.0507166666666667,732.8766666666667,491.93024333333335
2020-08-20 09:00:00,3.071,3.2314166666666666,444.17833333333334,414.135985
2020-08-20 10:00:00,3.071,3.13125,343.6183333333333,419.61825166666665
2020-08-20 11:00:00,3.071,3.0120333333333336,408.28333333333336,443.95195500000005
2020-08-20 12:00:00,3.071,2.9486833333333333,350.29833333333335,452.60832833333336
2020-08-20 13:00:00,3.071,2.6948999999999996,268.57,367.04851233333335
2020-08-20 14:00:00,3.071,2.8754666666666666,741.7583333333333,405.699495
2020-08-20 15:00:00,3.071,3.2365333333333335,759.19,440.70976666666667
2020-08-20 16:00:00,3.071,3.5084166666666667,393.5466666666667,324.57471833333335
2020-08-20 17:00:00,3.071,3.509466666666667,369.0833333333333,373.6393516666667
2020-08-20 18:00:00,3.071,3.4133166666666668,297.5866666666667,408.48840333333334
2020-08-20 19:00:00,3.071,3.238383333333333,287.4,382.113725
2020-08-20 20:00:00,3.071,3.0810666666666666,287.67333333333335,393.12050833333336
2020-08-20 21:00:00,3.071,2.9028666666666667,339.39166666666665,430.20024
2020-08-20 22:00:00,3.071,2.8675,412.78499999999997,328.22459999999995
2020-08-20 23:00:00,3.071,2.9895833333333335,359.96666666666664,277.439115
2020-08-21 00:00:00,3.071,3.020866666666667,282.10166666666663,254.81683833333332
2020-08-21 01:00:00,3.071,2.9752666666666667,282.81,371.1449566666667
2020-08-21 02:00:00,3.071,2.8899666666666666,282.14666666666665,251.49286333333333
2020-08-21 03:00:00,3.071,2.9744,281.67833333333334,180.07000666666667
2020-08-21 04:00:00,3.071,3.097383333333333,283.72833333333335,177.91719333333333
2020-08-21 05:00:00,3.071,3.2116833333333332,283.44166666666666,196.52854
2020-08-21 06:00:00,3.071,3.2792166666666662,289.0516666666666,262.84128
2020-08-21 07:00:00,3.071,3.1895000000000002,288.22,410.2833033333334
2020-08-21 08:00:00,3.071,3.009133333333333,288.89666666666665,391.33609333333334
2020-08-21 09:00:00,3.071,2.8257166666666667,286.3833333333333,423.2337183333333
2020-08-21 10:00:00,3.071,2.634516666666667,288.8883333333333,405.9357583333333
2020-08-21 11:00:00,3.071,2.4022666666666668,288.58,466.79133833333333
2020-08-21 12:00:00,3.071,2.1767166666666666,289.6433333333333,412.57599666666664
2020-08-21 13:00:00,3.071,2.0503,527.3033333333334,461.9663683333334
2020-08-21 14:00:00,3.071,2.3163,675.4883333333333,372.65381499999995
2020-08-21 15:00:00,3.071,2.6976500000000003,677.1433333333333,346.7693366666666
2020-08-21 16:00:00,3.071,3.001733333333333,426.3316666666667,338.53096666666664
2020-08-21 17:00:00,3.071,2.9105,362.82166666666666,448.68187666666665
2020-08-21 18:00:00,3.071,2.8183000000000002,363.58,402.9382733333333
2020-08-21 19:00:00,3.071,2.7313666666666667,358.19,398.194845
2020-08-21 20:00:00,3.071,2.6858833333333334,356.1183333333333,363.24560333333335
2020-08-21 21:00:00,3.071,2.6075,357.3283333333333,425.78946666666667
2020-08-21 22:00:00,3.071,2.54585,348.575,309.19901833333336
2020-08-21 23:00:00,3.071,2.612016666666667,351.26666666666665,266.75383500000004
2020-08-22 00:00:00,3.071,2.717833333333333,352.3016666666666,250.071505
2020-08-22 01:00:00,3.071,2.8383333333333334,352.305,255.01860833333333
2020-08-22 02:00:00,3.071,2.950283333333333,353.13,217.9941466666667
2020-08-22 03:00:00,3.071,3.1415,362.025,204.52387666666667
2020-08-22 04:00:00,3.071,3.3468166666666668,363.5,182.75206500000002
2020-08-22 05:00:00,3.071,3.5634666666666663,365.775,193.42885166666667
2020-08-22 06:00:00,3.071,3.746,366.005,256.57857
2020-08-22 07:00:00,3.071,3.7696166666666664,245.965,338.92410666666666
2020-08-22 08:00:00,3.071,3.40405,140.04833333333332,493.238565
2020-08-22 09:00:00,3.071,2.9875166666666666,152.165,386.7623183333333
2020-08-22 10:00:00,3.071,2.6824500000000002,152.07999999999998,357.1884633333333
2020-08-22 11:00:00,3.071,2.3625666666666665,151.9633333333333,393.26681
2020-08-22 12:00:00,3.071,2.067616666666667,361.87833333333333,395.96324833333335
2020-08-22 13:00:00,3.071,2.2662,638.2983333333334,351.71771333333334
2020-08-22 14:00:00,3.071,2.6434166666666665,640.0300000000001,338.04186166666665
2020-08-22 15:00:00,3.071,2.9959,644.4466666666667,396.85523
2020-08-22 16:00:00,3.071,3.172166666666667,462.135,393.5424383333333
2020-08-22 17:00:00,3.071,3.1835166666666668,432.38666666666666,413.3968716666667
2020-08-22 18:00:00,3.071,3.1253,428.5366666666667,512.5086233333334
2020-08-22 19:00:00,3.071,3.0794,430.93666666666667,339.24247
2020-08-22 20:00:00,3.071,3.1470833333333332,431.75333333333333,398.3134583333333
2020-08-22 21:00:00,3.071,3.18145,426.3066666666667,358.89334833333334
2020-08-22 22:00:00,3.071,3.2813166666666667,385.93666666666667,287.814505
2020-08-22 23:00:00,3.071,3.19295,150.76833333333335,331.59229666666664
2020-08-23 00:00:00,3.071,2.9691833333333335,151.67000000000002,283.262885
2020-08-23 01:00:00,3.071,2.7955833333333335,152.45,235.066065
2020-08-23 02:00:00,3.071,2.6974500000000003,151.65833333333333,201.03795666666667
2020-08-23 03:00:00,3.071,2.6323833333333337,152.64833333333334,183.50169333333332
2020-08-23 04:00:00,3.071,2.6268499999999997,341.34000000000003,179.59356666666665
2020-08-23 05:00:00,3.071,3.100083333333333,643.5533333333333,187.727245
2020-08-23 06:00:00,3.071,3.6503,563.5666666666667,225.042455
2020-08-23 07:00:00,3.071,3.6769833333333333,82.86166666666666,297.0289783333333
2020-08-23 08:00:00,3.071,3.389416666666667,182.66833333333335,320.2105866666667
2020-08-23 09:00:00,3.071,3.2140666666666666,238.08666666666667,382.82341166666663
2020-08-23 10:00:00,3.071,3.0013333333333336,373.42833333333334,475.17645
2020-08-23 11:00:00,3.071,2.8693666666666666,459.26166666666666,511.34821666666664
2020-08-23 12:00:00,3.071,2.772483333333333,459.07,505.71378999999996
2020-08-23 13:00:00,3.071,2.7199,459.055,442.53770333333335
2020-08-23 14:00:00,3.071,2.735,457.52166666666665,391.99657833333333
2020-08-23 15:00:00,3.071,2.8310666666666666,454.46,348.22508166666665
2020-08-23 16:00:00,3.071,2.9487666666666663,461.96500000000003,359.89224
2020-08-23 17:00:00,3.071,3.052133333333333,458.62666666666667,345.279195
2020-08-23 18:00:00,3.071,3.1314833333333336,354.63,377.72475833333334
2020-08-23 19:00:00,3.071,2.9921,315.5366666666667,406.88551333333334
2020-08-23 20:00:00,3.071,2.8011,420.30333333333334,511.47104666666667
2020-08-23 21:00:00,3.071,2.8324833333333337,553.0983333333334,448.1491766666667
2020-08-23 22:00:00,3.071,2.8714166666666667,307.8566666666667,330.5570583333334
2020-08-23 23:00:00,3.071,2.7807,240.66833333333335,263.41724
2020-08-24 00:00:00,3.071,2.7640499999999997,244.49333333333334,236.16173666666666
2020-08-24 01:00:00,3.071,2.76985,244.22833333333335,215.46603666666667
2020-08-24 02:00:00,3.071,2.7979333333333334,243.6616666666667,202.602965
2020-08-24 03:00:00,3.071,2.8503833333333333,242.82333333333332,188.836065
2020-08-24 04:00:00,3.071,2.914616666666667,353.79,223.312085
2020-08-24 05:00:00,3.071,3.1783333333333332,500.9533333333333,261.50941666666665
2020-08-24 06:00:00,3.071,3.426,470.3833333333333,343.57268833333336
2020-08-24 07:00:00,3.071,3.4075333333333333,371.135,413.336485
2020-08-24 08:00:00,3.071,3.3657666666666666,369.435,369.6210266666667
2020-08-24 09:00:00,3.071,3.3348333333333335,366.7633333333333,354.98689333333334
2020-08-24 10:00:00,3.071,3.3153833333333336,364.7416666666667,411.8795066666667
2020-08-24 11:00:00,3.071,3.14665,365.43,521.8713333333333
2020-08-24 12:00:00,3.071,2.9513000000000003,370.5933333333333,402.65333833333335
2020-08-24 13:00:00,3.071,2.9404,368.9133333333333,343.92229000000003
2020-08-24 14:00:00,3.071,2.96825,370.9183333333333,320.88287
2020-08-24 15:00:00,3.071,2.9693166666666664,371.47833333333335,370.6878716666667
2020-08-24 16:00:00,3.071,3.0098333333333334,374.2883333333333,300.15214333333336
2020-08-24 17:00:00,3.071,3.0716166666666664,374.3683333333333,322.7794333333333
2020-08-24 18:00:00,3.071,3.0653833333333336,377.8933333333333,417.99877833333335
2020-08-24 19:00:00,3.071,2.94605,375.0083333333333,438.09381833333333
2020-08-24 20:00:00,3.071,2.83965,373.2933333333333,440.2258333333333
2020-08-24 21:00:00,3.071,2.6937333333333333,364.74833333333333,461.3766233333333
2020-08-24 22:00:00,3.071,2.5330166666666667,365.0433333333333,441.08513166666665
2020-08-24 23:00:00,3.071,2.54785,364.71,253.97942166666664
2020-08-25 00:00:00,3.071,2.6777333333333333,366.3016666666666,258.81814
2020-08-25 01:00:00,3.071,2.78545,282.375,207.57280666666665
2020-08-25 02:00:00,3.071,2.8537833333333333,261.56166666666667,188.77244333333334
2020-08-25 03:00:00,3.071,2.94835,261.56333333333333,174.91893333333334
2020-08-25 04:00:00,3.071,3.0492,261.5866666666667,173.5897183333333
2020-08-25 05:00:00,3.071,3.13505,277.1183333333333,220.81386833333332
2020-08-25 06:00:00,3.071,3.217566666666667,357.55833333333334,289.3650983333334
2020-08-25 07:00:00,3.071,3.1742333333333335,348.335,438.21949166666667
2020-08-25 08:00:00,3.071,2.9802833333333334,351.93333333333334,481.92914
2020-08-25 09:00:00,3.071,2.83945,354.385,402.9982983333333
2020-08-25 10:00:00,3.071,2.758566666666667,413.73833333333334,405.5552016666667
2020-08-25 11:00:00,3.071,2.8059999999999996,508.0733333333334,421.7045166666667
2020-08-25 12:00:00,3.071,2.9474,512.9183333333333,351.13425333333333
2020-08-25 13:00:00,3.071,3.1443333333333334,516.55,348.577445
2020-08-25 14:00:00,3.071,3.137516666666667,362.10499999999996,490.45005166666664
2020-08-25 15:00:00,3.071,3.034583333333333,357.445,336.30477333333334
2020-08-25 16:00:00,3.071,3.0584,354.4483333333334,297.4764016666667
2020-08-25 17:00:00,3.071,3.1024666666666665,354.82,335.84540333333337
2020-08-25 18:00:00,3.071,3.0776499999999998,353.10833333333335,352.20499
2020-08-25 19:00:00,3.071,3.02125,350.365,413.3618016666667
2020-08-25 20:00:00,3.071,2.910683333333333,352.97,429.7986916666667
2020-08-25 21:00:00,3.071,2.7553166666666664,352.27333333333337,446.63299166666667
2020-08-25 22:00:00,3.071,2.64125,353.1766666666666,370.52923499999997
2020-08-25 23:00:00,3.071,2.60515,405.76666666666665,451.4974666666667
2020-08-26 00:00:00,3.071,2.514733333333333,320.75333333333333,327.960825
2020-08-26 01:00:00,3.071,2.5653333333333332,324.7116666666667,212.92507166666667
2020-08-26 02:00:00,3.071,2.71855,324.905,187.33898666666667
2020-08-26 03:00:00,3.071,2.891,325.885,180.99975666666666
2020-08-26 04:00:00,3.071,3.0732833333333334,326.04,170.29427666666666
2020-08-26 05:00:00,3.071,3.2286333333333332,253.15166666666667,186.12650666666664
2020-08-26 06:00:00,3.071,3.2093833333333333,208.145,245.9295633333333
2020-08-26 07:00:00,3.071,3.164083333333333,357.47999999999996,405.025545
2020-08-26 08:00:00,3.071,3.0411166666666665,361.47333333333336,385.84089
2020-08-26 09:00:00,3.071,2.9897666666666667,352.6316666666667,394.5175566666667
2020-08-26 10:00:00,3.071,2.932866666666667,350.68333333333334,356.84299999999996
2020-08-26 11:00:00,3.071,2.8573666666666666,350.6166666666667,396.199955
2020-08-26 12:00:00,3.071,2.8209500000000003,351.47999999999996,333.66175833333335
2020-08-26 13:00:00,3.071,2.7966333333333333,352.1983333333334,353.8453416666667
2020-08-26 14:00:00,3.071,2.79325,353.7566666666667,380.77106
2020-08-26 15:00:00,3.071,2.6767666666666665,352.19,381.1188133333333
2020-08-26 16:00:00,3.071,2.6744666666666665,351.375,351.41445833333336
2020-08-26 17:00:00,3.071,2.6287333333333334,346.63666666666666,373.44167666666664
2020-08-26 18:00:00,3.071,2.5319166666666666,343.77833333333336,409.13525166666665
2020-08-26 19:00:00,3.071,2.3925166666666664,344.12333333333333,444.38052166666665
2020-08-26 20:00:00,3.071,2.2460333333333335,343.1933333333333,448.65192
2020-08-26 21:00:00,3.071,2.0752166666666665,343.42,387.3515766666667
2020-08-26 22:00:00,3.071,2.0875833333333333,346.3316666666667,293.8472433333333
2020-08-26 23:00:00,3.071,2.1705666666666668,355.90833333333336,262.51389166666667
2020-08-27 00:00:00,3.071,2.263183333333333,362.34666666666664,272.399175
2020-08-27 01:00:00,3.071,2.31055,361.67833333333334,306.0179733333333
2020-08-27 02:00:00,3.071,2.4667833333333333,361.065,182.38504
2020-08-27 03:00:00,3.071,2.7056166666666663,360.71500000000003,163.12624333333332
2020-08-27 04:00:00,3.071,2.9421833333333334,352.29833333333335,162.09634
2020-08-27 05:00:00,3.071,3.1671833333333335,348.9633333333333,176.80562999999998
2020-08-27 06:00:00,3.071,3.33955,325.5416666666667,226.2703216666667
2020-08-27 07:00:00,3.071,3.363383333333333,310.27833333333336,357.80929333333336
2020-08-27 08:00:00,3.071,3.2192,311.4483333333334,387.64835166666666
2020-08-27 09:00:00,3.071,3.14855,312.1766666666666,320.94670833333333
2020-08-27 10:00:00,3.071,3.08775,313.22,355.44283333333334
2020-08-27 11:00:00,3.071,2.9747333333333335,313.51500000000004,414.62291
2020-08-27 12:00:00,3.071,2.8065166666666665,312.615,402.4581116666667
2020-08-27 13:00:00,3.071,2.713016666666667,312.84833333333336,344.3748783333333
2020-08-27 14:00:00,3.071,2.6386333333333334,313.3,400.843525
2020-08-27 15:00:00,3.071,2.4735666666666662,312.745,352.86913666666663
2020-08-27 16:00:00,3.071,2.4575833333333335,402.82,350.6620833333333
2020-08-27 17:00:00,3.071,2.568633333333333,512.955,387.90352666666666
2020-08-27 18:00:00,3.071,2.699183333333333,513.3033333333334,424.56161833333334
2020-08-27 19:00:00,3.071,2.767233333333333,516.8583333333333,432.69143333333335
2020-08-27 20:00:00,3.071,2.81345,517.0,492.300065
2020-08-27 21:00:00,3.071,2.82425,512.9483333333334,436.2477866666667
2020-08-27 22:00:00,3.071,2.9629333333333334,513.5516666666666,390.24068
2020-08-27 23:00:00,3.071,3.011483333333333,428.1766666666666,389.37160500000005
2020-08-28 00:00:00,3.071,3.0193333333333334,268.85,249.84723333333335
2020-08-28 01:00:00,3.071,3.0663333333333336,269.57666666666665,197.63606166666668
2020-08-28 02:00:00,3.071,3.1557166666666663,270.2033333333333,184.427925
2020-08-28 03:00:00,3.071,3.26065,270.3483333333333,172.6909
2020-08-28 04:00:00,3.071,3.372583333333333,272.0566666666667,183.64531666666664
2020-08-28 05:00:00,3.071,3.4673333333333334,271.6383333333333,193.22188333333332
2020-08-28 06:00:00,3.071,3.5272,271.12166666666667,249.21784166666666
2020-08-28 07:00:00,3.071,3.4630666666666667,272.6433333333333,346.3344366666667
2020-08-28 08:00:00,3.071,3.3015833333333333,272.09166666666664,395.89818833333334
2020-08-28 09:00:00,3.071,3.109866666666667,271.0416666666667,405.09842833333335
2020-08-28 10:00:00,3.071,2.9144333333333337,271.0566666666667,404.767025
2020-08-28 11:00:00,3.071,2.719933333333333,270.2966666666667,392.2661233333334
2020-08-28 12:00:00,3.071,2.515916666666667,282.33,382.32000166666666
2020-08-28 13:00:00,3.071,2.461266666666667,368.5066666666667,374.2040283333333
2020-08-28 14:00:00,2.4256,2.334083333333333,368.0416666666667,475.61341166666665
2020-08-28 15:00:00,2.2021666666666664,2.2884499999999997,410.4633333333333,310.289715
2020-08-28 16:00:00,1.23265,2.4481666666666664,494.7433333333333,375.31339
2020-08-28 17:00:00,1.2405333333333333,2.5383666666666667,489.57666666666665,400.11392666666666
2020-08-28 18:00:00,1.23815,2.6226833333333333,494.84166666666664,416.7452916666667
2020-08-28 19:00:00,1.2329,2.70775,489.7566666666667,400.63321333333334
2020-08-28 20:00:00,1.2333,2.771916666666667,492.02333333333337,440.23833333333334
2020-08-28 21:00:00,1.23545,2.8604833333333333,488.0416666666667,338.890225
2020-08-28 22:00:00,1.2337500000000001,3.0253666666666663,350.1766666666666,283.56412
2020-08-28 23:00:00,1.2332333333333334,2.9528000000000003,242.54500000000002,345.78819000000004
2020-08-29 00:00:00,1.2331333333333334,2.9177166666666663,386.42333333333335,241.64706166666667
2020-08-29 01:00:00,1.2335333333333334,3.17855,442.51666666666665,234.49969000000002
2020-08-29 02:00:00,1.2328666666666668,3.3474333333333335,445.00333333333333,301.1886316666667
2020-08-29 03:00:00,1.2314333333333332,3.5640333333333336,287.87666666666667,177.72075833333335
2020-08-29 04:00:00,1.23245,3.57645,187.94333333333333,217.178
2020-08-29 05:00:00,1.2320166666666668,3.5256833333333333,185.8383333333333,189.35025166666668
2020-08-29 06:00:00,1.2312833333333335,3.5012,202.59833333333333,223.26850833333336
2020-08-29 07:00:00,1.3167666666666666,3.4257333333333335,202.88833333333332,294.381975
2020-08-29 08:00:00,1.3415333333333335,3.2511666666666668,203.66333333333333,337.29192666666665
2020-08-29 09:00:00,1.3329,3.0293833333333335,204.91,349.2759666666667
2020-08-29 10:00:00,1.5221333333333333,2.7966166666666665,203.72,401.15055
2020-08-29 11:00:00,1.7036000000000002,2.472783333333333,203.9,451.16094
2020-08-29 12:00:00,2.10415,2.1206,221.17833333333334,415.93634833333334
2020-08-29 13:00:00,2.2847,2.202516666666667,741.6816666666667,416.21127
2020-08-29 14:00:00,2.757,2.6306833333333333,740.4783333333332,370.735575
2020-08-29 15:00:00,3.008516666666667,2.9868333333333337,731.3216666666667,517.9045
2020-08-29 16:00:00,3.005816666666667,3.347,728.315,333.57406
2020-08-29 17:00:00,3.0067000000000004,3.5688166666666663,217.15,346.06996999999996
2020-08-29 18:00:00,3.071,3.2578833333333335,102.75333333333333,322.12574333333333
2020-08-29 19:00:00,2.944616666666667,2.9091666666666667,103.67,388.3745983333334
2020-08-29 20:00:00,3.0061833333333334,2.5172666666666665,105.09333333333333,350.0956816666667
2020-08-29 21:00:00,3.071,2.2117666666666667,105.31166666666667,297.7198466666667
2020-08-29 22:00:00,3.071,1.9017333333333333,104.99166666666666,337.5528433333333
2020-08-29 23:00:00,3.0400333333333336,1.7246333333333332,365.55,240.80595
2020-08-30 00:00:00,3.071,2.0516,451.99833333333333,218.25980333333334
2020-08-30 01:00:00,3.071,2.2636,338.67833333333334,204.29646
2020-08-30 02:00:00,3.071,2.4288499999999997,339.0383333333333,196.66574
2020-08-30 03:00:00,3.071,2.591816666666667,341.055,211.58580500000002
2020-08-30 04:00:00,3.071,2.7723333333333335,341.445,189.10430833333334
2020-08-30 05:00:00,3.071,2.90565,335.905,255.99077166666666
2020-08-30 06:00:00,3.071,3.0134166666666666,456.195,325.37581500000005
2020-08-30 07:00:00,3.071,3.1000333333333336,461.5,430.3273883333333
2020-08-30 08:00:00,3.071,3.143133333333333,342.47166666666664,335.86591000000004
2020-08-30 09:00:00,3.071,3.0159333333333334,243.025,333.44898333333333
2020-08-30 10:00:00,3.071,2.8790833333333334,243.65833333333333,341.0834566666666
2020-08-30 11:00:00,3.071,2.6562333333333332,244.21833333333333,417.46445666666665
2020-08-30 12:00:00,3.071,2.4311833333333337,243.8,369.0808383333333
2020-08-30 13:00:00,3.071,2.253433333333333,249.13833333333332,360.2999433333333
2020-08-30 14:00:00,3.071,2.1299,374.62,390.84004
2020-08-30 15:00:00,3.071,2.228283333333333,563.3883333333334,375.39753333333334
2020-08-30 16:00:00,3.071,2.4257,565.725,466.0329816666666
2020-08-30 17:00:00,3.071,2.524983333333333,562.5699999999999,419.701205
2020-08-30 18:00:00,3.071,2.6417166666666665,560.2483333333333,449.7116666666667
2020-08-30 19:00:00,3.071,2.7952,563.3683333333333,440.79741
2020-08-30 20:00:00,3.071,2.8978333333333333,565.0316666666666,456.5119683333333
2020-08-30 21:00:00,3.071,3.0860833333333333,496.1316666666667,324.09850666666665
2020-08-30 22:00:00,3.071,3.146083333333333,314.2066666666667,302.14118666666667
2020-08-30 23:00:00,3.071,3.1691833333333337,298.4266666666666,280.6437416666667
2020-08-31 00:00:00,3.071,3.133033333333333,213.21833333333333,237.887215
2020-08-31 01:00:00,3.071,3.0401000000000002,213.13666666666668,281.7381483333333
2020-08-31 02:00:00,3.071,3.00095,212.61666666666667,187.391005
2020-08-31 03:00:00,3.071,3.0310166666666665,212.30166666666668,174.64986499999998
2020-08-31 04:00:00,3.071,3.046316666666667,213.85166666666666,204.98724666666666
2020-08-31 05:00:00,3.071,2.9788833333333335,214.6,334.18593
2020-08-31 06:00:00,3.071,2.880933333333333,276.3,251.14976333333334
2020-08-31 07:00:00,3.071,2.8376333333333337,340.09166666666664,376.7130716666667
2020-08-31 08:00:00,3.071,2.8909833333333332,526.26,382.561095
2020-08-31 09:00:00,3.071,3.0611666666666664,524.8883333333333,376.22222166666666
2020-08-31 10:00:00,3.071,3.1763,496.595,449.7158866666667
2020-08-31 11:00:00,3.071,3.1254333333333335,344.0383333333333,394.16066500000005
2020-08-31 12:00:00,3.071,3.037383333333333,345.9316666666667,416.3665633333333
2020-08-31 13:00:00,3.071,2.8750166666666668,344.8933333333333,456.0639366666667
2020-08-31 14:00:00,3.071,2.79045,340.8933333333333,302.43555000000003
2020-08-31 15:00:00,3.071,2.7978666666666663,345.2366666666667,338.8467416666666
2020-08-31 16:00:00,3.071,2.782983333333333,344.27666666666664,378.83906833333333
2020-08-31 17:00:00,3.071,2.652066666666667,343.325,423.87096
2020-08-31 18:00:00,3.071,2.5634333333333337,340.22166666666664,345.66662
2020-08-31 19:00:00,3.071,2.51855,337.35166666666663,388.2691033333333
2020-08-31 20:00:00,3.071,2.3855333333333335,334.84166666666664,429.5267783333333
2020-08-31 21:00:00,3.071,2.271866666666667,332.94,343.90562166666666
2020-08-31 22:00:00,3.071,2.279933333333333,327.2083333333333,275.5024016666667
2020-08-31 23:00:00,3.071,2.3265499999999997,331.68333333333334,279.63381000000004
2020-09-01 00:00:00,3.071,2.383383333333333,335.9133333333333,311.69079500000004
2020-09-01 01:00:00,3.071,2.40595,340.35999999999996,265.45314333333334
2020-09-01 02:00:00,3.071,2.504033333333333,343.0816666666667,241.12760500000002
2020-09-01 03:00:00,3.071,2.641966666666667,341.8683333333333,190.244295
2020-09-01 04:00:00,3.071,2.8496333333333337,341.945,170.682245
2020-09-01 05:00:00,3.071,3.0523499999999997,344.52000000000004,192.00472666666667
2020-09-01 06:00:00,3.071,3.1620333333333335,344.6683333333333,332.9487766666667
2020-09-01 07:00:00,3.071,3.0222333333333333,341.26,477.0086583333333
2020-09-01 08:00:00,3.071,2.902716666666667,339.12333333333333,366.7382816666667
2020-09-01 09:00:00,3.071,2.837,339.5683333333333,381.06488
2020-09-01 10:00:00,3.071,2.7431833333333335,338.40999999999997,382.46497
2020-09-01 11:00:00,3.071,2.7115500000000003,416.60499999999996,331.292505
2020-09-01 12:00:00,3.071,2.85345,446.90833333333336,355.69187666666664
2020-09-01 13:00:00,3.071,2.925316666666667,443.5516666666666,340.29481666666663
2020-09-01 14:00:00,3.071,3.0555166666666667,445.63666666666666,324.39558166666666
2020-09-01 15:00:00,3.071,3.19465,396.43333333333334,294.97498833333333
2020-09-01 16:00:00,3.071,3.24325,330.455,312.756125
2020-09-01 17:00:00,3.071,3.2052,325.1333333333333,379.561745
2020-09-01 18:00:00,3.071,2.9921833333333336,315.62666666666667,545.02408
2020-09-01 19:00:00,3.071,2.6628666666666665,319.00166666666667,477.64663333333334
2020-09-01 20:00:00,3.071,2.4676166666666663,318.3066666666667,470.1680866666667
2020-09-01 21:00:00,3.071,2.2428166666666667,317.39833333333337,385.825855
2020-09-01 22:00:00,3.071,2.2260166666666668,318.8333333333333,277.66053166666666
2020-09-01 23:00:00,3.071,2.2772833333333335,367.2133333333333,281.65513333333337
2020-09-02 00:00:00,3.071,2.4043666666666668,374.29833333333335,268.02384666666666
2020-09-02 01:00:00,3.071,2.550116666666667,375.4116666666667,209.97908999999999
2020-09-02 02:00:00,3.071,2.7801666666666667,375.46500000000003,174.25680666666668
2020-09-02 03:00:00,3.071,3.0406666666666666,376.1383333333333,163.38232166666666
2020-09-02 04:00:00,3.071,3.3082166666666666,377.345,161.5634716666667
2020-09-02 05:00:00,3.071,3.5680166666666664,363.26500000000004,179.35344500000002
2020-09-02 06:00:00,3.071,3.668966666666667,236.41833333333335,236.51141833333335
2020-09-02 07:00:00,3.071,3.581366666666667,237.29500000000002,351.5950683333333
2020-09-02 08:00:00,3.071,3.366416666666667,238.53166666666667,376.9050716666667
2020-09-02 09:00:00,3.071,3.1355999999999997,236.91666666666666,442.22300333333334
2020-09-02 10:00:00,3.071,2.922366666666667,387.12166666666667,365.2350983333333
2020-09-02 11:00:00,3.071,3.00295,462.23833333333334,404.56103333333334
2020-09-02 12:00:00,3.071,3.04395,465.77333333333337,396.9581416666667
2020-09-02 13:00:00,3.071,3.106133333333333,465.22333333333336,423.2180816666667
2020-09-02 14:00:00,3.071,3.09405,354.4583333333333,357.24803333333335
2020-09-02 15:00:00,3.071,3.0844833333333335,337.87333333333333,327.9248933333334
2020-09-02 16:00:00,3.071,3.096616666666667,338.85,286.10388333333333
2020-09-02 17:00:00,3.071,3.1419333333333332,335.31166666666667,295.60436000000004
2020-09-02 18:00:00,3.071,3.1044,335.39166666666665,401.23258999999996
2020-09-02 19:00:00,3.071,3.026483333333333,337.31333333333333,322.3547183333333
2020-09-02 20:00:00,3.071,2.9808999999999997,336.13666666666666,447.80524499999996
2020-09-02 21:00:00,3.071,2.6883833333333333,335.72999999999996,518.3114899999999
2020-09-02 22:00:00,3.071,2.573466666666667,279.5733333333334,294.23475333333334
2020-09-02 23:00:00,3.071,2.5397000000000003,260.09,238.88355666666666
2020-09-03 00:00:00,3.071,2.56515,264.39166666666665,220.69125
2020-09-03 01:00:00,3.071,2.6153166666666667,266.12333333333333,200.15790833333332
2020-09-03 02:00:00,3.071,2.70095,267.7583333333333,191.93167499999998
2020-09-03 03:00:00,3.071,2.7744333333333335,268.745,209.71343333333334
2020-09-03 04:00:00,3.071,2.8553833333333336,362.1383333333333,228.622105
2020-09-03 05:00:00,3.071,3.0993833333333334,451.37,237.98278666666664
2020-09-03 06:00:00,3.071,3.32625,413.4,298.3644683333333
2020-09-03 07:00:00,3.071,3.3829833333333332,357.4066666666667,316.5048183333334
2020-09-03 08:00:00,3.071,3.3833333333333333,353.53499999999997,353.73563
2020-09-03 09:00:00,3.071,3.3609333333333336,349.955,330.31014666666664
2020-09-03 10:00:00,3.071,3.370966666666667,351.9,339.26733333333334
2020-09-03 11:00:00,3.071,3.36925,353.865,364.9385766666666
2020-09-03 12:00:00,3.071,3.190633333333333,354.35833333333335,545.0659116666667
2020-09-03 13:00:00,3.071,3.0011666666666668,354.935,376.760995
2020-09-03 14:00:00,3.071,3.0020000000000002,356.5183333333333,318.43050000000005
2020-09-03 15:00:00,3.071,3.0021,356.0866666666667,342.12762833333335
2020-09-03 16:00:00,3.071,3.0358500000000004,356.25333333333333,291.96011999999996
2020-09-03 17:00:00,3.071,3.0865500000000003,357.50333333333333,336.92261666666667
2020-09-03 18:00:00,3.071,3.0348333333333333,354.3566666666667,415.46443833333336
2020-09-03 19:00:00,3.071,2.9008666666666665,356.8383333333333,419.4899666666667
2020-09-03 20:00:00,3.071,2.7981833333333332,353.84000000000003,420.8650833333333
2020-09-03 21:00:00,3.071,2.6873833333333335,355.2916666666667,407.915165
2020-09-03 22:00:00,3.071,2.609,355.26,385.8908133333333
2020-09-03 23:00:00,3.071,2.5511666666666666,355.5466666666667,322.732795
2020-09-04 00:00:00,3.071,2.6244333333333336,359.17833333333334,289.08362166666666
2020-09-04 01:00:00,3.071,2.7477666666666667,364.39000000000004,223.72511833333334
2020-09-04 02:00:00,3.071,2.921883333333333,363.86333333333334,197.27304333333333
2020-09-04 03:00:00,3.071,3.1492166666666668,365.19166666666666,168.03648
2020-09-04 04:00:00,3.071,3.3924166666666666,359.38,165.05409999999998
2020-09-04 05:00:00,3.071,3.603533333333333,364.4616666666667,208.30367333333334
2020-09-04 06:00:00,3.071,3.7243500000000003,212.53,241.280795
2020-09-04 07:00:00,3.071,3.496783333333333,126.8,371.3557866666667
2020-09-04 08:00:00,3.071,3.2428166666666667,326.46,376.513975
2020-09-04 09:00:00,3.071,3.1769166666666666,294.935,327.50225500000005
2020-09-04 10:00:00,3.071,3.108166666666667,293.35,355.0826666666666
2020-09-04 11:00:00,3.071,2.9348666666666667,291.9633333333333,414.29733166666665
2020-09-04 12:00:00,3.071,2.807466666666667,293.81333333333333,352.4755366666667
2020-09-04 13:00:00,3.071,2.70315,381.5383333333333,392.1641016666666
2020-09-04 14:00:00,3.071,2.703216666666667,456.6183333333333,425.60741333333334
2020-09-04 15:00:00,3.071,2.7699833333333337,531.0400000000001,436.25332499999996
2020-09-04 16:00:00,3.071,2.8896,530.5616666666667,375.38374333333337
2020-09-04 17:00:00,3.071,3.0867166666666668,524.525,345.70295
2020-09-04 18:00:00,3.071,3.3106666666666666,517.7266666666667,328.8293283333333
2020-09-04 19:00:00,3.071,3.49415,459.89666666666665,366.3942416666667
2020-09-04 20:00:00,3.071,3.471433333333333,296.15,347.4352233333333
2020-09-04 21:00:00,3.071,3.3342666666666667,271.0866666666667,378.5264266666666
2020-09-04 22:00:00,3.071,3.2128333333333337,272.3,290.3181616666667
2020-09-04 23:00:00,3.071,3.1711,247.11833333333334,279.23811666666666
2020-09-05 00:00:00,3.071,3.13265,236.89,229.19574666666668
2020-09-05 01:00:00,3.071,3.1203999999999996,240.32333333333332,230.230705
2020-09-05 02:00:00,3.071,3.1303666666666667,240.30333333333334,211.75676
2020-09-05 03:00:00,3.071,3.1834333333333333,239.48333333333332,174.193475
2020-09-05 04:00:00,3.071,3.2585166666666665,242.01833333333335,167.00762166666667
2020-09-05 05:00:00,3.071,3.3364,238.79,203.97391833333333
2020-09-05 06:00:00,3.071,3.2521666666666667,242.36499999999998,322.66110833333335
2020-09-05 07:00:00,3.071,3.1809333333333334,240.0883333333333,276.50202666666667
2020-09-05 08:00:00,3.071,3.0298833333333333,239.265,421.187285
2020-09-05 09:00:00,3.071,2.7249666666666665,235.44,414.92214333333334
2020-09-05 10:00:00,3.071,2.513,235.02166666666665,360.8239783333333
2020-09-05 11:00:00,3.071,2.2449999999999997,236.06666666666666,448.43564499999997
2020-09-05 12:00:00,3.071,2.0090333333333334,234.785,367.0750533333333
2020-09-05 13:00:00,3.071,1.8205833333333332,235.11333333333332,345.4903883333333
2020-09-05 14:00:00,3.071,1.6683833333333333,236.35666666666665,331.41498666666666
2020-09-05 15:00:00,3.071,1.6752166666666668,558.5533333333333,294.2773833333333
2020-09-05 16:00:00,3.071,2.1542833333333333,724.6433333333333,359.1285066666667
2020-09-05 17:00:00,3.071,2.5408666666666666,724.5266666666666,419.76494833333334
2020-09-05 18:00:00,3.071,2.90525,550.7033333333333,341.7217616666667
2020-09-05 19:00:00,3.071,3.01495,402.505,374.75378
2020-09-05 20:00:00,3.071,2.985,333.05,338.93577999999997
2020-09-05 21:00:00,3.071,2.9112999999999998,326.5466666666667,381.6406666666666
2020-09-05 22:00:00,3.071,2.8462,324.1316666666667,323.22076333333337
2020-09-05 23:00:00,3.071,2.8505166666666666,324.42333333333335,302.885835
2020-09-06 00:00:00,3.071,2.8137166666666666,326.18833333333333,334.76228333333336
2020-09-06 01:00:00,3.071,2.8916833333333334,326.8183333333333,189.60073666666668
2020-09-06 02:00:00,3.071,3.0635499999999998,328.0783333333333,177.98603
2020-09-06 03:00:00,3.071,3.2567166666666667,332.845,165.249065
2020-09-06 04:00:00,3.071,3.4264,266.4633333333333,162.45537666666667
2020-09-06 05:00:00,3.071,3.5297833333333335,251.3,171.83316333333332
2020-09-06 06:00:00,3.071,3.599083333333333,254.42666666666668,204.90495833333335
2020-09-06 07:00:00,3.071,3.6248500000000003,252.24833333333333,234.66635
2020-09-06 08:00:00,3.071,3.5996666666666663,255.35166666666666,302.4600766666666
2020-09-06 09:00:00,3.071,3.495433333333333,257.035,344.2045083333333
2020-09-06 10:00:00,3.071,3.2410833333333335,253.98666666666668,475.06388499999997
2020-09-06 11:00:00,3.071,2.9745,252.84666666666666,389.09870166666667
2020-09-06 12:00:00,3.071,2.7725,252.45666666666665,412.73832666666664
2020-09-06 13:00:00,3.071,2.549316666666667,252.96833333333333,349.46149833333334
2020-09-06 14:00:00,3.071,2.431833333333333,251.39833333333334,312.42791666666665
2020-09-06 15:00:00,3.071,2.3076333333333334,250.265,347.3825083333333
2020-09-06 16:00:00,3.071,2.1283833333333333,249.29500000000002,387.15200999999996
2020-09-06 17:00:00,3.071,1.9226166666666666,304.73499999999996,405.368735
2020-09-06 18:00:00,3.071,1.8635833333333334,390.8683333333333,369.77661
2020-09-06 19:00:00,3.071,1.7891000000000001,395.65166666666664,510.56779
2020-09-06 20:00:00,3.071,1.6451,398.18666666666667,418.2873416666667
2020-09-06 21:00:00,3.071,1.6677833333333332,485.29833333333335,349.7451316666667
2020-09-06 22:00:00,3.071,1.9901000000000002,595.1416666666667,268.56737833333335
2020-09-06 23:00:00,3.071,2.3234333333333335,435.20166666666665,278.1291683333333
2020-09-07 00:00:00,3.071,2.3814166666666665,236.05166666666668,208.87652333333332
2020-09-07 01:00:00,3.071,2.4235166666666665,235.50166666666667,180.25751166666666
2020-09-07 02:00:00,3.071,2.4922,236.96833333333333,168.27788999999999
2020-09-07 03:00:00,3.071,2.5752333333333337,238.38500000000002,179.869405
2020-09-07 04:00:00,3.071,2.6373166666666665,238.56833333333333,164.24605833333334
2020-09-07 05:00:00,3.071,2.7129666666666665,266.595,179.41863999999998
2020-09-07 06:00:00,3.071,3.0075,496.06333333333333,212.97311
2020-09-07 07:00:00,2.5241333333333333,3.1791833333333335,397.87333333333333,330.4541416666667
2020-09-07 08:00:00,1.2599666666666667,3.16975,308.26500000000004,346.86027333333334
2020-09-07 09:00:00,1.2388333333333332,3.0868666666666664,316.97666666666663,351.5725616666667
2020-09-07 10:00:00,1.7868833333333334,3.01625,318.97333333333336,394.30680333333333
2020-09-07 11:00:00,3.071,2.7913666666666668,319.305,503.1776433333333
2020-09-07 12:00:00,3.071,2.5429666666666666,367.38666666666666,510.2555933333333
2020-09-07 13:00:00,3.071,2.5090833333333333,514.1083333333333,360.95284
2020-09-07 14:00:00,3.071,2.7558333333333334,517.035,298.73026500000003
2020-09-07 15:00:00,3.071,3.0287,507.4433333333333,282.7865683333333
2020-09-07 16:00:00,3.071,3.1393,315.0416666666667,307.094645
2020-09-07 17:00:00,3.071,3.1433666666666666,312.2133333333333,314.2036016666667
2020-09-07 18:00:00,3.071,3.0925000000000002,313.295,356.261355
2020-09-07 19:00:00,3.071,3.0193833333333333,305.72,313.2225866666667
2020-09-07 20:00:00,3.071,2.951216666666667,306.5383333333333,400.4762166666667
2020-09-07 21:00:00,3.071,2.786083333333333,303.31,417.88712166666664
2020-09-07 22:00:00,3.071,2.586316666666667,292.12333333333333,373.25812
2020-09-07 23:00:00,3.071,2.5501333333333336,302.51,275.87263
2020-09-08 00:00:00,3.071,2.5422000000000002,302.7366666666667,295.4022233333333
2020-09-08 01:00:00,3.071,2.564316666666667,302.7433333333333,249.87938333333335
2020-09-08 02:00:00,3.071,2.6312333333333333,301.8383333333333,229.57296499999998
2020-09-08 03:00:00,3.071,2.7133166666666666,300.27833333333336,206.94743
2020-09-08 04:00:00,3.071,2.859366666666667,301.93833333333333,161.479745
2020-09-08 05:00:00,3.071,3.0201333333333333,301.90166666666664,181.24046333333334
2020-09-08 06:00:00,3.071,3.1322166666666664,299.7566666666667,231.62514000000002
2020-09-08 07:00:00,3.071,3.1264833333333333,302.65999999999997,351.3065316666667
2020-09-08 08:00:00,3.071,3.010383333333333,297.305,372.84984
2020-09-08 09:00:00,3.071,2.89685,294.6433333333333,347.20797500000003
2020-09-08 10:00:00,3.071,2.834766666666667,294.065,317.5343066666666
2020-09-08 11:00:00,3.0505,2.7399,293.64166666666665,364.0215483333333
2020-09-08 12:00:00,3.071,2.601783333333333,294.06666666666666,389.55442666666664
2020-09-08 13:00:00,3.071,2.4591166666666666,296.4933333333333,414.27707666666663
2020-09-08 14:00:00,3.071,2.260466666666667,296.46500000000003,376.95034833333335
2020-09-08 15:00:00,3.071,2.199,296.9483333333334,323.46442
2020-09-08 16:00:00,3.071,2.15185,296.73333333333335,298.62687
2020-09-08 17:00:00,3.071,2.0936833333333333,298.23833333333334,365.0989216666667
2020-09-08 18:00:00,3.071,1.90225,298.6666666666667,464.049415
2020-09-08 19:00:00,3.071,1.6888666666666665,300.2066666666667,396.3745833333333
2020-09-08 20:00:00,3.071,1.5904833333333335,448.8933333333333,422.61332666666664
2020-09-08 21:00:00,3.071,1.74685,625.5783333333333,397.71389833333336
2020-09-08 22:00:00,3.071,2.09845,622.9483333333334,306.94236
2020-09-08 23:00:00,3.071,2.4362333333333335,481.4266666666666,254.40057833333333
2020-09-09 00:00:00,3.071,2.6241333333333334,392.89166666666665,335.38499666666667
2020-09-09 01:00:00,3.071,2.68,364.47833333333335,227.71528666666666
2020-09-09 02:00:00,3.071,2.865333333333333,364.45,203.38042833333333
2020-09-09 03:00:00,3.071,3.097,367.05833333333334,161.02074333333334
2020-09-09 04:00:00,3.071,3.3187833333333336,293.27333333333337,159.93948
2020-09-09 05:00:00,3.071,3.441866666666667,266.635,174.46282666666667
2020-09-09 06:00:00,3.071,3.496683333333333,268.0233333333333,277.6204866666667
2020-09-09 07:00:00,3.071,3.42245,265.17,319.69083333333333
2020-09-09 08:00:00,3.071,3.3129,261.49333333333334,317.675055
2020-09-09 09:00:00,3.071,3.1703333333333332,260.4533333333333,380.38955333333337
2020-09-09 10:00:00,3.071,3.04435,261.37333333333333,300.38666333333333
2020-09-09 11:00:00,3.071,2.95492,257.216,362.141552
2020-09-09 12:00:00,3.071,2.6946326530612246,256.7755102040816,436.4904224489796
2020-09-09 13:00:00,3.071,2.4995,359.205,402.2228216666666
2020-09-09 14:00:00,3.071,2.5588166666666665,482.47333333333336,364.71942666666666
2020-09-09 15:00:00,3.071,2.7169833333333333,487.825,291.78979333333336
2020-09-09 16:00:00,3.071,2.9505333333333335,486.455,355.82609333333335
2020-09-09 17:00:00,3.071,3.02185,485.5883333333333,380.70538166666665
2020-09-09 18:00:00,3.071,3.14745,419.51666666666665,388.86568
2020-09-09 19:00:00,3.071,3.055266666666667,323.14666666666665,368.75510833333334
2020-09-09 20:00:00,3.071,3.0101333333333335,322.30833333333334,364.35127
2020-09-09 21:00:00,3.071,2.8531666666666666,363.2966666666667,427.15037
2020-09-09 22:00:00,3.071,2.9694333333333334,525.4100000000001,287.5833633333333
2020-09-09 23:00:00,3.071,3.1087833333333332,260.85833333333335,273.14706666666666
2020-09-10 00:00:00,3.071,3.0699833333333335,211.88666666666668,223.57768166666668
2020-09-10 01:00:00,3.071,3.047066666666667,214.42999999999998,193.54841666666667
2020-09-10 02:00:00,3.071,3.0772333333333335,217.03833333333333,179.32732333333334
2020-09-10 03:00:00,3.071,3.1286833333333335,215.98,158.53866833333333
2020-09-10 04:00:00,3.071,3.1920333333333333,215.54833333333332,157.72189166666666
2020-09-10 05:00:00,3.071,3.2153,214.06,235.34028333333333
2020-09-10 06:00:00,3.071,3.1550000000000002,297.1,307.77573666666666
2020-09-10 07:00:00,3.071,3.0281499999999997,317.22666666666663,506.925865
2020-09-10 08:00:00,3.071,2.7531499999999998,319.84166666666664,427.4989766666667
2020-09-10 09:00:00,3.071,2.63805,317.39500000000004,371.23577833333337
2020-09-10 10:00:00,3.071,2.5961,319.40166666666664,314.4652483333333
2020-09-10 11:00:00,3.071,2.5531833333333336,317.89833333333337,358.92431666666664
2020-09-10 12:00:00,3.071,2.4558000000000004,321.12333333333333,396.0210433333333
2020-09-10 13:00:00,3.071,2.3550666666666666,319.51,334.23301333333336
2020-09-10 14:00:00,3.071,2.3271666666666664,321.34166666666664,325.610435
2020-09-10 15:00:00,3.071,2.2944833333333334,323.7066666666667,307.30702833333334
2020-09-10 16:00:00,3.071,2.3361666666666663,320.87666666666667,276.83574500000003
2020-09-10 17:00:00,3.071,2.342766666666667,321.71666666666664,305.65879666666666
2020-09-10 18:00:00,3.071,2.3316166666666667,326.9,357.1275766666667
2020-09-10 19:00:00,3.071,2.1809166666666666,323.175,484.41038166666664
2020-09-10 20:00:00,3.071,1.9811333333333332,314.565,372.79721333333333
2020-09-10 21:00:00,3.071,1.8286,312.2133333333333,457.33485333333334
2020-09-10 22:00:00,3.071,1.6416,306.555,385.99937166666666
2020-09-10 23:00:00,3.071,1.5582333333333334,313.835,321.2826166666666
2020-09-11 00:00:00,3.071,1.5445,424.71666666666664,334.00604833333335
2020-09-11 01:00:00,3.071,1.8334833333333334,550.64,253.60170833333333
2020-09-11 02:00:00,3.071,2.2400666666666664,550.3366666666666,188.70619166666665
2020-09-11 03:00:00,3.071,2.7251833333333333,552.23,164.24654999999998
2020-09-11 04:00:00,3.071,3.2231666666666663,552.065,161.34510833333334
2020-09-11 05:00:00,3.071,3.708666666666667,498.76,177.12932333333336
2020-09-11 06:00:00,3.071,3.74745,38.538333333333334,222.16799166666667
2020-09-11 07:00:00,3.071,3.4840999999999998,103.18333333333334,343.08914666666664
2020-09-11 08:00:00,3.071,3.082133333333333,133.57,393.7823883333333
2020-09-11 09:00:00,3.071,2.9143666666666665,339.79833333333335,314.89700833333336
2020-09-11 10:00:00,3.071,2.9132000000000002,341.60999999999996,345.8796883333333
2020-09-11 11:00:00,3.071,2.805066666666667,346.74833333333333,456.13144166666666
2020-09-11 12:00:00,3.071,2.71125,345.21,350.91737
2020-09-11 13:00:00,3.071,2.6593999999999998,342.935,396.5666683333333
2020-09-11 14:00:00,3.071,2.562683333333333,340.6933333333333,334.54820166666667
2020-09-11 15:00:00,3.071,2.585066666666667,340.0816666666667,290.54306833333334
2020-09-11 16:00:00,3.071,2.6531333333333333,340.78499999999997,269.0439983333333
2020-09-11 17:00:00,3.071,2.7035,340.0383333333333,314.1419483333333
2020-09-11 18:00:00,3.071,2.7073666666666667,343.9933333333333,331.65020499999997
2020-09-11 19:00:00,3.071,2.6710833333333333,342.04,367.353535
2020-09-11 20:00:00,3.071,2.645966666666667,342.8366666666667,298.19347
2020-09-11 21:00:00,3.071,2.6324833333333335,344.8833333333333,404.939155
2020-09-11 22:00:00,3.071,2.5140666666666664,343.4433333333333,389.4524333333333
2020-09-11 23:00:00,3.071,2.4347,342.75,412.957625
2020-09-12 00:00:00,3.071,2.353816666666667,341.47,302.024395
2020-09-12 01:00:00,3.071,2.4144,341.05333333333334,261.23798833333336
2020-09-12 02:00:00,3.071,2.5673166666666662,340.65166666666664,170.54357166666665
2020-09-12 03:00:00,3.071,2.7849,348.15333333333336,182.95983333333334
2020-09-12 04:00:00,3.071,2.9924000000000004,350.09666666666664,161.63069833333333
2020-09-12 05:00:00,3.071,3.2070999999999996,349.65,210.9713583333333
2020-09-12 06:00:00,3.071,3.35315,345.74833333333333,209.33649
2020-09-12 07:00:00,3.071,3.507366666666667,347.15,234.28349666666665
2020-09-12 08:00:00,3.071,3.53925,254.88333333333333,324.6396066666667
2020-09-12 09:00:00,3.071,3.3438833333333333,249.2,379.462635
2020-09-12 10:00:00,3.071,3.173983333333333,250.68333333333334,368.377235
2020-09-12 11:00:00,3.071,2.9463500000000002,251.45166666666668,409.48103166666664
2020-09-12 12:00:00,3.071,2.7443833333333334,279.8183333333333,394.88461
2020-09-12 13:00:00,3.071,2.7199,476.94666666666666,371.85699833333337
2020-09-12 14:00:00,3.071,2.8033833333333336,472.02666666666664,421.9392516666667
2020-09-12 15:00:00,3.0465166666666668,2.8822666666666668,471.97333333333336,329.5009733333334
2020-09-12 16:00:00,3.071,3.053833333333333,477.29,319.7900766666667
2020-09-12 17:00:00,3.071,3.2062166666666667,398.72,338.4094616666667
2020-09-12 18:00:00,3.071,3.2081833333333334,350.47333333333336,328.13795166666665
2020-09-12 19:00:00,3.071,3.20625,301.33,308.8475383333333
2020-09-12 20:00:00,3.071,3.1196333333333333,266.74,365.87199
2020-09-12 21:00:00,3.071,2.9106666666666663,264.32166666666666,433.9612466666667
2020-09-12 22:00:00,3.071,2.685766666666667,257.6166666666667,364.6289483333333
2020-09-12 23:00:00,3.071,2.5725,271.985,321.77262333333334
2020-09-13 00:00:00,3.071,2.49215,275.6066666666667,310.63771
2020-09-13 01:00:00,3.071,2.4650000000000003,274.00166666666667,227.235585
2020-09-13 02:00:00,3.071,2.5594166666666665,275.525,168.74727333333334
2020-09-13 03:00:00,3.071,2.691816666666667,276.85,161.49681666666666
2020-09-13 04:00:00,3.071,2.8291833333333334,274.4866666666667,161.62261666666666
2020-09-13 05:00:00,3.071,2.9818333333333333,352.45166666666665,165.46004666666667
2020-09-13 06:00:00,3.071,3.2327999999999997,353.7633333333333,207.10828666666666
2020-09-13 07:00:00,3.071,3.26985,350.74666666666667,381.4118633333334
2020-09-13 08:00:00,3.071,3.2208833333333335,347.93666666666667,348.70465500000006
2020-09-13 09:00:00,3.071,3.2274666666666665,347.4583333333333,305.6443516666667
2020-09-13 10:00:00,3.071,3.2602166666666665,343.7883333333333,334.86077833333337
2020-09-13 11:00:00,3.071,3.1941,340.10333333333335,366.5900233333333
2020-09-13 12:00:00,3.071,3.1336333333333335,340.445,389.95514166666663
2020-09-13 13:00:00,3.071,3.0278,338.675,386.2638483333333
2020-09-13 14:00:00,3.071,3.0001666666666664,341.3616666666667,302.73844
2020-09-13 15:00:00,3.071,2.9964999999999997,338.43666666666667,345.57734999999997
2020-09-13 16:00:00,3.071,2.976116666666667,336.34833333333336,367.79316666666665
2020-09-13 17:00:00,3.071,2.817133333333333,336.56333333333333,465.59365499999996
2020-09-13 18:00:00,3.071,2.7134,335.23333333333335,320.76848666666666
2020-09-13 19:00:00,3.071,2.691316666666667,334.88,384.8630616666667
2020-09-13 20:00:00,3.071,2.576983333333333,329.4066666666667,383.9506533333333
2020-09-13 21:00:00,3.071,2.4684666666666666,330.69166666666666,415.68967333333336
2020-09-13 22:00:00,3.071,2.3436333333333335,337.2883333333333,362.96706333333333
2020-09-13 23:00:00,3.071,2.340216666666667,339.4633333333333,309.0614766666667
2020-09-14 00:00:00,3.071,2.350216666666667,342.06666666666666,309.4342716666667
2020-09-14 01:00:00,3.071,2.3892666666666664,339.0516666666666,272.82461333333333
2020-09-14 02:00:00,3.071,2.5308166666666665,341.45166666666665,174.06149333333332
2020-09-14 03:00:00,3.071,2.74975,342.5516666666666,157.290625
2020-09-14 04:00:00,3.071,2.9764166666666667,337.2116666666667,158.43647833333335
2020-09-14 05:00:00,3.071,3.183783333333333,338.35166666666663,177.10881333333333
2020-09-14 06:00:00,3.071,3.3534,345.90999999999997,243.7450883333333
2020-09-14 07:00:00,3.071,3.35685,347.3566666666667,451.71281166666665
2020-09-14 08:00:00,3.071,3.122266666666667,344.0066666666667,437.4344816666666
2020-09-14 09:00:00,3.071,3.0502333333333334,343.9933333333333,362.83892333333336
2020-09-14 10:00:00,3.071,3.0239499999999997,344.4566666666667,328.46291
2020-09-14 11:00:00,3.071,3.013383333333333,345.46,349.75068166666665
2020-09-14 12:00:00,3.071,2.9427333333333334,347.40333333333336,389.83992166666667
2020-09-14 13:00:00,3.071,2.882233333333333,346.575,374.03527
2020-09-14 14:00:00,3.071,2.84995,340.24666666666667,309.66648833333335
2020-09-14 15:00:00,3.071,2.8907833333333333,341.005,282.64892
2020-09-14 16:00:00,3.071,2.9588666666666668,350.7933333333333,288.0318016666667
2020-09-14 17:00:00,3.071,3.00325,350.73499999999996,319.86234666666667
2020-09-14 18:00:00,3.071,2.9970333333333334,347.5866666666667,336.70867999999996
2020-09-14 19:00:00,3.071,2.9417666666666666,345.7033333333333,441.6991366666667
2020-09-14 20:00:00,3.071,2.7186333333333335,345.72166666666664,470.3835066666667
2020-09-14 21:00:00,3.071,2.6173333333333333,420.40333333333336,418.4906283333333
2020-09-14 22:00:00,3.071,2.6240666666666663,493.4433333333333,412.78565833333334
2020-09-14 23:00:00,3.071,2.78165,409.26500000000004,286.29721
2020-09-15 00:00:00,3.071,2.834,258.4866666666667,232.74545833333332
2020-09-15 01:00:00,3.071,2.8763833333333335,259.66,191.14022666666668
2020-09-15 02:00:00,3.071,2.9427166666666666,260.525,196.30668166666666
2020-09-15 03:00:00,3.071,3.0438666666666667,259.42833333333334,156.42145666666664
2020-09-15 04:00:00,3.071,3.1660833333333334,259.46833333333336,159.231865
2020-09-15 05:00:00,3.071,3.2784833333333334,258.4633333333333,174.94010166666666
2020-09-15 06:00:00,3.071,3.3335999999999997,263.7133333333333,250.646155
2020-09-15 07:00:00,3.071,3.2901000000000002,263.19,324.35390333333334
2020-09-15 08:00:00,3.071,3.1149666666666667,261.2233333333333,397.1136533333334
2020-09-15 09:00:00,3.071,2.9416333333333333,258.9166666666667,329.74912
2020-09-15 10:00:00,3.071,2.821483333333333,257.505,366.39995333333337
2020-09-15 11:00:00,3.071,2.5136333333333334,258.49666666666667,566.5482900000001
2020-09-15 12:00:00,3.071,2.1230333333333333,259.1383333333333,467.73090666666667
2020-09-15 13:00:00,3.071,1.85305,258.665,417.160955
2020-09-15 14:00:00,3.071,1.67055,255.755,309.19142833333336
2020-09-15 15:00:00,3.071,1.6173666666666666,255.06666666666666,282.59617333333335
2020-09-15 16:00:00,3.071,1.5461833333333332,256.34333333333336,292.16178666666667
2020-09-15 17:00:00,3.071,1.5476999999999999,464.27166666666665,308.10611666666665
2020-09-15 18:00:00,3.071,1.8564833333333333,548.6483333333333,333.4954183333333
2020-09-15 19:00:00,3.071,2.0438,518.6116666666667,380.95277833333336
2020-09-15 20:00:00,3.071,2.2475666666666667,516.6133333333333,320.21477500000003
2020-09-15 21:00:00,3.071,2.4075166666666665,453.8066666666667,418.11860333333334
2020-09-15 22:00:00,3.071,2.2518666666666665,310.38666666666666,442.6930433333334
2020-09-15 23:00:00,3.071,2.1676,316.75166666666667,275.2806533333333
2020-09-16 00:00:00,3.071,2.2401,321.26500000000004,260.44484166666666
2020-09-16 01:00:00,3.071,2.2903666666666664,322.415,254.22654833333334
2020-09-16 02:00:00,3.071,2.3749333333333333,322.59666666666664,236.98016166666667
2020-09-16 03:00:00,3.071,2.495633333333333,323.2316666666667,189.12750499999999
2020-09-16 04:00:00,3.071,2.6763833333333333,325.27333333333337,179.68700833333332
2020-09-16 05:00:00,3.071,2.8595333333333333,324.0083333333333,171.54424833333331
2020-09-16 06:00:00,3.071,3.012983333333333,321.09833333333336,223.56481166666666
2020-09-16 07:00:00,3.071,3.0552,326.06166666666667,348.37095666666664
2020-09-16 08:00:00,3.071,2.9351833333333333,322.18,394.80929000000003
2020-09-16 09:00:00,3.071,2.8897,325.09000000000003,293.7882466666667
2020-09-16 10:00:00,3.071,2.901816666666667,327.60499999999996,317.61006499999996
2020-09-16 11:00:00,3.071,2.884383333333333,328.69,341.853945
2020-09-16 12:00:00,3.071,2.772366666666667,329.375,415.11001000000005
2020-09-16 13:00:00,3.071,2.672816666666667,325.7883333333333,354.40473333333335
2020-09-16 14:00:00,3.071,2.6375666666666664,324.35333333333335,303.91700000000003
2020-09-16 15:00:00,3.071,2.5829,326.02333333333337,409.06077666666664
2020-09-16 16:00:00,3.071,2.5183999999999997,318.53499999999997,297.4335916666667
2020-09-16 17:00:00,3.071,2.4962333333333335,320.0933333333333,374.33046
2020-09-16 18:00:00,3.071,2.3507166666666666,315.9866666666667,404.39194000000003
2020-09-16 19:00:00,3.071,2.202833333333333,319.37833333333333,429.95759
2020-09-16 20:00:00,3.071,2.0525333333333333,320.14166666666665,375.8225166666667
2020-09-16 21:00:00,3.071,1.9431,319.415,401.84949166666667
2020-09-16 22:00:00,3.071,1.8138166666666666,322.275,361.8304533333333
2020-09-16 23:00:00,3.071,1.8281999999999998,322.60166666666663,248.77489
2020-09-17 00:00:00,3.071,1.933084745762712,320.10169491525426,220.0105966101695
2020-09-17 01:00:00,3.071,1.9898666666666667,322.7916666666667,329.052705
2020-09-17 02:00:00,3.071,2.0489833333333336,322.60833333333335,174.35990166666667
2020-09-17 03:00:00,3.071,2.2443166666666667,323.77333333333337,158.10308833333332
2020-09-17 04:00:00,3.071,2.4445666666666668,324.93833333333333,182.54551166666667
2020-09-17 05:00:00,3.071,2.591466666666667,357.10999999999996,199.00225
2020-09-17 06:00:00,3.071,3.0185166666666663,635.55,236.74815500000003
2020-09-17 07:00:00,3.071,3.3066833333333334,467.06333333333333,341.55971666666665
2020-09-17 08:00:00,3.071,3.2260666666666666,248.32666666666668,410.14108500000003
2020-09-17 09:00:00,3.071,3.0610833333333334,246.985,311.48591833333336
2020-09-17 10:00:00,3.071,2.9596500000000003,247.80499999999998,301.8440366666666
2020-09-17 11:00:00,3.071,2.8503666666666665,247.65,334.30068166666666
2020-09-17 12:00:00,3.071,2.6859166666666665,248.25833333333333,376.1689883333333
2020-09-17 13:00:00,3.071,2.47275,249.02,402.3442033333333
2020-09-17 14:00:00,3.071,2.252933333333333,337.5,403.7861233333333
2020-09-17 15:00:00,3.071,2.3911666666666664,560.325,333.12789833333335
2020-09-17 16:00:00,3.071,2.6275833333333334,557.7616666666667,355.06850833333334
2020-09-17 17:00:00,3.071,2.8394666666666666,554.7833333333333,417.86379500000004
2020-09-17 18:00:00,3.071,3.0229,561.5866666666666,357.8344183333333
2020-09-17 19:00:00,3.071,3.2256833333333335,426.31166666666667,358.528505
2020-09-17 20:00:00,3.071,3.09795,243.85666666666665,380.27509833333335
2020-09-17 21:00:00,3.071,2.9282833333333333,242.31333333333333,364.06163666666663
2020-09-17 22:00:00,3.071,2.6961333333333335,230.00666666666666,367.87231333333335
2020-09-17 23:00:00,3.071,2.5956333333333332,232.95666666666665,237.861145
2020-09-18 00:00:00,3.071,2.5862166666666666,234.715,224.354115
2020-09-18 01:00:00,3.071,2.6025666666666667,240.46166666666667,201.16779833333334
2020-09-18 02:00:00,3.071,2.6441666666666666,239.06666666666666,201.278485
2020-09-18 03:00:00,3.071,2.6928166666666664,240.3,178.402795
2020-09-18 04:00:00,3.071,2.7725999999999997,242.535,164.71066833333333
2020-09-18 05:00:00,3.071,2.8284833333333332,241.57666666666668,200.43031000000002
2020-09-18 06:00:00,3.071,2.8752,274.2133333333333,219.15201166666665
2020-09-18 07:00:00,3.071,2.95165,419.6816666666667,358.41787666666664
2020-09-18 08:00:00,3.071,2.8989833333333332,498.6383333333333,576.3311233333334
2020-09-18 09:00:00,3.071,2.846683333333333,488.0083333333333,405.40327833333333
2020-09-18 10:00:00,3.071,2.96985,448.84166666666664,375.24629999999996
2020-09-18 11:00:00,3.071,2.9259,353.96666666666664,407.517715
2020-09-18 12:00:00,3.071,2.84645,355.21500000000003,386.07814666666667
2020-09-18 13:00:00,3.071,2.7982666666666662,350.39000000000004,341.94982999999996
2020-09-18 14:00:00,3.071,2.81345,337.53333333333336,286.9384733333334
2020-09-18 15:00:00,3.071,2.8768666666666665,477.085,314.798195
2020-09-18 16:00:00,3.071,3.2016666666666667,585.475,272.40930833333334
2020-09-18 17:00:00,3.071,3.5274666666666668,647.7016666666666,307.325905
2020-09-18 18:00:00,1.9249666666666667,3.3095333333333334,591.2099999999999,396.916445
2020-09-18 19:00:00,1.7435166666666668,2.8753333333333333,590.3416666666667,368.28315833333335
2020-09-18 20:00:00,2.3989666666666665,2.485583333333333,586.3666666666667,417.90633999999994
2020-09-18 21:00:00,3.0306,2.01695,564.05,389.84682833333335
2020-09-18 22:00:00,3.51155,1.73865,581.4225,390.7020866666666
2020-09-18 23:00:00,3.620833333333333,1.9189833333333333,674.4166666666666,383.219285
2020-09-19 00:00:00,3.619333333333333,2.2702166666666668,480.87666666666667,278.1043966666667
2020-09-19 01:00:00,3.619,2.3966333333333334,337.775,240.61615333333333
2020-09-19 02:00:00,3.6177,2.5343333333333335,336.38,198.32386333333335
2020-09-19 03:00:00,3.61755,2.7307833333333336,336.005,163.799455
2020-09-19 04:00:00,3.619066666666667,2.94485,342.8,170.45713666666668
2020-09-19 05:00:00,3.6189166666666663,3.1411333333333333,343.67833333333334,189.86867333333333
2020-09-19 06:00:00,3.618133333333333,3.2812666666666668,347.1933333333333,253.65611499999997
2020-09-19 07:00:00,3.6172666666666666,3.3846333333333334,347.6066666666667,263.985915
2020-09-19 08:00:00,3.616316666666667,3.4378,346.9266666666666,332.15100333333334
2020-09-19 09:00:00,3.6165333333333334,3.344933333333333,347.8616666666667,425.6816066666667
2020-09-19 10:00:00,3.6165333333333334,3.2793833333333335,345.195,335.38793833333335
2020-09-19 11:00:00,3.6161499999999998,3.2239666666666666,347.1616666666667,427.0463883333333
2020-09-19 12:00:00,3.6167333333333334,3.0253,349.22999999999996,494.8353383333333
2020-09-19 13:00:00,3.6177333333333332,2.8718166666666667,347.555,411.44739500000003
2020-09-19 14:00:00,3.5993166666666667,2.799116666666667,348.665,352.6724966666667
2020-09-19 15:00:00,3.5072666666666668,2.8604,346.755,371.40247166666666
2020-09-19 16:00:00,3.41615,2.915433333333333,407.745,362.0652116666667
2020-09-19 17:00:00,3.3400833333333333,3.0732500000000003,457.25,380.98618999999997
2020-09-19 18:00:00,3.2825333333333333,3.2051166666666666,432.7033333333333,356.7331316666667
2020-09-19 19:00:00,3.2258333333333336,3.256266666666667,285.425,321.502135
2020-09-19 20:00:00,3.1792333333333334,3.1831666666666667,211.84,332.81981
2020-09-19 21:00:00,3.106933333333333,3.0766,253.815,335.44408333333337
2020-09-19 22:00:00,3.0180000000000002,3.0473500000000002,287.76666666666665,383.86873
2020-09-19 23:00:00,2.913733333333333,2.964383333333333,297.9266666666666,402.45944833333334
2020-09-20 00:00:00,2.9145499999999998,2.9515000000000002,341.03499999999997,229.83267666666669
2020-09-20 01:00:00,2.9825,3.01735,340.3,233.23479
2020-09-20 02:00:00,3.0508666666666664,3.0851333333333333,338.46500000000003,185.427025
2020-09-20 03:00:00,3.1533,3.1872666666666665,339.365,165.99812
2020-09-20 04:00:00,3.259466666666667,3.2935833333333333,333.1383333333333,159.60680499999998
2020-09-20 05:00:00,3.3627499999999997,3.397666666666667,335.165,167.446675
2020-09-20 06:00:00,3.4577833333333334,3.4948833333333336,338.35999999999996,193.22867
2020-09-20 07:00:00,3.5311166666666667,3.5708333333333333,339.22,235.13207500000001
2020-09-20 08:00:00,3.5383333333333336,3.58385,337.24666666666667,365.21626833333335
2020-09-20 09:00:00,3.5138166666666666,3.5591166666666667,337.8683333333333,370.24459833333333
2020-09-20 10:00:00,3.442533333333333,3.4884,310.2816666666667,452.09636666666665
2020-09-20 11:00:00,3.2929833333333334,3.3302,154.86666666666667,409.57018166666666
2020-09-20 12:00:00,3.0917666666666666,3.1272,156.7866666666667,476.87065333333334
2020-09-20 13:00:00,2.8855500000000003,2.921866666666667,206.38666666666668,414.251155
2020-09-20 14:00:00,2.7881666666666667,2.8596833333333334,376.2816666666667,451.6102783333333
2020-09-20 15:00:00,2.7337,2.8020833333333335,375.695,354.77158833333334
2020-09-20 16:00:00,2.7710999999999997,2.8309333333333333,373.055,320.1237266666667
2020-09-20 17:00:00,2.764866666666667,2.8339833333333333,369.14500000000004,393.56186833333334
2020-09-20 18:00:00,2.7486666666666664,2.813016666666667,368.055,322.7378166666667
2020-09-20 19:00:00,2.7654833333333335,2.83015,361.94,353.3504883333334
2020-09-20 20:00:00,2.7464333333333335,2.8128333333333333,342.625,362.321315
2020-09-20 21:00:00,2.7058000000000004,2.77335,336.72,408.296315
2020-09-20 22:00:00,2.675816666666667,2.735766666666667,337.14000000000004,309.7754733333333
2020-09-20 23:00:00,2.6703166666666664,2.7352833333333333,348.05,340.34680166666664
2020-09-21 00:00:00,2.69585,2.7521666666666667,347.49833333333333,291.46372499999995
2020-09-21 01:00:00,2.6863,2.750583333333333,347.0683333333333,317.554725
2020-09-21 02:00:00,2.7723500000000003,2.8174333333333332,353.12,161.26653666666667
2020-09-21 03:00:00,2.89175,2.93835,354.42333333333335,161.24694499999998
2020-09-21 04:00:00,3.003216666666667,3.052033333333333,354.1316666666667,185.94990833333335
2020-09-21 05:00:00,3.0948833333333337,3.1478666666666664,355.7883333333333,196.56939833333334
2020-09-21 06:00:00,3.175683333333333,3.23605,357.0466666666667,258.406795
2020-09-21 07:00:00,3.19145,3.262016666666667,354.185,343.170075
2020-09-21 08:00:00,3.163116666666667,3.2378833333333334,351.3,377.81147
2020-09-21 09:00:00,3.1443166666666666,3.2132666666666667,343.435,357.95007833333335
2020-09-21 10:00:00,3.1216999999999997,3.191666666666667,347.21666666666664,378.7691566666666
2020-09-21 11:00:00,3.0671166666666663,3.1427833333333335,349.87,409.26680166666665
2020-09-21 12:00:00,3.0414666666666665,3.1094333333333335,350.1316666666667,334.395425
2020-09-21 13:00:00,3.0560833333333335,3.1197500000000002,353.6066666666667,304.33043499999997
2020-09-21 14:00:00,3.0744,3.1393666666666666,351.925,340.19989833333335
2020-09-21 15:00:00,3.060766666666667,3.1267333333333336,343.15999999999997,316.26054833333336
2020-09-21 16:00:00,3.0709833333333334,3.13425,342.175,334.9586883333333
2020-09-21 17:00:00,2.9875833333333333,3.06675,346.1616666666667,524.4335033333333
2020-09-21 18:00:00,2.886016666666667,2.9614666666666665,348.185,432.52922333333333
2020-09-21 19:00:00,2.8399666666666668,2.9097,349.2883333333333,364.7890233333334
2020-09-21 20:00:00,2.8131333333333335,2.8821166666666667,342.96500000000003,390.68116166666664
2020-09-21 21:00:00,2.75465,2.826716666666667,341.03,394.83666833333336
2020-09-21 22:00:00,2.73455,2.7983333333333333,341.86333333333334,311.34688833333337
2020-09-21 23:00:00,2.7725666666666666,2.83025,343.4933333333333,256.413735
2020-09-22 00:00:00,2.82075,2.8771166666666668,344.6316666666667,241.52227166666665
2020-09-22 01:00:00,2.9016666666666664,2.95275,345.6333333333333,195.02345
2020-09-22 02:00:00,2.9964500000000003,3.04565,345.805,177.23657333333333
2020-09-22 03:00:00,3.1062000000000003,3.1554833333333336,346.43666666666667,164.70404166666668
2020-09-22 04:00:00,3.2179333333333333,3.26825,349.545,166.883915
2020-09-22 05:00:00,3.325216666666667,3.37745,349.22,186.290175
2020-09-22 06:00:00,3.3988333333333336,3.458583333333334,349.3333333333333,274.1302366666667
2020-09-22 07:00:00,3.398283333333333,3.4676666666666667,341.89500000000004,387.20948000000004
2020-09-22 08:00:00,3.285433333333333,3.3697999999999997,343.47666666666663,506.792775
2020-09-22 09:00:00,3.2298,3.2879666666666667,283.92833333333334,314.4622
2020-09-22 10:00:00,3.189216666666667,3.2387333333333337,268.925,349.41298333333333
2020-09-22 11:00:00,3.091666666666667,3.14545,266.4016666666667,437.80576666666667
2020-09-22 12:00:00,2.943966666666667,2.9994500000000004,266.70166666666665,459.2000683333334
2020-09-22 13:00:00,2.8354166666666667,2.8847666666666667,268.0233333333333,377.169475
2020-09-22 14:00:00,2.7879333333333336,2.8322333333333334,267.36333333333334,292.9786766666667
2020-09-22 15:00:00,2.7550833333333333,2.7977166666666666,269.16,306.53278166666666
2020-09-22 16:00:00,2.7294166666666664,2.771083333333333,271.2,282.52284833333334
2020-09-22 17:00:00,2.7053833333333333,2.7500166666666668,269.4,325.4054783333333
2020-09-22 18:00:00,2.6430333333333333,2.689833333333333,266.04,358.85463
2020-09-22 19:00:00,2.5707999999999998,2.616,266.315,326.9804616666667
2020-09-22 20:00:00,2.5084666666666666,2.5562166666666664,265.96333333333337,444.91914333333335
2020-09-22 21:00:00,2.311183333333333,2.3659666666666666,264.37333333333333,504.3605133333333
2020-09-22 22:00:00,2.2483333333333335,2.2920166666666666,383.3233333333334,293.3421133333333
2020-09-22 23:00:00,2.34655,2.38525,459.71500000000003,276.7558416666667
2020-09-23 00:00:00,2.4778333333333333,2.515233333333333,462.35166666666663,224.26501166666668
2020-09-23 01:00:00,2.606733333333333,2.6444666666666667,462.78333333333336,264.91203666666667
2020-09-23 02:00:00,2.74335,2.78265,468.45,237.41320166666668
2020-09-23 03:00:00,2.8886,2.92805,469.01666666666665,221.08968666666667
2020-09-23 04:00:00,3.06515,3.1014166666666667,469.38666666666666,159.88629166666666
2020-09-23 05:00:00,3.25275,3.2928833333333336,474.9216666666667,196.16387833333332
2020-09-23 06:00:00,3.412716666666667,3.4561166666666665,472.93666666666667,232.46676
2020-09-23 07:00:00,3.503033333333333,3.558883333333333,436.59000000000003,391.19257
2020-09-23 08:00:00,3.4638166666666668,3.520483333333333,309.5933333333333,358.20891166666667
2020-09-23 09:00:00,3.443966666666667,3.494133333333333,301.99666666666667,321.91585833333335
2020-09-23 10:00:00,3.3840333333333334,3.3951,156.07833333333335,371.3744116666667
2020-09-23 11:00:00,3.22925,3.2192833333333337,135.80666666666667,360.52219499999995
2020-09-23 12:00:00,3.0161000000000002,2.9884833333333334,135.43666666666667,547.3319883333334
2020-09-23 13:00:00,2.7859166666666666,2.7920833333333333,326.9633333333333,368.2253166666667
2020-09-23 14:00:00,2.845833333333333,2.91875,538.4566666666667,310.1383583333334
2020-09-23 15:00:00,2.99575,3.0626166666666665,534.68,265.181085
2020-09-23 16:00:00,3.16655,3.2317833333333335,540.18,263.65934833333336
2020-09-23 17:00:00,3.2885666666666666,3.355,459.45166666666665,362.68246999999997
2020-09-23 18:00:00,3.2643166666666668,3.29635,259.5683333333333,419.910285
2020-09-23 19:00:00,3.1587166666666664,3.1772833333333335,253.77833333333334,394.6720383333333
2020-09-23 20:00:00,3.0599333333333334,3.07885,253.63,368.44859166666663
2020-09-23 21:00:00,2.95225,2.9699166666666668,251.2133333333333,418.19307166666664
2020-09-23 22:00:00,2.853666666666667,2.871583333333333,250.27,327.74991166666666
2020-09-23 23:00:00,2.77455,2.7920000000000003,254.01333333333332,396.42571166666664
2020-09-24 00:00:00,2.7418,2.7742833333333334,350.92333333333335,253.17277
2020-09-24 01:00:00,2.7988,2.8356166666666667,355.27000000000004,225.2184266666667
2020-09-24 02:00:00,2.9000833333333333,2.9329666666666667,354.30333333333334,163.988915
2020-09-24 03:00:00,3.0217,3.055833333333333,354.595,151.85095833333335
2020-09-24 04:00:00,3.1480333333333332,3.1827666666666667,357.82,153.71382833333334
2020-09-24 05:00:00,3.2677666666666667,3.3028833333333334,352.77833333333336,170.21016999999998
2020-09-24 06:00:00,3.3617666666666666,3.4008166666666666,352.31666666666666,225.748465
2020-09-24 07:00:00,3.3954166666666667,3.43705,348.6766666666666,369.0995033333333
2020-09-24 08:00:00,3.3545333333333334,3.3987333333333334,352.8616666666667,358.46003
2020-09-24 09:00:00,3.345766666666667,3.3865,332.35833333333335,328.9078233333333
2020-09-24 10:00:00,3.3205833333333334,3.35025,291.525,345.09709833333335
2020-09-24 11:00:00,3.2888499999999996,3.3173833333333334,291.4566666666667,305.2211766666667
2020-09-24 12:00:00,3.2510833333333333,3.2794000000000003,293.31166666666667,398.43787
2020-09-24 13:00:00,3.1405833333333333,3.16775,293.075,441.33775333333335
2020-09-24 14:00:00,3.0564999999999998,3.083666666666667,292.0383333333333,356.64995333333337
2020-09-24 15:00:00,2.9984333333333333,3.0258333333333334,290.39500000000004,420.0097833333333
2020-09-24 16:00:00,2.9022,2.9292666666666665,287.65833333333336,328.67681
2020-09-24 17:00:00,2.8669166666666666,2.8931666666666667,293.305,380.41367166666663
2020-09-24 18:00:00,2.7885,2.815516666666667,294.52166666666665,373.22585999999995
2020-09-24 19:00:00,2.7367666666666666,2.7639,296.4216666666667,350.750325
2020-09-24 20:00:00,2.6776,2.7047499999999998,297.775,364.8288966666667
2020-09-24 21:00:00,2.6380833333333333,2.6637666666666666,293.5066666666667,357.35867666666667
2020-09-24 22:00:00,2.5629166666666667,2.5884333333333336,294.3016666666666,384.12191666666666
2020-09-24 23:00:00,2.5324666666666666,2.5557666666666665,323.6333333333333,268.4640816666667
2020-09-25 00:00:00,2.604633333333333,2.6144000000000003,394.32,241.66666833333332
2020-09-25 01:00:00,2.7113666666666663,2.72235,397.22166666666664,204.770375
2020-09-25 02:00:00,2.831233333333333,2.8452833333333336,395.2133333333333,189.86166166666666
2020-09-25 03:00:00,2.9573166666666664,2.971683333333333,397.35499999999996,196.273455
2020-09-25 04:00:00,3.0871666666666666,3.1049,398.45,168.44768833333333
2020-09-25 05:00:00,3.2152000000000003,3.2306666666666666,396.6933333333333,262.632715
2020-09-25 06:00:00,3.2564166666666665,3.2675166666666664,392.8566666666667,320.45052833333335
2020-09-25 07:00:00,3.26175,3.2672166666666667,392.37333333333333,465.89369
2020-09-25 08:00:00,3.184966666666667,3.186916666666667,384.6166666666667,452.08128833333336
2020-09-25 09:00:00,3.1519166666666667,3.157366666666667,384.84833333333336,383.19763333333333
2020-09-25 10:00:00,3.151416666666667,3.15905,385.06666666666666,369.37147166666665
2020-09-25 11:00:00,3.1664666666666665,3.174983333333333,387.62333333333333,301.26281666666665
2020-09-25 12:00:00,3.191816666666667,3.197083333333333,389.205,375.32232666666664
2020-09-25 13:00:00,3.1868833333333333,3.1918833333333336,390.26166666666666,342.98753000000005
2020-09-25 14:00:00,3.2206833333333336,3.2288,389.75333333333333,317.86578166666663
2020-09-25 15:00:00,3.2646333333333333,3.2749333333333337,389.14666666666665,271.5886683333334
2020-09-25 16:00:00,3.3361333333333336,3.351116666666667,367.07166666666666,257.27810166666666
2020-09-25 17:00:00,3.3085,3.3489,187.23833333333332,303.3233283333333
2020-09-25 18:00:00,3.1650666666666667,3.2147833333333335,187.20499999999998,481.359395
2020-09-25 19:00:00,2.9991666666666665,3.0461666666666667,186.40333333333334,333.68086666666665
2020-09-25 20:00:00,2.894766666666667,2.9410833333333333,186.56166666666667,349.32215833333333
2020-09-25 21:00:00,2.7748500000000003,2.8205666666666667,187.48666666666668,346.60399333333334
2020-09-25 22:00:00,2.7020333333333335,2.7273,361.39500000000004,397.93860166666667
2020-09-25 23:00:00,2.6972333333333336,2.71315,378.56,317.86495666666667
2020-09-26 00:00:00,2.74365,2.7623,381.99,281.55283833333334
2020-09-26 01:00:00,2.8173833333333334,2.8385499999999997,380.89000000000004,208.910645
2020-09-26 02:00:00,2.940433333333333,2.9631499999999997,383.44166666666666,167.37874166666668
2020-09-26 03:00:00,3.0820166666666666,3.1058333333333334,383.63666666666666,149.28970666666666
2020-09-26 04:00:00,3.2264333333333335,3.2506166666666667,377.125,154.01548833333334
2020-09-26 05:00:00,3.364716666666667,3.389816666666667,381.39500000000004,162.635035
2020-09-26 06:00:00,3.4863333333333335,3.512583333333333,382.54833333333335,215.39059833333334
2020-09-26 07:00:00,3.5604500000000003,3.5850166666666667,378.87666666666667,286.40959833333335
2020-09-26 08:00:00,3.6069166666666663,3.631333333333333,379.6983333333334,327.81549666666666
2020-09-26 09:00:00,3.598383333333333,3.6194833333333336,379.27166666666665,443.77695666666665
2020-09-26 10:00:00,3.5225666666666666,3.541416666666666,377.06,406.9736916666667
2020-09-26 11:00:00,3.5213666666666668,3.541166666666667,376.05333333333334,401.29157166666664
2020-09-26 12:00:00,3.454733333333333,3.4731,361.1666666666667,448.3289683333333
2020-09-26 13:00:00,3.4130166666666666,3.43805,348.09833333333336,316.7840933333334
2020-09-26 14:00:00,3.41225,3.43685,348.18666666666667,381.19583666666665
2020-09-26 15:00:00,3.3697999999999997,3.3891,306.2683333333333,392.34559333333334
2020-09-26 16:00:00,3.2784166666666668,3.2744166666666668,222.11499999999998,373.9558366666667
2020-09-26 17:00:00,3.15115,3.1427833333333335,222.35166666666666,443.45545500000003
2020-09-26 18:00:00,3.0111333333333334,3.0055,221.50666666666666,366.08652333333333
2020-09-26 19:00:00,2.9154666666666667,2.91375,220.76666666666668,315.48167166666667
2020-09-26 20:00:00,2.8000499999999997,2.7904666666666667,219.44333333333333,463.229795
2020-09-26 21:00:00,2.6562,2.6482666666666663,219.915,387.89251499999995
2020-09-26 22:00:00,2.5383166666666668,2.5115,318.54,405.78758166666665
2020-09-26 23:00:00,2.5562666666666667,2.5310166666666665,380.5683333333333,253.61088
2020-09-27 00:00:00,2.6379,2.6186,383.79833333333335,222.07834
2020-09-27 01:00:00,2.74595,2.7320833333333336,382.9683333333333,194.58501166666665
2020-09-27 02:00:00,2.8569166666666663,2.844133333333333,385.2866666666667,185.367385
2020-09-27 03:00:00,2.993933333333333,2.9863833333333334,385.39833333333337,151.22205
2020-09-27 04:00:00,3.1409333333333334,3.1349333333333336,380.0133333333333,144.9130933333333
2020-09-27 05:00:00,3.2847500000000003,3.2799,387.58,158.53921833333334
2020-09-27 06:00:00,3.415233333333333,3.40735,380.29833333333335,211.47043166666666
2020-09-27 07:00:00,3.5047,3.4886,388.2633333333333,252.70649
2020-09-27 08:00:00,3.5445333333333333,3.5275166666666666,319.94,336.23575999999997
2020-09-27 09:00:00,3.4873666666666665,3.4738166666666666,286.57,385.4147566666667
2020-09-27 10:00:00,3.4151833333333332,3.4028833333333335,285.8233333333334,350.95490333333333
2020-09-27 11:00:00,3.339916666666667,3.31825,287.5733333333334,464.86532
2020-09-27 12:00:00,3.166333333333333,3.1267833333333335,286.53,580.5591166666667
2020-09-27 13:00:00,3.0025,2.9779666666666667,285.11333333333334,383.26696333333336
2020-09-27 14:00:00,2.93595,2.9201166666666665,283.19666666666666,333.31664166666667
2020-09-27 15:00:00,2.9143,2.9053166666666663,285.62,290.91739333333334
2020-09-27 16:00:00,2.8916,2.87595,295.12833333333333,334.2436833333333
2020-09-27 17:00:00,2.85025,2.8335500000000002,294.12333333333333,321.4001416666667
2020-09-27 18:00:00,2.8359,2.8238666666666665,296.6666666666667,298.76365333333337
2020-09-27 19:00:00,2.8012,2.7845,286.885,357.1874883333333
2020-09-27 20:00:00,2.7358833333333332,2.71665,292.4483333333334,386.194905
2020-09-27 21:00:00,2.672083333333333,2.6944166666666667,370.9616666666667,392.0316016666667
2020-09-27 22:00:00,2.6056833333333334,2.6381666666666663,357.8933333333333,428.2973166666667
2020-09-27 23:00:00,2.5785,2.6104,358.5883333333333,318.63855500000005
2020-09-28 00:00:00,2.6185833333333335,2.649916666666667,367.60499999999996,286.17600500000003
2020-09-28 01:00:00,2.684566666666667,2.713716666666667,370.6983333333334,203.96640666666664
2020-09-28 02:00:00,2.8046833333333336,2.83345,371.47,163.77256333333335
2020-09-28 03:00:00,2.939916666666667,2.9692166666666666,365.585,143.93994166666667
2020-09-28 04:00:00,3.07905,3.1092166666666667,368.44,144.40036
2020-09-28 05:00:00,3.216933333333333,3.2489333333333335,387.4191666666667,163.62403833333335
2020-09-28 06:00:00,3.316733333333333,3.3606166666666666,321.3283333333333,243.51150833333335
2020-09-28 07:00:00,3.32685,3.378033333333333,330.56333333333333,329.6502633333333
2020-09-28 08:00:00,3.30855,3.3615333333333335,325.89500000000004,366.78670666666665
2020-09-28 09:00:00,3.2390666666666665,3.2941166666666666,324.1633333333333,393.1444333333333
2020-09-28 10:00:00,3.220566666666667,3.2701333333333333,325.1166666666667,325.3656316666667
2020-09-28 11:00:00,3.2060666666666666,3.255733333333333,323.51,331.8480216666667
2020-09-28 12:00:00,3.1421166666666664,3.1958333333333333,322.51666666666665,443.5868316666667
2020-09-28 13:00:00,3.0689333333333333,3.12085,321.07166666666666,435.63201833333335
2020-09-28 14:00:00,2.9629666666666665,3.0159833333333332,322.1566666666667,404.1792016666667
2020-09-28 15:00:00,2.9556,2.9995833333333333,322.01500000000004,263.78008
2020-09-28 16:00:00,2.955033333333333,3.0021166666666668,323.56,382.588095
2020-09-28 17:00:00,2.9123,2.96095,320.4933333333333,326.30776
2020-09-28 18:00:00,2.8893,2.9377333333333335,319.37166666666667,354.78811666666667
2020-09-28 19:00:00,2.8189166666666665,2.8716999999999997,319.065,434.02898833333336
2020-09-28 20:00:00,2.77035,2.8006499999999996,204.165,294.61460999999997
2020-09-28 21:00:00,2.6454666666666666,2.6473166666666668,121.625,370.89234833333336
2020-09-28 22:00:00,2.48675,2.489433333333333,122.14,310.73300333333333
2020-09-28 23:00:00,2.371483333333333,2.3771166666666668,126.18,261.6822
2020-09-29 00:00:00,2.2919666666666667,2.3065166666666665,290.5416666666667,309.088965
2020-09-29 01:00:00,2.3369333333333335,2.3629666666666664,428.4933333333333,233.25891
2020-09-29 02:00:00,2.4948166666666665,2.5203166666666665,432.04833333333335,156.21282333333332
2020-09-29 03:00:00,2.671683333333333,2.69705,428.01166666666666,146.25071333333332
2020-09-29 04:00:00,2.847466666666667,2.8747833333333332,428.14166666666665,151.243685
2020-09-29 05:00:00,2.9985333333333335,3.0269,427.1383333333333,199.76396666666668
2020-09-29 06:00:00,3.2289000000000003,3.219133333333333,685.8266666666666,258.650365
2020-09-29 07:00:00,3.4934333333333334,3.4644,695.12,341.53828
2020-09-29 08:00:00,3.527933333333333,3.5688166666666663,303.8383333333333,391.554355
2020-09-29 09:00:00,3.4408833333333333,3.5008,289.865,394.72504666666663
2020-09-29 10:00:00,3.36745,3.4246833333333333,288.55833333333334,363.2873916666667
2020-09-29 11:00:00,3.2884499999999997,3.3474,288.0933333333333,427.2335366666667
2020-09-29 12:00:00,3.1764666666666668,3.236683333333333,291.56333333333333,418.34774666666664
2020-09-29 13:00:00,3.0918166666666664,3.1499666666666664,290.96500000000003,376.00581500000004
2020-09-29 14:00:00,3.0536666666666665,3.10535,287.23833333333334,319.32378666666665
2020-09-29 15:00:00,3.01995,3.0685000000000002,282.78499999999997,299.8823233333333
2020-09-29 16:00:00,2.969266666666667,3.024783333333333,273.365,416.3209666666667
2020-09-29 17:00:00,2.8936166666666665,2.9455666666666667,277.22333333333336,286.06525500000004
2020-09-29 18:00:00,2.8426,2.900316666666667,277.2,390.885325
2020-09-29 19:00:00,2.76835,2.8227166666666665,277.02333333333337,331.45250666666664
2020-09-29 20:00:00,2.7423333333333333,2.7927166666666663,274.52166666666665,321.35230666666666
2020-09-29 21:00:00,2.66775,2.7258833333333334,274.67,368.1583466666667
2020-09-29 22:00:00,2.633966666666667,2.6841,276.42,286.3345366666666
2020-09-29 23:00:00,2.6053333333333333,2.6547166666666664,321.82166666666666,336.28763
2020-09-30 00:00:00,2.6248666666666667,2.6624666666666665,381.50333333333333,297.1583816666667
2020-09-30 01:00:00,2.6931333333333334,2.726116666666667,384.00166666666667,246.4211016666667
2020-09-30 02:00:00,2.79575,2.8293833333333334,386.955,179.36636666666666
2020-09-30 03:00:00,2.9288833333333333,2.9621666666666666,384.37166666666667,161.49626333333333
2020-09-30 04:00:00,3.0761666666666665,3.1085166666666666,383.9183333333333,146.88496333333333
2020-09-30 05:00:00,3.2148166666666667,3.249016666666667,382.0083333333333,166.54796
2020-09-30 06:00:00,3.3422166666666664,3.3779833333333333,385.5783333333333,193.01054000000002
2020-09-30 07:00:00,3.40155,3.442,383.34000000000003,406.79886
2020-09-30 08:00:00,3.3577000000000004,3.3986500000000004,382.885,391.0573
2020-09-30 09:00:00,3.33725,3.377616666666667,380.4116666666667,403.130115
2020-09-30 10:00:00,3.3181833333333333,3.3585,381.12166666666667,371.63405500000005
2020-09-30 11:00:00,3.3169166666666663,3.3552166666666667,382.4916666666667,368.4291283333333
2020-09-30 12:00:00,3.3079166666666664,3.347266666666667,383.81333333333333,374.0001633333333
2020-09-30 13:00:00,3.31495,3.3519666666666668,384.405,319.99436833333334
2020-09-30 14:00:00,3.351766666666667,3.387983333333333,385.15999999999997,352.5278583333333
2020-09-30 15:00:00,3.341016666666667,3.3802833333333333,389.35,383.279345
2020-09-30 16:00:00,3.3465166666666666,3.3846166666666666,382.93333333333334,332.91447166666666
2020-09-30 17:00:00,3.3449,3.3915833333333336,349.12,385.7197683333333
2020-09-30 18:00:00,3.2434166666666666,3.2980500000000004,339.67833333333334,491.53476666666666
2020-09-30 19:00:00,3.146733333333333,3.1824833333333333,140.63333333333333,295.2180783333333
2020-09-30 20:00:00,3.0504666666666664,3.082266666666667,137.835,267.3101683333333
2020-09-30 21:00:00,2.93815,2.9707833333333338,136.24666666666667,322.4899766666667
2020-09-30 22:00:00,2.801616666666667,2.8331999999999997,138.72,310.36135
2020-09-30 23:00:00,2.7125333333333335,2.74285,140.065,222.49367666666666
2020-10-01 00:00:00,2.68705,2.7333166666666666,285.65333333333336,220.3953566666667
2020-10-01 01:00:00,2.7438,2.7901000000000002,297.575,177.84593
2020-10-01 02:00:00,2.8188999999999997,2.8651666666666666,294.6633333333333,165.84885333333332
2020-10-01 03:00:00,2.90175,2.9471333333333334,293.8283333333333,148.02562500000002
2020-10-01 04:00:00,2.9825833333333334,3.0296833333333333,299.10499999999996,169.76987
2020-10-01 05:00:00,3.0679000000000003,3.115,296.01166666666666,158.07036666666667
2020-10-01 06:00:00,3.1353,3.184066666666667,289.44666666666666,206.05048166666666
2020-10-01 07:00:00,3.1618666666666666,3.2183,296.6666666666667,253.70631999999998
2020-10-01 08:00:00,3.1510833333333332,3.2142833333333334,294.2683333333333,339.5373283333334
2020-10-01 09:00:00,3.08555,3.1545,295.04,377.41690166666666
2020-10-01 10:00:00,3.0394666666666668,3.1029833333333334,292.705,342.84762166666667
2020-10-01 11:00:00,3.003516666666667,3.0628666666666664,291.49666666666667,319.121335
2020-10-01 12:00:00,2.9266,2.99535,291.77333333333337,437.85843666666665
2020-10-01 13:00:00,2.8543333333333334,2.91825,292.31333333333333,358.024105
2020-10-01 14:00:00,2.78895,2.852716666666667,292.87666666666667,330.38632333333334
2020-10-01 15:00:00,2.7855666666666665,2.8392833333333334,295.93,267.8919783333333
2020-10-01 16:00:00,2.807533333333333,2.859,297.6333333333333,242.14103166666666
2020-10-01 17:00:00,2.8155833333333335,2.87235,291.76,275.4580666666667
2020-10-01 18:00:00,2.8245999999999998,2.8821833333333333,292.8833333333333,283.80555666666663
2020-10-01 19:00:00,2.8111166666666665,2.8696833333333336,293.135,280.6887033333333
2020-10-01 20:00:00,2.7928833333333336,2.85365,295.175,317.6416066666667
2020-10-01 21:00:00,2.8011833333333334,2.8564333333333334,295.8016666666666,255.24804166666667
2020-10-01 22:00:00,2.8242833333333333,2.87775,294.70166666666665,234.942385
2020-10-01 23:00:00,2.8500500000000004,2.904166666666667,292.72666666666663,237.11039833333334
2020-10-02 00:00:00,2.8823,2.9343333333333335,290.315,241.045735
2020-10-02 01:00:00,2.880733333333333,2.939216666666667,289.35166666666663,296.69239166666665
2020-10-02 02:00:00,2.886283333333333,2.9405,291.00333333333333,235.31680166666666
2020-10-02 03:00:00,2.9381333333333335,2.985383333333333,290.025,162.66591666666667
2020-10-02 04:00:00,3.0285333333333333,3.0721166666666666,295.06333333333333,145.98021
2020-10-02 05:00:00,3.1074166666666665,3.15535,298.57166666666666,169.22976500000001
2020-10-02 06:00:00,3.289833333333333,3.2773,723.0133333333334,303.73994666666664
2020-10-02 07:00:00,3.6179833333333336,3.6042166666666664,719.625,234.03346166666668
2020-10-02 08:00:00,3.7232833333333333,3.7648333333333333,281.87333333333333,278.46166
2020-10-02 09:00:00,3.6891833333333333,3.7391833333333335,251.06333333333333,322.1024883333333
2020-10-02 10:00:00,3.6073333333333335,3.65895,249.31666666666666,356.0112966666667
2020-10-02 11:00:00,3.5386499999999996,3.5872333333333333,248.2866666666667,323.5509866666667
2020-10-02 12:00:00,3.4783666666666666,3.525916666666667,247.30499999999998,329.9836716666667
2020-10-02 13:00:00,3.4314166666666663,3.4777833333333334,246.29833333333332,273.054325
2020-10-02 14:00:00,3.3854166666666665,3.433466666666667,248.085,343.53627500000005
2020-10-02 15:00:00,3.2858333333333336,3.3381333333333334,246.37333333333333,389.9830983333333
2020-10-02 16:00:00,3.20885,3.256266666666667,241.21833333333333,312.9782133333334
2020-10-02 17:00:00,3.1060999999999996,3.1575833333333336,240.77666666666667,446.10985999999997
2020-10-02 18:00:00,2.9816000000000003,3.0312333333333332,239.59333333333333,377.39016333333336
2020-10-02 19:00:00,2.90675,2.9511166666666666,239.49666666666664,293.86716666666666
2020-10-02 20:00:00,2.8644166666666666,2.908,241.5,291.508035
2020-10-02 21:00:00,2.8224,2.8668,243.44166666666666,282.9625433333333
2020-10-02 22:00:00,2.8152833333333334,2.8548,332.7816666666667,270.1703
2020-10-02 23:00:00,2.8551166666666665,2.8930333333333333,332.7083333333333,278.69964
2020-10-03 00:00:00,2.880866666666667,2.9192833333333335,343.8366666666667,263.16397666666666
2020-10-03 01:00:00,2.9397,2.9771333333333336,341.5133333333333,212.57039500000002
2020-10-03 02:00:00,3.0324833333333334,3.0674,340.1066666666667,169.70247833333332
2020-10-03 03:00:00,3.1440166666666665,3.1782666666666666,338.9566666666667,148.26682833333334
2020-10-03 04:00:00,3.261416666666667,3.2967,336.73333333333335,145.51466
2020-10-03 05:00:00,3.377533333333333,3.41315,330.78,147.88155166666667
2020-10-03 06:00:00,3.4869166666666667,3.5247333333333333,339.05,170.97793833333333
2020-10-03 07:00:00,3.564216666666667,3.606733333333333,291.90166666666664,219.88147666666666
2020-10-03 08:00:00,3.5553833333333333,3.60695,243.14,274.84943833333335
2020-10-03 09:00:00,3.5124166666666667,3.564916666666667,242.8,332.95097333333337
2020-10-03 10:00:00,3.3783666666666665,3.441533333333333,246.90833333333333,487.62547
2020-10-03 11:00:00,3.2496,3.3060166666666664,241.46166666666667,359.315455
2020-10-03 12:00:00,3.1409333333333334,3.1981166666666665,241.52,431.51074
2020-10-03 13:00:00,2.99825,3.0549833333333334,240.61833333333334,420.35559
2020-10-03 14:00:00,2.8743666666666665,2.92955,238.08666666666667,389.52419000000003
2020-10-03 15:00:00,2.7881,2.8385499999999997,237.85166666666666,325.3079383333333
2020-10-03 16:00:00,2.74405,2.7888666666666664,239.19,262.28191166666664
2020-10-03 17:00:00,2.7166833333333336,2.7634166666666666,240.14166666666668,286.3255383333333
2020-10-03 18:00:00,2.6575333333333333,2.70925,242.53333333333333,329.53262166666667
2020-10-03 19:00:00,2.597066666666667,2.645033333333333,239.18166666666667,305.7151866666666
2020-10-03 20:00:00,2.5312,2.5812666666666666,238.82666666666668,383.4872666666667
2020-10-03 21:00:00,2.4099500000000003,2.46305,237.70166666666668,322.81528333333335
2020-10-03 22:00:00,2.3800833333333333,2.4265,238.46833333333333,298.2637516666667
2020-10-03 23:00:00,2.30755,2.358366666666667,238.87666666666667,329.423125
2020-10-04 00:00:00,2.26885,2.3192333333333335,291.59833333333336,251.49811499999998
2020-10-04 01:00:00,2.322666666666667,2.3710999999999998,307.57,194.668325
2020-10-04 02:00:00,2.39625,2.4433166666666666,310.275,174.63146999999998
2020-10-04 03:00:00,2.4884833333333334,2.5326833333333334,310.72,150.19029666666665
2020-10-04 04:00:00,2.5863333333333336,2.6301,309.0833333333333,152.88665166666667
2020-10-04 05:00:00,2.6835166666666668,2.729233333333333,308.4616666666667,151.0890533333333
2020-10-04 06:00:00,2.855766666666667,2.879,545.5433333333333,168.48822833333332
2020-10-04 07:00:00,3.1434833333333336,3.1682,567.5893396226415,208.56631166666665
2020-10-04 08:00:00,3.5039666666666665,3.5488,375.8939937106918,296.61060499999996
2020-10-04 09:00:00,3.5073833333333337,3.5609166666666665,286.7183333333333,308.21481
2020-10-04 10:00:00,3.459783333333333,3.5168166666666663,282.5933333333333,385.10723666666667
2020-10-04 11:00:00,3.3770666666666664,3.4344333333333332,285.87666666666667,359.01636333333335
2020-10-04 12:00:00,3.3191333333333333,3.376,284.8683333333333,424.51390166666664
2020-10-04 13:00:00,3.12265,3.19185,284.595,597.1650733333333
2020-10-04 14:00:00,2.9680833333333334,3.0268666666666664,284.44666666666666,394.59535
2020-10-04 15:00:00,2.9115333333333333,2.9649833333333335,282.7816666666667,333.5904366666667
2020-10-04 16:00:00,2.8981166666666667,2.9465500000000002,284.4433333333333,270.5103383333333
2020-10-04 17:00:00,2.882433333333333,2.932983333333333,284.59166666666664,311.1186416666667
2020-10-04 18:00:00,2.837,2.889216666666667,281.32666666666665,338.1631716666667
2020-10-04 19:00:00,2.802016666666667,2.8526499999999997,283.2116666666667,330.70628833333336
2020-10-04 20:00:00,2.759916666666667,2.8099,283.3283333333333,296.11970833333334
2020-10-04 21:00:00,2.7265666666666664,2.7809,282.54,359.599045
2020-10-04 22:00:00,2.633666666666667,2.6937166666666665,279.7116666666667,449.0898183333333
2020-10-04 23:00:00,2.546133333333333,2.594866666666667,313.42,308.06422000000003
2020-10-05 00:00:00,2.60835,2.6439833333333334,350.96666666666664,214.45264333333336
2020-10-05 01:00:00,2.6996166666666666,2.73355,347.0733333333334,186.69889999999998
2020-10-05 02:00:00,2.7988333333333335,2.8341333333333334,344.49833333333333,167.217635
2020-10-05 03:00:00,2.917733333333333,2.9513166666666666,345.62333333333333,149.14124166666667
2020-10-05 04:00:00,3.040433333333333,3.075816666666667,348.925,145.01433333333335
2020-10-05 05:00:00,3.1601,3.198066666666667,347.31333333333333,182.37305999999998
2020-10-05 06:00:00,3.2207500000000002,3.2610666666666663,389.65999999999997,298.64132166666667
2020-10-05 07:00:00,3.29785,3.3114333333333335,488.94666666666666,383.56651666666664
2020-10-05 08:00:00,3.3303333333333334,3.3409666666666666,491.39000000000004,427.65875166666666
2020-10-05 09:00:00,3.3705833333333337,3.384133333333333,486.46666666666664,374.90899833333333
2020-10-05 10:00:00,3.4381666666666666,3.4581666666666666,461.1933333333333,343.6376066666666
2020-10-05 11:00:00,3.48095,3.5092833333333333,361.705,344.797895
2020-10-05 12:00:00,3.4204,3.419966666666667,251.47,394.69406499999997
2020-10-05 13:00:00,3.33865,3.33885,251.69333333333333,357.81341
2020-10-05 14:00:00,3.2572833333333335,3.2582666666666666,250.96666666666667,309.69948
2020-10-05 15:00:00,3.209983333333333,3.2111500000000004,254.57999999999998,367.35542833333335
2020-10-05 16:00:00,3.1178000000000003,3.1173833333333336,254.09,310.5823383333333
2020-10-05 17:00:00,3.0885333333333334,3.0916,254.69,305.90418500000004
2020-10-05 18:00:00,3.0332333333333334,3.034683333333333,258.35333333333335,326.2414533333333
2020-10-05 19:00:00,2.96795,2.9680166666666663,257.5516666666667,354.14469
2020-10-05 20:00:00,2.9044000000000003,2.9054333333333333,255.45499999999998,309.9141233333333
2020-10-05 21:00:00,2.8407833333333334,2.8468166666666668,318.8066666666667,402.028125
2020-10-05 22:00:00,2.785166666666667,2.81995,419.43,399.8092033333333
2020-10-05 23:00:00,2.8024666666666667,2.8625333333333334,416.99833333333333,304.1839533333333
2020-10-06 00:00:00,2.8989,2.9631333333333334,441.84833333333336,224.67564833333333
2020-10-06 01:00:00,3.05435,3.111616666666667,442.4216666666667,181.464455
2020-10-06 02:00:00,3.222166666666667,3.2735333333333334,363.0883333333333,153.376045
2020-10-06 03:00:00,3.301483333333333,3.333366666666667,213.935,144.73796833333333
2020-10-06 04:00:00,3.326016666666667,3.359183333333333,214.605,168.95297333333335
2020-10-06 05:00:00,3.3420666666666667,3.3754,217.025,257.983205
2020-10-06 06:00:00,3.261283333333333,3.2996333333333334,279.44,319.70313333333337
2020-10-06 07:00:00,3.2932333333333332,3.3777833333333334,472.925,324.38024666666666
2020-10-06 08:00:00,3.32045,3.4179666666666666,436.90999999999997,414.86405333333335
2020-10-06 09:00:00,3.3442833333333337,3.40075,325.4266666666666,294.2690866666666
2020-10-06 10:00:00,3.3619166666666667,3.4151499999999997,325.575,311.71169333333336
2020-10-06 11:00:00,3.3280666666666665,3.386083333333333,325.98833333333334,374.60801499999997
2020-10-06 12:00:00,3.2985666666666664,3.3536333333333337,327.7366666666667,334.23946333333333
2020-10-06 13:00:00,3.2947833333333336,3.3476166666666667,326.38666666666666,300.1036683333333
2020-10-06 14:00:00,3.3038499999999997,3.3548833333333334,318.06666666666666,301.11085
2020-10-06 15:00:00,3.2874166666666667,3.338916666666667,312.77833333333336,337.23932833333333
2020-10-06 16:00:00,3.265633333333333,3.3173833333333334,318.47999999999996,313.767465
2020-10-06 17:00:00,3.2549,3.3065833333333337,315.5833333333333,353.9658633333333
2020-10-06 18:00:00,3.1279,3.1908833333333333,316.385,580.3225433333333
2020-10-06 19:00:00,3.0125666666666664,3.06695,313.3616666666667,335.9552333333333
2020-10-06 20:00:00,2.99175,3.0440166666666664,311.6766666666666,349.8553283333333
2020-10-06 21:00:00,2.9442166666666667,2.9979999999999998,311.75,376.60361
2020-10-06 22:00:00,2.9060333333333332,2.957133333333333,312.56,305.5896716666667
2020-10-06 23:00:00,2.932666666666667,2.9773833333333335,314.64500000000004,233.20356166666667
2020-10-07 00:00:00,2.9878833333333334,3.0316166666666664,317.7083333333333,205.40160833333331
2020-10-07 01:00:00,3.0637333333333334,3.1055333333333333,318.5133333333333,181.12472
2020-10-07 02:00:00,3.157033333333333,3.1976999999999998,317.7966666666667,152.97960333333333
2020-10-07 03:00:00,3.2514499999999997,3.2947333333333333,319.6933333333333,167.20370166666666
2020-10-07 04:00:00,3.355033333333333,3.396666666666667,320.10333333333335,144.84751833333334
2020-10-07 05:00:00,3.4491500000000004,3.4941666666666666,316.8666666666667,191.99438666666668
2020-10-07 06:00:00,3.521916666666667,3.5689833333333336,324.6633333333333,207.41907
2020-10-07 07:00:00,3.5570833333333334,3.6096,319.945,311.10448
2020-10-07 08:00:00,3.4870333333333337,3.54875,320.94,474.51931333333334
2020-10-07 09:00:00,3.3686000000000003,3.4313333333333333,320.6633333333333,435.96393333333333
2020-10-07 10:00:00,3.3232500000000003,3.378316666666667,319.88,351.07927166666667
2020-10-07 11:00:00,3.2715166666666664,3.328533333333333,320.0433333333333,423.04213833333336
2020-10-07 12:00:00,3.2188333333333334,3.1464833333333333,182.24166666666667,419.34112333333337
2020-10-07 13:00:00,3.3259833333333333,2.6517833333333334,96.31666666666666,344.05827166666666
2020-10-07 14:00:00,3.44005,2.22125,55.67166666666667,309.8934683333334
2020-10-07 15:00:00,3.461,1.8014333333333332,0.0,278.24745666666666
2020-10-07 16:00:00,3.4606833333333333,1.43515,0.0,267.1776816666667
2020-10-07 17:00:00,3.46015,1.7691333333333332,0.0,273.21575
2020-10-07 18:00:00,3.4587833333333333,3.062,0.0,356.2922066666667
2020-10-07 19:00:00,3.31515,3.062,170.86166666666668,319.3769766666667
2020-10-07 20:00:00,3.140533333333333,3.062,197.23166666666665,363.72692
2020-10-07 21:00:00,2.79245,3.062,196.12166666666664,490.6131833333333
2020-10-07 22:00:00,2.4453166666666664,3.062,194.89833333333334,359.2238533333333
2020-10-07 23:00:00,2.3374333333333337,3.062,230.415,257.132675
2020-10-08 00:00:00,2.2803666666666667,3.062,236.86333333333332,266.68379666666664
2020-10-08 01:00:00,2.247466666666667,3.062,234.4633333333333,239.85885666666667
2020-10-08 02:00:00,2.24805,3.062,235.24333333333334,193.80972333333332
2020-10-08 03:00:00,2.3706666666666667,3.062,373.305,169.88
2020-10-08 04:00:00,2.74675,3.062,472.6933333333333,156.7285983333333
2020-10-08 05:00:00,3.1465666666666667,3.062,479.49,163.54532666666668
2020-10-08 06:00:00,3.4926833333333334,3.062,453.315,243.50330166666666
2020-10-08 07:00:00,3.533466666666667,3.062,187.52833333333334,314.76286
2020-10-08 08:00:00,3.354966666666667,3.062,328.17833333333334,417.75776333333334
2020-10-08 09:00:00,3.2923666666666667,3.062,320.90999999999997,303.57147833333335
2020-10-08 10:00:00,3.31535,3.062,322.44666666666666,305.02514666666667
2020-10-08 11:00:00,3.222166666666667,3.062,326.06666666666666,419.926965
2020-10-08 12:00:00,3.1212333333333335,3.062,329.78,411.25007166666666
2020-10-08 13:00:00,2.9542,3.062,333.7883333333333,397.59033999999997
2020-10-08 14:00:00,2.9226,3.062,333.3316666666667,348.2464233333333
2020-10-08 15:00:00,2.887583333333333,3.062,329.2916666666667,285.7425333333333
2020-10-08 16:00:00,2.9526,3.062,334.2433333333333,260.41031833333335
2020-10-08 17:00:00,2.9871166666666666,3.062,335.29833333333335,336.1981833333333
2020-10-08 18:00:00,2.910083333333333,3.062,335.87166666666667,422.71313333333336
2020-10-08 19:00:00,2.7979166666666666,3.062,338.28333333333336,367.10327666666666
2020-10-08 20:00:00,2.7611,3.062,332.8833333333333,344.53207833333335
2020-10-08 21:00:00,2.72855,3.062,329.655,358.361235
2020-10-08 22:00:00,2.670583333333333,3.062,331.115,345.89686166666667
2020-10-08 23:00:00,2.6877666666666666,3.062,331.3,257.66132666666664
2020-10-09 00:00:00,2.7239500000000003,3.062,268.52833333333336,326.8576266666667
2020-10-09 01:00:00,2.6238,3.062,247.98666666666668,244.74646666666666
2020-10-09 02:00:00,2.6660166666666667,3.062,247.67166666666665,182.67200666666668
2020-10-09 03:00:00,2.7634333333333334,3.062,247.59666666666666,155.71321500000002
2020-10-09 04:00:00,2.8792166666666668,3.062,247.31833333333333,150.10200166666667
2020-10-09 05:00:00,2.9812166666666666,3.062,244.26000000000002,188.92307333333335
2020-10-09 06:00:00,3.0237,3.062,250.05333333333334,234.76439666666664
2020-10-09 07:00:00,3.0104666666666664,3.062,249.05833333333334,242.34875333333332
2020-10-09 08:00:00,2.9778000000000002,3.062,248.31666666666666,310.02475
2020-10-09 09:00:00,2.8041,3.062,245.75333333333336,378.3673166666667
2020-10-09 10:00:00,2.6873666666666667,3.062,280.2083333333333,300.5217516666667
2020-10-09 11:00:00,2.6008666666666667,3.062,336.93833333333333,453.1088866666667
2020-10-09 12:00:00,2.4502,3.062,368.5883333333333,412.487085
2020-10-09 13:00:00,2.4448166666666666,3.062,446.77166666666665,410.534875
2020-10-09 14:00:00,2.4824166666666665,3.062,447.9933333333333,373.69316333333336
2020-10-09 15:00:00,2.5880333333333336,3.062,448.42333333333335,358.438065
2020-10-09 16:00:00,2.646083333333334,3.062,447.1,362.5610533333333
2020-10-09 17:00:00,2.760683333333333,3.062,446.4483333333334,335.70601
2020-10-09 18:00:00,2.8812333333333333,3.062,444.8383333333333,351.49551833333334
2020-10-09 19:00:00,3.0044666666666666,3.062,445.02000000000004,333.23913166666665
2020-10-09 20:00:00,3.0701833333333335,3.062,261.94666666666666,280.41527833333333
2020-10-09 21:00:00,2.9487666666666663,3.062,199.82166666666666,312.5737183333333
2020-10-09 22:00:00,2.7379000000000002,3.062,198.69833333333332,367.3218933333334
2020-10-09 23:00:00,2.5965166666666666,3.062,235.37833333333336,242.17577166666666
2020-10-10 00:00:00,2.6336500000000003,3.062,278.9566666666667,225.83621666666667
2020-10-10 01:00:00,2.71185,3.062,280.085,190.53935833333335
2020-10-10 02:00:00,2.82385,3.062,280.02000000000004,183.02420833333332
2020-10-10 03:00:00,2.9547666666666665,3.062,280.835,164.55351833333333
2020-10-10 04:00:00,3.1102833333333333,3.062,280.34833333333336,150.71506
2020-10-10 05:00:00,3.2477333333333336,3.062,282.1066666666667,188.35171166666666
2020-10-10 06:00:00,3.3512166666666667,3.062,282.8316666666667,205.68747833333333
2020-10-10 07:00:00,3.309833333333333,3.062,284.87666666666667,403.2691066666667
2020-10-10 08:00:00,3.12635,3.062,283.1116666666667,423.82068499999997
2020-10-10 09:00:00,2.8941666666666666,3.062,281.15,423.99729666666667
2020-10-10 10:00:00,2.7429333333333332,3.062,280.56666666666666,362.785665
2020-10-10 11:00:00,2.5997666666666666,3.062,285.545,381.58359
2020-10-10 12:00:00,2.455566666666667,3.062,281.10166666666663,393.93583333333333
2020-10-10 13:00:00,2.30815,3.062,279.97833333333335,350.20967666666667
2020-10-10 14:00:00,2.2218666666666667,3.062,278.59666666666664,321.29888166666666
2020-10-10 15:00:00,2.1595500000000003,3.062,279.89666666666665,296.54028666666665
2020-10-10 16:00:00,2.1439,3.062,281.3233333333334,292.712895
2020-10-10 17:00:00,2.0777666666666668,3.062,279.34000000000003,349.53187499999996
2020-10-10 18:00:00,1.9726166666666667,3.062,474.585,488.0975866666667
2020-10-10 19:00:00,1.9645166666666667,3.062,320.2316666666667,305.7749033333333
2020-10-10 20:00:00,1.9844333333333333,3.062,325.5516666666666,277.052235
2020-10-10 21:00:00,2.0079666666666665,3.062,327.0683333333333,327.62842333333333
2020-10-10 22:00:00,1.9384166666666667,3.062,333.64166666666665,376.39991
2020-10-10 23:00:00,1.944,3.062,373.73833333333334,302.3424266666667
2020-10-11 00:00:00,2.0538,3.062,381.8433333333333,283.36242666666664
2020-10-11 01:00:00,2.2008333333333336,3.062,383.84000000000003,213.194535
2020-10-11 02:00:00,2.4316000000000004,3.062,384.96666666666664,203.96992
2020-10-11 03:00:00,2.6733333333333333,3.062,377.23499999999996,167.70603333333332
2020-10-11 04:00:00,2.9472,3.062,381.17333333333335,157.61768833333332
2020-10-11 05:00:00,3.223116666666667,3.062,385.95166666666665,169.723305
2020-10-11 06:00:00,3.497866666666667,3.062,386.5,177.966385
2020-10-11 07:00:00,3.7238333333333333,3.062,350.72999999999996,222.40111
2020-10-11 08:00:00,3.726783333333333,3.062,213.54166666666666,308.3755933333333
2020-10-11 09:00:00,3.5001333333333333,3.062,206.86166666666668,392.8007283333333
2020-10-11 10:00:00,3.2566333333333333,3.062,211.31,409.7383766666666
2020-10-11 11:00:00,2.937816666666667,3.062,208.38333333333333,402.56386333333336
2020-10-11 12:00:00,2.7127333333333334,3.062,206.65166666666667,382.4713116666666
2020-10-11 13:00:00,2.4308833333333335,3.062,206.335,386.3943416666667
2020-10-11 14:00:00,2.2190833333333333,3.062,208.13333333333333,343.55735333333337
2020-10-11 15:00:00,2.0767666666666664,3.062,287.97666666666663,333.1503983333333
2020-10-11 16:00:00,2.0565166666666665,3.062,446.93833333333333,365.5741583333333
2020-10-11 17:00:00,2.1878333333333333,3.062,503.24,393.4263216666667
2020-10-11 18:00:00,2.3268,3.062,496.13,361.2015533333333
2020-10-11 19:00:00,2.5004833333333334,3.062,493.585,359.69847666666664
2020-10-11 20:00:00,2.5438166666666664,3.062,497.8933333333333,496.71401333333336
2020-10-11 21:00:00,2.621983333333333,3.062,503.4483333333334,349.5877933333333
2020-10-11 22:00:00,2.8162000000000003,3.062,420.6566666666667,286.42889333333335
2020-10-11 23:00:00,2.85325,3.062,252.7866666666667,242.65325666666666
2020-10-12 00:00:00,2.907233333333333,3.062,264.8516666666667,198.45341666666667
2020-10-12 01:00:00,2.9915499999999997,3.062,264.4316666666667,185.146185
2020-10-12 02:00:00,3.0965333333333334,3.062,264.45166666666665,161.26712
2020-10-12 03:00:00,3.238116666666667,3.062,265.0416666666667,144.82406333333333
2020-10-12 04:00:00,3.388716666666667,3.062,265.40666666666664,145.26243166666666
2020-10-12 05:00:00,3.5305833333333334,3.062,268.53166666666664,163.57835500000002
2020-10-12 06:00:00,3.6167833333333332,3.062,267.2633333333333,251.931525
2020-10-12 07:00:00,3.5285,3.062,266.845,345.7539666666667
2020-10-12 08:00:00,3.4366333333333334,3.062,267.00666666666666,326.6142316666666
2020-10-12 09:00:00,3.280666666666667,3.062,267.045,417.241755
2020-10-12 10:00:00,3.0789166666666667,3.062,268.06166666666667,379.138035
2020-10-12 11:00:00,2.8315166666666665,3.062,267.45666666666665,521.6272716666666
2020-10-12 12:00:00,2.5961166666666666,3.062,448.52000000000004,426.06868833333334
2020-10-12 13:00:00,2.7352166666666666,3.062,486.85166666666663,325.7758
2020-10-12 14:00:00,2.8845,3.062,379.35833333333335,298.96908666666667
2020-10-12 15:00:00,2.9586166666666665,3.062,371.7633333333333,321.75415499999997
2020-10-12 16:00:00,2.9751333333333334,3.062,371.00333333333333,318.56154833333335
2020-10-12 17:00:00,3.0749333333333335,3.062,373.05,273.96794166666666
2020-10-12 18:00:00,3.1189833333333334,3.062,250.17999999999998,312.5971633333333
2020-10-12 19:00:00,2.90325,3.062,198.81333333333333,363.6321566666667
2020-10-12 20:00:00,2.7129833333333333,3.062,209.54166666666666,351.75002
2020-10-12 21:00:00,2.4891333333333336,3.062,252.37166666666664,369.67143500000003
2020-10-12 22:00:00,2.4124166666666667,3.062,280.95,299.01248666666663
2020-10-12 23:00:00,2.3478333333333334,3.062,285.88666666666666,322.38539000000003
2020-10-13 00:00:00,2.3100333333333336,3.062,286.76,303.36457666666666
2020-10-13 01:00:00,2.2536833333333335,3.062,286.81333333333333,307.52396000000005
2020-10-13 02:00:00,2.2784666666666666,3.062,288.85999999999996,210.91721833333335
2020-10-13 03:00:00,2.39205,3.062,289.1,176.958265
2020-10-13 04:00:00,2.5434166666666664,3.062,287.0183333333333,150.991085
2020-10-13 05:00:00,2.7100500000000003,3.062,337.805,170.06984666666668
2020-10-13 06:00:00,3.03145,3.062,447.1983333333334,206.96535666666665
2020-10-13 07:00:00,3.1171833333333336,3.062,277.31333333333333,321.52878
2020-10-13 08:00:00,3.0181666666666667,3.062,272.61833333333334,338.97172166666667
2020-10-13 09:00:00,2.9002333333333334,3.062,269.99,367.215765
2020-10-13 10:00:00,2.8051166666666663,3.062,270.73333333333335,277.84767166666666
2020-10-13 11:00:00,2.75245,3.062,271.6933333333333,344.60696666666666
2020-10-13 12:00:00,2.627866666666667,3.062,272.76666666666665,341.71915
2020-10-13 13:00:00,2.533066666666667,3.062,273.60166666666663,325.8580583333333
2020-10-13 14:00:00,2.4610833333333333,3.062,278.2583333333333,310.49493666666666
2020-10-13 15:00:00,2.4290000000000003,3.062,276.93666666666667,279.99059166666666
2020-10-13 16:00:00,2.38335,3.062,276.35333333333335,297.11276333333336
2020-10-13 17:00:00,2.3312000000000004,3.062,277.78,362.5035066666667
2020-10-13 18:00:00,2.171666666666667,3.062,278.84833333333336,389.07300833333335
2020-10-13 19:00:00,1.9580833333333334,3.062,277.7633333333333,460.28899333333334
2020-10-13 20:00:00,1.7177166666666668,3.062,275.6766666666666,400.23107
2020-10-13 21:00:00,1.6021166666666666,3.062,345.135,390.51167999999996
2020-10-13 22:00:00,1.5302666666666667,3.062,340.885,318.67859500000003
2020-10-13 23:00:00,1.6187333333333334,3.062,341.495,249.43012666666667
2020-10-14 00:00:00,1.7452333333333334,3.062,343.15333333333336,211.36976166666668
2020-10-14 01:00:00,1.9279499999999998,3.062,342.59000000000003,188.48485333333335
2020-10-14 02:00:00,2.13145,3.062,343.1766666666666,165.93707333333333
2020-10-14 03:00:00,2.371083333333333,3.062,343.775,147.73347333333334
2020-10-14 04:00:00,2.61435,3.062,345.4866666666667,168.13138833333332
2020-10-14 05:00:00,2.83625,3.062,342.09666666666664,186.17322000000001
2020-10-14 06:00:00,2.98135,3.062,353.28499999999997,258.5950383333333
2020-10-14 07:00:00,3.0440833333333335,3.062,352.7066666666667,319.0241016666667
2020-10-14 08:00:00,3.0231666666666666,3.062,348.65,389.803765
2020-10-14 09:00:00,2.9860333333333333,3.062,346.32166666666666,317.81217333333336
2020-10-14 10:00:00,3.0374666666666665,3.062,335.21,270.84089
2020-10-14 11:00:00,3.0936333333333335,3.062,336.62,303.62156500000003
2020-10-14 12:00:00,3.0366833333333334,3.062,337.175,430.022205
2020-10-14 13:00:00,2.8933666666666666,3.062,335.46500000000003,415.02846500000004
2020-10-14 14:00:00,2.7765833333333334,3.062,335.3833333333333,395.59287666666665
2020-10-14 15:00:00,2.6931333333333334,3.062,331.65833333333336,367.79244
2020-10-14 16:00:00,2.6421333333333332,3.062,324.35499999999996,349.4318016666667
2020-10-14 17:00:00,2.62795,3.028766666666667,333.73833333333334,297.38033333333334
2020-10-14 18:00:00,2.65375,3.062,335.4866666666667,329.62810333333334
2020-10-14 19:00:00,2.61815,3.062,333.325,348.5219133333333
2020-10-14 20:00:00,2.538683333333333,3.062,329.595,398.22921833333334
2020-10-14 21:00:00,2.477733333333333,3.062,331.82666666666665,340.27579333333335
2020-10-14 22:00:00,2.450416666666667,3.062,333.0516666666666,335.639675
2020-10-14 23:00:00,2.447,3.062,266.5183333333333,271.65295
2020-10-15 00:00:00,2.4293833333333335,3.062,216.97833333333335,195.75904666666665
2020-10-15 01:00:00,2.45905,3.062,217.35333333333335,181.06407666666667
2020-10-15 02:00:00,2.50795,3.062,214.36666666666667,166.16505666666666
2020-10-15 03:00:00,2.572283333333333,3.062,213.44333333333333,151.40681166666667
2020-10-15 04:00:00,2.6525833333333333,3.062,213.71,141.57327333333333
2020-10-15 05:00:00,2.73435,3.062,232.34666666666666,162.84340500000002
2020-10-15 06:00:00,2.8839833333333336,3.062,392.7083333333333,232.90584666666666
2020-10-15 07:00:00,2.968566666666667,3.062,397.34833333333336,406.3989966666667
2020-10-15 08:00:00,2.8848666666666665,3.029233333333333,390.345,473.51972
2020-10-15 09:00:00,2.7372666666666663,3.062,384.74,457.731285
2020-10-15 10:00:00,2.6820333333333335,3.062,386.24666666666667,390.5452016666667
2020-10-15 11:00:00,2.6845833333333333,3.062,387.98499999999996,338.47904166666666
2020-10-15 12:00:00,2.705566666666667,3.062,389.75,395.62312166666663
2020-10-15 13:00:00,2.6771000000000003,3.062,390.14833333333337,371.80267333333336
2020-10-15 14:00:00,2.7265333333333337,3.062,393.27000000000004,309.37544833333334
2020-10-15 15:00:00,2.851583333333333,3.062,388.025,268.54069833333335
2020-10-15 16:00:00,2.9832166666666664,3.062,387.82166666666666,282.5990816666666
2020-10-15 17:00:00,3.0697166666666664,3.062,388.18666666666667,323.9964033333333
2020-10-15 18:00:00,3.1584999999999996,3.062,388.5866666666667,298.60045166666663
2020-10-15 19:00:00,3.216716666666667,3.062,315.025,362.5422633333334
2020-10-15 20:00:00,3.0276833333333335,3.062,188.11166666666668,339.072
2020-10-15 21:00:00,2.8175166666666667,3.062,190.12166666666664,352.5319133333333
2020-10-15 22:00:00,2.5799000000000003,3.062,207.41,375.27696166666664
2020-10-15 23:00:00,2.367233333333333,3.062,211.85666666666665,358.1301016666667
2020-10-16 00:00:00,2.15075,3.062,213.95499999999998,331.46004166666665
2020-10-16 01:00:00,2.027833333333333,3.062,216.97,268.221475
2020-10-16 02:00:00,2.0101833333333334,3.062,216.34333333333333,176.30038166666665
2020-10-16 03:00:00,2.0786333333333333,3.062,216.03,161.74982333333335
2020-10-16 04:00:00,2.14155,3.062,215.38833333333332,152.25254833333332
2020-10-16 05:00:00,2.22145,3.062,215.77333333333334,153.98215666666664
2020-10-16 06:00:00,2.3230999999999997,3.062,325.0383333333333,199.06105833333334
2020-10-16 07:00:00,2.4674166666666664,3.062,365.9433333333333,312.64558166666666
2020-10-16 08:00:00,2.4583833333333334,3.062,369.7066666666667,352.9340516666667
2020-10-16 09:00:00,2.5075,3.062,367.955,308.25157
2020-10-16 10:00:00,2.56575,3.062,370.67833333333334,326.2591333333333
2020-10-16 11:00:00,2.6153,3.062,370.5416666666667,306.6426166666667
2020-10-16 12:00:00,2.6317666666666666,3.062,370.695,384.0026533333333
2020-10-16 13:00:00,2.6353999999999997,2.953933333333333,365.0833333333333,310.816715
2020-10-16 14:00:00,2.6775333333333333,3.062,363.46500000000003,320.24033833333334
2020-10-16 15:00:00,2.745766666666667,2.57015,364.37666666666667,294.09541333333334
2020-10-16 16:00:00,2.778966666666667,3.062,365.35499999999996,353.0518783333334
2020-10-16 17:00:00,2.7655499999999997,3.062,373.32666666666665,378.613765
2020-10-16 18:00:00,2.708266666666667,3.062,371.22666666666663,402.34404
2020-10-16 19:00:00,2.66025,3.062,345.23833333333334,399.8081166666667
2020-10-16 20:00:00,2.4707166666666667,3.062,255.60166666666666,420.41908
2020-10-16 21:00:00,2.2857,3.062,256.29833333333335,356.3895333333333
2020-10-16 22:00:00,2.167933333333333,3.062,253.58166666666665,307.76573833333333
2020-10-16 23:00:00,2.132233333333333,3.062,342.64833333333337,264.77233
2020-10-17 00:00:00,2.333135593220339,3.062,392.07796610169487,201.83455084745762
2020-10-17 01:00:00,2.5839333333333334,3.062,393.85,181.37665
2020-10-17 02:00:00,2.8586,3.062,394.085,166.38999666666666
2020-10-17 03:00:00,3.158916666666667,3.062,390.8283333333333,146.46908833333333
2020-10-17 04:00:00,3.4680833333333334,3.062,385.05,141.59544499999998
2020-10-17 05:00:00,3.7706500000000003,3.062,368.13,153.16861666666668
2020-10-17 06:00:00,3.777533333333333,3.062,0.0,191.47152666666668
2020-10-17 07:00:00,3.4678,3.062,38.79666666666667,300.6627016666667
2020-10-17 08:00:00,3.2158,3.062,227.54500000000002,339.44269999999995
2020-10-17 09:00:00,3.021583333333333,3.062,226.34166666666667,371.48549333333335
2020-10-17 10:00:00,2.8330833333333336,3.062,225.48833333333332,337.2114966666667
2020-10-17 11:00:00,2.6627,3.062,224.80499999999998,369.38114
2020-10-17 12:00:00,2.3471166666666665,3.062,224.31333333333333,508.6910933333333
2020-10-17 13:00:00,2.0352833333333336,3.062,329.635,418.47642833333333
2020-10-17 14:00:00,2.0162999999999998,3.062,435.96666666666664,409.0632683333333
2020-10-17 15:00:00,2.0412,3.062,437.67833333333334,374.90862666666663
2020-10-17 16:00:00,2.1407666666666665,3.062,433.2583333333333,352.37309833333336
2020-10-17 17:00:00,2.249616666666667,3.062,433.125,307.51439500000004
2020-10-17 18:00:00,2.3573666666666666,3.062,428.6066666666667,363.35038
2020-10-17 19:00:00,2.45565,3.062,432.73499999999996,327.1540316666667
2020-10-17 20:00:00,2.5962166666666664,3.062,403.56,293.80046666666664
2020-10-17 21:00:00,2.646383333333333,3.062,318.07166666666666,307.2745316666667
2020-10-17 22:00:00,2.6087,3.062,316.81,347.23573500000003
2020-10-17 23:00:00,2.5998500000000004,3.062,285.795,258.71528166666667
2020-10-18 00:00:00,2.6087166666666666,3.062,259.3983333333333,227.0386
2020-10-18 01:00:00,2.6726,3.062,260.02833333333336,192.11399500000002
2020-10-18 02:00:00,2.7656,3.062,258.51166666666666,170.093425
2020-10-18 03:00:00,2.877866666666667,3.062,255.82999999999998,166.31999666666667
2020-10-18 04:00:00,2.99545,3.062,257.96833333333336,150.45406666666668
2020-10-18 05:00:00,3.1241666666666665,3.062,256.2783333333333,164.668365
2020-10-18 06:00:00,3.2243166666666667,3.062,260.8933333333333,176.662475
2020-10-18 07:00:00,3.3137666666666665,3.062,263.68666666666667,212.95991333333333
2020-10-18 08:00:00,3.28895,3.062,263.295,340.5275183333333
2020-10-18 09:00:00,3.1049333333333333,3.062,261.7766666666667,434.50014166666665
2020-10-18 10:00:00,2.8092333333333332,3.062,261.4483333333333,497.40731166666666
2020-10-18 11:00:00,2.5524833333333334,3.062,262.7316666666667,383.44720333333333
2020-10-18 12:00:00,2.3806000000000003,3.062,365.34166666666664,446.556695
2020-10-18 13:00:00,2.3523833333333335,3.062,456.865,393.87178666666665
2020-10-18 14:00:00,2.4583333333333335,3.062,455.6816666666667,337.94067
2020-10-18 15:00:00,2.61495,3.062,460.59000000000003,319.91319500000003
2020-10-18 16:00:00,2.7949166666666665,3.062,458.68666666666667,305.4173183333333
2020-10-18 17:00:00,2.9881666666666664,3.062,453.0083333333333,284.6900266666667
2020-10-18 18:00:00,3.1024666666666665,3.062,371.6333333333333,337.785885
2020-10-18 19:00:00,3.1253499999999996,3.062,371.55,375.09797999999995
2020-10-18 20:00:00,3.04375,3.062,315.43666666666667,399.99103
2020-10-18 21:00:00,2.86065,3.062,228.04500000000002,380.77591
2020-10-18 22:00:00,2.6611166666666666,3.062,229.33666666666667,343.92827833333337
2020-10-18 23:00:00,2.53005,3.062,229.06333333333333,312.24197166666664
2020-10-19 00:00:00,2.4202999999999997,3.062,228.36833333333334,281.540255
2020-10-19 01:00:00,2.3708666666666667,3.062,229.30166666666668,245.12817
2020-10-19 02:00:00,2.335916666666667,3.062,230.03,236.53619833333332
2020-10-19 03:00:00,2.3799166666666665,3.062,230.215,150.05397666666667
2020-10-19 04:00:00,2.485983333333333,3.062,231.03333333333333,143.18734666666666
2020-10-19 05:00:00,2.5801000000000003,3.062,233.04166666666666,168.45058500000002
2020-10-19 06:00:00,2.61375,3.062,259.72,242.64484333333334
2020-10-19 07:00:00,2.660683333333333,3.062,395.4166666666667,344.7342533333333
2020-10-19 08:00:00,2.6885,3.062,394.82666666666665,355.3420066666667
2020-10-19 09:00:00,2.74405,3.062,391.635,341.03877666666665
2020-10-19 10:00:00,2.7748166666666667,3.062,390.47666666666663,366.12792
2020-10-19 11:00:00,2.7571166666666667,3.062,392.7816666666667,405.3003816666667
2020-10-19 12:00:00,2.75565,3.062,393.84666666666664,333.78597833333333
2020-10-19 13:00:00,2.8582666666666667,3.062,395.94666666666666,298.11739666666665
2020-10-19 14:00:00,2.9524666666666666,3.062,355.15166666666664,310.5812483333333
2020-10-19 15:00:00,2.8718333333333335,3.062,162.53333333333333,307.00394500000004
2020-10-19 16:00:00,2.6530833333333335,3.062,162.93333333333334,316.80785166666664
2020-10-19 17:00:00,2.40915,3.062,164.35666666666665,375.5059566666667
2020-10-19 18:00:00,2.1561333333333335,3.062,291.27333333333337,414.71078166666666
2020-10-19 19:00:00,1.9685333333333332,3.062,309.065,444.4103333333333
2020-10-19 20:00:00,1.7788,3.062,309.9116666666667,443.714395
2020-10-19 21:00:00,1.6027833333333334,3.062,314.0866666666667,398.76205166666665
2020-10-19 22:00:00,1.5498,3.062,315.63,289.286865
2020-10-19 23:00:00,1.5278333333333334,3.062,307.5733333333334,324.11297333333334
2020-10-20 00:00:00,1.58025,3.062,308.25166666666667,209.76826166666666
2020-10-20 01:00:00,1.7225833333333334,3.062,303.98333333333335,172.6335116666667
2020-10-20 02:00:00,1.9023333333333334,3.062,304.2683333333333,148.55256
2020-10-20 03:00:00,2.1064833333333333,3.062,305.885,138.99125
2020-10-20 04:00:00,2.3186666666666667,3.062,307.9133333333333,144.64791333333332
2020-10-20 05:00:00,2.5183000000000004,3.062,309.25333333333333,155.33299
2020-10-20 06:00:00,2.6752666666666665,3.062,307.5816666666667,227.50131833333336
2020-10-20 07:00:00,2.673483333333333,3.062,303.2433333333333,364.74225
2020-10-20 08:00:00,2.5575166666666664,3.062,306.7433333333333,385.27423
2020-10-20 09:00:00,2.4369333333333336,3.062,307.45,363.54925166666663
2020-10-20 10:00:00,2.40405,3.062,316.825,306.39231166666667
2020-10-20 11:00:00,2.3941500000000002,3.062,433.275,429.99038
2020-10-20 12:00:00,2.44355,3.062,474.12666666666667,376.36482
2020-10-20 13:00:00,2.5472166666666665,3.062,472.52000000000004,415.389345
2020-10-20 14:00:00,2.5598666666666667,3.062,473.17,431.77448499999997
2020-10-20 15:00:00,2.640333333333333,3.062,474.63,355.6585666666667
2020-10-20 16:00:00,2.7971,3.062,476.40166666666664,344.69165
2020-10-20 17:00:00,2.9431833333333333,3.062,473.90333333333336,355.5324366666666
2020-10-20 18:00:00,3.073166666666667,3.062,465.22833333333335,344.600605
2020-10-20 19:00:00,3.1160833333333335,3.062,283.26500000000004,368.4382816666667
2020-10-20 20:00:00,2.877933333333333,3.062,224.09833333333333,406.152735
2020-10-20 21:00:00,2.6701833333333336,3.062,224.25833333333333,339.66028
2020-10-20 22:00:00,2.539733333333333,3.062,224.26333333333332,286.32443666666666
2020-10-20 23:00:00,2.4623833333333334,3.062,228.25333333333336,256.88338666666664
2020-10-21 00:00:00,2.4480999999999997,3.062,228.39166666666668,211.04319166666667
2020-10-21 01:00:00,2.4789499999999998,3.062,229.13166666666666,195.69523666666666
2020-10-21 02:00:00,2.4927,3.062,228.77,214.8840933333333
2020-10-21 03:00:00,2.521166666666667,3.062,229.85166666666666,197.02214999999998
2020-10-21 04:00:00,2.546316666666667,3.062,226.38,213.96043666666668
2020-10-21 05:00:00,2.58,3.062,288.4133333333333,174.85297
2020-10-21 06:00:00,2.815716666666667,3.062,416.595,232.05858166666667
2020-10-21 07:00:00,2.921683333333333,3.062,418.425,410.4727383333333
2020-10-21 08:00:00,2.867233333333333,3.062,413.54,419.02471499999996
2020-10-21 09:00:00,2.8942833333333335,3.062,415.57,377.09195
2020-10-21 10:00:00,2.9183999999999997,3.062,416.49666666666667,395.2950183333333
2020-10-21 11:00:00,2.8814833333333336,3.062,415.36333333333334,433.94610166666666
2020-10-21 12:00:00,2.8994333333333335,3.062,416.22999999999996,332.47799833333335
2020-10-21 13:00:00,3.02725,3.062,400.1616666666667,293.69978
2020-10-21 14:00:00,3.078516666666667,3.062,262.9816666666667,273.2775333333333
2020-10-21 15:00:00,3.04435,3.062,249.17833333333334,285.148515
2020-10-21 16:00:00,2.9523333333333333,3.062,250.215,320.773085
2020-10-21 17:00:00,2.8303833333333333,3.062,249.43333333333334,335.81511166666667
2020-10-21 18:00:00,2.71965,3.062,295.755,351.12658999999996
2020-10-21 19:00:00,2.720266666666667,3.062,404.98499999999996,354.67701833333336
2020-10-21 20:00:00,2.7287166666666667,3.062,411.26500000000004,439.75453666666664
2020-10-21 21:00:00,2.6701833333333336,3.062,412.64833333333337,398.516405
2020-10-21 22:00:00,2.6942333333333335,3.062,323.43333333333334,303.74514
2020-10-21 23:00:00,2.6887333333333334,3.062,299.8333333333333,267.5404233333333
2020-10-22 00:00:00,2.7479500000000003,3.062,302.46666666666664,243.773245
2020-10-22 01:00:00,2.8234166666666667,3.062,304.2883333333333,225.36053
2020-10-22 02:00:00,2.9304666666666668,3.062,305.07666666666665,206.81623
2020-10-22 03:00:00,3.0680666666666667,3.062,304.02666666666664,169.68314666666666
2020-10-22 04:00:00,3.26675,3.062,337.81166666666667,141.16824499999998
2020-10-22 05:00:00,3.615616666666667,3.062,459.24833333333333,156.78518166666666
2020-10-22 06:00:00,3.8463166666666666,3.062,252.73166666666665,202.67398666666668
2020-10-22 07:00:00,3.72645,3.062,181.82000000000002,388.1162733333333
2020-10-22 08:00:00,3.4428666666666667,3.062,181.435,356.3305983333333
2020-10-22 09:00:00,3.1852333333333336,3.062,180.57666666666668,363.70844500000004
2020-10-22 10:00:00,2.98145,3.062,180.59666666666666,319.2627983333333
2020-10-22 11:00:00,2.7666833333333334,3.062,182.60833333333332,361.8449516666667
2020-10-22 12:00:00,2.483983333333333,3.062,183.915,390.72346333333337
2020-10-22 13:00:00,2.21635,3.062,184.79500000000002,350.6788533333333
2020-10-22 14:00:00,2.03175,3.1622,184.73166666666665,295.73890833333337
2020-10-22 15:00:00,1.87175,3.0923666666666665,184.895,297.8391266666667
2020-10-22 16:00:00,1.6929666666666667,3.062,184.88333333333333,321.79696500000006
2020-10-22 17:00:00,1.5369833333333331,3.062,403.05833333333334,406.0593983333334
2020-10-22 18:00:00,1.6294666666666666,3.062,462.1183333333333,378.75765333333334
2020-10-22 19:00:00,1.6914833333333334,3.062,455.77666666666664,402.67301000000003
2020-10-22 20:00:00,1.7700166666666666,3.062,459.365,358.1193
2020-10-22 21:00:00,1.8533833333333334,3.062,448.42,398.5218683333333
2020-10-22 22:00:00,1.9468999999999999,3.062,448.23333333333335,297.3096566666666
2020-10-22 23:00:00,2.1775499999999997,3.062,428.6816666666667,239.76643
2020-10-23 00:00:00,2.2990666666666666,3.062,227.50333333333336,216.86562666666666
2020-10-23 01:00:00,2.266183333333333,3.062,228.83666666666667,259.07446
2020-10-23 02:00:00,2.2704,3.062,231.375,168.53218833333332
2020-10-23 03:00:00,2.36695,3.062,232.395,159.211285
2020-10-23 04:00:00,2.4708166666666664,3.062,232.19166666666666,139.96232
2020-10-23 05:00:00,2.5725,3.062,230.025,155.69155333333336
2020-10-23 06:00:00,2.64745,3.062,231.42999999999998,200.58062333333334
2020-10-23 07:00:00,2.58345,3.062,230.60333333333335,363.38223
2020-10-23 08:00:00,2.3729999999999998,3.062,233.11499999999998,360.20984166666665
2020-10-23 09:00:00,2.201416666666667,3.062,233.07833333333335,353.37073
2020-10-23 10:00:00,2.0165166666666665,3.062,228.505,373.38211333333334
2020-10-23 11:00:00,1.7953166666666667,3.062,229.02,389.45038999999997
2020-10-23 12:00:00,1.5754166666666667,3.062,267.5683333333333,375.93761333333333
2020-10-23 13:00:00,1.6473833333333334,3.062,518.84,310.05807333333337
2020-10-23 14:00:00,1.8872,3.062,517.8766666666667,345.96291
2020-10-23 15:00:00,2.1019833333333335,3.062,518.0333333333333,330.93277666666665
2020-10-23 16:00:00,2.3305333333333333,3.062,519.73,332.48427
2020-10-23 17:00:00,2.5517499999999997,3.062,520.0566666666667,356.5593216666667
2020-10-23 18:00:00,2.7178999999999998,3.062,524.82,354.20627666666667
2020-10-23 19:00:00,2.9745,3.062,528.565,327.74858666666665
2020-10-23 20:00:00,3.2068833333333333,3.062,469.53,328.585615
2020-10-23 21:00:00,3.181433333333333,3.062,172.20833333333334,278.95136
2020-10-23 22:00:00,3.0107166666666667,3.062,172.40166666666667,318.876045
2020-10-23 23:00:00,2.8331500000000003,3.062,222.48,279.4940533333333
2020-10-24 00:00:00,2.8128333333333333,3.062,206.01833333333335,202.51960833333334
2020-10-24 01:00:00,2.823183333333333,3.062,205.63333333333333,182.644045
2020-10-24 02:00:00,2.84865,3.062,205.90333333333334,187.73911833333332
2020-10-24 03:00:00,2.8493666666666666,3.062,203.11,184.8560633333333
2020-10-24 04:00:00,2.8998833333333334,3.062,204.495,155.718125
2020-10-24 05:00:00,2.9375666666666667,3.062,204.565,177.71536333333333
2020-10-24 06:00:00,2.9707833333333338,3.062,206.38166666666666,182.64567333333335
2020-10-24 07:00:00,2.9520166666666667,3.062,224.15333333333334,273.54323666666664
2020-10-24 08:00:00,2.9989500000000002,3.062,456.72166666666664,306.77645333333334
2020-10-24 09:00:00,2.9513166666666666,3.062,260.65666666666664,487.7165966666667
2020-10-24 10:00:00,2.601716666666667,3.062,259.885,483.57943
2020-10-24 11:00:00,2.356533333333333,3.062,259.40333333333336,395.06649333333337
2020-10-24 12:00:00,2.1647000000000003,3.062,328.805,417.7845116666667
2020-10-24 13:00:00,2.14615,3.062,405.52166666666665,353.6935066666667
2020-10-24 14:00:00,2.190316666666667,3.062,409.27666666666664,359.3493866666667
2020-10-24 15:00:00,2.25135,3.062,406.935,351.00696
2020-10-24 16:00:00,2.3501166666666666,3.062,407.43666666666667,289.74154333333337
2020-10-24 17:00:00,2.4968,3.062,405.0433333333333,278.94968666666665
2020-10-24 18:00:00,2.604216666666667,3.062,406.0466666666667,339.59875
2020-10-24 19:00:00,2.6953833333333335,3.062,406.09000000000003,329.9632116666666
2020-10-24 20:00:00,2.73975,3.062,401.7183333333333,369.28304
2020-10-24 21:00:00,2.7904833333333334,3.062,390.345,341.43135
2020-10-24 22:00:00,2.78795,3.062,281.4183333333333,283.8189916666667
2020-10-24 23:00:00,2.8077666666666667,3.062,284.45,263.8757283333333
2020-10-25 00:00:00,2.8311,3.062,284.18666666666667,231.02422833333333
2020-10-25 01:00:00,2.9352500000000004,3.062,285.4916666666667,174.508715
2020-10-25 02:00:00,3.06975,3.062,269.56333333333333,167.32386
2020-10-25 03:00:00,3.18475,3.062,257.945,175.7290133333333
2020-10-25 04:00:00,3.2929666666666666,3.062,257.1666666666667,152.04523666666668
2020-10-25 05:00:00,3.43325,3.062,250.39833333333334,149.65976833333335
2020-10-25 06:00:00,3.5112333333333337,3.062,198.915,186.40417166666666
2020-10-25 07:00:00,3.453033333333333,3.062,200.60166666666666,282.35388166666667
2020-10-25 08:00:00,3.26465,3.062,202.57999999999998,369.26481333333334
2020-10-25 09:00:00,3.0067666666666666,3.062,199.67666666666668,421.85999833333335
2020-10-25 10:00:00,2.6810666666666667,3.062,199.02,426.15920833333337
2020-10-25 11:00:00,2.3769666666666667,3.062,199.38833333333332,410.882415
2020-10-25 12:00:00,2.0849333333333333,3.062,199.91,417.41499666666664
2020-10-25 13:00:00,1.83565,3.062,270.475,351.53440166666667
2020-10-25 14:00:00,1.8861666666666668,3.062,467.565,339.0660516666667
2020-10-25 15:00:00,2.05075,3.062,461.67,311.0975133333333
2020-10-25 16:00:00,2.239116666666667,3.062,463.615,296.51771
2020-10-25 17:00:00,2.4442833333333334,3.062,459.835,327.97893500000004
2020-10-25 18:00:00,2.5661833333333335,3.062,460.43666666666667,359.10085333333336
2020-10-25 19:00:00,2.670983333333333,3.062,460.135,387.2892366666667
2020-10-25 20:00:00,2.77025,3.062,471.71,363.00122666666664
2020-10-25 21:00:00,2.8880333333333335,3.062,472.4266666666666,398.2930083333333
2020-10-25 22:00:00,2.936716666666667,3.062,473.835,387.261265
2020-10-25 23:00:00,3.06985,3.062,360.0816666666667,300.40145666666666
2020-10-26 00:00:00,3.046383333333333,3.062,239.70166666666668,250.83190833333336
2020-10-26 01:00:00,3.085983333333333,3.062,240.62833333333336,169.32422833333334
2020-10-26 02:00:00,3.1891000000000003,3.062,242.315,145.12319333333335
2020-10-26 03:00:00,3.321083333333333,3.062,241.52666666666667,137.65256166666668
2020-10-26 04:00:00,3.4504,3.062,239.32833333333335,133.29504833333334
2020-10-26 05:00:00,3.5508,3.062,232.775,177.00635666666668
2020-10-26 06:00:00,3.59385,3.062,236.83333333333334,230.08342666666667
2020-10-26 07:00:00,3.50835,3.062,232.29666666666665,371.3345616666667
2020-10-26 08:00:00,3.25875,3.062,231.01833333333335,395.6748883333333
2020-10-26 09:00:00,3.0819166666666664,3.062,232.98833333333332,321.0855133333333
2020-10-26 10:00:00,2.9681166666666665,3.0288999999999997,233.22333333333333,342.5070216666666
2020-10-26 11:00:00,2.7681166666666663,3.062,232.18166666666667,359.2191
2020-10-26 12:00:00,2.6575333333333333,3.062,275.4933333333333,284.001045
2020-10-26 13:00:00,2.676016666666667,3.062,332.59833333333336,329.20117
2020-10-26 14:00:00,2.64725,3.062,332.49833333333333,340.55392
2020-10-26 15:00:00,2.5888666666666666,3.062,330.85166666666663,355.45931833333333
2020-10-26 16:00:00,2.6083,3.062,331.90999999999997,300.63475666666665
2020-10-26 17:00:00,2.609933333333333,3.062,331.59166666666664,318.5183916666667
2020-10-26 18:00:00,2.5848333333333335,3.062,333.62166666666667,369.726315
2020-10-26 19:00:00,2.5124166666666667,3.062,327.85333333333335,373.91662333333335
2020-10-26 20:00:00,2.4214333333333333,3.062,326.93666666666667,407.4984966666667
2020-10-26 21:00:00,2.3053000000000003,3.062,327.77000000000004,381.63747166666667
2020-10-26 22:00:00,2.288483333333333,3.062,328.7683333333333,286.53451333333334
2020-10-26 23:00:00,2.386216666666667,3.062,335.99,220.09329666666665
2020-10-27 00:00:00,2.5403666666666664,3.062,335.49833333333333,199.01451666666665
2020-10-27 01:00:00,2.7297333333333333,3.062,339.07666666666665,173.30363333333335
2020-10-27 02:00:00,2.9499333333333335,3.062,340.32166666666666,155.54834
2020-10-27 03:00:00,3.1922166666666665,3.062,339.26500000000004,148.31911166666666
2020-10-27 04:00:00,3.4358500000000003,3.062,339.6666666666667,142.72376500000001
2020-10-27 05:00:00,3.6783,3.062,315.615,159.600425
2020-10-27 06:00:00,3.6970666666666667,3.062,232.335,341.639535
2020-10-27 07:00:00,3.605166666666667,3.062,307.55,354.03484833333334
2020-10-27 08:00:00,3.4330333333333334,3.062,193.22666666666666,348.68669000000006
2020-10-27 09:00:00,3.24575,3.062,193.985,312.6308983333333
2020-10-27 10:00:00,3.04215,3.062,194.89333333333335,353.5800466666667
2020-10-27 11:00:00,2.8094166666666665,3.062,195.54666666666665,385.5684983333333
2020-10-27 12:00:00,2.5813333333333333,3.062,360.0,433.8429433333333
2020-10-27 13:00:00,2.5664333333333333,3.062,431.5566666666667,402.1330016666667
2020-10-27 14:00:00,2.61495,3.062,437.28499999999997,356.47818
2020-10-27 15:00:00,2.7187666666666668,3.062,436.86333333333334,352.74277
2020-10-27 16:00:00,2.7947166666666665,3.062,439.5733333333334,381.37169166666666
2020-10-27 17:00:00,2.8640333333333334,3.062,437.80333333333334,346.04073166666666
2020-10-27 18:00:00,2.9730166666666666,3.062,441.9816666666667,368.01214999999996
2020-10-27 19:00:00,3.00935,3.062,440.84666666666664,416.23506333333336
2020-10-27 20:00:00,3.0296666666666665,3.062,367.5366666666667,362.8701183333333
2020-10-27 21:00:00,2.9159833333333336,3.062,251.92833333333334,397.34377
2020-10-27 22:00:00,2.7075166666666663,3.062,211.63666666666668,340.17320666666666
2020-10-27 23:00:00,2.5856,3.062,213.62833333333336,268.83587666666665
2020-10-28 00:00:00,2.487983333333333,3.062,216.04,289.19635666666665
2020-10-28 01:00:00,2.4677000000000002,3.062,317.4616666666667,238.32148
2020-10-28 02:00:00,2.628016666666667,3.062,348.68833333333333,195.415505
2020-10-28 03:00:00,2.8598,3.062,346.0083333333333,141.36368
2020-10-28 04:00:00,3.1157666666666666,3.062,346.7316666666667,145.23171333333332
2020-10-28 05:00:00,3.3644833333333333,3.062,349.65166666666664,160.72510666666668
2020-10-28 06:00:00,3.53065,3.062,290.6433333333333,255.649765
2020-10-28 07:00:00,3.4695166666666664,3.062,238.32166666666666,334.6847266666667
2020-10-28 08:00:00,3.3013666666666666,3.062,237.895,355.16666499999997
2020-10-28 09:00:00,3.110516666666667,3.062,230.95,404.13582833333334
2020-10-28 10:00:00,2.8029333333333333,3.062,231.13666666666668,444.0447716666667
2020-10-28 11:00:00,2.6189999999999998,3.062,231.53333333333333,333.861195
2020-10-28 12:00:00,2.4416166666666665,3.062,232.69333333333333,356.7290216666667
2020-10-28 13:00:00,2.3244333333333334,3.062,231.45833333333334,286.53841833333337
2020-10-28 14:00:00,2.204833333333333,3.0047333333333333,237.59833333333333,324.70839
2020-10-28 15:00:00,2.0968666666666667,3.0282833333333334,239.59333333333333,333.56288166666667
2020-10-28 16:00:00,1.9470166666666666,3.062,233.49666666666664,328.21577666666667
2020-10-28 17:00:00,1.8066,3.062,239.34833333333333,352.9928816666667
2020-10-28 18:00:00,1.66265,3.062,239.3,322.4987566666667
2020-10-28 19:00:00,1.57765,3.062,357.1383333333333,332.75314333333336
2020-10-28 20:00:00,1.6577666666666666,3.062,447.98333333333335,377.957155
2020-10-28 21:00:00,1.7397833333333332,3.062,443.95,360.934955
2020-10-28 22:00:00,1.84865,3.062,436.455,323.5675816666666
2020-10-28 23:00:00,2.0355333333333334,3.062,441.01500000000004,243.46126999999998
2020-10-29 00:00:00,2.29895,3.062,446.9,234.27949833333332
2020-10-29 01:00:00,2.5875166666666667,3.062,453.07666666666665,217.412985
2020-10-29 02:00:00,2.8920666666666666,3.062,450.39166666666665,210.30463999999998
2020-10-29 03:00:00,3.2022333333333335,3.062,441.8666666666667,171.431715
2020-10-29 04:00:00,3.5800166666666664,3.062,430.21666666666664,137.08088666666666
2020-10-29 05:00:00,3.8443833333333335,3.062,246.53166666666667,201.63123666666667
2020-10-29 06:00:00,3.6879333333333335,3.062,0.0,206.35238333333334
2020-10-29 07:00:00,3.3718999999999997,3.062,177.96166666666667,354.8329383333333
2020-10-29 08:00:00,3.1928666666666667,3.0282999999999998,291.85999999999996,429.7565716666667
2020-10-29 09:00:00,3.022883333333333,3.062,284.44666666666666,365.14520166666665
2020-10-29 10:00:00,2.9411,3.062,281.57666666666665,341.6960983333333
2020-10-29 11:00:00,2.8070666666666666,3.062,270.835,371.78325333333333
2020-10-29 12:00:00,2.5824833333333337,3.062,751.8199999999999,362.48214666666667
2020-10-29 13:00:00,2.1971166666666666,1.4662666666666666,779.0233333333333,375.84217
2020-10-29 14:00:00,1.8544333333333334,2.3339333333333334,774.5266666666666,316.7499583333334
2020-10-29 15:00:00,1.88045,2.72905,507.1766666666666,299.954695
2020-10-29 16:00:00,2.1451833333333337,2.7230333333333334,510.17833333333334,280.7966433333333
2020-10-29 17:00:00,2.3996500000000003,2.7197166666666663,508.9816666666667,355.67331
2020-10-29 18:00:00,2.5645000000000002,2.7169666666666665,505.10499999999996,357.36340333333334
2020-10-29 19:00:00,2.75115,2.71435,506.52166666666665,355.214645
2020-10-29 20:00:00,2.927633333333333,2.7121166666666667,495.27333333333337,371.2383
2020-10-29 21:00:00,3.0257333333333336,2.708883333333333,488.7866666666667,410.68556333333333
2020-10-29 22:00:00,2.9987833333333334,2.7059,183.64166666666668,277.27629833333333
2020-10-29 23:00:00,2.9248,2.7030666666666665,283.65999999999997,274.22546666666665
2020-10-30 00:00:00,2.9558166666666663,2.699683333333333,303.77000000000004,277.5201816666667
2020-10-30 01:00:00,2.9844,2.697,303.85333333333335,243.611185
2020-10-30 02:00:00,3.1053,2.6943333333333332,304.37833333333333,174.2915483333333
2020-10-30 03:00:00,3.26585,2.691116666666667,301.65,165.65115
2020-10-30 04:00:00,3.465316666666667,2.6889833333333333,297.51166666666666,140.66078333333334
2020-10-30 05:00:00,3.599616666666667,2.6860333333333335,167.71833333333333,157.349205
2020-10-30 06:00:00,3.495166666666667,2.683133333333333,78.18333333333334,208.63119166666667
2020-10-30 07:00:00,3.2372500000000004,2.6109166666666668,157.02,370.88959166666666
2020-10-30 08:00:00,3.0534166666666667,2.2650833333333336,350.0683333333333,397.0934533333333
2020-10-30 09:00:00,3.025383333333333,1.8579833333333333,326.31,314.5318066666667
2020-10-30 10:00:00,2.9751666666666665,1.3167,212.07166666666666,312.93904833333335
2020-10-30 11:00:00,2.7609166666666667,2.825133333333333,188.63333333333333,367.1524116666667
2020-10-30 12:00:00,2.5646666666666667,3.062,327.10333333333335,383.52521
2020-10-30 13:00:00,2.577916666666667,3.062,449.7933333333333,403.09810666666664
2020-10-30 14:00:00,2.631066666666667,3.062,450.15,403.71655666666663
2020-10-30 15:00:00,2.6478666666666664,3.062,483.8233333333334,423.27437166666664
2020-10-30 16:00:00,2.6734,3.062,603.7166666666667,428.71417166666663
2020-10-30 17:00:00,2.65705,3.062,715.6383333333334,416.973505
2020-10-30 18:00:00,2.7338999999999998,2.5918166666666664,718.5699999999999,343.32928
2020-10-30 19:00:00,2.8643,1.2728666666666666,719.3183333333333,334.53537500000004
2020-10-30 20:00:00,2.9196833333333334,1.6387166666666666,653.0716666666667,391.4446766666667
2020-10-30 21:00:00,2.8331833333333334,2.005533333333333,552.8816666666667,373.12636166666664
2020-10-30 22:00:00,2.5108666666666664,2.45745,365.1066666666667,297.4765483333333
2020-10-30 23:00:00,2.507766666666667,2.5535666666666668,375.5316666666667,281.166835
2020-10-31 00:00:00,2.5778499999999998,2.6239666666666666,376.22833333333335,254.11461
2020-10-31 01:00:00,2.6695333333333333,2.7136,379.31166666666667,213.52625166666667
2020-10-31 02:00:00,2.7760000000000002,2.8188166666666663,378.3883333333333,204.15037666666666
2020-10-31 03:00:00,2.8880666666666666,2.9322666666666666,382.925,198.65049
2020-10-31 04:00:00,3.0128666666666666,3.0557666666666665,382.19666666666666,173.848195
2020-10-31 05:00:00,3.1438166666666665,3.188083333333333,381.1766666666666,181.17683
2020-10-31 06:00:00,3.259533333333333,3.3080166666666666,382.4933333333333,221.08283166666666
2020-10-31 07:00:00,3.34495,3.396383333333333,380.87,256.80995666666666
2020-10-31 08:00:00,3.3830999999999998,3.4407666666666668,370.89833333333337,373.577185
2020-10-31 09:00:00,3.359766666666667,3.4191833333333337,368.90833333333336,388.43733833333334
2020-10-31 10:00:00,3.3192333333333335,3.3806833333333333,369.7116666666667,471.8620166666667
2020-10-31 11:00:00,3.23845,3.3011333333333335,373.96500000000003,491.526645
2020-10-31 12:00:00,3.138516666666667,3.2008,373.845,469.704685
2020-10-31 13:00:00,3.104433333333333,3.1622,374.9616666666667,404.44068
2020-10-31 14:00:00,3.10145,3.1556166666666665,378.9266666666666,316.96542500000004
2020-10-31 15:00:00,3.1464333333333334,3.1985333333333332,379.88,317.86798
2020-10-31 16:00:00,3.1738666666666666,3.2268166666666667,374.4216666666667,311.22549
2020-10-31 17:00:00,3.2087833333333338,3.2623499999999996,375.10166666666663,325.12221500000004
2020-10-31 18:00:00,3.2446333333333333,3.2979333333333334,379.03,298.561065
2020-10-31 19:00:00,3.28355,3.3381499999999997,372.14500000000004,307.02375333333333
2020-10-31 20:00:00,3.3299833333333333,3.38215,370.7933333333333,298.78506166666665
2020-10-31 21:00:00,3.3024,3.339733333333333,124.23333333333333,299.94216166666666
2020-10-31 22:00:00,3.1620166666666667,3.1899,81.15833333333333,324.58331999999996
2020-10-31 23:00:00,3.03945,3.0889,277.9933333333333,270.4157583333333
2020-11-01 00:00:00,3.0748,3.139816666666667,289.15333333333336,246.60070499999998
2020-11-01 01:00:00,3.081733333333333,3.1200833333333335,160.075,212.35533666666666
2020-11-01 02:00:00,3.028383333333333,3.067066666666667,158.32166666666666,228.92010166666665
2020-11-01 03:00:00,2.983033333333333,3.020366666666667,158.46166666666667,238.27719333333334
2020-11-01 04:00:00,2.9230500000000004,2.961316666666667,158.3,234.77043333333333
2020-11-01 05:00:00,2.884066666666667,2.9215333333333335,159.585,200.00649833333333
2020-11-01 06:00:00,2.873683333333333,2.913116666666667,276.02968036529677,215.01596
2020-11-01 07:00:00,3.2359666666666667,3.283933333333333,664.2236529680365,208.56947166666666
2020-11-01 08:00:00,3.5193833333333333,3.5622166666666666,373.5783333333333,292.35725333333335
2020-11-01 09:00:00,3.48235,3.5174166666666666,223.26666666666668,335.230715
2020-11-01 10:00:00,3.3937666666666666,3.4276833333333334,226.48166666666665,342.2137916666667
2020-11-01 11:00:00,3.316033333333333,3.350283333333333,223.76000000000002,315.52584
2020-11-01 12:00:00,3.2485500000000003,3.2813666666666665,221.13333333333333,343.1326866666667
2020-11-01 13:00:00,3.1504,3.1817166666666665,217.21833333333333,358.58836499999995
2020-11-01 14:00:00,3.0638666666666667,3.0948333333333333,217.27,328.8162966666667
2020-11-01 15:00:00,2.974616666666667,3.0053,220.17333333333332,383.5175983333333
2020-11-01 16:00:00,2.8665000000000003,2.8957333333333333,221.23,335.1938216666667
2020-11-01 17:00:00,2.78465,2.8137499999999998,223.09833333333333,375.19223
2020-11-01 18:00:00,2.647183333333333,2.6752,224.30499999999998,462.40844
2020-11-01 19:00:00,2.509666666666667,2.5368166666666667,221.95166666666668,371.2794466666667
2020-11-01 20:00:00,2.40845,2.4360666666666666,224.07166666666666,370.79190666666665
2020-11-01 21:00:00,2.28635,2.3133833333333333,227.265,414.97959166666664
2020-11-01 22:00:00,2.2249499999999998,2.2952333333333335,394.0366666666667,261.173955
2020-11-01 23:00:00,2.33075,2.439316666666667,436.89000000000004,223.931755
2020-11-02 00:00:00,2.4632,2.575816666666667,441.375,226.82769333333331
2020-11-02 01:00:00,2.6196166666666665,2.7240333333333333,442.8683333333333,187.74325166666668
2020-11-02 02:00:00,2.7784,2.8817166666666667,440.7066666666667,182.62510666666668
2020-11-02 03:00:00,2.9646666666666666,3.0602333333333336,437.74,142.2134
2020-11-02 04:00:00,3.1469666666666667,3.2437666666666667,437.565,182.13147833333332
2020-11-02 05:00:00,3.3047,3.4062,438.00333333333333,199.12325
2020-11-02 06:00:00,3.4412666666666665,3.5497,436.22333333333336,230.92649833333334
2020-11-02 07:00:00,3.5304999999999995,3.6241833333333333,313.205,323.5294083333334
2020-11-02 08:00:00,3.4448333333333334,3.4968333333333335,239.96,442.04841833333336
2020-11-02 09:00:00,3.3449,3.396533333333333,306.76,388.86436
2020-11-02 10:00:00,3.2921666666666667,3.3438000000000003,306.81333333333333,391.53107
2020-11-02 11:00:00,3.21835,3.2686333333333333,307.87666666666667,391.3654016666667
2020-11-02 12:00:00,3.1719166666666667,3.2205333333333335,308.30333333333334,368.63639166666667
2020-11-02 13:00:00,3.147883333333333,3.193766666666667,306.1666666666667,311.985885
2020-11-02 14:00:00,3.13095,3.177516666666667,304.61333333333334,336.224095
2020-11-02 15:00:00,3.0944166666666666,3.1430833333333337,303.65,360.6121416666667
2020-11-02 16:00:00,3.0624666666666664,3.1087333333333333,302.07666666666665,319.34792166666665
2020-11-02 17:00:00,3.0259333333333336,3.074183333333333,303.2116666666667,382.39211
2020-11-02 18:00:00,2.972066666666667,3.02055,303.2583333333333,351.3398266666666
2020-11-02 19:00:00,2.951716666666667,2.9991666666666665,303.48499999999996,337.62496333333337
2020-11-02 20:00:00,2.8824833333333335,2.9339999999999997,303.40999999999997,416.80961
2020-11-02 21:00:00,2.8249,2.8726333333333334,299.24833333333333,356.0120366666667
2020-11-02 22:00:00,2.8017,2.8471333333333333,298.99833333333333,319.35105166666665
2020-11-02 23:00:00,2.7743666666666664,2.8194,299.85,319.12409
2020-11-03 00:00:00,2.7815833333333333,2.8247,302.8433333333333,250.35075833333335
2020-11-03 01:00:00,2.8377499999999998,2.8769,303.6616666666667,179.91261
2020-11-03 02:00:00,2.9245333333333337,2.962883333333333,303.0516666666666,154.27409500000002
2020-11-03 03:00:00,3.0254166666666666,3.062683333333333,303.595,143.81581666666668
2020-11-03 04:00:00,3.1279166666666667,3.16765,308.97166666666664,149.27740666666665
2020-11-03 05:00:00,3.2272166666666666,3.2667333333333333,307.9533333333333,158.93397833333333
2020-11-03 06:00:00,3.3042333333333334,3.3491,304.9616666666667,220.23890166666666
2020-11-03 07:00:00,3.30325,3.35605,307.6983333333334,387.84931500000005
2020-11-03 08:00:00,3.226,3.2814833333333335,303.7316666666667,408.9963816666667
2020-11-03 09:00:00,3.1572666666666667,3.209033333333333,303.9916666666667,376.7181466666667
2020-11-03 10:00:00,3.121983333333333,3.1711,299.74833333333333,347.3654066666667
2020-11-03 11:00:00,3.0632,3.1148666666666665,297.26666666666665,406.70787333333334
2020-11-03 12:00:00,2.97855,3.0301166666666663,302.05833333333334,373.1713066666667
2020-11-03 13:00:00,2.9486166666666667,2.997,305.135,340.2831683333333
2020-11-03 14:00:00,2.93445,2.97975,306.15,283.11303000000004
2020-11-03 15:00:00,2.9602166666666667,3.0052499999999998,309.5183333333333,251.18633833333334
2020-11-03 16:00:00,2.9766333333333335,3.0224166666666665,306.51,303.5226633333333
2020-11-03 17:00:00,2.9608666666666665,3.0070166666666664,297.3616666666667,339.07715
2020-11-03 18:00:00,2.9219166666666667,2.97025,294.44666666666666,350.77962833333333
2020-11-03 19:00:00,2.8512666666666666,2.901616666666667,296.835,420.19376833333337
2020-11-03 20:00:00,2.7807,2.8304666666666667,298.2,375.35712333333333
2020-11-03 21:00:00,2.7270833333333333,2.7760666666666665,300.74666666666667,380.84030333333334
2020-11-03 22:00:00,2.6922833333333336,2.7386500000000003,304.085,314.49141833333334
2020-11-03 23:00:00,2.6953166666666664,2.7483999999999997,378.2966666666667,295.85876833333333
2020-11-04 00:00:00,2.771583333333333,2.82505,397.40166666666664,250.73314833333333
2020-11-04 01:00:00,2.867766666666667,2.9209666666666667,397.7583333333333,243.122735
2020-11-04 02:00:00,2.9764,3.0273499999999998,401.375,215.23505500000002
2020-11-04 03:00:00,3.11715,3.1645333333333334,404.01666666666665,147.47522166666667
2020-11-04 04:00:00,3.2831833333333336,3.3282666666666665,402.6983333333334,144.81629833333332
2020-11-04 05:00:00,3.43745,3.4859500000000003,403.1116666666667,174.75161500000002
2020-11-04 06:00:00,3.5664166666666666,3.6201999999999996,405.6566666666667,235.69461
2020-11-04 07:00:00,3.6332166666666668,3.6958833333333336,403.85499999999996,349.8957633333333
2020-11-04 08:00:00,3.640016666666667,3.710733333333333,352.87333333333333,361.18763333333334
2020-11-04 09:00:00,3.604133333333333,3.6822333333333335,305.03499999999997,334.50797666666665
2020-11-04 10:00:00,3.5993666666666666,3.67125,303.7066666666667,300.1275733333333
2020-11-04 11:00:00,3.559466666666667,3.6416666666666666,304.495,415.76387
2020-11-04 12:00:00,3.4758833333333334,3.5597833333333333,305.04833333333335,383.68811833333336
2020-11-04 13:00:00,3.435783333333333,3.51505,304.0883333333333,387.7161
2020-11-04 14:00:00,3.3867166666666666,3.4581,292.7633333333333,311.4233233333333
2020-11-04 15:00:00,3.382683333333333,3.4511,279.19166666666666,285.853355
2020-11-04 16:00:00,3.360866666666667,3.4343,280.39166666666665,317.89920166666667
2020-11-04 17:00:00,3.3090166666666665,3.3905833333333333,280.555,394.10581833333333
2020-11-04 18:00:00,3.21345,3.2986666666666666,280.5783333333333,395.32517666666666
2020-11-04 19:00:00,3.1502,3.229833333333333,278.83,363.9340133333333
2020-11-04 20:00:00,3.077,3.1608666666666663,277.185,408.40843333333333
2020-11-04 21:00:00,2.9809833333333335,3.064216666666667,275.72333333333336,381.05718333333334
2020-11-04 22:00:00,2.9376333333333333,3.0098833333333332,274.565,303.8971233333333
2020-11-04 23:00:00,2.9513000000000003,3.0107,295.0883333333333,245.25982666666667
2020-11-05 00:00:00,2.9748500000000004,3.03395,296.78499999999997,266.5252683333334
2020-11-05 01:00:00,3.0065999999999997,3.06135,297.2116666666667,210.66734666666667
2020-11-05 02:00:00,3.0663666666666667,3.1194833333333336,299.4633333333333,199.0269133333333
2020-11-05 03:00:00,3.1405666666666665,3.1894,297.89666666666665,162.0877033333333
2020-11-05 04:00:00,3.234083333333333,3.2818666666666667,295.6766666666666,153.624525
2020-11-05 05:00:00,3.3223166666666666,3.372516666666667,298.50166666666667,158.58843
2020-11-05 06:00:00,3.39175,3.449116666666667,305.18833333333333,241.36933333333334
2020-11-05 07:00:00,3.3877666666666664,3.456233333333333,296.56,338.97687
2020-11-05 08:00:00,3.3104999999999998,3.38785,294.69,431.3985633333333
2020-11-05 09:00:00,3.2520666666666664,3.3198,289.9316666666667,322.1222433333333
2020-11-05 10:00:00,3.2249666666666665,3.291733333333333,290.26666666666665,328.02366166666667
2020-11-05 11:00:00,3.1938166666666663,3.2611333333333334,292.64666666666665,370.2850716666666
2020-11-05 12:00:00,3.1071,3.1802833333333336,290.375,413.09025166666663
2020-11-05 13:00:00,3.0364666666666666,3.1049,290.0783333333333,373.23242
2020-11-05 14:00:00,2.9956166666666664,3.06095,290.0816666666667,332.0093683333333
2020-11-05 15:00:00,2.972466666666667,3.0348333333333333,289.8933333333333,310.6428466666667
2020-11-05 16:00:00,2.93105,2.9988,289.0683333333333,353.44938
2020-11-05 17:00:00,2.886,2.95275,287.615,350.36702333333335
2020-11-05 18:00:00,2.83905,2.90695,287.7433333333333,363.9916733333333
2020-11-05 19:00:00,2.772366666666667,2.8429333333333333,288.79,409.8124833333333
2020-11-05 20:00:00,2.681233333333333,2.7512499999999998,289.5516666666666,387.091585
2020-11-05 21:00:00,2.6264666666666665,2.690366666666667,319.14833333333337,381.57988
2020-11-05 22:00:00,2.6041666666666665,2.6545833333333335,358.89000000000004,370.997225
2020-11-05 23:00:00,2.6216166666666667,2.66805,365.0433333333333,294.53013
2020-11-06 00:00:00,2.69515,2.7369833333333333,371.51166666666666,205.900125
2020-11-06 01:00:00,2.8143833333333332,2.8554166666666663,372.78,170.76439666666664
2020-11-06 02:00:00,2.9516666666666667,2.9909000000000003,372.7,150.62762333333333
2020-11-06 03:00:00,3.09515,3.1365,372.01500000000004,143.09439333333333
2020-11-06 04:00:00,3.24265,3.2839666666666667,374.25166666666667,143.60072833333334
2020-11-06 05:00:00,3.3858166666666665,3.429666666666667,375.47333333333336,159.32266333333334
2020-11-06 06:00:00,3.4995333333333334,3.5473,366.27166666666665,244.007825
2020-11-06 07:00:00,3.5250333333333335,3.58035,364.225,392.85092333333336
2020-11-06 08:00:00,3.48775,3.5439333333333334,360.2866666666667,387.42279666666667
2020-11-06 09:00:00,3.471983333333333,3.5260166666666666,357.5466666666667,378.12801
2020-11-06 10:00:00,3.4468,3.5002833333333334,356.94,374.98952166666663
2020-11-06 11:00:00,3.4289833333333335,3.483233333333333,359.35333333333335,402.1941166666667
2020-11-06 12:00:00,3.3733833333333334,3.4241333333333333,272.1333333333333,415.39826
2020-11-06 13:00:00,3.2426166666666663,3.2714,149.79166666666666,379.08453333333335
2020-11-06 14:00:00,3.0884333333333336,3.1168666666666667,150.42333333333332,360.81734500000005
2020-11-06 15:00:00,2.9664,2.9953999999999996,150.63500000000002,303.360795
2020-11-06 16:00:00,2.8620333333333337,2.8894,150.98,330.036835
2020-11-06 17:00:00,2.7449,2.77525,196.81,298.88170166666663
2020-11-06 18:00:00,2.7267,2.780933333333333,330.90333333333336,281.34339166666666
2020-11-06 19:00:00,2.7399833333333334,2.7989166666666665,330.34166666666664,350.1275833333333
2020-11-06 20:00:00,2.71145,2.7747499999999996,333.05,338.40957999999995
2020-11-06 21:00:00,2.7229,2.7792666666666666,334.045,299.47167
2020-11-06 22:00:00,2.7213,2.7821833333333332,334.6,348.03519666666665
2020-11-06 23:00:00,2.7310000000000003,2.7869,325.77000000000004,284.70391
2020-11-07 00:00:00,2.753216666666667,2.8072666666666666,327.0183333333333,272.6734216666667
2020-11-07 01:00:00,2.7979333333333334,2.8504333333333336,325.8016666666666,240.39222
2020-11-07 02:00:00,2.847666666666667,2.9013666666666666,326.945,255.33934833333333
2020-11-07 03:00:00,2.907033333333333,2.9570166666666666,329.07166666666666,206.38927999999999
2020-11-07 04:00:00,2.9918666666666667,3.041116666666667,328.8383333333333,195.62453333333332
2020-11-07 05:00:00,3.0853333333333333,3.1334500000000003,327.77166666666665,175.243695
2020-11-07 06:00:00,3.1708833333333333,3.222083333333333,329.58,205.27250833333335
2020-11-07 07:00:00,3.2362166666666665,3.2918000000000003,331.25,285.73813333333334
2020-11-07 08:00:00,3.2157,3.2813166666666667,329.07,351.69775833333335
2020-11-07 09:00:00,3.2166,3.277733333333333,328.8616666666667,316.48261833333333
2020-11-07 10:00:00,3.193433333333333,3.258766666666667,328.96666666666664,388.81347166666666
2020-11-07 11:00:00,3.14265,3.2091166666666666,329.07,414.9596233333333
2020-11-07 12:00:00,3.0893,3.1542166666666662,329.575,371.22908333333334
2020-11-07 13:00:00,3.0715166666666667,3.1315833333333334,329.33,333.39326
2020-11-07 14:00:00,3.070533333333333,3.1291,330.1333333333333,330.14234000000005
2020-11-07 15:00:00,3.052133333333333,3.1148499999999997,329.77000000000004,362.02835166666665
2020-11-07 16:00:00,3.007766666666667,3.074383333333333,332.3066666666667,422.570135
2020-11-07 17:00:00,2.9345,3.0013666666666667,325.7583333333333,423.39301
2020-11-07 18:00:00,2.851316666666667,2.9192166666666663,323.81,465.24654833333335
2020-11-07 19:00:00,2.7932166666666665,2.85485,321.9066666666667,337.757475
2020-11-07 20:00:00,2.8026166666666668,2.8582833333333335,322.5183333333333,287.37039666666664
2020-11-07 21:00:00,2.798083333333333,2.8585,325.1816666666667,377.7072066666667
2020-11-07 22:00:00,2.7556,2.816033333333333,324.3016666666666,319.72411
2020-11-07 23:00:00,2.7983666666666664,2.8500333333333336,329.0566666666667,231.14866500000002
2020-11-08 00:00:00,2.867633333333333,2.9179833333333334,331.0433333333333,205.13156666666666
2020-11-08 01:00:00,2.957133333333333,3.0057666666666667,333.06666666666666,180.67405333333332
2020-11-08 02:00:00,3.0558666666666667,3.104433333333333,333.18666666666667,184.19526499999998
2020-11-08 03:00:00,3.147383333333333,3.1970666666666667,334.19,179.51868666666667
2020-11-08 04:00:00,3.2552833333333333,3.303516666666667,334.67833333333334,159.0184133333333
2020-11-08 05:00:00,3.368933333333333,3.4183666666666666,335.03499999999997,156.00505166666665
2020-11-08 06:00:00,3.474616666666667,3.5262499999999997,332.7683333333333,178.66764
2020-11-08 07:00:00,3.5489666666666664,3.6073833333333334,338.8833333333333,248.30703
2020-11-08 08:00:00,3.59075,3.6505666666666667,317.55,288.3478483333333
2020-11-08 09:00:00,3.5631833333333334,3.6265833333333335,301.17833333333334,398.499245
2020-11-08 10:00:00,3.467966666666667,3.5332,299.2633333333333,423.79665
2020-11-08 11:00:00,3.3903666666666665,3.453116666666667,299.69666666666666,430.1356016666667
2020-11-08 12:00:00,3.2834999999999996,3.3491,297.96666666666664,488.67619
2020-11-08 13:00:00,3.1541333333333332,3.2182666666666666,295.47999999999996,443.33593333333334
2020-11-08 14:00:00,3.0749833333333334,3.1344166666666666,299.29833333333335,379.7734
2020-11-08 15:00:00,3.0402,3.09615,306.295,340.51699666666667
2020-11-08 16:00:00,2.99635,3.053833333333333,307.0833333333333,358.86578833333334
2020-11-08 17:00:00,3.0005333333333337,3.0501833333333335,306.4266666666666,273.84822499999996
2020-11-08 18:00:00,3.0037833333333332,3.0565333333333333,303.2933333333333,342.30242499999997
2020-11-08 19:00:00,2.9409666666666667,3.000716666666667,300.90833333333336,403.59998333333334
2020-11-08 20:00:00,2.8879,2.94475,302.22333333333336,344.45366
2020-11-08 21:00:00,2.847583333333333,2.902716666666667,301.5816666666667,349.00510833333334
2020-11-08 22:00:00,2.8329,2.885166666666666,303.22166666666664,313.89673500000004
2020-11-08 23:00:00,2.8373166666666667,2.8878833333333334,304.595,268.17777666666666
2020-11-09 00:00:00,2.8606833333333332,2.911283333333333,309.0183333333333,270.78596166666665
2020-11-09 01:00:00,2.9002666666666665,2.946466666666667,308.2433333333333,207.57346666666666
2020-11-09 02:00:00,2.9610833333333333,3.0073833333333337,307.62833333333333,225.75056166666667
2020-11-09 03:00:00,3.0132333333333334,3.0572,291.4116666666667,230.46002833333333
2020-11-09 04:00:00,3.055633333333333,3.1010666666666666,304.905,204.385895
2020-11-09 05:00:00,3.1311666666666667,3.17495,311.2416666666667,175.73113166666664
2020-11-09 06:00:00,3.2128666666666663,3.2575833333333333,305.95166666666665,203.71843166666667
2020-11-09 07:00:00,3.230033333333333,3.2837,298.32,336.3150933333334
2020-11-09 08:00:00,3.1742166666666667,3.23175,293.8283333333333,374.25208833333335
2020-11-09 09:00:00,3.1346,3.1886,291.7,352.35394
2020-11-09 10:00:00,3.07385,3.13205,292.1633333333333,389.42097666666666
2020-11-09 11:00:00,2.9945,3.0540666666666665,296.12833333333333,392.6155483333333
2020-11-09 12:00:00,2.953883333333333,3.0082833333333334,297.17333333333335,334.98603166666663
2020-11-09 13:00:00,2.927583333333333,2.9802166666666663,295.1116666666667,326.569185
2020-11-09 14:00:00,2.9121666666666663,2.9651,297.0316666666667,309.88272500000005
2020-11-09 15:00:00,2.8726333333333334,2.9315166666666665,298.1183333333333,393.8514483333333
2020-11-09 16:00:00,2.804116666666667,2.8630833333333334,298.565,387.95465500000006
2020-11-09 17:00:00,2.7446833333333336,2.802433333333333,299.60499999999996,380.95660000000004
2020-11-09 18:00:00,2.6917666666666666,2.7487333333333335,296.77000000000004,359.98940666666664
2020-11-09 19:00:00,2.640633333333333,2.698916666666667,299.2433333333333,386.3338916666667
2020-11-09 20:00:00,2.5593833333333333,2.6191666666666666,301.35,423.263975
2020-11-09 21:00:00,2.4830666666666668,2.541233333333333,299.72999999999996,391.9806933333333
2020-11-09 22:00:00,2.4418333333333333,2.495966666666667,301.8683333333333,344.478745
2020-11-09 23:00:00,2.4128499999999997,2.4650499999999997,303.78,294.06349500000005
2020-11-10 00:00:00,2.4625,2.50655,305.82166666666666,202.20327333333336
2020-11-10 01:00:00,2.5331833333333336,2.57685,307.94166666666666,187.82878166666666
2020-11-10 02:00:00,2.6172833333333334,2.66035,311.76166666666666,167.15506666666667
2020-11-10 03:00:00,2.7191,2.7596333333333334,311.865,141.33182
2020-11-10 04:00:00,2.825283333333333,2.8663499999999997,311.01166666666666,151.58362833333334
2020-11-10 05:00:00,2.92,2.96255,306.08,166.11836166666666
2020-11-10 06:00:00,2.9846333333333335,3.0324999999999998,307.4583333333333,249.262545
2020-11-10 07:00:00,2.9781,3.0341,304.835,373.38173
2020-11-10 08:00:00,2.9067166666666666,2.965716666666667,301.59000000000003,390.58741166666664
2020-11-10 09:00:00,2.86275,2.9177000000000004,298.0383333333333,348.1778233333333
2020-11-10 10:00:00,2.8147333333333338,2.8703166666666666,298.2366666666667,399.56639
2020-11-10 11:00:00,2.7252500000000004,2.7811333333333335,298.9533333333333,383.0118916666667
2020-11-10 12:00:00,2.71555,2.763516666666667,299.85,290.31339833333334
2020-11-10 13:00:00,2.7034833333333332,2.753916666666667,295.19,336.4597316666667
2020-11-10 14:00:00,2.669166666666667,2.7208666666666668,293.22999999999996,328.66391666666664
2020-11-10 15:00:00,2.655133333333333,2.705233333333333,292.52333333333337,310.347675
2020-11-10 16:00:00,2.6319666666666666,2.6831833333333335,291.65,350.71525166666663
2020-11-10 17:00:00,2.59545,2.6444833333333335,291.31,307.85958
2020-11-10 18:00:00,2.5825166666666663,2.631666666666667,298.1166666666667,319.9599766666667
2020-11-10 19:00:00,2.5304333333333333,2.5861333333333336,294.865,421.28418500000004
2020-11-10 20:00:00,2.4586166666666665,2.5108,291.8366666666667,341.63192833333335
2020-11-10 21:00:00,2.4384,2.4879333333333333,290.71,316.0791
2020-11-10 22:00:00,2.4011666666666667,2.4524,291.72166666666664,356.2726566666667
2020-11-10 23:00:00,2.3677,2.4187833333333333,298.845,314.11384
2020-11-11 00:00:00,2.4011,2.4349833333333333,371.36333333333334,258.04370666666665
2020-11-11 01:00:00,2.4939999999999998,2.524,378.68666666666667,215.99760999999998
2020-11-11 02:00:00,2.6108333333333333,2.6406833333333335,380.5816666666667,178.11151333333333
2020-11-11 03:00:00,2.753233333333333,2.7826,381.80833333333334,146.32221666666666
2020-11-11 04:00:00,2.9033666666666664,2.93315,379.255,159.76653833333333
2020-11-11 05:00:00,3.0351166666666667,3.0671166666666667,380.375,178.4315083333333
2020-11-11 06:00:00,3.1541333333333332,3.188283333333333,385.18666666666667,247.848735
2020-11-11 07:00:00,3.197766666666667,3.2531666666666665,495.68,376.08688333333333
2020-11-11 08:00:00,3.309816666666667,3.4228,674.5849999999999,394.012915
2020-11-11 09:00:00,3.4880333333333335,3.584883333333333,510.22999999999996,359.8280633333333
2020-11-11 10:00:00,3.4497666666666666,3.4860666666666664,168.525,421.53439499999996
2020-11-11 11:00:00,3.2984500000000003,3.3320166666666666,169.64833333333334,364.119175
2020-11-11 12:00:00,3.1820833333333334,3.2147833333333335,169.95166666666668,328.6310633333333
2020-11-11 13:00:00,3.046383333333333,3.0793666666666666,169.49666666666664,397.9893583333333
2020-11-11 14:00:00,2.906766666666667,2.9407,169.80666666666667,366.633935
2020-11-11 15:00:00,2.7842333333333333,2.818833333333333,187.74166666666667,331.4108083333333
2020-11-11 16:00:00,2.70235,2.7482333333333333,284.15999999999997,400.9883916666667
2020-11-11 17:00:00,2.6066166666666666,2.6553666666666667,284.46500000000003,432.9590033333333
2020-11-11 18:00:00,2.503133333333333,2.5515,284.1433333333333,417.47445
2020-11-11 19:00:00,2.4211,2.467033333333333,283.6983333333334,413.8138233333333
2020-11-11 20:00:00,2.309966666666667,2.3575333333333335,284.87833333333333,431.3813166666667
2020-11-11 21:00:00,2.2607,2.290216666666667,369.755,369.54526999999996
2020-11-11 22:00:00,2.3201166666666664,2.3302666666666667,425.48833333333334,307.8667183333333
2020-11-11 23:00:00,2.39355,2.4058166666666665,434.185,282.79335333333336
2020-11-12 00:00:00,2.5220833333333332,2.5366833333333334,434.12166666666667,198.58319666666665
2020-11-12 01:00:00,2.683983333333333,2.7010666666666667,435.755,169.83389
2020-11-12 02:00:00,2.8607666666666662,2.879033333333333,437.5433333333333,152.41548
2020-11-12 03:00:00,3.0466333333333333,3.0667,436.6983333333334,145.33661666666666
2020-11-12 04:00:00,3.2318333333333333,3.253633333333333,435.89666666666665,144.68279166666667
2020-11-12 05:00:00,3.41725,3.4396166666666668,440.39166666666665,157.81654500000002
2020-11-12 06:00:00,3.5791166666666663,3.6014166666666667,417.78,250.27074833333333
2020-11-12 07:00:00,3.5653833333333336,3.611283333333333,282.34666666666664,426.76822833333335
2020-11-12 08:00:00,3.4648166666666667,3.51375,280.35,395.65660833333334
2020-11-12 09:00:00,3.4129666666666667,3.4569166666666664,275.82166666666666,305.180435
2020-11-12 10:00:00,3.3682833333333333,3.413616666666667,275.565,392.82340666666664
2020-11-12 11:00:00,3.2710333333333335,3.3180833333333335,279.28333333333336,402.79328499999997
2020-11-12 12:00:00,3.203616666666667,3.2497,277.39000000000004,374.21031500000004
2020-11-12 13:00:00,3.1395166666666667,3.1860500000000003,278.29,374.62021166666665
2020-11-12 14:00:00,3.0908666666666664,3.1338999999999997,278.2866666666667,308.93081
2020-11-12 15:00:00,3.078533333333333,3.12055,278.76666666666665,282.14307333333335
2020-11-12 16:00:00,3.06845,3.1123666666666665,281.0566666666667,334.70917000000003
2020-11-12 17:00:00,3.0065999999999997,3.05325,279.22999999999996,362.59540833333335
2020-11-12 18:00:00,2.946833333333333,2.991916666666667,276.51166666666666,369.5167666666667
2020-11-12 19:00:00,2.874416666666667,2.919566666666667,275.65333333333336,415.82130166666667
2020-11-12 20:00:00,2.7603166666666668,2.8078833333333337,276.59833333333336,437.2741833333333
2020-11-12 21:00:00,2.6777,2.7205500000000002,277.53499999999997,357.12633666666665
2020-11-12 22:00:00,2.6153,2.6588333333333334,275.9616666666667,394.0115833333333
2020-11-12 23:00:00,2.5386499999999996,2.580833333333333,275.2316666666667,366.6011966666667
2020-11-13 00:00:00,2.4945999999999997,2.53535,277.62333333333333,312.1182583333333
2020-11-13 01:00:00,2.4828666666666668,2.5214833333333333,279.05833333333334,265.826885
2020-11-13 02:00:00,2.5120666666666667,2.547683333333333,277.36333333333334,205.01730833333335
2020-11-13 03:00:00,2.5482666666666662,2.583966666666667,279.12833333333333,245.235035
2020-11-13 04:00:00,2.5833,2.6191833333333334,280.4116666666667,173.66779833333334
2020-11-13 05:00:00,2.6502166666666667,2.6870833333333333,279.93833333333333,188.70841833333333
2020-11-13 06:00:00,2.709033333333333,2.7458833333333335,278.4083935742972,225.54136666666668
2020-11-13 07:00:00,3.034883333333333,3.0858333333333334,296.310843373494,378.8834066666667
2020-11-13 08:00:00,3.3652666666666664,3.3900333333333332,315.81409638554214,360.5909266666667
2020-11-13 09:00:00,3.3334833333333336,3.3398666666666665,311.44666666666666,385.4942766666666
2020-11-13 10:00:00,3.30785,3.3171166666666663,311.6633333333333,324.323195
2020-11-13 11:00:00,3.2920666666666665,3.2981666666666665,313.5733333333334,339.17349666666667
2020-11-13 12:00:00,3.2586,3.264683333333333,311.53,365.50674333333336
2020-11-13 13:00:00,3.23205,3.2411499999999998,311.0316666666667,361.00206
2020-11-13 14:00:00,3.1998666666666664,3.2098333333333335,311.9533333333333,312.4962883333334
2020-11-13 15:00:00,3.2052833333333335,3.216666666666667,311.65333333333336,298.77117333333337
2020-11-13 16:00:00,3.19695,3.2054,312.60166666666663,368.54755666666665
2020-11-13 17:00:00,3.138,3.1418000000000004,312.51500000000004,416.85602666666665
2020-11-13 18:00:00,3.0474,3.0471999999999997,313.06,484.47021666666666
2020-11-13 19:00:00,2.949116666666667,2.9513166666666666,313.5433333333333,415.0387166666667
2020-11-13 20:00:00,2.881266666666667,2.8836999999999997,309.05,392.91825166666666
2020-11-13 21:00:00,2.8205999999999998,2.82375,310.46,393.64457666666664
2020-11-13 22:00:00,2.7987166666666665,2.8081,309.8333333333333,277.27912000000003
2020-11-13 23:00:00,2.8247666666666666,2.8367833333333334,314.94666666666666,260.71533166666666
2020-11-14 00:00:00,2.8750833333333334,2.8906666666666667,317.09166666666664,206.647895
2020-11-14 01:00:00,2.9424,2.959483333333333,317.0866666666667,211.41182333333333
2020-11-14 02:00:00,3.0063833333333334,3.023083333333333,318.90333333333336,206.87562666666665
2020-11-14 03:00:00,3.0950166666666665,3.1150666666666664,319.2916666666667,165.471775
2020-11-14 04:00:00,3.198183333333333,3.2209333333333334,314.4116666666667,145.50868833333334
2020-11-14 05:00:00,3.303166666666667,3.3261499999999997,315.155,157.84562833333334
2020-11-14 06:00:00,3.397466666666667,3.4187166666666666,320.00166666666667,193.93360333333334
2020-11-14 07:00:00,3.4570833333333337,3.473116666666667,322.155,275.0599833333333
2020-11-14 08:00:00,3.4556166666666663,3.4654666666666665,321.39833333333337,372.00183666666663
2020-11-14 09:00:00,3.40655,3.4132666666666664,318.57,404.29408666666666
2020-11-14 10:00:00,3.3381,3.3445000000000005,314.34000000000003,420.09551166666665
2020-11-14 11:00:00,3.2620833333333334,3.26475,315.2366666666667,434.77906333333334
2020-11-14 12:00:00,3.187183333333333,3.1898833333333334,313.72,411.56849166666666
2020-11-14 13:00:00,3.1079833333333338,3.1089333333333333,312.82666666666665,441.22125666666665
2020-11-14 14:00:00,3.0313166666666667,3.031633333333333,314.2583333333333,418.93954833333333
2020-11-14 15:00:00,2.96095,2.9629666666666665,314.0733333333334,374.4021716666667
2020-11-14 16:00:00,2.9355333333333333,2.9439333333333333,312.0083333333333,347.0017266666666
2020-11-14 17:00:00,2.9051666666666667,2.911016666666667,312.14000000000004,331.053465
2020-11-14 18:00:00,2.882566666666667,2.886816666666667,311.77333333333337,368.9845066666667
2020-11-14 19:00:00,2.8413,2.8576333333333332,251.10666666666665,305.9982416666666
2020-11-14 20:00:00,2.790766666666667,2.8142666666666667,233.595,301.77375
2020-11-14 21:00:00,2.74025,2.7690166666666665,292.94166666666666,335.2372
2020-11-14 22:00:00,2.725616666666667,2.7624833333333334,324.33,308.31154833333335
2020-11-14 23:00:00,2.7545833333333336,2.79115,333.165,249.67999833333334
2020-11-15 00:00:00,2.823066666666667,2.8584,336.6433333333333,227.01602
2020-11-15 01:00:00,2.8819166666666667,2.9195833333333336,336.37,239.62749166666666
2020-11-15 02:00:00,2.9476,2.9844999999999997,335.17333333333335,224.96106666666668
2020-11-15 03:00:00,3.0255,3.0621,337.425,183.46321333333333
2020-11-15 04:00:00,3.13185,3.1700166666666667,337.74833333333333,195.60563833333333
2020-11-15 05:00:00,3.2287666666666666,3.266916666666667,335.55,163.29819333333336
2020-11-15 06:00:00,3.3137,3.354833333333333,336.8183333333333,218.34476166666667
2020-11-15 07:00:00,3.390616666666667,3.4313166666666666,341.7633333333333,230.44403499999999
2020-11-15 08:00:00,3.44535,3.48885,341.2883333333333,273.6602916666667
2020-11-15 09:00:00,3.4430833333333335,3.4890499999999998,336.27833333333336,440.1114716666667
2020-11-15 10:00:00,3.365483333333333,3.4107,336.755,397.036655
2020-11-15 11:00:00,3.334783333333333,3.3783833333333333,336.8666666666667,395.2357616666667
2020-11-15 12:00:00,3.261083333333333,3.305,337.71666666666664,450.97911833333336
2020-11-15 13:00:00,3.2096666666666667,3.25245,338.37,382.08411666666666
2020-11-15 14:00:00,3.184833333333333,3.2255333333333334,337.0866666666667,374.86512000000005
2020-11-15 15:00:00,3.1483833333333333,3.1891166666666666,334.25,387.1956666666667
2020-11-15 16:00:00,3.1088833333333334,3.149716666666667,335.12,379.21048833333333
2020-11-15 17:00:00,3.076016666666667,3.116416666666667,333.99833333333333,382.03273333333334
2020-11-15 18:00:00,3.0368333333333335,3.0769333333333333,330.08,386.6814416666667
2020-11-15 19:00:00,3.0039333333333333,3.0452999999999997,331.7116666666667,370.578375
2020-11-15 20:00:00,2.9749166666666667,3.0157000000000003,331.59666666666664,366.09904833333337
2020-11-15 21:00:00,2.9720999999999997,3.0101333333333335,330.34833333333336,306.3528116666667
2020-11-15 22:00:00,2.9814833333333337,3.0193,328.9183333333333,301.76533333333333
2020-11-15 23:00:00,2.9893,3.02855,329.8566666666667,325.83849
2020-11-16 00:00:00,3.009220338983051,3.04735593220339,327.01525423728816,264.29703050847456
2020-11-16 01:00:00,3.05305,3.0911,327.805,260.53783
2020-11-16 02:00:00,3.1092166666666667,3.1469,330.52666666666664,216.422755
2020-11-16 03:00:00,3.20455,3.240216666666667,330.0433333333333,142.87390666666667
2020-11-16 04:00:00,3.322983333333333,3.359983333333333,329.2883333333333,162.57080166666668
2020-11-16 05:00:00,3.4152,3.4545000000000003,329.12166666666667,195.65216999999998
2020-11-16 06:00:00,3.4862166666666665,3.5269833333333334,329.665,251.44257833333333
2020-11-16 07:00:00,3.5077,3.5519499999999997,330.85166666666663,364.51882166666667
2020-11-16 08:00:00,3.4509666666666665,3.4962999999999997,330.64833333333337,393.00490333333335
2020-11-16 09:00:00,3.411983333333333,3.4556166666666663,322.93333333333334,404.8158216666667
2020-11-16 10:00:00,3.35505,3.3981333333333335,323.28,403.12546333333336
2020-11-16 11:00:00,3.3137166666666666,3.35565,326.74,358.65413
2020-11-16 12:00:00,3.29135,3.33155,326.77333333333337,351.5158983333333
2020-11-16 13:00:00,3.2668833333333334,3.30635,326.79833333333335,369.3169016666667
2020-11-16 14:00:00,3.24555,3.2845166666666668,327.32666666666665,337.1890466666666
2020-11-16 15:00:00,3.2348,3.2733666666666665,325.9583333333333,334.325665
2020-11-16 16:00:00,3.2240166666666665,3.2634833333333333,328.1633333333333,352.04117833333333
2020-11-16 17:00:00,3.213616666666667,3.2539333333333333,326.595,328.6961583333333
2020-11-16 18:00:00,3.201416666666667,3.24145,325.9533333333333,378.21720999999997
2020-11-16 19:00:00,3.1353166666666668,3.17555,326.59166666666664,422.49798833333335
2020-11-16 20:00:00,3.0868666666666664,3.1277166666666667,326.00333333333333,383.3313616666667
2020-11-16 21:00:00,3.0393,3.078933333333333,326.45166666666665,382.0325183333333
2020-11-16 22:00:00,3.01155,3.050616666666667,328.155,351.0094716666666
2020-11-16 23:00:00,3.0123666666666664,3.050616666666667,331.38666666666666,296.78419833333334
2020-11-17 00:00:00,3.0471500000000002,3.0848333333333335,333.34166666666664,258.93571499999996
2020-11-17 01:00:00,3.1186333333333334,3.1550166666666666,332.46666666666664,187.68573666666668
2020-11-17 02:00:00,3.21835,3.254016666666667,336.0816666666667,175.19856
2020-11-17 03:00:00,3.3148666666666666,3.3528000000000002,337.495,177.52606166666666
2020-11-17 04:00:00,3.4132666666666664,3.4521333333333337,338.75166666666667,202.072845
2020-11-17 05:00:00,3.5082166666666668,3.54585,336.93833333333333,181.56946666666667
2020-11-17 06:00:00,3.60535,3.64465,338.405,201.61965666666669
2020-11-17 07:00:00,3.6328166666666664,3.6766333333333336,337.4316666666667,382.738195
2020-11-17 08:00:00,3.5762666666666667,3.6197500000000002,331.47999999999996,430.5334516666666
2020-11-17 09:00:00,3.5302166666666666,3.57085,311.405,338.1723583333333
2020-11-17 10:00:00,3.4970833333333333,3.521,240.4,346.84778833333337
2020-11-17 11:00:00,3.3976666666666664,3.4184833333333335,242.415,419.69199000000003
2020-11-17 12:00:00,3.298483333333333,3.3188166666666663,241.72166666666666,386.4971666666667
2020-11-17 13:00:00,3.19405,3.2133,238.89166666666668,397.27487333333335
2020-11-17 14:00:00,3.075883333333333,3.0952833333333336,239.52333333333334,420.0794583333334
2020-11-17 15:00:00,2.96405,2.9825666666666666,244.03333333333333,375.35859999999997
2020-11-17 16:00:00,2.88455,2.9021166666666667,244.00166666666667,375.0139183333333
2020-11-17 17:00:00,2.7824833333333334,2.7983166666666666,244.29833333333332,424.67429
2020-11-17 18:00:00,2.66775,2.6834833333333337,242.35,389.66763499999996
2020-11-17 19:00:00,2.571283333333333,2.5867333333333336,244.75,394.1029316666666
2020-11-17 20:00:00,2.4581999999999997,2.4728166666666667,240.89833333333334,386.701615
2020-11-17 21:00:00,2.40605,2.434366666666667,339.0866666666667,297.13147000000004
2020-11-17 22:00:00,2.47155,2.513116666666667,404.52166666666665,297.77106166666664
2020-11-17 23:00:00,2.51855,2.5624666666666664,421.17833333333334,327.0917533333333
2020-11-18 00:00:00,2.6172666666666666,2.656566666666667,423.9566666666667,216.63234
2020-11-18 01:00:00,2.76465,2.8029333333333333,426.4916666666667,183.60391666666666
2020-11-18 02:00:00,2.9261,2.96555,424.7866666666667,162.19081666666668
2020-11-18 03:00:00,3.09995,3.1388666666666665,426.615,155.861025
2020-11-18 04:00:00,3.2774833333333335,3.316316666666667,425.06,146.05532
2020-11-18 05:00:00,3.4545666666666666,3.4956,427.30333333333334,166.03124333333332
2020-11-18 06:00:00,3.6030333333333333,3.64645,397.5383333333333,239.86458499999998
2020-11-18 07:00:00,3.61565,3.64315,282.6616666666667,410.299635
2020-11-18 08:00:00,3.5145,3.5388666666666664,278.57666666666665,427.5824216666667
2020-11-18 09:00:00,3.4234500000000003,3.447283333333333,279.39166666666665,373.67949166666665
2020-11-18 10:00:00,3.3497166666666667,3.37265,278.07166666666666,431.6593383333333
2020-11-18 11:00:00,3.2451166666666666,3.2668166666666663,280.12666666666667,415.0118266666667
2020-11-18 12:00:00,3.15435,3.1756666666666664,277.40833333333336,403.8530866666667
2020-11-18 13:00:00,3.082733333333333,3.1037666666666666,277.31666666666666,365.61729833333334
2020-11-18 14:00:00,3.02345,3.0453833333333336,276.425,352.486915
2020-11-18 15:00:00,2.986483333333333,3.008183333333333,276.805,329.033955
2020-11-18 16:00:00,2.9467333333333334,2.969466666666667,280.01666666666665,320.5725366666667
2020-11-18 17:00:00,2.92995,2.9526499999999998,279.4866666666667,285.01738
2020-11-18 18:00:00,2.9132000000000002,2.9356333333333335,281.10833333333335,335.398015
2020-11-18 19:00:00,2.8556166666666667,2.87585,280.23833333333334,370.743635
2020-11-18 20:00:00,2.806033333333333,2.8273,279.3183333333333,342.33667333333335
2020-11-18 21:00:00,2.753916666666667,2.7749499999999996,279.4916666666667,333.9623866666667
2020-11-18 22:00:00,2.7335166666666666,2.75475,274.68833333333333,336.461975
2020-11-18 23:00:00,2.6689166666666666,2.6884666666666663,273.96500000000003,365.75069666666667
2020-11-19 00:00:00,2.6167000000000002,2.635483333333333,275.3016666666666,333.0057133333333
2020-11-19 01:00:00,2.58725,2.6079833333333338,275.96500000000003,298.69806166666666
2020-11-19 02:00:00,2.5849333333333333,2.6065,276.625,236.27415166666665
2020-11-19 03:00:00,2.6317999999999997,2.6537333333333333,277.53,165.44482333333332
2020-11-19 04:00:00,2.71275,2.73525,278.2483333333333,152.05571166666667
2020-11-19 05:00:00,2.7880499999999997,2.8118833333333333,280.3233333333334,169.06551833333333
2020-11-19 06:00:00,2.85335,2.8787333333333334,342.87166666666667,211.05588500000002
2020-11-19 07:00:00,3.2120666666666664,3.2749666666666664,746.8035714285713,314.94117
2020-11-19 08:00:00,3.585916666666667,3.6566666666666667,398.7164285714286,414.1686883333333
2020-11-19 09:00:00,3.515633333333333,3.5714333333333332,239.225,367.20830166666667
2020-11-19 10:00:00,3.4485666666666663,3.5007,238.4116666666667,321.07375333333334
2020-11-19 11:00:00,3.3820666666666668,3.4350333333333336,240.56166666666667,360.92829166666667
2020-11-19 12:00:00,3.27635,3.332333333333333,239.19666666666666,447.37457166666667
2020-11-19 13:00:00,3.1370333333333336,3.192833333333333,240.14166666666668,393.71228666666667
2020-11-19 14:00:00,3.08055,3.1295333333333333,241.17833333333334,287.6541466666667
2020-11-19 15:00:00,3.04405,3.0942833333333337,240.185,297.18898666666666
2020-11-19 16:00:00,2.9927833333333336,3.0458333333333334,243.06,338.64941
2020-11-19 17:00:00,2.903216666666667,2.9596,243.73666666666668,421.15038333333337
2020-11-19 18:00:00,2.78215,2.8386333333333336,242.92999999999998,409.62383500000004
2020-11-19 19:00:00,2.6689333333333334,2.7257166666666666,242.26833333333335,413.36823499999997
2020-11-19 20:00:00,2.529116666666667,2.5855,242.47833333333335,447.1723166666667
2020-11-19 21:00:00,2.4322833333333334,2.4842,241.80499999999998,368.6335066666667
2020-11-19 22:00:00,2.342216666666667,2.39425,259.0083333333333,355.95323
2020-11-19 23:00:00,2.3869333333333334,2.4022,470.7916666666667,273.23722833333335
2020-11-20 00:00:00,2.5433833333333333,2.5586333333333333,470.1383333333333,224.15821666666668
2020-11-20 01:00:00,2.70395,2.719933333333333,473.4116666666667,195.44015666666667
2020-11-20 02:00:00,2.8950166666666663,2.912383333333333,474.55833333333334,171.20709833333333
2020-11-20 03:00:00,3.0927166666666666,3.1133499999999996,473.13666666666666,158.24186999999998
2020-11-20 04:00:00,3.2949166666666665,3.3185166666666666,471.9916666666667,151.01954666666668
2020-11-20 05:00:00,3.49675,3.5244333333333335,421.73333333333335,162.62048000000001
2020-11-20 06:00:00,3.579333333333333,3.6291,271.6716666666667,216.033955
2020-11-20 07:00:00,3.5589999999999997,3.6197999999999997,271.5133333333333,385.6418366666667
2020-11-20 08:00:00,3.45775,3.52125,267.6716666666667,374.15647333333334
2020-11-20 09:00:00,3.4157,3.4725333333333332,269.55,310.34335166666665
2020-11-20 10:00:00,3.3879499999999996,3.4443333333333332,267.9633333333333,321.3291633333334
2020-11-20 11:00:00,3.315916666666667,3.3780833333333335,268.58,411.0114233333333
2020-11-20 12:00:00,3.223183333333333,3.2842166666666666,270.8616666666667,409.85902999999996
2020-11-20 13:00:00,3.1259,3.1873333333333336,275.045,380.7427833333333
2020-11-20 14:00:00,3.0921499999999997,3.1474333333333333,276.06333333333333,304.40613
2020-11-20 15:00:00,3.0648666666666666,3.120766666666667,275.7583333333333,329.3051033333333
2020-11-20 16:00:00,3.0047166666666665,3.0639166666666666,275.3366666666667,385.2209316666667
2020-11-20 17:00:00,2.9383333333333335,2.9962166666666668,274.8616666666667,391.65443
2020-11-20 18:00:00,2.839116666666667,2.90035,275.3433333333333,406.53632833333336
2020-11-20 19:00:00,2.7502,2.809566666666667,271.92333333333335,401.5932
2020-11-20 20:00:00,2.6945333333333332,2.74825,279.8066666666667,309.10056
2020-11-20 21:00:00,2.7008333333333336,2.7407666666666666,325.7866666666667,312.3957233333333
2020-11-20 22:00:00,2.6769166666666666,2.71875,326.12666666666667,380.0155183333334
2020-11-20 23:00:00,2.6637166666666667,2.702633333333333,331.3,301.83721833333334
2020-11-21 00:00:00,2.6891833333333333,2.7283,334.80333333333334,279.99768
2020-11-21 01:00:00,2.7382833333333334,2.7767,335.85833333333335,237.22754166666667
2020-11-21 02:00:00,2.8040666666666665,2.8418833333333335,338.225,222.14853833333333
2020-11-21 03:00:00,2.8971333333333336,2.9322833333333334,337.1566666666667,166.01698666666667
2020-11-21 04:00:00,3.08645,3.1146833333333332,358.71214285714285,161.93809666666667
2020-11-21 05:00:00,3.5762666666666667,3.6003666666666665,451.79285714285714,165.1318916666667
2020-11-21 06:00:00,3.888183333333333,3.8949,243.73166666666665,229.6642983333333
2020-11-21 07:00:00,3.8567666666666667,3.8573833333333334,176.59,270.65997166666665
2020-11-21 08:00:00,3.78165,3.7786166666666667,172.645,306.34294666666665
2020-11-21 09:00:00,3.6609833333333333,3.6457166666666665,170.19333333333333,423.9078766666667
2020-11-21 10:00:00,3.4864666666666664,3.4663166666666667,170.33166666666665,440.09595666666667
2020-11-21 11:00:00,3.3102333333333336,3.2891833333333333,171.61166666666668,410.3401333333333
2020-11-21 12:00:00,3.135383333333333,3.109583333333333,170.73666666666668,468.05897333333337
2020-11-21 13:00:00,2.9620333333333333,2.9433000000000002,166.95,390.74503999999996
2020-11-21 14:00:00,2.8059,2.7830500000000002,165.98666666666668,420.1184416666667
2020-11-21 15:00:00,2.6481,2.63235,182.42000000000002,388.81054666666665
2020-11-21 16:00:00,2.5114,2.5037333333333334,201.35333333333335,377.70966500000003
2020-11-21 17:00:00,2.40205,2.395366666666667,201.26333333333332,370.54996
2020-11-21 18:00:00,2.30185,2.2996,200.91666666666666,298.86387
2020-11-21 19:00:00,2.2212166666666664,2.216833333333333,199.76000000000002,363.6430216666667
2020-11-21 20:00:00,2.1212333333333335,2.115866666666667,200.02166666666665,325.5366716666667
2020-11-21 21:00:00,2.0421333333333336,2.0410333333333335,222.9116666666667,296.833845
2020-11-21 22:00:00,2.0170666666666666,2.0384666666666664,378.635,352.71067166666666
2020-11-21 23:00:00,2.066666666666667,2.0898666666666665,383.28499999999997,245.68541166666668
2020-11-22 00:00:00,2.1687166666666666,2.1935999999999996,382.7916666666667,209.08472333333333
2020-11-22 01:00:00,2.28155,2.30605,385.62333333333333,199.57411333333332
2020-11-22 02:00:00,2.412516666666667,2.4372666666666665,387.40166666666664,173.53681166666667
2020-11-22 03:00:00,2.596166666666667,2.63105,476.1,192.81566333333333
2020-11-22 04:00:00,3.1125,3.1583666666666668,616.3091666666667,166.515735
2020-11-22 05:00:00,3.39645,3.4437833333333336,560.4300000000001,209.55409833333334
2020-11-22 06:00:00,3.6118333333333337,3.6629833333333335,562.3199999999999,233.38808
2020-11-22 07:00:00,3.6754666666666664,3.7133833333333333,122.51,290.9696666666667
2020-11-22 08:00:00,3.5533833333333336,3.5873833333333334,109.92,319.776315
2020-11-22 09:00:00,3.403916666666667,3.4366666666666665,102.15666666666667,327.072335
2020-11-22 10:00:00,3.2390333333333334,3.2694666666666667,100.12833333333333,388.92381
2020-11-22 11:00:00,3.0410833333333334,3.0701666666666667,100.39166666666667,416.76770666666664
2020-11-22 12:00:00,2.8245,2.8514833333333334,100.92166666666667,420.95283
2020-11-22 13:00:00,2.5986166666666666,2.623283333333333,101.25166666666668,430.59966833333334
2020-11-22 14:00:00,2.43355,2.4587999999999997,102.10666666666665,288.927885
2020-11-22 15:00:00,2.303,2.3283833333333335,101.85,324.6919833333333
2020-11-22 16:00:00,2.1305,2.1531833333333332,101.615,378.05980166666666
2020-11-22 17:00:00,1.9572333333333334,1.9785,102.12166666666667,346.98268666666667
2020-11-22 18:00:00,1.7927333333333335,1.8125666666666667,103.515,382.1393566666667
2020-11-22 19:00:00,1.6044333333333334,1.6219333333333334,102.49666666666667,376.2503666666667
2020-11-22 20:00:00,1.6673499999999999,1.7000333333333333,587.3222807017544,413.143515
2020-11-22 21:00:00,2.0838666666666668,2.13305,766.9277192982456,490.01885500000003
2020-11-22 22:00:00,2.330616666666667,2.345966666666667,581.8333333333334,365.413845
2020-11-22 23:00:00,2.370766666666667,2.389533333333333,331.01500000000004,282.42088333333334
2020-11-23 00:00:00,2.42085,2.442466666666667,336.7366666666667,227.38288333333333
2020-11-23 01:00:00,2.50395,2.52485,335.075,198.61139
2020-11-23 02:00:00,2.600983333333333,2.6233500000000003,335.475,157.24301
2020-11-23 03:00:00,2.7202166666666665,2.7426833333333334,336.885,155.93897
2020-11-23 04:00:00,2.83145,2.8557166666666665,337.77333333333337,162.52549833333333
2020-11-23 05:00:00,2.94055,2.9646666666666666,339.5316666666667,176.61917499999998
2020-11-23 06:00:00,3.05575,3.0786000000000002,406.4816666666667,213.145885
2020-11-23 07:00:00,3.2880499999999997,3.347083333333333,519.1191666666667,358.2081133333333
2020-11-23 08:00:00,3.4320999999999997,3.514616666666667,324.89500000000004,414.0738983333333
2020-11-23 09:00:00,3.3921166666666664,3.4368333333333334,229.64333333333335,307.6737616666667
2020-11-23 10:00:00,3.3421499999999997,3.3859500000000002,229.45666666666665,326.05381833333337
2020-11-23 11:00:00,3.2420833333333334,3.2882666666666664,230.70833333333334,425.5584166666667
2020-11-23 12:00:00,3.1340166666666667,3.1771666666666665,229.66,324.2937516666667
2020-11-23 13:00:00,3.0651,3.10745,231.34166666666667,372.100605
2020-11-23 14:00:00,2.9796666666666667,3.0202833333333334,231.86833333333334,342.8935016666666
2020-11-23 15:00:00,2.8926000000000003,2.93325,231.51000000000002,378.45858000000004
2020-11-23 16:00:00,2.78245,2.82295,232.45833333333334,403.83339666666666
2020-11-23 17:00:00,2.668433333333333,2.7083166666666667,231.06666666666666,397.8954366666667
2020-11-23 18:00:00,2.557666666666667,2.5973166666666665,229.56833333333333,401.42726666666664
2020-11-23 19:00:00,2.424316666666667,2.4638666666666666,252.475,431.36572
2020-11-23 20:00:00,2.3622,2.3908666666666667,297.53499999999997,349.27700833333336
2020-11-23 21:00:00,2.3539833333333333,2.3632333333333335,386.9616666666667,401.62412666666665
2020-11-23 22:00:00,2.3631666666666664,2.373083333333333,382.14500000000004,290.213505
2020-11-23 23:00:00,2.4422,2.4560833333333334,392.6666666666667,234.53450333333333
2020-11-24 00:00:00,2.5525333333333333,2.5677499999999998,398.05333333333334,214.63174833333332
2020-11-24 01:00:00,2.6806833333333335,2.697,395.9933333333333,183.20343499999998
2020-11-24 02:00:00,2.822283333333333,2.8395333333333337,395.60499999999996,167.73004666666665
2020-11-24 03:00:00,2.9745166666666667,2.9932666666666665,397.43833333333333,170.39365
2020-11-24 04:00:00,3.1085333333333334,3.1278333333333332,397.76500000000004,180.07487333333333
2020-11-24 05:00:00,3.2506166666666667,3.27185,390.06333333333333,179.07369166666666
2020-11-24 06:00:00,3.3625166666666666,3.3815166666666667,384.05333333333334,273.74566500000003
2020-11-24 07:00:00,3.402,3.4183833333333333,384.90833333333336,344.87484666666666
2020-11-24 08:00:00,3.42615,3.4433999999999996,380.02000000000004,336.9661783333333
2020-11-24 09:00:00,3.4185833333333333,3.431766666666667,378.3066666666667,422.9014466666667
2020-11-24 10:00:00,3.4025666666666665,3.4170333333333334,378.9933333333333,405.46198666666663
2020-11-24 11:00:00,3.371666666666667,3.384533333333333,380.455,410.64781500000004
2020-11-24 12:00:00,3.3471166666666665,3.3596500000000002,380.5833333333333,434.9543783333333
2020-11-24 13:00:00,3.3039833333333335,3.3154,379.44166666666666,402.60312
2020-11-24 14:00:00,3.33005,3.347983333333333,377.52833333333336,284.32462000000004
2020-11-24 15:00:00,3.395366666666667,3.4139666666666666,375.72166666666664,261.07952
2020-11-24 16:00:00,3.420933333333333,3.446633333333333,222.88,284.15416166666665
2020-11-24 17:00:00,3.3472500000000003,3.3764666666666665,191.25333333333336,334.28783500000003
2020-11-24 18:00:00,3.2392499999999997,3.2679,190.375,341.70535666666666
2020-11-24 19:00:00,3.1484666666666663,3.177583333333333,191.65833333333333,323.24600333333336
2020-11-24 20:00:00,3.0551000000000004,3.0829333333333335,188.625,334.03649
2020-11-24 21:00:00,2.965816666666667,2.9937833333333335,188.515,332.00015333333334
2020-11-24 22:00:00,2.8489500000000003,2.87585,187.565,372.68646333333334
2020-11-24 23:00:00,2.734183333333333,2.761016666666667,190.29666666666665,330.21093333333334
2020-11-25 00:00:00,2.672616666666667,2.700816666666667,191.41,255.28053333333335
2020-11-25 01:00:00,2.6260833333333333,2.653033333333333,192.90166666666667,255.156855
2020-11-25 02:00:00,2.597066666666667,2.62195,192.51000000000002,221.99265666666668
2020-11-25 03:00:00,2.5772666666666666,2.6028000000000002,192.99666666666664,213.57779833333333
2020-11-25 04:00:00,2.5749,2.6003666666666665,193.75833333333333,164.79867166666665
2020-11-25 05:00:00,2.6018666666666665,2.6285833333333333,195.65156565656565,158.41328166666665
2020-11-25 06:00:00,3.0114500000000004,3.0709,288.2823232323233,223.25592333333333
2020-11-25 07:00:00,3.5823833333333335,3.6486333333333336,348.40277777777777,326.88677666666666
2020-11-25 08:00:00,3.6199500000000002,3.6723,274.28499999999997,372.45128
2020-11-25 09:00:00,3.560483333333333,3.6108166666666666,266.14166666666665,335.5517283333333
2020-11-25 10:00:00,3.5134833333333333,3.5635333333333334,265.77000000000004,340.79794166666665
2020-11-25 11:00:00,3.459866666666667,3.50855,268.87,338.50554166666666
2020-11-25 12:00:00,3.398683333333333,3.4475,268.285,378.98517833333335
2020-11-25 13:00:00,3.343366666666667,3.390516666666666,267.63166666666666,316.473645
2020-11-25 14:00:00,3.3146166666666668,3.36035,269.90333333333336,305.2913633333334
2020-11-25 15:00:00,3.276116666666667,3.3233166666666665,271.10333333333335,372.28834166666667
2020-11-25 16:00:00,3.2032833333333333,3.2502,269.6166666666667,346.109315
2020-11-25 17:00:00,3.14855,3.1951666666666667,267.8283333333333,369.11644666666666
2020-11-25 18:00:00,3.071683333333333,3.11815,266.3833333333333,409.38774333333333
2020-11-25 19:00:00,2.9418166666666665,2.991833333333333,265.8666666666667,462.1283033333333
2020-11-25 20:00:00,2.8433333333333333,2.8896,267.00166666666667,388.38433999999995
2020-11-25 21:00:00,2.7460166666666668,2.7933666666666666,266.8833333333333,448.90945999999997
2020-11-25 22:00:00,2.65415,2.6927166666666666,319.4816666666667,339.69774666666666
2020-11-25 23:00:00,2.726316666666667,2.743533333333333,402.6433333333333,244.32543666666666
2020-11-26 00:00:00,2.8322,2.8507333333333333,402.97166666666664,223.72298333333336
2020-11-26 01:00:00,2.9581166666666667,2.9788,405.52666666666664,189.728655
2020-11-26 02:00:00,3.09605,3.1181666666666668,406.68,185.923555
2020-11-26 03:00:00,3.2496666666666667,3.274583333333333,405.62166666666667,152.6512666666667
2020-11-26 04:00:00,3.412783333333333,3.43835,404.50166666666667,155.542215
2020-11-26 05:00:00,3.56165,3.5888666666666666,377.8616666666667,182.31492666666665
2020-11-26 06:00:00,3.63855,3.6749666666666667,341.33,258.46405833333336
2020-11-26 07:00:00,3.6812833333333335,3.708583333333334,269.14166666666665,290.79305666666664
2020-11-26 08:00:00,3.609566666666667,3.6193666666666666,212.43166666666667,394.61574333333334
2020-11-26 09:00:00,3.4822166666666665,3.491016666666667,211.00666666666666,400.33001499999995
2020-11-26 10:00:00,3.3575,3.3653166666666667,209.9633333333333,380.86035333333336
2020-11-26 11:00:00,3.2463833333333336,3.254366666666667,210.82666666666668,392.06616
2020-11-26 12:00:00,3.1218999999999997,3.128333333333333,212.23333333333332,408.02456
2020-11-26 13:00:00,2.9881666666666664,2.9923166666666665,214.95,389.5444683333333
2020-11-26 14:00:00,2.8835166666666665,2.8890000000000002,215.52666666666667,369.28676
2020-11-26 15:00:00,2.7828,2.789533333333333,208.45833333333334,350.58115
2020-11-26 16:00:00,2.678316666666667,2.6793833333333335,213.44,394.57183
2020-11-26 17:00:00,2.5591166666666667,2.5625833333333334,232.92000000000002,412.04046166666666
2020-11-26 18:00:00,2.4632333333333336,2.478616666666667,296.335,342.5983116666667
2020-11-26 19:00:00,2.4431833333333333,2.467216666666667,315.93666666666667,321.32516833333335
2020-11-26 20:00:00,2.448183333333333,2.4714833333333335,316.72,301.7309433333333
2020-11-26 21:00:00,2.4612833333333333,2.49465,379.865,323.7566366666667
2020-11-26 22:00:00,2.508366666666667,2.5456,393.85499999999996,292.52196499999997
2020-11-26 23:00:00,2.5728,2.6098,405.50166666666667,286.02288000000004
2020-11-27 00:00:00,2.6726666666666667,2.7084333333333332,408.5816666666667,244.24352166666668
2020-11-27 01:00:00,2.7754166666666666,2.8099833333333333,362.38,205.12411333333333
2020-11-27 02:00:00,2.8778,2.9078833333333334,310.22,152.182655
2020-11-27 03:00:00,2.9874666666666667,3.01715,311.59000000000003,130.448315
2020-11-27 04:00:00,3.107066666666667,3.136416666666667,309.18833333333333,127.58490666666667
2020-11-27 05:00:00,3.21805,3.2488,304.27333333333337,141.8256
2020-11-27 06:00:00,3.31225,3.3445833333333335,307.99,180.6048
2020-11-27 07:00:00,3.361666666666667,3.3965666666666667,309.76,328.7602816666667
2020-11-27 08:00:00,3.2961,3.3335,306.8366666666667,421.1905366666667
2020-11-27 09:00:00,3.2243,3.260083333333333,298.10333333333335,390.0797366666667
2020-11-27 10:00:00,3.1835666666666667,3.2182166666666663,299.2933333333333,326.37738833333333
2020-11-27 11:00:00,3.144233333333333,3.1804333333333332,297.44666666666666,403.8669283333333
2020-11-27 12:00:00,3.058983333333333,3.0953333333333335,296.78499999999997,424.70808833333336
2020-11-27 13:00:00,2.9809833333333335,3.015516666666667,296.45166666666665,370.35250333333335
2020-11-27 14:00:00,2.959233333333333,2.9930666666666665,296.80333333333334,307.47588666666667
2020-11-27 15:00:00,2.9389666666666665,2.9724166666666667,297.0,360.1953266666667
2020-11-27 16:00:00,2.8836333333333335,2.9175,295.98499999999996,369.6156316666667
2020-11-27 17:00:00,2.82955,2.8626833333333335,291.87166666666667,382.543375
2020-11-27 18:00:00,2.7565999999999997,2.7901833333333332,292.13666666666666,420.0537033333333
2020-11-27 19:00:00,2.6723500000000002,2.7061166666666665,294.115,358.7259683333333
2020-11-27 20:00:00,2.6631666666666667,2.6951833333333335,293.2883333333333,288.737305
2020-11-27 21:00:00,2.6407000000000003,2.6734166666666668,293.50166666666667,379.81963333333334
2020-11-27 22:00:00,2.57875,2.61215,290.00333333333333,332.799765
2020-11-27 23:00:00,2.5826333333333333,2.6147666666666667,289.805,246.90572500000002
2020-11-28 00:00:00,2.6029166666666668,2.6360666666666663,297.9816666666667,267.4104716666667
2020-11-28 01:00:00,2.6285666666666665,2.661016666666667,297.68833333333333,237.712775
2020-11-28 02:00:00,2.6791833333333335,2.7107666666666668,297.095,202.77703833333334
2020-11-28 03:00:00,2.7479,2.7789333333333333,298.01500000000004,156.88502166666666
2020-11-28 04:00:00,2.8509666666666664,2.8828666666666667,297.24833333333333,127.34264
2020-11-28 05:00:00,2.9516166666666668,2.9840500000000003,300.4533333333333,172.00409666666667
2020-11-28 06:00:00,3.032966666666667,3.06495,302.4166666666667,168.26596166666667
2020-11-28 07:00:00,3.0946000000000002,3.1289833333333332,301.22833333333335,237.2759233333333
2020-11-28 08:00:00,3.1445,3.1702333333333335,360.67833333333334,279.70097499999997
2020-11-28 09:00:00,3.1599166666666667,3.1808666666666667,356.6333333333333,403.5218366666667
2020-11-28 10:00:00,3.1191166666666663,3.139283333333333,355.7966666666667,397.6187683333334
2020-11-28 11:00:00,3.0724500000000003,3.0917666666666666,355.11333333333334,454.64193166666666
2020-11-28 12:00:00,2.991,3.00895,360.89666666666665,478.65138666666667
2020-11-28 13:00:00,2.95705,2.9783833333333334,361.1183333333333,320.12769833333334
2020-11-28 14:00:00,2.991016666666667,3.01355,359.625,304.6805683333333
2020-11-28 15:00:00,2.9976,3.0189,359.90166666666664,413.01738166666667
2020-11-28 16:00:00,2.9572833333333337,2.9770666666666665,360.1633333333333,369.49555
2020-11-28 17:00:00,2.965933333333333,2.9880833333333334,359.64833333333337,336.98931333333337
2020-11-28 18:00:00,2.977333333333333,3.000583333333333,359.68666666666667,355.8885816666667
2020-11-28 19:00:00,2.96645,2.988,361.315,350.92031000000003
2020-11-28 20:00:00,2.9988,3.022683333333333,354.29833333333335,263.0350266666667
2020-11-28 21:00:00,3.0537833333333335,3.07835,354.3566666666667,307.81458166666664
2020-11-28 22:00:00,3.030933333333333,3.0513333333333335,344.555,414.2186516666667
2020-11-28 23:00:00,3.0032833333333335,3.03815,285.65999999999997,266.1546133333333
2020-11-29 00:00:00,3.0247666666666664,3.0599166666666666,286.87666666666667,242.30518500000002
2020-11-29 01:00:00,3.0610500000000003,3.0953999999999997,285.7316666666667,197.14261333333334
2020-11-29 02:00:00,3.133883333333333,3.168766666666667,286.2916666666667,155.413905
2020-11-29 03:00:00,3.2204833333333336,3.25465,288.19,147.16260333333332
2020-11-29 04:00:00,3.3144666666666667,3.349083333333333,288.445,131.277645
2020-11-29 05:00:00,3.4110500000000004,3.4474500000000003,287.65999999999997,141.70667
2020-11-29 06:00:00,3.5023666666666666,3.5381833333333335,287.5866666666667,151.17302999999998
2020-11-29 07:00:00,3.56035,3.5978333333333334,289.27666666666664,249.94697
2020-11-29 08:00:00,3.5719166666666666,3.6109500000000003,288.7083333333333,272.7144583333333
2020-11-29 09:00:00,3.5558166666666664,3.5855,226.73666666666668,300.12625166666663
2020-11-29 10:00:00,3.4956,3.5210500000000002,225.13166666666666,355.6236783333333
2020-11-29 11:00:00,3.4045166666666664,3.4290333333333334,225.44,361.972995
2020-11-29 12:00:00,3.3093,3.3329833333333334,224.86,428.16602166666667
2020-11-29 13:00:00,3.1457833333333336,3.16525,228.55833333333334,450.84202
2020-11-29 14:00:00,3.03075,3.0515666666666665,229.47666666666666,384.9414766666667
2020-11-29 15:00:00,2.9203333333333332,2.9422833333333336,225.97166666666666,418.22853000000003
2020-11-29 16:00:00,2.79775,2.81825,227.95499999999998,371.8692516666667
2020-11-29 17:00:00,2.70455,2.7244333333333333,225.84,384.36788
2020-11-29 18:00:00,2.6183833333333335,2.6392666666666664,229.51166666666668,342.1173933333333
2020-11-29 19:00:00,2.553366666666667,2.5751333333333335,226.77,292.4642983333333
2020-11-29 20:00:00,2.4939833333333334,2.513183333333333,224.43166666666667,362.0965833333333
2020-11-29 21:00:00,2.427833333333333,2.4606666666666666,360.8566666666667,330.81035833333334
2020-11-29 22:00:00,2.4700833333333336,2.5063166666666663,370.1633333333333,286.507455
2020-11-29 23:00:00,2.54705,2.58255,378.865,225.046055
2020-11-30 00:00:00,2.646066666666667,2.6831166666666664,383.8816666666667,201.04917833333332
2020-11-30 01:00:00,2.7778833333333335,2.8125,385.7133333333333,175.13128666666668
2020-11-30 02:00:00,2.904933333333333,2.940433333333333,384.15833333333336,166.54618666666664
2020-11-30 03:00:00,3.0653,3.1009666666666664,388.47833333333335,137.14549
2020-11-30 04:00:00,3.207333333333333,3.2451833333333338,389.585,183.92629333333335
2020-11-30 05:00:00,3.3395,3.3787666666666665,390.22666666666663,190.5420116666667
2020-11-30 06:00:00,3.4556833333333334,3.4966999999999997,369.15999999999997,230.55288333333334
2020-11-30 07:00:00,3.47405,3.5075166666666666,290.22666666666663,381.80435666666665
2020-11-30 08:00:00,3.3876833333333334,3.421,288.69666666666666,424.404065
2020-11-30 09:00:00,3.3238833333333333,3.3562166666666666,286.88666666666666,334.73404166666666
2020-11-30 10:00:00,3.2916666666666665,3.3249833333333334,285.8566666666667,330.9025966666667
2020-11-30 11:00:00,3.2527666666666666,3.284783333333333,285.9116666666667,356.1865916666667
2020-11-30 12:00:00,3.1955833333333334,3.2267,284.0,345.2829433333333
2020-11-30 13:00:00,3.1681166666666667,3.1978166666666668,284.5516666666666,318.2207966666667
2020-11-30 14:00:00,3.1554,3.1868333333333334,284.8616666666667,293.7878683333333
2020-11-30 15:00:00,3.13805,3.1686166666666664,284.77833333333336,294.959375
2020-11-30 16:00:00,3.133866666666667,3.1633166666666668,286.87166666666667,292.5578483333333
2020-11-30 17:00:00,3.1391166666666668,3.1687333333333334,275.2083333333333,251.96021833333333
2020-11-30 18:00:00,3.133383333333333,3.1617666666666664,276.45,321.11431
2020-11-30 19:00:00,3.0704,3.0981666666666667,276.8366666666667,414.70530333333335
2020-11-30 20:00:00,2.9857,3.01245,276.13,386.37186166666663
2020-11-30 21:00:00,2.8998666666666666,2.9261333333333335,278.1,394.180535
2020-11-30 22:00:00,2.81705,2.8423666666666665,267.96666666666664,353.7848083333334
2020-11-30 23:00:00,2.7704999999999997,2.7965500000000003,269.055,280.15062666666665
2020-12-01 00:00:00,2.7786,2.8046833333333336,268.7633333333333,199.47023333333334
2020-12-01 01:00:00,2.8301666666666665,2.8581166666666666,269.7366666666667,158.77471500000001
2020-12-01 02:00:00,2.9033333333333333,2.9313833333333337,270.33,134.72375833333334
2020-12-01 03:00:00,2.9907666666666666,3.020033333333333,269.7683333333333,120.08938833333333
2020-12-01 04:00:00,3.084883333333333,3.1140333333333334,269.66,116.55986166666666
2020-12-01 05:00:00,3.19395,3.22295,270.40688095238096,140.29569833333335
2020-12-01 06:00:00,3.617433333333333,3.6449,237.92061904761903,181.24902500000002
2020-12-01 07:00:00,3.7647666666666666,3.7982666666666662,227.57833333333335,350.136975
2020-12-01 08:00:00,3.693033333333333,3.7271833333333335,223.985,273.42510500000003
2020-12-01 09:00:00,3.6408666666666667,3.6745666666666663,219.95499999999998,292.9556383333333
2020-12-01 10:00:00,3.56935,3.60175,218.55833333333334,307.50541
2020-12-01 11:00:00,3.4998666666666667,3.5316166666666664,218.70666666666665,328.8988166666667
2020-12-01 12:00:00,3.42125,3.4515499999999997,217.84666666666666,286.206065
2020-12-01 13:00:00,3.3657166666666667,3.3957333333333333,218.29500000000002,280.30511
2020-12-01 14:00:00,3.301283333333333,3.3328833333333336,218.11166666666668,303.24396
2020-12-01 15:00:00,3.22925,3.2582333333333335,220.21833333333333,336.10323166666666
2020-12-01 16:00:00,3.1341666666666668,3.1636499999999996,224.69833333333332,332.74023833333337
2020-12-01 17:00:00,3.056833333333333,3.0855166666666665,223.315,325.26595333333336
2020-12-01 18:00:00,2.9531666666666667,2.9814833333333337,222.29666666666665,397.9219683333333
2020-12-01 19:00:00,2.8294166666666665,2.8566166666666666,221.83333333333334,361.049625
2020-12-01 20:00:00,2.7262166666666667,2.753,220.99666666666664,367.1602033333333
2020-12-01 21:00:00,2.6142833333333333,2.6401833333333333,218.96,336.5731133333333
2020-12-01 22:00:00,2.558666666666667,2.5837833333333333,220.975,225.32085
2020-12-01 23:00:00,2.5665166666666663,2.59675,277.7183333333333,200.19070666666667
2020-12-02 00:00:00,2.6150333333333333,2.649016666666667,302.505,204.54294833333333
2020-12-02 01:00:00,2.693233333333333,2.7258833333333334,301.8683333333333,149.28996
2020-12-02 02:00:00,2.796266666666667,2.8274833333333333,302.3883333333333,120.99449333333334
2020-12-02 03:00:00,2.912,2.9449166666666664,304.6433333333333,115.72073
2020-12-02 04:00:00,3.0302333333333333,3.0637166666666666,305.56166666666667,117.63650166666666
2020-12-02 05:00:00,3.1382833333333333,3.173783333333333,302.01166666666666,142.52558333333334
2020-12-02 06:00:00,3.2665833333333336,3.2791833333333336,506.4183333333333,194.578785
2020-12-02 07:00:00,3.4987666666666666,3.487083333333333,584.1933333333333,289.13297166666666
2020-12-02 08:00:00,3.5591500000000003,3.5622833333333332,299.6566666666667,338.1501
2020-12-02 09:00:00,3.5181166666666663,3.52505,288.77333333333337,320.87717
2020-12-02 10:00:00,3.4775333333333336,3.48095,288.775,375.17681
2020-12-02 11:00:00,3.3995,3.4004333333333334,290.72166666666664,372.3526333333333
2020-12-02 12:00:00,3.3196166666666667,3.3176666666666668,289.8933333333333,410.85225
2020-12-02 13:00:00,3.241516666666667,3.241333333333333,289.44,355.8732516666667
2020-12-02 14:00:00,3.198716666666667,3.2029,289.84666666666664,306.8022966666667
2020-12-02 15:00:00,3.1885,3.2013666666666665,256.54,233.99231166666667
2020-12-02 16:00:00,3.1733333333333333,3.1919166666666667,237.94166666666666,261.2118183333333
2020-12-02 17:00:00,3.14515,3.16485,230.05833333333334,265.27732833333334
2020-12-02 18:00:00,3.1022000000000003,3.1203333333333334,225.73333333333332,281.72517
2020-12-02 19:00:00,3.03505,3.05015,223.87833333333336,329.3419366666667
2020-12-02 20:00:00,2.9647,2.9823166666666667,225.98833333333332,306.152535
2020-12-02 21:00:00,2.8781499999999998,2.8932833333333337,224.06833333333333,376.27879
2020-12-02 22:00:00,2.780266666666667,2.796583333333333,226.50333333333336,299.04106333333334
2020-12-02 23:00:00,2.7270833333333333,2.7455333333333334,227.08333333333334,272.03933666666666
2020-12-03 00:00:00,2.700483333333333,2.72085,232.76333333333332,218.84806500000002
2020-12-03 01:00:00,2.7293666666666665,2.7508,230.45166666666668,156.01094999999998
2020-12-03 02:00:00,2.7592,2.78075,231.23,178.07080333333334
2020-12-03 03:00:00,2.7922833333333332,2.81345,233.68166666666667,175.92574833333336
2020-12-03 04:00:00,2.82055,2.8401833333333335,234.26666666666668,186.84173833333335
2020-12-03 05:00:00,2.84485,2.86695,234.87,159.47764166666667
2020-12-03 06:00:00,2.8994666666666666,2.927416666666667,364.57,186.954405
2020-12-03 07:00:00,3.1025666666666667,3.1523666666666665,681.885,249.39247666666668
2020-12-03 08:00:00,3.2478333333333333,3.281833333333333,319.6666666666667,288.20121166666667
2020-12-03 09:00:00,3.2356166666666666,3.2660833333333334,317.565,348.011645
2020-12-03 10:00:00,3.227716666666667,3.2578166666666664,317.07666666666665,269.36490166666664
2020-12-03 11:00:00,3.247266666666667,3.277333333333333,318.0833333333333,285.8804816666667
2020-12-03 12:00:00,3.2336,3.261816666666667,316.76500000000004,326.22978333333333
2020-12-03 13:00:00,3.2176166666666663,3.247133333333333,317.9866666666667,314.89726833333333
2020-12-03 14:00:00,3.2231666666666667,3.2520666666666664,319.99666666666667,266.43939166666667
2020-12-03 15:00:00,3.2472166666666666,3.276683333333333,318.12833333333333,272.09710666666666
2020-12-03 16:00:00,3.2462666666666666,3.2752166666666667,319.4,327.7266283333333
2020-12-03 17:00:00,3.1918833333333336,3.2066999999999997,227.84,372.6046816666667
2020-12-03 18:00:00,3.0661833333333335,3.0627,185.47833333333335,359.454095
2020-12-03 19:00:00,2.9548,2.954016666666667,183.34333333333333,335.15673499999997
2020-12-03 20:00:00,2.8324833333333337,2.8286000000000002,183.36166666666668,366.04843
2020-12-03 21:00:00,2.6914333333333333,2.6838166666666665,183.47333333333333,374.116795
2020-12-03 22:00:00,2.57005,2.56995,182.98333333333332,283.2314366666667
2020-12-03 23:00:00,2.5307666666666666,2.5546333333333333,331.97166666666664,247.71051
2020-12-04 00:00:00,2.622966666666667,2.6634333333333333,421.3283333333333,202.14452500000002
2020-12-04 01:00:00,2.7741833333333332,2.813933333333333,424.35999999999996,155.82715000000002
2020-12-04 02:00:00,2.959966666666667,2.998066666666667,425.29833333333335,120.87021666666666
2020-12-04 03:00:00,3.15865,3.195666666666667,427.595,110.87813166666666
2020-12-04 04:00:00,3.3579166666666667,3.3985833333333333,430.825,113.41778500000001
2020-12-04 05:00:00,3.5549000000000004,3.596166666666667,427.5066666666667,128.013425
2020-12-04 06:00:00,3.7294833333333335,3.7751500000000004,426.45166666666665,174.67933333333335
2020-12-04 07:00:00,3.7958833333333333,3.8557333333333332,274.1816666666667,306.63850333333335
2020-12-04 08:00:00,3.6800166666666665,3.7607166666666667,247.73833333333332,431.23248666666666
2020-12-04 09:00:00,3.5869166666666668,3.658183333333333,248.315,311.4955366666666
2020-12-04 10:00:00,3.537516666666667,3.605033333333333,246.71,312.8871466666667
2020-12-04 11:00:00,3.4889666666666668,3.5548166666666665,246.94666666666666,292.0716916666667
2020-12-04 12:00:00,3.4172000000000002,3.48745,246.71,352.36746166666666
2020-12-04 13:00:00,3.347666666666667,3.415116666666667,246.87,350.95065
2020-12-04 14:00:00,3.24265,3.31635,248.42333333333332,387.10254333333336
2020-12-04 15:00:00,3.1632333333333333,3.23075,250.57833333333335,314.14926
2020-12-04 16:00:00,3.1145,3.181633333333333,251.19500000000002,332.53879666666666
2020-12-04 17:00:00,3.0563166666666666,3.1204833333333335,242.41666666666666,298.76231
2020-12-04 18:00:00,3.012016666666667,3.075216666666667,245.425,302.8902816666667
2020-12-04 19:00:00,2.9548,3.0203833333333336,246.55499999999998,324.52340333333336
2020-12-04 20:00:00,2.9110333333333336,2.9729666666666668,247.55833333333334,268.564255
2020-12-04 21:00:00,2.8387666666666664,2.9097500000000003,244.66333333333333,394.72611166666667
2020-12-04 22:00:00,2.7438333333333333,2.8100666666666663,242.785,315.98319333333336
2020-12-04 23:00:00,2.716416666666667,2.7750666666666666,248.76166666666668,258.43061166666666
2020-12-05 00:00:00,2.7111,2.766183333333333,251.37666666666667,212.69864
2020-12-05 01:00:00,2.7460166666666668,2.7965666666666666,253.975,162.07899
2020-12-05 02:00:00,2.80805,2.8561666666666667,249.725,149.40421666666668
2020-12-05 03:00:00,2.8684166666666666,2.918066666666667,250.06666666666666,131.02299666666667
2020-12-05 04:00:00,2.9459333333333335,2.9943166666666667,249.77333333333334,131.949825
2020-12-05 05:00:00,3.0184833333333336,3.064783333333333,246.81333333333333,124.94121
2020-12-05 06:00:00,3.1010666666666666,3.14485,300.245,145.41055833333334
2020-12-05 07:00:00,3.1863,3.2318333333333333,309.825,212.26966166666668
2020-12-05 08:00:00,3.2121333333333335,3.263,309.35,267.4074616666667
2020-12-05 09:00:00,3.1981666666666664,3.2550000000000003,308.62666666666667,356.19326
2020-12-05 10:00:00,3.1337166666666665,3.19325,307.3283333333333,398.94458000000003
2020-12-05 11:00:00,3.0709,3.128033333333333,307.9933333333333,368.36430666666666
2020-12-05 12:00:00,2.990016666666667,3.0499666666666667,311.9133333333333,443.9295166666667
2020-12-05 13:00:00,2.883566666666667,2.9423000000000004,307.8666666666667,425.55717833333335
2020-12-05 14:00:00,2.8072333333333335,2.862483333333333,308.67333333333335,361.1189616666667
2020-12-05 15:00:00,2.7692166666666664,2.8215500000000002,308.89000000000004,342.05328833333334
2020-12-05 16:00:00,2.74165,2.7926833333333336,307.85499999999996,335.88054833333337
2020-12-05 17:00:00,2.7183166666666665,2.76785,307.9266666666666,270.995795
2020-12-05 18:00:00,2.7395666666666667,2.7869,307.85499999999996,259.2592716666667
2020-12-05 19:00:00,2.759916666666667,2.8072,307.99833333333333,285.62405
2020-12-05 20:00:00,2.7301833333333336,2.78335,309.86333333333334,343.18058333333335
2020-12-05 21:00:00,2.70335,2.75495,308.38666666666666,306.1302933333333
2020-12-05 22:00:00,2.7186166666666667,2.76635,307.995,265.61894666666666
2020-12-05 23:00:00,2.720266666666667,2.77035,308.1316666666667,285.54104333333333
2020-12-06 00:00:00,2.7402333333333333,2.7878,311.8433333333333,243.86173833333334
2020-12-06 01:00:00,2.791333333333333,2.8348999999999998,311.90333333333336,188.53907833333332
2020-12-06 02:00:00,2.8693,2.9136499999999996,313.15333333333336,173.33598666666666
2020-12-06 03:00:00,2.9568833333333333,2.9996500000000004,313.44166666666666,155.27488833333334
2020-12-06 04:00:00,3.0707833333333334,3.1109166666666668,309.875,114.73591666666667
2020-12-06 05:00:00,3.1859666666666664,3.2273833333333335,307.0083333333333,125.646645
2020-12-06 06:00:00,3.2962833333333332,3.338616666666667,311.5833333333333,147.99120333333335
2020-12-06 07:00:00,3.3713333333333333,3.4189833333333337,312.89833333333337,208.309565
2020-12-06 08:00:00,3.402016666666667,3.45745,318.825,311.6735816666667
2020-12-06 09:00:00,3.36255,3.4212333333333333,311.51666666666665,342.91272666666663
2020-12-06 10:00:00,3.349066666666667,3.4032833333333334,310.46666666666664,310.29359166666666
2020-12-06 11:00:00,3.309083333333333,3.3683166666666664,310.945,389.34036833333334
2020-12-06 12:00:00,3.2363833333333334,3.2952333333333335,307.60333333333335,382.12144333333333
2020-12-06 13:00:00,3.1872833333333332,3.2432000000000003,309.8016666666666,344.298085
2020-12-06 14:00:00,3.138716666666667,3.195783333333333,309.8383333333333,375.75434666666666
2020-12-06 15:00:00,3.091333333333333,3.1460500000000002,310.02000000000004,326.4870216666667
2020-12-06 16:00:00,3.077516666666667,3.1298166666666662,310.635,314.56865666666664
2020-12-06 17:00:00,3.0470333333333333,3.1022499999999997,309.2816666666667,363.50978833333335
2020-12-06 18:00:00,3.0007,3.0544166666666666,305.225,334.5432616666667
2020-12-06 19:00:00,2.9582333333333333,3.0125499999999996,300.0883333333333,374.15335666666664
2020-12-06 20:00:00,2.8733166666666667,2.9315166666666665,301.795,401.22376333333335
2020-12-06 21:00:00,2.8263666666666665,2.87925,303.01666666666665,322.1931083333333
2020-12-06 22:00:00,2.8141666666666665,2.8653,308.26166666666666,313.4986116666667
2020-12-06 23:00:00,2.7869,2.838616666666667,308.48333333333335,298.37901
2020-12-07 00:00:00,2.826,2.87065,310.52833333333336,201.52258666666665
2020-12-07 01:00:00,2.9177000000000004,2.958883333333333,313.49666666666667,141.04068166666667
2020-12-07 02:00:00,3.024083333333333,3.065833333333333,312.08,146.64384333333334
2020-12-07 03:00:00,3.1356333333333333,3.176483333333333,313.64500000000004,115.71737833333333
2020-12-07 04:00:00,3.2598833333333332,3.3006333333333333,302.0066666666667,118.69386
2020-12-07 05:00:00,3.3656,3.40685,285.34666666666664,138.142765
2020-12-07 06:00:00,3.4407833333333335,3.48585,282.2183333333333,186.83987333333334
2020-12-07 07:00:00,3.4684166666666667,3.5206999999999997,283.23499999999996,287.81924333333336
2020-12-07 08:00:00,3.427016666666667,3.48225,280.9316666666667,327.2194283333334
2020-12-07 09:00:00,3.39465,3.4491666666666663,283.43833333333333,312.75235833333335
2020-12-07 10:00:00,3.35525,3.4108500000000004,284.9266666666666,343.43325
2020-12-07 11:00:00,3.2895833333333333,3.3468,286.1,368.7930883333333
2020-12-07 12:00:00,3.231866666666667,3.2886666666666664,284.39666666666665,358.19288500000005
2020-12-07 13:00:00,3.16935,3.2256,284.27000000000004,368.8532383333333
2020-12-07 14:00:00,3.1014833333333334,3.15815,286.2966666666667,378.05242
2020-12-07 15:00:00,3.0281000000000002,3.0838833333333335,286.90999999999997,349.9360666666667
2020-12-07 16:00:00,3.0032666666666668,3.0533,287.3066666666667,274.78964
2020-12-07 17:00:00,2.9998666666666667,3.04055,209.41833333333335,236.82744499999998
2020-12-07 18:00:00,2.947,2.9869166666666667,193.975,305.858595
2020-12-07 19:00:00,2.8367666666666667,2.87765,192.76666666666668,344.9497866666667
2020-12-07 20:00:00,2.728,2.76785,194.87,342.21148166666666
2020-12-07 21:00:00,2.6579333333333333,2.703416666666667,301.20166666666665,307.22164833333335
2020-12-07 22:00:00,2.6658166666666667,2.7106666666666666,306.75333333333333,258.62202
2020-12-07 23:00:00,2.6941166666666665,2.7391833333333335,305.76,223.01222166666668
2020-12-08 00:00:00,2.7459166666666666,2.7888,306.84166666666664,214.66484333333335
2020-12-08 01:00:00,2.800683333333333,2.84255,309.0183333333333,192.1176933333333
2020-12-08 02:00:00,2.882166666666667,2.922266666666667,311.64666666666665,165.46683333333334
2020-12-08 03:00:00,2.9718999999999998,3.0134833333333333,312.68,153.93265333333332
2020-12-08 04:00:00,3.0864166666666666,3.1249166666666666,309.34000000000003,109.8141715
2020-12-08 05:00:00,3.2012,3.242433333333333,311.35,151.53711
2020-12-08 06:00:00,3.2632666666666665,3.3060166666666664,367.4183333333333,294.6284033333333
2020-12-08 07:00:00,3.3612666666666664,3.3677333333333332,521.265,333.099285
2020-12-08 08:00:00,3.39045,3.4278,339.205,319.38469333333336
2020-12-08 09:00:00,3.3840833333333333,3.4274,339.23499999999996,321.81906999999995
2020-12-08 10:00:00,3.4008333333333334,3.4422,340.0883333333333,280.89159666666666
2020-12-08 11:00:00,3.4188833333333335,3.4581,313.295,296.99966333333333
2020-12-08 12:00:00,3.3902666666666668,3.4114833333333334,230.37166666666664,300.45302499999997
2020-12-08 13:00:00,3.323516666666667,3.34155,229.98333333333332,328.80021833333336
2020-12-08 14:00:00,3.2560000000000002,3.2746166666666667,230.355,304.25188833333334
2020-12-08 15:00:00,3.2043000000000004,3.2246666666666663,232.95666666666665,259.696365
2020-12-08 16:00:00,3.1893833333333332,3.2114166666666666,236.17333333333332,231.24918
2020-12-08 17:00:00,3.1735166666666665,3.1940166666666667,233.23999999999998,291.65481
2020-12-08 18:00:00,3.091733333333333,3.1080666666666668,238.625,373.61107499999997
2020-12-08 19:00:00,2.9748333333333337,2.9895,234.09333333333333,391.8758416666667
2020-12-08 20:00:00,2.8548666666666667,2.8685,233.61833333333334,421.823185
2020-12-08 21:00:00,2.7145,2.7265333333333337,232.92999999999998,402.58975166666664
2020-12-08 22:00:00,2.60745,2.6216333333333335,230.86,324.5849733333333
2020-12-08 23:00:00,2.5609333333333333,2.580566666666667,230.39166666666668,249.87815166666667
2020-12-09 00:00:00,2.577,2.6165833333333333,355.67833333333334,194.71957833333332
2020-12-09 01:00:00,2.7016666666666667,2.7396499999999997,356.835,134.69135833333334
2020-12-09 02:00:00,2.8482833333333333,2.8863833333333333,356.60166666666663,116.38501
2020-12-09 03:00:00,3.0021,3.0395833333333333,357.56333333333333,110.13239166666668
2020-12-09 04:00:00,3.1592166666666666,3.196466666666667,352.5316666666667,111.40616833333334
2020-12-09 05:00:00,3.305133333333333,3.3440999999999996,348.845,132.54425833333332
2020-12-09 06:00:00,3.4215,3.4639333333333338,347.315,176.74999
2020-12-09 07:00:00,3.4986333333333333,3.5455666666666668,347.93666666666667,274.87640999999996
2020-12-09 08:00:00,3.501716666666667,3.5529,350.60499999999996,356.405245
2020-12-09 09:00:00,3.4780666666666664,3.5291833333333336,350.10999999999996,334.30190666666664
2020-12-09 10:00:00,3.491233333333333,3.5286833333333334,256.47999999999996,251.55728
2020-12-09 11:00:00,3.4547000000000003,3.5021,183.81666666666666,260.0458316666667
2020-12-09 12:00:00,3.360516666666667,3.4120833333333334,184.995,338.17147166666666
2020-12-09 13:00:00,3.233033333333333,3.2866666666666666,182.035,366.44046333333335
2020-12-09 14:00:00,3.0956166666666665,3.146733333333333,180.255,384.51734833333336
2020-12-09 15:00:00,2.9550666666666667,3.0043833333333336,179.86333333333332,339.82375833333333
2020-12-09 16:00:00,2.8592333333333335,2.90535,179.72333333333333,295.35112833333335
2020-12-09 17:00:00,2.7549333333333332,2.8021000000000003,179.01000000000002,323.31354833333336
2020-12-09 18:00:00,2.658383333333333,2.70615,180.32166666666666,304.025035
2020-12-09 19:00:00,2.5656166666666667,2.612616666666667,182.07833333333335,327.3184733333334
2020-12-09 20:00:00,2.4631,2.5109500000000002,195.54833333333332,292.35523166666667
2020-12-09 21:00:00,2.440233333333333,2.4650499999999997,312.90999999999997,329.55779333333334
2020-12-09 22:00:00,2.39495,2.4168833333333333,308.995,342.0536
2020-12-09 23:00:00,2.4122666666666666,2.4368166666666666,311.71,232.11045166666665
2020-12-10 00:00:00,2.459616666666667,2.4848500000000002,317.50166666666667,222.84028666666666
2020-12-10 01:00:00,2.5250333333333335,2.5503333333333336,317.255,186.29569333333333
2020-12-10 02:00:00,2.6257333333333337,2.6523,315.0083333333333,125.94540333333333
2020-12-10 03:00:00,2.736166666666667,2.762183333333333,316.155,165.88447499999998
2020-12-10 04:00:00,2.8300833333333335,2.8572833333333336,313.5866666666667,165.31794
2020-12-10 05:00:00,2.9185999999999996,2.9461,313.0683333333333,155.17495666666667
2020-12-10 06:00:00,3.1924166666666665,3.224883333333333,263.68192307692306,169.18538666666666
2020-12-10 07:00:00,3.591266666666667,3.6378666666666666,236.71807692307692,299.7731983333333
2020-12-10 08:00:00,3.58605,3.6426666666666665,278.90833333333336,323.48321166666665
2020-12-10 09:00:00,3.5380666666666665,3.5952333333333333,279.38666666666666,327.27934999999997
2020-12-10 10:00:00,3.5027166666666667,3.55865,280.635,331.781605
2020-12-10 11:00:00,3.4582166666666665,3.5138000000000003,279.5066666666667,308.64127
2020-12-10 12:00:00,3.42375,3.47885,281.49833333333333,335.0641083333333
2020-12-10 13:00:00,3.35055,3.4095333333333335,281.22333333333336,374.59473333333335
2020-12-10 14:00:00,3.2929666666666666,3.3310166666666663,187.07666666666668,292.5908083333333
2020-12-10 15:00:00,3.1974500000000003,3.2310666666666665,177.54500000000002,301.88290666666666
2020-12-10 16:00:00,3.1183666666666667,3.15055,179.85166666666666,286.25009666666665
2020-12-10 17:00:00,3.0164166666666667,3.0476666666666663,173.8383333333333,325.560155
2020-12-10 18:00:00,2.9080500000000002,2.9391000000000003,173.23333333333332,330.4923016666667
2020-12-10 19:00:00,2.7798666666666665,2.8102333333333336,174.53,342.57038666666665
2020-12-10 20:00:00,2.67725,2.70705,175.345,290.53681166666667
2020-12-10 21:00:00,2.5819666666666667,2.6120666666666663,170.65666666666667,314.96551833333336
2020-12-10 22:00:00,2.4898666666666665,2.5185999999999997,170.91833333333335,275.7106866666666
2020-12-10 23:00:00,2.42935,2.4590666666666667,296.7866666666667,286.82941
2020-12-11 00:00:00,2.4648166666666667,2.4903666666666666,374.83,284.29712166666667
2020-12-11 01:00:00,2.5418333333333334,2.5684,375.675,192.68865499999998
2020-12-11 02:00:00,2.6659833333333336,2.6929833333333333,375.15999999999997,166.30447333333333
2020-12-11 03:00:00,2.815833333333333,2.8427166666666666,377.22833333333335,111.940085
2020-12-11 04:00:00,2.981533333333333,3.011483333333333,377.47333333333336,113.506815
2020-12-11 05:00:00,3.1398,3.1696666666666666,375.57666666666665,156.55389166666666
2020-12-11 06:00:00,3.26695,3.298083333333333,378.1166666666667,180.78752500000002
2020-12-11 07:00:00,3.3594,3.3904,380.75333333333333,271.49088333333333
2020-12-11 08:00:00,3.4092166666666666,3.4418,388.26166666666666,299.80464333333333
2020-12-11 09:00:00,3.4193333333333333,3.436716666666667,297.81666666666666,336.6168366666667
2020-12-11 10:00:00,3.3890833333333332,3.402066666666667,280.51166666666666,299.924055
2020-12-11 11:00:00,3.3522000000000003,3.3639,271.75666666666666,330.34240166666666
2020-12-11 12:00:00,3.3006,3.312,272.70166666666665,341.7009066666667
2020-12-11 13:00:00,3.206166666666667,3.210366666666667,273.4133333333333,407.75040666666666
2020-12-11 14:00:00,3.1495333333333333,3.1608,273.055,285.98185666666666
2020-12-11 15:00:00,3.1453333333333333,3.1576666666666666,280.39666666666665,251.71531666666667
2020-12-11 16:00:00,3.145983333333333,3.157583333333333,284.0516666666666,272.18703
2020-12-11 17:00:00,3.12795,3.1367333333333334,280.6616666666667,339.67691333333335
2020-12-11 18:00:00,3.0736833333333333,3.08085,280.1316666666667,326.33026
2020-12-11 19:00:00,3.027333333333333,3.0352333333333332,279.5083333333333,323.63209666666665
2020-12-11 20:00:00,2.9889,2.9966333333333335,279.81166666666667,329.88613499999997
2020-12-11 21:00:00,2.94835,2.9579333333333335,280.27833333333336,296.14894166666664
2020-12-11 22:00:00,2.8991666666666664,2.9043833333333335,280.45166666666665,395.60539
2020-12-11 23:00:00,2.8194500000000002,2.8257166666666667,278.87666666666667,315.27917333333335
2020-12-12 00:00:00,2.7971,2.8067166666666665,278.84833333333336,287.1933016666666
2020-12-12 01:00:00,2.8133333333333335,2.82955,281.35166666666663,166.88093666666666
2020-12-12 02:00:00,2.8980666666666663,2.9177666666666666,284.37833333333333,130.09171166666667
2020-12-12 03:00:00,2.9943000000000004,3.0145833333333334,284.76500000000004,127.87430833333333
2020-12-12 04:00:00,3.0943166666666664,3.1155666666666666,284.0683333333333,119.98415333333334
2020-12-12 05:00:00,3.1839,3.2048166666666664,281.5066666666667,145.99257833333334
2020-12-12 06:00:00,3.2878833333333333,3.3247166666666668,461.48499999999996,144.88773333333333
2020-12-12 07:00:00,3.5345999999999997,3.5877333333333334,501.1333333333333,223.410265
2020-12-12 08:00:00,3.5839833333333337,3.6127666666666665,214.06666666666666,265.1837683333334
2020-12-12 09:00:00,3.49255,3.5292000000000003,188.54500000000002,356.2270466666667
2020-12-12 10:00:00,3.371666666666667,3.40765,186.20666666666665,325.5550733333333
2020-12-12 11:00:00,3.2689,3.3036666666666665,188.345,346.5392933333333
2020-12-12 12:00:00,3.1349500000000003,3.1691333333333334,190.50666666666666,392.46708666666666
2020-12-12 13:00:00,2.9757833333333332,3.0088166666666667,183.24833333333333,423.3004816666667
2020-12-12 14:00:00,2.7916666666666665,2.8247833333333334,183.41333333333333,457.27937333333335
2020-12-12 15:00:00,2.6535333333333333,2.678516666666667,299.945,370.12790333333334
2020-12-12 16:00:00,2.6104,2.633283333333333,302.23499999999996,329.65852333333333
2020-12-12 17:00:00,2.593933333333333,2.6195666666666666,300.7366666666667,285.11044166666665
2020-12-12 18:00:00,2.57425,2.5983,296.615,322.8234
2020-12-12 19:00:00,2.5508333333333337,2.5756500000000004,295.2433333333333,294.6664783333334
2020-12-12 20:00:00,2.556966666666667,2.5867833333333334,310.3183333333333,264.562435
2020-12-12 21:00:00,2.5610500000000003,2.5961833333333337,314.18333333333334,292.73325833333337
2020-12-12 22:00:00,2.5612500000000002,2.597,313.9916666666667,304.4742483333333
2020-12-12 23:00:00,2.579733333333333,2.6148000000000002,316.90166666666664,236.592155
2020-12-13 00:00:00,2.6257,2.6600666666666664,317.5433333333333,222.79749333333334
2020-12-13 01:00:00,2.6993666666666667,2.7313833333333335,319.84666666666664,161.88453833333332
2020-12-13 02:00:00,2.8091166666666667,2.84165,320.01500000000004,129.63171666666668
2020-12-13 03:00:00,2.918766666666667,2.9523333333333333,317.295,149.75098500000001
2020-12-13 04:00:00,3.0326,3.0648833333333334,315.39833333333337,118.48215833333333
2020-12-13 05:00:00,3.153833333333333,3.1880666666666664,316.6616666666667,128.87832
2020-12-13 06:00:00,3.2666833333333334,3.3019166666666666,322.75166666666667,138.97587666666666
2020-12-13 07:00:00,3.3701166666666666,3.4071166666666666,322.12,191.43743
2020-12-13 08:00:00,3.4118166666666667,3.4505666666666666,316.57666666666665,284.99989833333336
2020-12-13 09:00:00,3.379766666666667,3.420666666666667,312.045,392.777445
2020-12-13 10:00:00,3.2918666666666665,3.3308833333333334,312.7866666666667,430.8507883333333
2020-12-13 11:00:00,3.2212666666666667,3.2607833333333334,312.5883333333333,379.4432933333334
2020-12-13 12:00:00,3.171883333333333,3.2102999999999997,311.65333333333336,389.16233833333337
2020-12-13 13:00:00,3.0763166666666666,3.114316666666667,311.4566666666667,445.43829833333336
2020-12-13 14:00:00,3.0073,3.0439833333333337,312.06333333333333,329.57873166666667
2020-12-13 15:00:00,3.0050499999999998,3.0412833333333333,312.14500000000004,287.684045
2020-12-13 16:00:00,2.9953166666666666,3.0332500000000002,316.02000000000004,315.0895916666667
2020-12-13 17:00:00,3.01135,3.0484166666666668,320.69666666666666,262.76247
2020-12-13 18:00:00,3.0357333333333334,3.0722666666666667,321.09833333333336,280.4533583333333
2020-12-13 19:00:00,3.0247666666666664,3.0622666666666665,318.3,325.6863016666667
2020-12-13 20:00:00,3.0118,3.0493,315.7966666666667,333.33238166666666
2020-12-13 21:00:00,2.9594333333333336,2.9983,315.275,426.3654966666667
2020-12-13 22:00:00,2.8756666666666666,2.9120500000000002,311.50333333333333,364.34791333333334
2020-12-13 23:00:00,2.8511333333333337,2.8872833333333334,310.595,289.11163833333336
2020-12-14 00:00:00,2.8851,2.9177666666666666,313.3283333333333,207.02550666666667
2020-12-14 01:00:00,2.9562000000000004,2.9901666666666666,315.3183333333333,183.029305
2020-12-14 02:00:00,3.0444666666666667,3.0793833333333334,315.88666666666666,142.9958566666667
2020-12-14 03:00:00,3.1647000000000003,3.1985,314.945,117.20314333333334
2020-12-14 04:00:00,3.2888,3.3241333333333336,316.245,118.052815
2020-12-14 05:00:00,3.4069833333333337,3.4425000000000003,316.43,134.20989666666665
2020-12-14 06:00:00,3.508033333333333,3.5454333333333334,315.85,205.959065
2020-12-14 07:00:00,3.5205333333333333,3.5617,313.9183333333333,314.6549616666667
2020-12-14 08:00:00,3.4983333333333335,3.5290000000000004,254.35333333333335,292.9777716666667
2020-12-14 09:00:00,3.4640333333333335,3.4933833333333335,249.125,294.5793966666667
2020-12-14 10:00:00,3.4109166666666666,3.4393000000000002,246.255,308.73028
2020-12-14 11:00:00,3.355233333333333,3.3828,248.2866666666667,339.30472166666664
2020-12-14 12:00:00,3.28065,3.307166666666667,248.17833333333334,328.29340333333334
2020-12-14 13:00:00,3.2128,3.2388666666666666,247.025,344.2949
2020-12-14 14:00:00,3.1390833333333332,3.1644,247.31833333333333,316.6887
2020-12-14 15:00:00,3.0943166666666664,3.1206666666666667,247.64833333333334,297.37868
2020-12-14 16:00:00,3.03555,3.0597166666666666,249.57666666666668,338.1268066666667
2020-12-14 17:00:00,2.9825166666666667,3.0070333333333332,257.67333333333335,288.20189
2020-12-14 18:00:00,2.9190666666666667,2.9434,258.85499999999996,370.11955166666667
2020-12-14 19:00:00,2.82985,2.8512166666666667,257.26,382.02418833333337
2020-12-14 20:00:00,2.7542833333333334,2.7771666666666666,256.29333333333335,343.70712833333334
2020-12-14 21:00:00,2.671466666666667,2.6938833333333334,254.225,358.95196000000004
2020-12-14 22:00:00,2.6211333333333333,2.6449,252.33166666666665,252.37515
2020-12-14 23:00:00,2.6145,2.63965,254.80833333333334,240.25054
2020-12-15 00:00:00,2.6393,2.665016666666667,255.87333333333333,169.84195666666668
2020-12-15 01:00:00,2.6959833333333334,2.72255,257.3933333333333,166.75375166666666
2020-12-15 02:00:00,2.765333333333333,2.7885666666666666,285.9566666666667,120.89786166666666
2020-12-15 03:00:00,2.9356333333333335,2.939983333333333,476.77333333333337,125.02621333333333
2020-12-15 04:00:00,3.1492333333333336,3.178033333333333,468.25333333333333,116.62035833333333
2020-12-15 05:00:00,3.380733333333333,3.40875,482.3666666666667,132.720975
2020-12-15 06:00:00,3.5415166666666664,3.5846500000000003,336.5133333333333,210.36869833333333
2020-12-15 07:00:00,3.5450833333333334,3.605166666666667,273.8433333333333,291.33710666666667
2020-12-15 08:00:00,3.4796,3.5486,274.375,404.28808000000004
2020-12-15 09:00:00,3.36875,3.4373,262.6666666666667,367.68878666666666
2020-12-15 10:00:00,3.3432666666666666,3.400316666666667,265.7133333333333,251.22797833333334
2020-12-15 11:00:00,3.3484333333333334,3.405266666666667,266.675,266.8959766666666
2020-12-15 12:00:00,3.29175,3.3566833333333337,265.2033333333333,381.33682166666665
2020-12-15 13:00:00,3.1870333333333334,3.2551,265.3666666666667,405.35532333333333
2020-12-15 14:00:00,3.1069833333333334,3.169033333333333,264.17333333333335,313.88439833333337
2020-12-15 15:00:00,3.0871500000000003,3.1432833333333337,265.925,261.98514
2020-12-15 16:00:00,3.0939,3.1474333333333333,266.7633333333333,227.22101166666667
2020-12-15 17:00:00,3.1060000000000003,3.1617,270.64500000000004,273.6416366666666
2020-12-15 18:00:00,3.0527666666666664,3.1150333333333333,270.40500000000003,342.34107166666666
2020-12-15 19:00:00,3.0188166666666665,3.0762666666666667,269.795,293.3159816666667
2020-12-15 20:00:00,2.9655,3.0282833333333334,270.3283333333333,365.0655083333333
2020-12-15 21:00:00,2.8798833333333334,2.94395,265.29333333333335,376.7619666666667
2020-12-15 22:00:00,2.8115666666666663,2.8714999999999997,265.36333333333334,314.9851483333333
2020-12-15 23:00:00,2.7833166666666664,2.8382500000000004,264.1666666666667,275.0461616666667
2020-12-16 00:00:00,2.800203389830508,2.8476949152542375,265.8813559322034,174.15573728813558
2020-12-16 01:00:00,2.874416666666667,2.9184666666666668,271.3933333333333,130.53394333333333
2020-12-16 02:00:00,2.9640833333333334,3.0059166666666663,266.5516666666667,118.53280500000001
2020-12-16 03:00:00,3.0441,3.088616666666667,265.63666666666666,151.87210666666667
2020-12-16 04:00:00,3.12755,3.16935,267.25333333333333,113.11632833333333
2020-12-16 05:00:00,3.21815,3.2630333333333335,267.06166666666667,128.34504833333332
2020-12-16 06:00:00,3.2852166666666665,3.3354333333333335,273.11333333333334,213.75908666666666
2020-12-16 07:00:00,3.284666666666667,3.3348333333333335,333.01,346.5674216666667
2020-12-16 08:00:00,3.2392833333333333,3.2879833333333335,330.67,387.3666216666667
2020-12-16 09:00:00,3.2209999999999996,3.26665,328.1566666666667,293.34398
2020-12-16 10:00:00,3.2387333333333337,3.28395,327.2083333333333,282.0502883333333
2020-12-16 11:00:00,3.2590166666666667,3.304116666666667,327.8833333333333,279.17411333333337
2020-12-16 12:00:00,3.2433166666666664,3.291233333333333,328.315,389.40873999999997
2020-12-16 13:00:00,3.1910499999999997,3.2394499999999997,327.22666666666663,351.1618183333333
2020-12-16 14:00:00,3.19365,3.2391666666666667,334.7566666666667,287.55394666666666
2020-12-16 15:00:00,3.2132666666666667,3.2578833333333335,334.18833333333333,276.0041116666667
2020-12-16 16:00:00,3.24675,3.2905333333333333,335.135,289.7520433333333
2020-12-16 17:00:00,3.232966666666667,3.2804333333333333,332.46,352.245835
2020-12-16 18:00:00,3.2309166666666664,3.2759,330.4,302.8122
2020-12-16 19:00:00,3.236166666666667,3.2819166666666666,328.5566666666667,315.604495
2020-12-16 20:00:00,3.2220500000000003,3.26935,330.22999999999996,318.22350666666665
2020-12-16 21:00:00,3.2303333333333333,3.276533333333333,332.17833333333334,317.52747
2020-12-16 22:00:00,3.2062166666666667,3.2548000000000004,333.055,358.9227266666667
2020-12-16 23:00:00,3.15585,3.1886666666666668,223.03,340.46746333333334
2020-12-17 00:00:00,3.0951333333333335,3.12215,205.905,227.75633000000002
2020-12-17 01:00:00,3.0909166666666668,3.12055,205.01666666666668,174.08860666666666
2020-12-17 02:00:00,3.1248666666666667,3.1546666666666665,205.25833333333333,121.55276166666665
2020-12-17 03:00:00,3.1768,3.2081,206.0,112.73212600000001
2020-12-17 04:00:00,3.2332166666666664,3.2640000000000002,207.07666666666668,116.47742
2020-12-17 05:00:00,3.282433333333333,3.3135166666666667,207.46833333333333,141.016185
2020-12-17 06:00:00,3.3311333333333333,3.3764166666666666,355.2316666666667,176.644455
2020-12-17 07:00:00,3.4307333333333334,3.5014,425.85833333333335,330.58607
2020-12-17 08:00:00,3.4234333333333336,3.4858166666666666,307.375,384.33762666666667
2020-12-17 09:00:00,3.3582833333333335,3.3939,242.57166666666666,321.34104666666667
2020-12-17 10:00:00,3.30675,3.341416666666667,244.57833333333335,289.09739666666667
2020-12-17 11:00:00,3.2614,3.296183333333333,247.12666666666667,313.5817316666667
2020-12-17 12:00:00,3.1903,3.22385,247.18166666666667,378.50049
2020-12-17 13:00:00,3.093033333333333,3.1262833333333333,245.075,336.34319
2020-12-17 14:00:00,3.0575166666666664,3.09055,245.24833333333333,253.29780333333335
2020-12-17 15:00:00,3.0323833333333337,3.0648166666666667,242.45333333333335,288.970515
2020-12-17 16:00:00,2.9787666666666666,3.011216666666667,241.98166666666665,299.2640633333333
2020-12-17 17:00:00,2.9337999999999997,2.9659833333333334,244.99166666666667,302.26320666666663
2020-12-17 18:00:00,2.88505,2.91545,243.68333333333334,306.5125583333333
2020-12-17 19:00:00,2.8047666666666666,2.835983333333333,250.5883333333333,378.0396583333333
2020-12-17 20:00:00,2.735866666666667,2.7654,285.7966666666667,325.90494666666666
2020-12-17 21:00:00,2.68505,2.709483333333333,288.525,418.5784316666667
2020-12-17 22:00:00,2.5918,2.6153833333333334,289.3833333333333,347.13709
2020-12-17 23:00:00,2.5621666666666667,2.5877,289.835,290.92808333333335
2020-12-18 00:00:00,2.5860333333333334,2.613,290.47166666666664,177.67448833333336
2020-12-18 01:00:00,2.6670166666666666,2.69365,291.69166666666666,144.11507666666665
2020-12-18 02:00:00,2.7652333333333337,2.7905666666666664,296.63666666666666,126.79344333333333
2020-12-18 03:00:00,2.8729333333333336,2.8988666666666663,298.2416666666667,126.10117
2020-12-18 04:00:00,2.9825666666666666,3.0097333333333336,294.9816666666667,115.78573666666666
2020-12-18 05:00:00,3.0893666666666664,3.11745,295.84000000000003,136.92811166666667
2020-12-18 06:00:00,3.1648666666666667,3.1933166666666666,294.7966666666667,201.2659483333333
2020-12-18 07:00:00,3.2642666666666664,3.30535,527.9733333333334,309.9924833333333
2020-12-18 08:00:00,3.300116666666667,3.3449833333333334,299.5866666666667,316.0708616666667
2020-12-18 09:00:00,3.278,3.3221,296.335,303.30008333333336
2020-12-18 10:00:00,3.2822833333333334,3.3252666666666664,300.69166666666666,289.39499
2020-12-18 11:00:00,3.2761666666666667,3.3196166666666667,302.35333333333335,293.741535
2020-12-18 12:00:00,3.2326166666666665,3.2798666666666665,303.19166666666666,404.3182133333333
2020-12-18 13:00:00,3.13705,3.1861333333333333,303.17833333333334,440.524185
2020-12-18 14:00:00,3.0663666666666667,3.1123333333333334,302.85333333333335,327.9750083333334
2020-12-18 15:00:00,3.0524666666666667,3.0963166666666666,298.26166666666666,304.232005
2020-12-18 16:00:00,3.0404,3.0830333333333333,298.14500000000004,283.15656666666666
2020-12-18 17:00:00,3.040633333333333,3.0830333333333333,297.1066666666667,297.5894916666667
2020-12-18 18:00:00,3.00515,3.0507333333333335,295.4866666666667,337.6646683333333
2020-12-18 19:00:00,2.976716666666667,3.019433333333333,293.9583333333333,320.61657166666663
2020-12-18 20:00:00,2.9386,2.9826166666666665,295.93333333333334,331.765615
2020-12-18 21:00:00,2.931033333333333,2.9733,294.87,268.91535333333337
2020-12-18 22:00:00,2.924183333333333,2.9679333333333333,293.9633333333333,300.37129999999996
2020-12-18 23:00:00,2.9143499999999998,2.9571166666666664,289.56333333333333,272.55562833333335
2020-12-19 00:00:00,2.9267499999999997,2.96775,291.305,258.32728000000003
2020-12-19 01:00:00,2.9734,3.011616666666667,293.80833333333334,147.06613666666667
2020-12-19 02:00:00,3.0694333333333335,3.1062166666666666,293.65,130.63684
2020-12-19 03:00:00,3.1704999999999997,3.2068999999999996,293.775,129.02435833333334
2020-12-19 04:00:00,3.277916666666667,3.3158499999999997,294.865,117.326005
2020-12-19 05:00:00,3.3857333333333335,3.4246833333333333,295.80833333333334,128.27591166666667
2020-12-19 06:00:00,3.485183333333333,3.52455,298.15999999999997,144.94610833333334
2020-12-19 07:00:00,3.5586333333333333,3.6018499999999998,296.06166666666667,218.26228666666665
2020-12-19 08:00:00,3.5443166666666666,3.5798833333333335,224.015,331.70224333333334
2020-12-19 09:00:00,3.419233333333333,3.4404666666666666,195.90166666666667,426.290835
2020-12-19 10:00:00,3.2678166666666666,3.288683333333333,194.21833333333333,382.2885316666667
2020-12-19 11:00:00,3.123466666666667,3.1429833333333335,193.43833333333333,418.23772
2020-12-19 12:00:00,2.9579333333333335,2.9995666666666665,273.25,439.35942
2020-12-19 13:00:00,2.859,2.9043833333333335,272.13666666666666,344.15255666666667
2020-12-19 14:00:00,2.8220666666666667,2.8652,271.14,311.57327
2020-12-19 15:00:00,2.7637833333333335,2.8088333333333333,271.29333333333335,348.98901166666667
2020-12-19 16:00:00,2.726716666666667,2.7683166666666663,270.89166666666665,278.9826233333333
2020-12-19 17:00:00,2.7176666666666667,2.7588999999999997,270.2733333333333,270.8565883333333
2020-12-19 18:00:00,2.6908000000000003,2.7347166666666665,270.0383333333333,316.61199166666665
2020-12-19 19:00:00,2.6665,2.7085999999999997,273.92833333333334,256.8905966666667
2020-12-19 20:00:00,2.6665,2.7093166666666666,276.29,266.32180666666665
2020-12-19 21:00:00,2.6382166666666667,2.68345,272.535,366.24365
2020-12-19 22:00:00,2.54565,2.5915166666666667,269.10499999999996,372.523435
2020-12-19 23:00:00,2.4778499999999997,2.5230333333333332,266.615,351.01956333333334
2020-12-20 00:00:00,2.4377,2.478,266.99666666666667,237.14273166666666
2020-12-20 01:00:00,2.4709,2.508966666666667,263.25,186.73690833333333
2020-12-20 02:00:00,2.5221333333333336,2.5591,264.34666666666664,151.89898666666667
2020-12-20 03:00:00,2.6059833333333335,2.6428333333333334,266.0133333333333,117.08635666666667
2020-12-20 04:00:00,2.70105,2.73695,267.71,117.88247166666666
2020-12-20 05:00:00,2.7927000000000004,2.827516666666667,265.72,127.25332499999999
2020-12-20 06:00:00,3.0033666666666665,3.0226666666666664,534.41,165.97642499999998
2020-12-20 07:00:00,3.35725,3.3792,698.0300000000001,222.411755
2020-12-20 08:00:00,3.58495,3.6087833333333337,400.31666666666666,248.40608166666667
2020-12-20 09:00:00,3.58105,3.6016333333333335,243.225,280.361425
2020-12-20 10:00:00,3.5310333333333332,3.5487166666666665,240.69833333333332,324.4634183333334
2020-12-20 11:00:00,3.4768499999999998,3.4953833333333337,241.28833333333333,285.179725
2020-12-20 12:00:00,3.4179,3.4318666666666666,239.89833333333334,392.93464500000005
2020-12-20 13:00:00,3.279216666666667,3.2885666666666666,238.99333333333334,409.3281283333333
2020-12-20 14:00:00,3.17625,3.1885833333333333,240.51833333333335,356.16685333333334
2020-12-20 15:00:00,3.087416666666667,3.097366666666667,245.84166666666667,377.9452483333333
2020-12-20 16:00:00,2.9800666666666666,2.9890833333333333,247.81666666666666,391.1876866666667
2020-12-20 17:00:00,2.8895333333333335,2.898233333333333,251.325,354.89276
2020-12-20 18:00:00,2.8101833333333333,2.8206333333333333,245.70333333333335,353.29564666666664
2020-12-20 19:00:00,2.7318166666666666,2.7424166666666663,240.52166666666665,339.53440666666665
2020-12-20 20:00:00,2.6388833333333332,2.6477999999999997,235.56,364.5200833333333
2020-12-20 21:00:00,2.5425,2.5508666666666664,236.975,348.12204333333335
2020-12-20 22:00:00,2.4872,2.4988666666666663,266.92333333333335,262.43263
2020-12-20 23:00:00,2.5496,2.54775,388.97666666666663,219.08135333333334
2020-12-21 00:00:00,2.6627333333333336,2.6629333333333336,391.05333333333334,180.55785
2020-12-21 01:00:00,2.806233333333333,2.814716666666667,390.625,136.17722999999998
2020-12-21 02:00:00,2.957866666666667,2.96385,388.89166666666665,152.30245000000002
2020-12-21 03:00:00,3.1189833333333334,3.1296833333333334,392.8833333333333,118.20135
2020-12-21 04:00:00,3.2888,3.2988333333333335,396.2816666666667,149.61174
2020-12-21 05:00:00,3.4286833333333333,3.435566666666667,387.9116666666667,187.64219
2020-12-21 06:00:00,3.4741166666666667,3.5028833333333336,217.80333333333334,214.47845666666666
2020-12-21 07:00:00,3.4682166666666663,3.4908,253.95499999999998,294.27566833333333
2020-12-21 08:00:00,3.3821166666666667,3.3996166666666667,250.87666666666667,414.3187766666667
2020-12-21 09:00:00,3.2937999999999996,3.3135666666666665,248.90833333333333,295.7666533333333
2020-12-21 10:00:00,3.2637333333333336,3.28595,250.62833333333336,281.0134766666667
2020-12-21 11:00:00,3.2029,3.2206833333333336,252.13666666666668,388.24226833333336
2020-12-21 12:00:00,3.09595,3.1106333333333334,259.635,398.35394833333334
2020-12-21 13:00:00,3.0002166666666668,3.0151166666666667,260.26666666666665,359.834535
2020-12-21 14:00:00,2.9397,2.9567166666666664,261.46666666666664,306.34733
2020-12-21 15:00:00,2.9187000000000003,2.9379666666666666,261.37,241.363435
2020-12-21 16:00:00,2.9210333333333334,2.939583333333333,253.63333333333333,270.81674
2020-12-21 17:00:00,2.86785,2.8824166666666664,257.22,339.903945
2020-12-21 18:00:00,2.797633333333333,2.81165,254.14333333333335,362.67706499999997
2020-12-21 19:00:00,2.715133333333333,2.728933333333333,248.93166666666667,373.3610033333333
2020-12-21 20:00:00,2.627016666666667,2.6403666666666665,252.6616666666667,333.674765
2020-12-21 21:00:00,2.564716666666667,2.5786333333333333,251.14833333333334,320.1512166666667
2020-12-21 22:00:00,2.5225166666666667,2.5378,251.24833333333333,286.483525
2020-12-21 23:00:00,2.5088333333333335,2.5337,315.63,258.22458666666665
2020-12-22 00:00:00,2.5652166666666667,2.5911833333333334,319.615,165.57865166666667
2020-12-22 01:00:00,2.67515,2.7010833333333335,321.30333333333334,134.59479666666667
2020-12-22 02:00:00,2.7889666666666666,2.816933333333333,322.1333333333333,144.35198
2020-12-22 03:00:00,2.90285,2.9305000000000003,324.8,129.67955
2020-12-22 04:00:00,3.01305,3.0419666666666667,324.1683333333333,174.97492833333334
2020-12-22 05:00:00,3.1020333333333334,3.13245,326.935,186.42962
2020-12-22 06:00:00,3.2796833333333333,3.3157833333333335,666.5033333333333,237.16214166666666
2020-12-22 07:00:00,3.481533333333333,3.48245,498.69666666666666,360.36252666666667
2020-12-22 08:00:00,3.4644833333333334,3.5120833333333334,274.72166666666664,303.49550999999997
2020-12-22 09:00:00,3.4383333333333335,3.4896333333333334,264.89166666666665,283.950805
2020-12-22 10:00:00,3.404033333333333,3.45625,262.28166666666664,308.771855
2020-12-22 11:00:00,3.3469333333333333,3.4013,262.79333333333335,362.57088833333336
2020-12-22 12:00:00,3.2519833333333334,3.3091333333333335,263.5,402.5737516666667
2020-12-22 13:00:00,3.1839,3.2348166666666667,262.29,285.6578083333333
2020-12-22 14:00:00,3.1670833333333333,3.2155,262.24833333333333,284.60622500000005
2020-12-22 15:00:00,3.1311166666666663,3.181033333333333,262.64666666666665,291.75539833333335
2020-12-22 16:00:00,3.1001833333333333,3.1485,262.69166666666666,303.6698866666667
2020-12-22 17:00:00,3.0599166666666666,3.1097333333333332,261.5833333333333,319.30794833333334
2020-12-22 18:00:00,3.01735,3.0674333333333332,265.5383333333333,299.16023333333334
2020-12-22 19:00:00,2.95995,3.0129333333333337,265.16,366.33141666666666
2020-12-22 20:00:00,2.884866666666667,2.9383333333333335,263.33166666666665,355.7721716666667
2020-12-22 21:00:00,2.7875666666666663,2.8412833333333336,253.22833333333335,419.3172
2020-12-22 22:00:00,2.665966666666667,2.721166666666667,261.51166666666666,390.42284166666667
2020-12-22 23:00:00,2.58175,2.633866666666667,266.45166666666665,370.1339516666667
2020-12-23 00:00:00,2.54835,2.5928666666666667,267.82666666666665,219.73748500000002
2020-12-23 01:00:00,2.6121333333333334,2.6501666666666663,269.0133333333333,133.82246
2020-12-23 02:00:00,2.6988166666666666,2.7378666666666667,269.90833333333336,125.02706166666667
2020-12-23 03:00:00,2.79295,2.83145,269.90333333333336,114.59896833333333
2020-12-23 04:00:00,2.8909000000000002,2.9299166666666663,270.1766666666667,115.214405
2020-12-23 05:00:00,2.98495,3.0242666666666667,270.27000000000004,130.841385
2020-12-23 06:00:00,3.0535,3.0956333333333332,267.20666666666665,178.768255
2020-12-23 07:00:00,3.0635499999999998,3.1117333333333335,288.1116666666667,312.3539416666666
2020-12-23 08:00:00,3.046666666666667,3.0858666666666665,325.4266666666666,325.467845
2020-12-23 09:00:00,3.0447833333333336,3.0866666666666664,304.0566666666667,287.96965166666666
2020-12-23 10:00:00,3.024916666666667,3.07125,297.555,314.4384933333333
2020-12-23 11:00:00,3.0122666666666666,3.0575666666666668,300.65166666666664,304.6879833333333
2020-12-23 12:00:00,2.9867333333333335,3.03375,300.32,345.14605
2020-12-23 13:00:00,2.9295166666666663,2.9769333333333337,300.5083333333333,365.95807666666667
2020-12-23 14:00:00,2.9151499999999997,2.9587833333333333,302.02000000000004,272.241405
2020-12-23 15:00:00,2.921866666666667,2.9655833333333335,302.3883333333333,290.69535666666667
2020-12-23 16:00:00,2.8901666666666666,2.9371,302.93666666666667,352.41132833333336
2020-12-23 17:00:00,2.8418,2.8893,303.585,366.1562016666667
2020-12-23 18:00:00,2.789133333333333,2.8359333333333336,303.0566666666667,376.8547516666667
2020-12-23 19:00:00,2.7333,2.77895,300.84000000000003,352.44930666666664
2020-12-23 20:00:00,2.697683333333333,2.7386833333333334,227.45333333333335,279.793855
2020-12-23 21:00:00,2.6216,2.6567833333333337,149.935,298.4725716666666
2020-12-23 22:00:00,2.50175,2.5384,149.51000000000002,331.35015666666663
2020-12-23 23:00:00,2.4215500000000003,2.4546333333333332,330.89833333333337,275.14342166666665
2020-12-24 00:00:00,2.5256833333333333,2.5576833333333338,421.30833333333334,193.35326500000002
2020-12-24 01:00:00,2.6868166666666666,2.7179833333333336,422.8833333333333,148.933975
2020-12-24 02:00:00,2.8579166666666667,2.8920833333333333,428.72999999999996,157.28868333333332
2020-12-24 03:00:00,3.0450500000000003,3.077833333333333,431.6816666666667,121.27412333333334
2020-12-24 04:00:00,3.2292,3.26465,432.12166666666667,141.07546566666667
2020-12-24 05:00:00,3.4219999999999997,3.45715,431.04,129.47916333333333
2020-12-24 06:00:00,3.599083333333333,3.6374166666666667,434.25333333333333,179.17717666666667
2020-12-24 07:00:00,3.6942666666666666,3.7255666666666665,310.275,318.59807333333333
2020-12-24 08:00:00,3.6355166666666667,3.6564833333333335,255.33666666666667,364.69111
2020-12-24 09:00:00,3.5512666666666663,3.572016666666667,250.725,341.76492666666667
2020-12-24 10:00:00,3.48175,3.502666666666667,250.215,328.81902166666663
2020-12-24 11:00:00,3.4254166666666666,3.4466166666666664,251.21833333333333,326.19670833333333
2020-12-24 12:00:00,3.350283333333333,3.3691833333333334,251.07833333333335,381.3376883333333
2020-12-24 13:00:00,3.2323333333333335,3.247666666666667,252.11666666666667,437.7792766666667
2020-12-24 14:00:00,3.1113166666666667,3.1264666666666665,255.85,357.23743
2020-12-24 15:00:00,3.07165,3.0907666666666667,254.30333333333334,262.74133166666667
2020-12-24 16:00:00,3.066533333333333,3.087816666666667,254.06333333333333,236.47232333333335
2020-12-24 17:00:00,3.0540833333333333,3.07445,253.57999999999998,272.1085766666667
2020-12-24 18:00:00,3.03715,3.057466666666667,249.13666666666668,269.42915
2020-12-24 19:00:00,3.0012166666666666,3.0193166666666666,247.675,311.54918833333335
2020-12-24 20:00:00,2.947766666666667,2.9673000000000003,247.23666666666668,297.60659000000004
2020-12-24 21:00:00,2.9062333333333332,2.9234166666666668,243.83333333333334,289.3621333333333
2020-12-24 22:00:00,2.8529166666666668,2.8691166666666663,242.84833333333333,352.46666999999997
2020-12-24 23:00:00,2.745566666666667,2.7577,247.10166666666666,381.7468116666667
2020-12-25 00:00:00,2.7055333333333333,2.7256,246.60833333333332,199.97009166666666
2020-12-25 01:00:00,2.7435666666666667,2.7651666666666666,246.50166666666667,173.60541
2020-12-25 02:00:00,2.787783333333333,2.809266666666667,245.17833333333334,148.37701333333334
2020-12-25 03:00:00,2.8542666666666667,2.877733333333333,245.905,124.84143833333333
2020-12-25 04:00:00,2.9189333333333334,2.941616666666667,247.85166666666666,160.82559666666666
2020-12-25 05:00:00,2.9635333333333334,2.9866,245.96833333333333,184.447165
2020-12-25 06:00:00,3.04705,3.0755,255.78833333333336,185.42550666666665
2020-12-25 07:00:00,3.405533333333333,3.44265,223.395,246.17295833333336
2020-12-25 08:00:00,3.5604666666666662,3.5809833333333336,230.88,287.9176183333333
2020-12-25 09:00:00,3.5044833333333334,3.5224166666666665,231.64333333333335,275.21414166666665
2020-12-25 10:00:00,3.4700166666666665,3.488583333333333,229.55,281.7205
2020-12-25 11:00:00,3.405266666666667,3.4197166666666665,228.94333333333333,362.5091516666667
2020-12-25 12:00:00,3.290716666666667,3.3018833333333335,228.94166666666666,385.4775016666666
2020-12-25 13:00:00,3.1862833333333334,3.1981333333333333,228.66833333333335,357.91121
2020-12-25 14:00:00,3.08245,3.0934,227.99166666666667,370.1788416666667
2020-12-25 15:00:00,2.9920166666666668,3.0053166666666664,228.31166666666667,339.506805
2020-12-25 16:00:00,2.91055,2.922683333333333,230.35833333333332,316.16660833333333
2020-12-25 17:00:00,2.8508666666666667,2.8630333333333335,231.375,318.81590500000004
2020-12-25 18:00:00,2.7741833333333332,2.7858333333333336,229.74666666666664,333.17838166666667
2020-12-25 19:00:00,2.683133333333333,2.6908666666666665,228.82000000000002,362.59220999999997
2020-12-25 20:00:00,2.5878333333333337,2.5978666666666665,224.5,330.811805
2020-12-25 21:00:00,2.5181833333333334,2.5294166666666666,228.65333333333334,311.9176683333333
2020-12-25 22:00:00,2.4723333333333333,2.4932166666666666,343.82,294.12168333333335
2020-12-25 23:00:00,2.5357833333333333,2.5645666666666664,386.97833333333335,237.47201833333332
2020-12-26 00:00:00,2.635283333333333,2.6650666666666667,385.06166666666667,206.90578666666667
2020-12-26 01:00:00,2.7605833333333334,2.7891,384.28,152.656395
2020-12-26 02:00:00,2.9118500000000003,2.9412499999999997,387.25,138.12059499999998
2020-12-26 03:00:00,3.072983333333333,3.1044166666666664,386.57666666666665,122.56269666666667
2020-12-26 04:00:00,3.23845,3.2702833333333334,386.835,132.12675333333334
2020-12-26 05:00:00,3.3995,3.4320833333333334,388.84833333333336,147.16705833333333
2020-12-26 06:00:00,3.484466666666667,3.5054333333333334,273.3433333333333,243.74772166666668
2020-12-26 07:00:00,3.491716666666667,3.510283333333333,273.09166666666664,257.2976566666667
2020-12-26 08:00:00,3.4913000000000003,3.5079166666666666,272.3066666666667,261.4400866666667
2020-12-26 09:00:00,3.470466666666667,3.4826166666666665,270.295,337.242615
2020-12-26 10:00:00,3.4146833333333335,3.425483333333333,264.66833333333335,326.09220999999997
2020-12-26 11:00:00,3.3610166666666665,3.3726166666666666,263.71666666666664,331.14005166666664
2020-12-26 12:00:00,3.2676833333333333,3.2715833333333335,265.61833333333334,451.30604166666666
2020-12-26 13:00:00,3.1401499999999998,3.1433666666666666,267.09333333333336,417.054615
2020-12-26 14:00:00,3.047633333333333,3.0530666666666666,266.6766666666667,346.17289
2020-12-26 15:00:00,2.999,3.0085166666666665,270.885,321.104405
2020-12-26 16:00:00,2.9473166666666666,2.9556833333333334,270.14166666666665,331.1724966666667
2020-12-26 17:00:00,2.8982,2.9051666666666667,270.42333333333335,340.31552166666665
2020-12-26 18:00:00,2.8383333333333334,2.8444333333333334,268.92,345.47110833333335
2020-12-26 19:00:00,2.784583333333333,2.792466666666667,267.70166666666665,303.5664233333334
2020-12-26 20:00:00,2.7605166666666667,2.771,263.0783333333333,274.77779
2020-12-26 21:00:00,2.723066666666667,2.7312000000000003,258.66,343.96629
2020-12-26 22:00:00,2.66845,2.6780166666666667,257.6516666666667,273.7675416666667
2020-12-26 23:00:00,2.665316666666667,2.6768333333333336,257.945,225.9403
2020-12-27 00:00:00,2.694366666666667,2.7102,259.325,183.87900166666668
2020-12-27 01:00:00,2.735766666666667,2.7514,260.8233333333333,187.13419000000002
2020-12-27 02:00:00,2.79215,2.8124666666666664,260.5966666666667,130.05769
2020-12-27 03:00:00,2.875583333333333,2.89595,258.785,121.69555166666667
2020-12-27 04:00:00,2.9630333333333336,2.9843333333333333,260.595,116.94235499999999
2020-12-27 05:00:00,3.0447833333333336,3.065916666666667,260.6616666666667,153.35994833333334
2020-12-27 06:00:00,3.184483333333333,3.24395,591.2083333333334,130.312845
2020-12-27 07:00:00,3.4800166666666663,3.5563,580.4516666666666,210.32199166666666
2020-12-27 08:00:00,3.5852166666666667,3.6078833333333336,243.57833333333335,297.876935
2020-12-27 09:00:00,3.52695,3.5404,229.37333333333333,323.12585333333334
2020-12-27 10:00:00,3.4418333333333333,3.4526499999999998,225.60833333333332,360.16053
2020-12-27 11:00:00,3.3436833333333333,3.35275,225.17333333333332,361.90640333333334
2020-12-27 12:00:00,3.2199666666666666,3.222766666666667,226.74166666666667,472.3242183333333
2020-12-27 13:00:00,3.0169333333333332,3.0152833333333335,226.6616666666667,478.07082833333334
2020-12-27 14:00:00,2.894233333333333,2.9030666666666667,224.435,305.64623666666665
2020-12-27 15:00:00,2.8555,2.8691833333333334,222.68333333333334,238.497985
2020-12-27 16:00:00,2.8133,2.8238166666666666,222.41,298.2560516666666
2020-12-27 17:00:00,2.75305,2.7626666666666666,220.88,313.16457333333335
2020-12-27 18:00:00,2.6741666666666664,2.6805499999999998,222.935,350.36186
2020-12-27 19:00:00,2.5816,2.5892333333333335,225.46833333333333,338.5081783333333
2020-12-27 20:00:00,2.5082333333333335,2.514883333333333,286.65166666666664,316.2839383333333
2020-12-27 21:00:00,2.4862166666666665,2.492833333333333,329.31,379.30316500000004
2020-12-27 22:00:00,2.4451666666666667,2.452183333333333,329.74,356.80817833333333
2020-12-27 23:00:00,2.4229833333333333,2.431833333333333,339.6616666666667,312.651745
2020-12-28 00:00:00,2.4605333333333332,2.4733,343.64666666666665,224.04684333333336
2020-12-28 01:00:00,2.5510333333333337,2.56825,345.64666666666665,155.85538499999998
2020-12-28 02:00:00,2.6845333333333334,2.7044833333333336,341.52166666666665,118.51837166666665
2020-12-28 03:00:00,2.82405,2.846616666666667,339.3433333333333,112.67633500000001
2020-12-28 04:00:00,2.96885,2.9917000000000002,340.87666666666667,110.99074999999999
2020-12-28 05:00:00,3.1081166666666666,3.1307833333333335,341.44,149.67752000000002
2020-12-28 06:00:00,3.2138833333333334,3.2360666666666664,338.57,182.4635266666667
2020-12-28 07:00:00,3.2781666666666665,3.2957166666666664,343.9166666666667,290.56199166666664
2020-12-28 08:00:00,3.2819166666666666,3.2946666666666666,344.9533333333333,355.89494333333334
2020-12-28 09:00:00,3.2339166666666666,3.2528333333333332,249.4,344.9880283333333
2020-12-28 10:00:00,3.1506666666666665,3.1820166666666667,171.875,263.8475
2020-12-28 11:00:00,3.058333333333333,3.0888166666666668,174.745,351.85272833333335
2020-12-28 12:00:00,2.9182333333333332,2.946966666666667,173.70666666666665,377.04054
2020-12-28 13:00:00,2.7788666666666666,2.8072833333333334,172.87,348.69814
2020-12-28 14:00:00,2.6812833333333335,2.70885,173.28833333333333,265.29307666666665
2020-12-28 15:00:00,2.5993333333333335,2.6271166666666668,173.32166666666666,308.94815666666665
2020-12-28 16:00:00,2.4888166666666667,2.516566666666667,173.02,350.2897966666667
2020-12-28 17:00:00,2.3558666666666666,2.3823999999999996,174.15666666666667,355.43306333333334
2020-12-28 18:00:00,2.22885,2.2570666666666668,175.81,340.091235
2020-12-28 19:00:00,2.1016833333333333,2.126183333333333,174.93166666666667,381.055405
2020-12-28 20:00:00,1.9607666666666668,1.9862499999999998,173.21666666666667,332.0348383333333
2020-12-28 21:00:00,1.9165166666666666,1.9718333333333333,439.425,291.09749666666664
2020-12-28 22:00:00,2.0074666666666667,2.0714166666666665,451.81,289.10616166666665
2020-12-28 23:00:00,2.1327000000000003,2.1893499999999997,452.245,209.03921166666666
2020-12-29 00:00:00,2.3011833333333334,2.3554666666666666,455.2316666666667,183.12033666666667
2020-12-29 01:00:00,2.479766666666667,2.533533333333333,458.3933333333333,157.80681666666666
2020-12-29 02:00:00,2.68125,2.7374333333333336,460.495,127.1107
2020-12-29 03:00:00,2.8970333333333333,2.9514333333333336,459.18833333333333,119.54471666666667
2020-12-29 04:00:00,3.113716666666667,3.1676833333333336,457.9616666666667,112.96283
2020-12-29 05:00:00,3.3278499999999998,3.38445,462.1333333333333,160.32358166666666
2020-12-29 06:00:00,3.502333333333333,3.5608166666666667,427.55,174.74302
2020-12-29 07:00:00,3.5664000000000002,3.651416666666667,359.45,367.1704916666667
2020-12-29 08:00:00,3.5006,3.542333333333333,170.58166666666665,350.0414583333333
2020-12-29 09:00:00,3.3797333333333333,3.415583333333333,165.80833333333334,324.07529
2020-12-29 10:00:00,3.28175,3.31795,166.14166666666668,301.3442733333333
2020-12-29 11:00:00,3.1795166666666663,3.2066666666666666,233.48999999999998,380.2732666666667
2020-12-29 12:00:00,3.067066666666667,3.0892666666666666,237.04,374.92585833333334
2020-12-29 13:00:00,2.984466666666667,3.0081166666666665,238.50666666666666,319.31448
2020-12-29 14:00:00,2.926333333333333,2.9499166666666667,248.325,331.89717666666667
2020-12-29 15:00:00,2.8785000000000003,2.9023166666666667,247.23333333333332,249.5433483333333
2020-12-29 16:00:00,2.87225,2.8969,244.92166666666665,250.23812333333333
2020-12-29 17:00:00,2.856466666666667,2.8813833333333334,243.73,266.22434333333337
2020-12-29 18:00:00,2.8232,2.8472166666666667,242.48166666666665,308.06939666666665
2020-12-29 19:00:00,2.7627499999999996,2.7866500000000003,241.37833333333336,317.88585
2020-12-29 20:00:00,2.6877833333333334,2.709033333333333,241.23,362.1586016666667
2020-12-29 21:00:00,2.5662333333333334,2.5856500000000002,234.31,420.9431433333333
2020-12-29 22:00:00,2.46495,2.485666666666667,234.625,314.8650916666667
2020-12-29 23:00:00,2.4229,2.4461500000000003,242.51000000000002,258.17193166666664
2020-12-30 00:00:00,2.4314166666666663,2.4554166666666664,242.47,166.27853
2020-12-30 01:00:00,2.48625,2.510183333333333,243.13166666666666,137.2007866666667
2020-12-30 02:00:00,2.5533,2.578216666666667,242.32333333333332,124.43756499999999
2020-12-30 03:00:00,2.6283666666666665,2.6543166666666664,241.47,115.090565
2020-12-30 04:00:00,2.6959999999999997,2.7206166666666665,244.01333333333332,158.29673499999998
2020-12-30 05:00:00,2.7310833333333333,2.7546666666666666,245.51666666666668,213.700315
2020-12-30 06:00:00,2.83155,2.8714500000000003,375.85618686868685,255.87177333333332
2020-12-30 07:00:00,3.2955666666666668,3.3386,491.3013131313131,317.0398466666667
2020-12-30 08:00:00,3.35345,3.36835,281.10833333333335,298.6316083333333
2020-12-30 09:00:00,3.331866666666667,3.3494666666666664,270.40833333333336,273.9382783333333
2020-12-30 10:00:00,3.3263000000000003,3.3449999999999998,270.92833333333334,258.89306166666665
2020-12-30 11:00:00,3.3070333333333335,3.3238666666666665,272.035,314.142625
2020-12-30 12:00:00,3.2519833333333334,3.2638666666666665,272.2033333333333,376.59776
2020-12-30 13:00:00,3.1744666666666665,3.1877666666666666,269.62,334.79916833333334
2020-12-30 14:00:00,3.1379,3.152533333333333,268.68666666666667,302.9121966666667
2020-12-30 15:00:00,3.1017,3.1159166666666667,271.795,321.68946166666666
2020-12-30 16:00:00,3.0593500000000002,3.07375,272.07166666666666,298.49378
2020-12-30 17:00:00,3.043,3.0638333333333336,249.94,255.74192833333333
2020-12-30 18:00:00,3.0158,3.0358333333333336,242.66833333333335,301.6371266666667
2020-12-30 19:00:00,2.9470666666666667,2.965333333333333,243.14333333333335,342.3210266666667
2020-12-30 20:00:00,2.88065,2.8992,244.00333333333336,313.4403866666667
2020-12-30 21:00:00,2.7982333333333336,2.8128333333333333,243.9,432.47861
2020-12-30 22:00:00,2.6728333333333336,2.6915833333333334,268.11833333333334,357.74305166666664
2020-12-30 23:00:00,2.6268666666666665,2.6826,305.80833333333334,268.88260833333334
2020-12-31 00:00:00,2.6822500000000002,2.7311666666666667,305.33,168.90313333333333
2020-12-31 01:00:00,2.7788666666666666,2.8240666666666665,306.14500000000004,140.03572
2020-12-31 02:00:00,2.8861166666666667,2.9324833333333333,307.27333333333337,128.90349166666667
2020-12-31 03:00:00,3.0032,3.0483666666666664,307.31666666666666,115.39126166666667
2020-12-31 04:00:00,3.122716666666667,3.1683833333333333,306.025,123.03888333333333
2020-12-31 05:00:00,3.2324166666666665,3.2797833333333335,303.76166666666666,134.485385
2020-12-31 06:00:00,3.3213500000000002,3.37545,316.4616666666667,221.229055
2020-12-31 07:00:00,3.3131666666666666,3.3823999999999996,319.8566666666667,350.473835
2020-12-31 08:00:00,3.2796000000000003,3.34815,313.0683333333333,346.59916
2020-12-31 09:00:00,3.2682333333333333,3.329733333333333,309.2683333333333,292.8572116666667
2020-12-31 10:00:00,3.2643,3.3259499999999997,313.4316666666667,315.15808166666665
2020-12-31 11:00:00,3.2483,3.3123833333333335,312.93833333333333,306.3006016666667
2020-12-31 12:00:00,3.2296,3.2942166666666663,308.57666666666665,354.6298533333333
2020-12-31 13:00:00,3.171266666666667,3.2388833333333333,305.77833333333336,379.1311133333333
2020-12-31 14:00:00,3.1426833333333333,3.2028833333333333,306.23333333333335,286.4950083333333
2020-12-31 15:00:00,3.1452,3.205,305.5933333333333,294.49532999999997
2020-12-31 16:00:00,3.145,3.20375,309.005,285.27904666666666
2020-12-31 17:00:00,3.14685,3.2083999999999997,309.6716666666667,312.76752500000003
2020-12-31 18:00:00,3.1011666666666664,3.1684,308.615,364.36270499999995
2020-12-31 19:00:00,3.0682,3.1323999999999996,308.6566666666667,362.20537833333333
2020-12-31 20:00:00,3.0258833333333333,3.090133333333333,308.8566666666667,332.9131733333333
2020-12-31 21:00:00,2.9860666666666664,3.051733333333333,307.52666666666664,360.4492233333333
2020-12-31 22:00:00,2.9455666666666667,3.0084999999999997,304.0883333333333,321.64771
2020-12-31 23:00:00,2.9602999999999997,3.0141666666666667,303.93,233.81602999999998
2021-01-01 00:00:00,3.0151166666666667,3.0655666666666668,305.6816666666667,194.81694333333334
2021-01-01 01:00:00,3.0894833333333334,3.1394499999999996,306.1566666666667,189.395975
2021-01-01 02:00:00,3.1659333333333333,3.21465,308.01,145.529075
2021-01-01 03:00:00,3.2773666666666665,3.3246166666666666,307.18333333333334,122.82002833333333
2021-01-01 04:00:00,3.3924166666666666,3.4394833333333334,303.7933333333333,121.37870166666667
2021-01-01 05:00:00,3.5023,3.5519499999999997,306.2083333333333,142.45834333333332
2021-01-01 06:00:00,3.559833333333333,3.595666666666667,148.50333333333336,148.464145
2021-01-01 07:00:00,3.5326666666666666,3.565516666666667,130.325,193.41577333333333
2021-01-01 08:00:00,3.477433333333333,3.511416666666667,144.10166666666666,226.84839
2021-01-01 09:00:00,3.398683333333333,3.4324999999999997,152.15166666666667,302.07261666666665
2021-01-01 10:00:00,3.3016666666666667,3.327516666666667,223.31166666666667,329.20495833333337
2021-01-01 11:00:00,3.2199999999999998,3.24175,223.86333333333332,363.32509833333336
2021-01-01 12:00:00,3.09665,3.11515,223.63666666666668,434.02566666666667
2021-01-01 13:00:00,2.935416666666667,2.9503333333333335,223.27,447.3564316666667
2021-01-01 14:00:00,2.7936666666666667,2.8104999999999998,224.29500000000002,377.086955
2021-01-01 15:00:00,2.6799833333333334,2.69585,225.54833333333332,391.39739166666664
2021-01-01 16:00:00,2.6029333333333335,2.6230166666666666,227.30666666666667,244.75263333333334
2021-01-01 17:00:00,2.5863,2.6084833333333335,229.61666666666667,244.95038833333334
2021-01-01 18:00:00,2.556766666666667,2.57645,230.34833333333333,306.15599000000003
2021-01-01 19:00:00,2.4888666666666666,2.5095666666666667,254.995,297.39639
2021-01-01 20:00:00,2.485666666666667,2.5205166666666665,307.2316666666667,253.77567833333333
2021-01-01 21:00:00,2.4949,2.5299,308.46,338.175595
2021-01-01 22:00:00,2.45555,2.4905166666666667,307.67833333333334,307.04377
2021-01-01 23:00:00,2.4814166666666666,2.5144666666666664,308.555,222.689775
2021-01-02 00:00:00,2.5315333333333334,2.5636333333333337,310.9316666666667,204.44641000000001
2021-01-02 01:00:00,2.5996333333333337,2.63445,308.35333333333335,206.36460166666666
2021-01-02 02:00:00,2.660483333333333,2.6939833333333336,305.98833333333334,187.40454333333335
2021-01-02 03:00:00,2.73495,2.76845,310.2066666666667,174.39744166666665
2021-01-02 04:00:00,2.816216666666667,2.8503,310.805,179.00886666666665
2021-01-02 05:00:00,2.89335,2.9280166666666667,313.34166666666664,187.58253666666667
2021-01-02 06:00:00,2.965933333333333,3.0022,343.72666666666663,194.77602166666665
2021-01-02 07:00:00,3.0958166666666664,3.1492166666666668,576.6949999999999,275.994685
2021-01-02 08:00:00,3.2239166666666668,3.25345,280.685,247.50865333333334
2021-01-02 09:00:00,3.2193,3.24405,268.86333333333334,276.6679383333333
2021-01-02 10:00:00,3.1868,3.2083166666666667,267.075,338.60586500000005
2021-01-02 11:00:00,3.1220833333333333,3.1434833333333336,255.08666666666667,360.82036
2021-01-02 12:00:00,3.0183000000000004,3.0366166666666667,256.555,404.98779333333334
2021-01-02 13:00:00,2.921783333333333,2.940116666666667,258.39166666666665,359.888125
2021-01-02 14:00:00,2.8710333333333335,2.891766666666667,259.7733333333333,288.1525266666667
2021-01-02 15:00:00,2.8425166666666666,2.8626666666666667,257.545,316.14000500000003
2021-01-02 16:00:00,2.7571166666666667,2.7727333333333335,257.8183333333333,405.517025
2021-01-02 17:00:00,2.6664000000000003,2.6822500000000002,257.99,365.76131333333336
2021-01-02 18:00:00,2.577383333333333,2.5929166666666665,256.0566666666667,354.2956316666667
2021-01-02 19:00:00,2.5123499999999996,2.5295,255.69333333333333,356.327365
2021-01-02 20:00:00,2.42925,2.4452333333333334,255.14833333333334,355.116245
2021-01-02 21:00:00,2.3510666666666666,2.3673833333333336,253.75666666666666,344.421215
2021-01-02 22:00:00,2.299583333333333,2.3179333333333334,254.62666666666667,292.64049166666666
2021-01-02 23:00:00,2.30415,2.3318166666666666,324.7133333333333,189.55599166666667
2021-01-03 00:00:00,2.432366666666667,2.4773666666666667,434.295,167.83389166666666
2021-01-03 01:00:00,2.6083,2.6485666666666665,432.96500000000003,145.701565
2021-01-03 02:00:00,2.7952166666666667,2.8356333333333335,434.125,136.36398
2021-01-03 03:00:00,2.9876666666666667,3.0289,435.305,127.30466333333334
2021-01-03 04:00:00,3.179483333333333,3.2234666666666665,435.12166666666667,142.67660166666667
2021-01-03 05:00:00,3.3608833333333332,3.4057000000000004,435.7,144.957585
2021-01-03 06:00:00,3.536216666666667,3.5818166666666666,390.4116666666667,170.31265
2021-01-03 07:00:00,3.5951999999999997,3.622966666666667,207.26000000000002,211.67655833333336
2021-01-03 08:00:00,3.58225,3.609166666666667,211.46166666666667,254.15301499999998
2021-01-03 09:00:00,3.5287833333333336,3.554866666666667,208.45499999999998,289.3454
2021-01-03 10:00:00,3.432366666666667,3.453533333333333,207.42999999999998,395.32930666666664
2021-01-03 11:00:00,3.2895,3.3075666666666668,206.975,432.830485
2021-01-03 12:00:00,3.1080666666666668,3.122966666666667,205.67333333333332,480.84274833333336
2021-01-03 13:00:00,2.9256499999999996,2.9407,205.24166666666667,434.70848166666667
2021-01-03 14:00:00,2.779533333333333,2.7956833333333333,207.71666666666667,355.18078833333334
2021-01-03 15:00:00,2.7022,2.7210666666666667,209.02833333333334,299.5051733333333
2021-01-03 16:00:00,2.6210333333333335,2.639816666666667,208.48166666666665,354.2939216666667
2021-01-03 17:00:00,2.501916666666667,2.5185833333333334,208.77833333333334,334.88321
2021-01-03 18:00:00,2.4389,2.4577166666666668,214.09666666666666,278.3024716666667
2021-01-03 19:00:00,2.386216666666667,2.4042666666666666,214.41833333333335,316.8106516666667
2021-01-03 20:00:00,2.28595,2.301933333333333,232.815,368.80904833333335
2021-01-03 21:00:00,2.1989500000000004,2.24345,326.02333333333337,361.4779483333333
2021-01-03 22:00:00,2.1811833333333337,2.2273833333333335,323.69666666666666,363.5632783333333
2021-01-03 23:00:00,2.1591,2.2038333333333333,326.34666666666664,275.0806416666667
2021-01-04 00:00:00,2.2062166666666667,2.246583333333333,328.8616666666667,215.26729833333331
2021-01-04 01:00:00,2.2996666666666665,2.3359666666666667,326.8016666666666,150.76916166666666
2021-01-04 02:00:00,2.4124166666666667,2.4498166666666665,328.15333333333336,137.232025
2021-01-04 03:00:00,2.5395,2.5759499999999997,330.39500000000004,121.077175
2021-01-04 04:00:00,2.672683333333333,2.7093166666666666,328.97333333333336,123.08726333333334
2021-01-04 05:00:00,2.7981833333333332,2.8360166666666666,327.89166666666665,133.341875
2021-01-04 06:00:00,2.999083333333333,3.0488,600.4000825082509,179.56888666666666
2021-01-04 07:00:00,3.3253833333333334,3.415016666666667,575.0430693069306,337.77898833333336
2021-01-04 08:00:00,3.44555,3.5235166666666666,296.9901815181518,373.62868499999996
2021-01-04 09:00:00,3.3762,3.44285,276.4066666666667,366.59130333333337
2021-01-04 10:00:00,3.3309166666666665,3.3922666666666665,277.0933333333333,315.12782
2021-01-04 11:00:00,3.2488,3.3184666666666667,278.18833333333333,463.62241166666666
2021-01-04 12:00:00,3.123066666666667,3.1907833333333335,279.345,390.0401333333333
2021-01-04 13:00:00,3.0683166666666666,3.129366666666667,281.4566666666667,310.8159366666667
2021-01-04 14:00:00,3.0691833333333336,3.122333333333333,285.1383333333333,250.3153966666667
2021-01-04 15:00:00,3.0518666666666667,3.1100166666666667,279.7883333333333,306.4771816666667
2021-01-04 16:00:00,3.0349333333333335,3.0917499999999998,283.14000000000004,302.86668833333334
2021-01-04 17:00:00,3.0003666666666664,3.05905,284.2583333333333,329.46031000000005
2021-01-04 18:00:00,2.965633333333334,3.0235833333333333,280.54,313.72804333333335
2021-01-04 19:00:00,2.9309166666666666,2.9885,279.885,310.438805
2021-01-04 20:00:00,2.8791166666666665,2.9408833333333333,278.0683333333333,375.191755
2021-01-04 21:00:00,2.8007333333333335,2.8606333333333334,276.14666666666665,349.99578833333334
2021-01-04 22:00:00,2.7645666666666666,2.82045,273.1983333333334,311.0252566666667
2021-01-04 23:00:00,2.732666666666667,2.7884,276.22166666666664,298.0375683333333
2021-01-05 00:00:00,2.734583333333333,2.7844333333333333,278.4116666666667,221.95075
2021-01-05 01:00:00,2.77915,2.8262333333333336,279.64166666666665,188.01685333333336
2021-01-05 02:00:00,2.851783333333333,2.89445,278.15166666666664,135.33946666666668
2021-01-05 03:00:00,2.9479166666666665,2.9894000000000003,279.76,119.63056
2021-01-05 04:00:00,3.03035,3.0742833333333333,274.51,149.45839333333333
2021-01-05 05:00:00,3.1199333333333334,3.1628166666666666,276.3616666666667,129.41897666666668
2021-01-05 06:00:00,3.2495,3.284466666666667,430.3,161.63885833333333
2021-01-05 07:00:00,3.3912666666666667,3.4235166666666665,397.9066666666667,293.81400666666667
2021-01-05 08:00:00,3.3672,3.3882499999999998,269.5,372.6991016666667
2021-01-05 09:00:00,3.2588500000000002,3.2762499999999997,262.68333333333334,418.363175
2021-01-05 10:00:00,3.1895499999999997,3.21055,263.45166666666665,301.0216766666666
2021-01-05 11:00:00,3.1493666666666664,3.1701166666666665,260.51666666666665,338.1402816666667
2021-01-05 12:00:00,3.08255,3.101766666666667,260.45500000000004,343.2545
2021-01-05 13:00:00,3.0308166666666665,3.0518833333333335,261.16,287.3601033333333
2021-01-05 14:00:00,3.01985,3.0419833333333335,263.92833333333334,257.5275833333333
2021-01-05 15:00:00,3.0224333333333333,3.0449166666666665,264.92833333333334,233.87460166666668
2021-01-05 16:00:00,3.0339,3.0572166666666667,261.29833333333335,260.08526166666667
2021-01-05 17:00:00,2.994466666666667,3.0141833333333334,261.035,354.067535
2021-01-05 18:00:00,2.9294333333333333,2.9491,262.5416666666667,326.1421866666667
2021-01-05 19:00:00,2.8617,2.878633333333333,263.5383333333333,374.99621
2021-01-05 20:00:00,2.7539666666666665,2.76785,263.5083333333333,469.6056433333333
2021-01-05 21:00:00,2.6066000000000003,2.620033333333333,259.84333333333336,433.01276666666666
2021-01-05 22:00:00,2.51785,2.536016666666667,250.62166666666664,299.06310833333333
2021-01-05 23:00:00,2.4893666666666667,2.5092333333333334,255.47333333333333,277.27737833333333
2021-01-06 00:00:00,2.493133333333333,2.5158,256.3483333333333,181.09344666666667
2021-01-06 01:00:00,2.5425666666666666,2.5673833333333334,259.405,164.35607333333334
2021-01-06 02:00:00,2.6044,2.6301166666666664,260.87666666666667,149.63209999999998
2021-01-06 03:00:00,2.68195,2.7066333333333334,258.795,121.21602666666666
2021-01-06 04:00:00,2.7636166666666666,2.789216666666667,259.415,133.511375
2021-01-06 05:00:00,2.8741333333333334,2.9118,416.12166666666667,128.664805
2021-01-06 06:00:00,3.1121166666666666,3.14385,605.1433333333333,159.471695
2021-01-06 07:00:00,3.4007666666666667,3.42275,655.1033333333332,296.41920166666665
2021-01-06 08:00:00,3.45295,3.488,297.5083333333333,398.63746333333336
2021-01-06 09:00:00,3.4001666666666663,3.4376166666666665,281.175,289.17370666666665
2021-01-06 10:00:00,3.3892666666666664,3.414933333333333,216.94333333333333,250.847725
2021-01-06 11:00:00,3.351766666666667,3.3749333333333333,218.05,278.4943566666667
2021-01-06 12:00:00,3.2570333333333332,3.2749666666666664,217.63666666666668,417.2376233333333
2021-01-06 13:00:00,3.13065,3.149,218.55499999999998,358.45664500000004
2021-01-06 14:00:00,3.0545833333333334,3.0741333333333336,221.30666666666667,298.50796166666663
2021-01-06 15:00:00,2.9894499999999997,3.008966666666667,223.71166666666667,309.4916566666667
2021-01-06 16:00:00,2.910883333333333,2.9278,222.83166666666665,367.64239166666664
2021-01-06 17:00:00,2.81075,2.8278499999999998,218.11,322.65661
2021-01-06 18:00:00,2.7331833333333337,2.7496333333333336,218.51333333333332,336.58926333333335
2021-01-06 19:00:00,2.640716666666667,2.6556166666666665,217.20499999999998,347.8669983333333
2021-01-06 20:00:00,2.554316666666667,2.57085,220.05833333333334,320.77137166666665
2021-01-06 21:00:00,2.5004333333333335,2.5132499999999998,310.1933333333333,356.6058116666666
2021-01-06 22:00:00,2.4700166666666665,2.4842166666666667,310.385,293.2159633333333
2021-01-06 23:00:00,2.4964500000000003,2.514416666666667,311.85999999999996,236.82675333333333
2021-01-07 00:00:00,2.5451833333333336,2.5630666666666664,313.39666666666665,204.61525666666665
2021-01-07 01:00:00,2.6308000000000002,2.652933333333333,316.29,143.97998
2021-01-07 02:00:00,2.74485,2.7677833333333335,317.97,126.47833166666666
2021-01-07 03:00:00,2.8697500000000002,2.8935666666666666,320.54,118.32893
2021-01-07 04:00:00,2.994666666666667,3.0204666666666666,320.68,124.78696
2021-01-07 05:00:00,3.1106666666666665,3.1354666666666664,319.28333333333336,141.115065
2021-01-07 06:00:00,3.2141666666666664,3.2396000000000003,320.9633333333333,190.05147833333334
2021-01-07 07:00:00,3.22995,3.2478,317.24833333333333,368.24006833333334
2021-01-07 08:00:00,3.1828333333333334,3.19925,315.60166666666663,370.49005666666665
2021-01-07 09:00:00,3.1350333333333333,3.1517666666666666,318.245,357.3405616666667
2021-01-07 10:00:00,3.1112333333333333,3.12795,319.4216666666667,332.93055833333335
2021-01-07 11:00:00,3.0899666666666668,3.1090833333333334,324.195,335.34921
2021-01-07 12:00:00,3.0588166666666665,3.0749500000000003,326.56666666666666,391.0884566666667
2021-01-07 13:00:00,3.0077333333333334,3.0260166666666666,323.40166666666664,335.5931933333333
2021-01-07 14:00:00,3.0248833333333334,3.0465333333333335,325.39500000000004,253.28342833333332
2021-01-07 15:00:00,3.05485,3.074883333333333,324.02000000000004,259.90996
2021-01-07 16:00:00,3.0817833333333335,3.1018666666666665,324.10833333333335,272.7092866666666
2021-01-07 17:00:00,3.0921833333333333,3.1125666666666665,316.37,299.06204499999996
2021-01-07 18:00:00,3.1011333333333337,3.1224,317.75333333333333,299.49601666666666
2021-01-07 19:00:00,3.0669833333333334,3.0989500000000003,202.98999999999998,310.55321333333336
2021-01-07 20:00:00,2.9507333333333334,2.9907166666666667,167.59666666666666,340.65904166666667
2021-01-07 21:00:00,2.7966333333333333,2.8369166666666668,167.485,421.146995
2021-01-07 22:00:00,2.6718333333333333,2.7181,289.3933333333333,353.676395
2021-01-07 23:00:00,2.6496833333333334,2.696283333333333,308.60333333333335,288.73134166666665
2021-01-08 00:00:00,2.6822833333333334,2.7254833333333335,310.65833333333336,223.78461333333334
2021-01-08 01:00:00,2.7422833333333334,2.7835166666666664,310.81333333333333,194.96165333333332
2021-01-08 02:00:00,2.8190833333333334,2.860983333333333,313.55833333333334,178.31632499999998
2021-01-08 03:00:00,2.91895,2.958966666666667,311.64666666666665,140.75046833333332
2021-01-08 04:00:00,3.0138000000000003,3.0555166666666667,311.74666666666667,147.51590333333334
2021-01-08 05:00:00,3.116333333333333,3.160166666666667,312.14166666666665,168.22295333333335
2021-01-08 06:00:00,3.2003333333333335,3.2442333333333333,312.40166666666664,175.1804283333333
2021-01-08 07:00:00,3.252033333333333,3.3018,311.06333333333333,272.94468333333333
2021-01-08 08:00:00,3.2574666666666667,3.309633333333333,316.2683333333333,280.88047666666665
2021-01-08 09:00:00,3.2708166666666667,3.32335,312.9483333333334,301.327575
2021-01-08 10:00:00,3.2600166666666666,3.3033833333333336,246.32333333333332,271.2526883333333
2021-01-08 11:00:00,3.226316666666667,3.2639,237.44333333333333,313.98143833333336
2021-01-08 12:00:00,3.15455,3.191016666666667,241.01166666666668,326.82955166666665
2021-01-08 13:00:00,3.0603166666666666,3.0970333333333335,242.25166666666667,425.17693333333335
2021-01-08 14:00:00,2.9426166666666664,2.978283333333333,241.15166666666667,347.4102033333333
2021-01-08 15:00:00,2.8909000000000002,2.9248666666666665,240.42166666666665,301.72746333333333
2021-01-08 16:00:00,2.826,2.8596166666666667,242.32000000000002,351.1624483333333
2021-01-08 17:00:00,2.737483333333333,2.7707333333333333,238.1,358.74301166666663
2021-01-08 18:00:00,2.65625,2.69015,237.70499999999998,342.85577333333333
2021-01-08 19:00:00,2.5677000000000003,2.6009,237.82166666666666,368.88527
2021-01-08 20:00:00,2.471166666666667,2.50445,239.17166666666665,347.69276833333333
2021-01-08 21:00:00,2.4345166666666667,2.4793000000000003,321.73833333333334,271.94044833333334
2021-01-08 22:00:00,2.460983333333333,2.51905,354.925,313.83468166666665
2021-01-08 23:00:00,2.4568166666666666,2.5164666666666666,357.685,318.450475
2021-01-09 00:00:00,2.5148,2.5662333333333334,363.87,229.38533166666667
2021-01-09 01:00:00,2.6230666666666664,2.6701166666666665,368.6066666666667,160.26972333333333
2021-01-09 02:00:00,2.75795,2.805833333333333,368.0383333333333,146.96709333333334
2021-01-09 03:00:00,2.9023166666666667,2.94875,371.0683333333333,136.83176166666667
2021-01-09 04:00:00,3.052016666666667,3.0974999999999997,370.02833333333336,134.35440166666666
2021-01-09 05:00:00,3.19375,3.242233333333333,367.725,147.27065
2021-01-09 06:00:00,3.3322333333333334,3.3821833333333333,371.2433333333333,153.06314666666668
2021-01-09 07:00:00,3.4336333333333333,3.49225,370.4116666666667,255.52921166666664
2021-01-09 08:00:00,3.4474,3.4958666666666667,261.055,331.7665166666667
2021-01-09 09:00:00,3.3808000000000002,3.422816666666667,248.025,353.50176999999996
2021-01-09 10:00:00,3.30605,3.3468333333333335,247.19500000000002,314.79399
2021-01-09 11:00:00,3.25635,3.295583333333333,246.99333333333334,329.3670583333333
2021-01-09 12:00:00,3.1411666666666664,3.1802,246.395,481.9217233333333
2021-01-09 13:00:00,2.98355,3.021983333333333,245.41333333333333,434.5975266666667
2021-01-09 14:00:00,2.872783333333333,2.9099500000000003,244.30333333333334,352.95280833333334
2021-01-09 15:00:00,2.7847500000000003,2.8209999999999997,243.84333333333333,386.47267
2021-01-09 16:00:00,2.698,2.7350166666666667,243.24166666666667,322.2350416666667
2021-01-09 17:00:00,2.6528,2.6873666666666667,244.08666666666667,282.2069916666667
2021-01-09 18:00:00,2.614616666666667,2.6484,242.77333333333334,318.51184166666667
2021-01-09 19:00:00,2.5393499999999998,2.572566666666667,242.17833333333334,346.6991
2021-01-09 20:00:00,2.4621666666666666,2.49605,241.27333333333334,355.56292833333333
2021-01-09 21:00:00,2.37975,2.413116666666667,240.995,345.149315
2021-01-09 22:00:00,2.2982666666666662,2.3313833333333336,241.755,348.369755
2021-01-09 23:00:00,2.2757666666666667,2.3158833333333333,378.77000000000004,258.554645
2021-01-10 00:00:00,2.38085,2.4260666666666664,417.76,211.36376666666666
2021-01-10 01:00:00,2.5248666666666666,2.5669166666666663,417.57666666666665,176.04611500000001
2021-01-10 02:00:00,2.6818166666666667,2.722916666666667,417.82,163.48392333333334
2021-01-10 03:00:00,2.836583333333333,2.880333333333333,414.0883333333333,172.39793166666666
2021-01-10 04:00:00,2.9809,3.0257833333333335,412.27833333333336,174.37753166666667
2021-01-10 05:00:00,3.1477166666666667,3.1927166666666666,414.1433333333333,147.45994000000002
2021-01-10 06:00:00,3.3085333333333335,3.3567000000000005,416.22166666666664,173.504865
2021-01-10 07:00:00,3.43155,3.477616666666667,310.7866666666667,204.2327566666667
2021-01-10 08:00:00,3.4417166666666668,3.4865166666666667,262.65333333333336,295.5494566666667
2021-01-10 09:00:00,3.398,3.4431000000000003,262.02833333333336,321.9693183333333
2021-01-10 10:00:00,3.3286666666666664,3.37405,261.30333333333334,386.64239999999995
2021-01-10 11:00:00,3.2457166666666666,3.289733333333333,263.53166666666664,361.04801000000003
2021-01-10 12:00:00,3.15545,3.1997500000000003,265.5083333333333,424.36380333333335
2021-01-10 13:00:00,3.0079,3.0520833333333335,264.3933333333333,490.92703
2021-01-10 14:00:00,2.8821333333333334,2.9253666666666667,264.9316666666667,404.0676683333333
2021-01-10 15:00:00,2.785083333333333,2.82685,267.12,374.54778833333336
2021-01-10 16:00:00,2.703683333333333,2.7441833333333334,267.33166666666665,372.75466666666665
2021-01-10 17:00:00,2.64155,2.6798166666666665,267.84333333333336,318.60079666666667
2021-01-10 18:00:00,2.5967,2.6354666666666664,263.54,342.04257666666666
2021-01-10 19:00:00,2.5375,2.57565,261.035,306.79130333333336
2021-01-10 20:00:00,2.495033333333333,2.5324833333333334,260.8,320.52790833333336
2021-01-10 21:00:00,2.41845,2.4596999999999998,278.72999999999996,383.886645
2021-01-10 22:00:00,2.395766666666667,2.4513166666666666,363.34666666666664,294.645955
2021-01-10 23:00:00,2.4285,2.4852833333333333,367.89500000000004,315.4589583333333
2021-01-11 00:00:00,2.471966666666667,2.5246,368.77666666666664,242.82088833333333
2021-01-11 01:00:00,2.5445833333333336,2.597066666666667,369.835,262.8596283333333
2021-01-11 02:00:00,2.6175,2.6693833333333337,371.59833333333336,219.43137833333333
2021-01-11 03:00:00,2.7303333333333333,2.7766499999999996,367.65166666666664,165.65032166666666
2021-01-11 04:00:00,2.871,2.9154666666666667,369.12166666666667,143.41860166666666
2021-01-11 05:00:00,3.0073833333333337,3.0550833333333336,369.2883333333333,184.60548666666668
2021-01-11 06:00:00,3.101766666666667,3.1544000000000003,369.1116666666667,225.3074083333333
2021-01-11 07:00:00,3.158066666666667,3.2172166666666664,369.07166666666666,317.67539833333336
2021-01-11 08:00:00,3.174783333333333,3.2373333333333334,364.54,334.52976666666666
2021-01-11 09:00:00,3.1742,3.2392,360.97,368.398675
2021-01-11 10:00:00,3.1667,3.2116166666666666,255.915,279.02071333333333
2021-01-11 11:00:00,3.144766666666667,3.186316666666667,252.47833333333335,307.03076500000003
2021-01-11 12:00:00,3.063616666666667,3.1072833333333336,251.62333333333333,407.87975833333337
2021-01-11 13:00:00,2.95785,3.0001,251.18833333333333,385.87622
2021-01-11 14:00:00,2.8836333333333335,2.9246833333333333,251.79333333333335,302.64292666666665
2021-01-11 15:00:00,2.8671,2.9064833333333335,250.90833333333333,258.5433733333333
2021-01-11 16:00:00,2.81795,2.8587166666666666,251.495,379.77473000000003
2021-01-11 17:00:00,2.7308000000000003,2.77165,251.87333333333333,381.22227333333336
2021-01-11 18:00:00,2.6131333333333333,2.652616666666667,250.09333333333333,441.38159833333333
2021-01-11 19:00:00,2.4976833333333333,2.5368500000000003,250.04333333333335,386.74317833333333
2021-01-11 20:00:00,2.4245333333333337,2.460166666666667,318.835,396.4595766666667
2021-01-11 21:00:00,2.367633333333333,2.4006833333333333,344.00166666666667,421.6028933333334
2021-01-11 22:00:00,2.344466666666667,2.3758166666666667,345.21500000000003,292.443555
2021-01-11 23:00:00,2.3944833333333335,2.425316666666667,351.0,238.37566333333334
2021-01-12 00:00:00,2.474616666666667,2.5046000000000004,351.17333333333335,211.95085166666667
2021-01-12 01:00:00,2.5673000000000004,2.598783333333333,352.415,193.49582333333333
2021-01-12 02:00:00,2.6694166666666663,2.7014333333333336,351.7033333333333,168.85342166666666
2021-01-12 03:00:00,2.7969,2.8288166666666665,352.825,144.98077999999998
2021-01-12 04:00:00,2.9288000000000003,2.96245,354.18,145.25564666666665
2021-01-12 05:00:00,3.05395,3.088416666666667,353.1816666666667,166.80216666666666
2021-01-12 06:00:00,3.162916666666667,3.198,353.05333333333334,205.09618166666667
2021-01-12 07:00:00,3.2245333333333335,3.2602666666666664,350.76,307.19391666666667
2021-01-12 08:00:00,3.2171833333333333,3.2534,348.12666666666667,359.46114833333337
2021-01-12 09:00:00,3.1831166666666664,3.2194166666666666,346.72,395.166645
2021-01-12 10:00:00,3.1605333333333334,3.1965833333333333,347.74833333333333,333.94616833333333
2021-01-12 11:00:00,3.1508,3.1871666666666667,345.8816666666667,381.83399000000003
2021-01-12 12:00:00,3.0995500000000002,3.1357166666666667,345.97,445.65010333333333
2021-01-12 13:00:00,3.023616666666667,3.0595833333333333,346.10333333333335,420.33802166666663
2021-01-12 14:00:00,2.98285,3.0180166666666666,345.52000000000004,346.6292583333333
2021-01-12 15:00:00,2.986883333333333,3.022566666666667,344.8316666666667,322.69621666666666
2021-01-12 16:00:00,2.9982166666666665,3.033333333333333,345.27833333333336,302.5507183333333
2021-01-12 17:00:00,3.022183333333333,3.0572333333333335,345.54833333333335,330.6926783333334
2021-01-12 18:00:00,3.015433333333333,3.050883333333333,344.47999999999996,344.36376
2021-01-12 19:00:00,3.0105666666666666,3.04605,343.3433333333333,340.6041016666667
2021-01-12 20:00:00,2.98005,3.0159333333333334,351.56166666666667,432.7513583333333
2021-01-12 21:00:00,2.9022666666666668,2.9364,281.5566666666667,469.21452000000005
2021-01-12 22:00:00,2.702833333333333,2.7198833333333337,30.94333333333333,389.2250516666667
2021-01-12 23:00:00,2.5550833333333336,2.5829333333333335,312.7583333333333,339.29590666666667
2021-01-13 00:00:00,2.5711833333333334,2.598116666666667,315.25166666666667,238.95254166666666
2021-01-13 01:00:00,2.6304166666666666,2.659066666666667,315.0466666666667,206.28600333333333
2021-01-13 02:00:00,2.698266666666667,2.7257000000000002,314.2033333333333,204.21833
2021-01-13 03:00:00,2.753616666666667,2.7819166666666666,315.1983333333334,236.155445
2021-01-13 04:00:00,2.79815,2.827183333333333,315.40166666666664,240.98586333333333
2021-01-13 05:00:00,2.83935,2.8683166666666664,315.635,257.98434833333334
2021-01-13 06:00:00,2.8577333333333335,2.8865833333333333,314.97166666666664,287.790445
2021-01-13 07:00:00,2.85305,2.882433333333333,315.185,352.9139966666667
2021-01-13 08:00:00,2.7952166666666667,2.8235,314.365,404.964665
2021-01-13 09:00:00,2.7348,2.7624500000000003,316.14166666666665,381.44570333333337
2021-01-13 10:00:00,2.712883333333333,2.7394000000000003,322.92,308.16555166666666
2021-01-13 11:00:00,2.71405,2.741016666666667,323.4166666666667,342.7114216666667
2021-01-13 12:00:00,2.663683333333333,2.6888,323.3066666666667,425.29335
2021-01-13 13:00:00,2.5806,2.6052833333333334,323.03333333333336,413.7623433333334
2021-01-13 14:00:00,2.5445833333333336,2.570266666666667,321.4683333333333,315.54661833333336
2021-01-13 15:00:00,2.5341666666666667,2.5601333333333334,321.92833333333334,352.69911833333333
2021-01-13 16:00:00,2.4916,2.5158833333333335,321.6183333333333,381.77157
2021-01-13 17:00:00,2.4356,2.459166666666667,321.07,423.21907833333336
2021-01-13 18:00:00,2.3573666666666666,2.3800666666666666,322.37,412.7083083333334
2021-01-13 19:00:00,2.2742666666666667,2.2969,321.97833333333335,469.927845
2021-01-13 20:00:00,2.1885499999999998,2.2110333333333334,320.3383333333333,409.49903166666667
2021-01-13 21:00:00,2.098516666666667,2.1156,354.00333333333333,496.39060333333333
2021-01-13 22:00:00,2.056016666666667,2.0545833333333334,415.695,382.6441666666667
2021-01-13 23:00:00,2.1018166666666667,2.10825,415.555,297.85675833333335
2021-01-14 00:00:00,2.1691333333333334,2.1755166666666668,417.9483333333334,305.6798416666667
2021-01-14 01:00:00,2.261,2.2719333333333336,422.59000000000003,232.77312166666667
2021-01-14 02:00:00,2.3824833333333335,2.3960500000000002,423.25166666666667,222.23852833333333
2021-01-14 03:00:00,2.5035499999999997,2.515,422.71666666666664,243.38033
2021-01-14 04:00:00,2.6140666666666665,2.6271166666666668,424.12666666666667,253.37402166666666
2021-01-14 05:00:00,2.717966666666667,2.7310166666666666,425.4916666666667,255.902635
2021-01-14 06:00:00,2.8182666666666667,2.8307333333333333,422.77833333333336,285.2010233333333
2021-01-14 07:00:00,2.8674666666666666,2.8734666666666664,419.155,409.85123500000003
2021-01-14 08:00:00,2.836316666666667,2.8369333333333335,420.62833333333333,477.7803433333333
2021-01-14 09:00:00,2.7895833333333333,2.790766666666667,418.0133333333333,459.9492166666667
2021-01-14 10:00:00,2.7665833333333336,2.770166666666667,417.3316666666667,433.92938
2021-01-14 11:00:00,2.7599333333333336,2.765233333333333,416.055,383.61478999999997
2021-01-14 12:00:00,2.75675,2.7685833333333334,357.935,426.758095
2021-01-14 13:00:00,2.6372,2.673216666666667,273.9316666666667,429.72428
2021-01-14 14:00:00,2.5542833333333332,2.589716666666667,272.0883333333333,374.494285
2021-01-14 15:00:00,2.4873333333333334,2.523233333333333,274.525,346.43409499999996
2021-01-14 16:00:00,2.4319166666666665,2.4682000000000004,274.53333333333336,348.5300516666667
2021-01-14 17:00:00,2.3793333333333333,2.4154,274.27000000000004,328.66847666666666
2021-01-14 18:00:00,2.3239333333333336,2.3610166666666665,273.93833333333333,384.04504166666663
2021-01-14 19:00:00,2.2584500000000003,2.291533333333333,271.31,331.7557733333333
2021-01-14 20:00:00,2.1980500000000003,2.23295,271.50166666666667,390.98679166666665
2021-01-14 21:00:00,2.0848,2.12425,339.28499999999997,478.0058333333333
2021-01-14 22:00:00,2.030483333333333,2.0689,375.29833333333335,393.65880833333335
2021-01-14 23:00:00,2.0576666666666665,2.0869,415.60833333333335,304.2514516666667
2021-01-15 00:00:00,2.1470000000000002,2.176220338983051,407.6305084745763,225.5691745762712
2021-01-15 01:00:00,2.2768333333333337,2.3032166666666667,406.295,183.52205333333333
2021-01-15 02:00:00,2.423783333333333,2.4521666666666664,410.2816666666667,166.96384500000002
2021-01-15 03:00:00,2.5795833333333333,2.60815,405.4066666666667,161.62010166666667
2021-01-15 04:00:00,2.7338333333333336,2.763383333333333,403.89000000000004,165.49846
2021-01-15 05:00:00,2.88155,2.9111,403.595,181.56582333333333
2021-01-15 06:00:00,2.9991,3.03115,404.69166666666666,289.38328333333334
2021-01-15 07:00:00,3.0215666666666667,3.05515,405.32166666666666,391.2360583333333
2021-01-15 08:00:00,3.0129499999999996,3.0471,403.5783333333333,416.0451916666667
2021-01-15 09:00:00,3.0073999999999996,3.04265,405.54,391.1540933333333
2021-01-15 10:00:00,3.0080666666666667,3.0410166666666667,405.37166666666667,371.23941666666667
2021-01-15 11:00:00,3.0155666666666665,3.0489333333333333,406.6983333333334,410.49467166666665
2021-01-15 12:00:00,2.99485,3.0282833333333334,409.58,437.31441333333333
2021-01-15 13:00:00,2.9866,3.019366666666667,408.0883333333333,356.22063833333334
2021-01-15 14:00:00,3.0233166666666667,3.056033333333333,408.5733333333334,354.56443
2021-01-15 15:00:00,3.05295,3.085166666666667,408.84833333333336,335.045435
2021-01-15 16:00:00,3.091066666666667,3.124416666666667,408.7133333333333,358.15838833333333
2021-01-15 17:00:00,3.1109,3.14405,409.8233333333334,361.1051366666667
2021-01-15 18:00:00,3.128433333333333,3.1612666666666667,407.4433333333333,382.6835
2021-01-15 19:00:00,3.15535,3.1882333333333337,408.4,331.19283333333334
2021-01-15 20:00:00,3.19335,3.216816666666667,339.76500000000004,315.6424916666667
2021-01-15 21:00:00,3.1608333333333336,3.1647000000000003,278.835,393.21591
2021-01-15 22:00:00,3.0747500000000003,3.0750666666666664,278.39500000000004,409.6839566666667
2021-01-15 23:00:00,2.9865500000000003,2.9883,276.01,355.9302216666667
2021-01-16 00:00:00,2.9611333333333336,2.970666666666667,283.85166666666663,261.4365033333333
2021-01-16 01:00:00,2.9763666666666664,2.9875666666666665,279.87,240.47573500000001
2021-01-16 02:00:00,3.0278833333333335,3.0514666666666668,411.97333333333336,184.56786333333332
2021-01-16 03:00:00,3.2204166666666665,3.2579166666666666,509.9483333333334,184.16182166666667
2021-01-16 04:00:00,3.4265666666666665,3.4654499999999997,516.6,190.5240883333333
2021-01-16 05:00:00,3.6241,3.6640333333333337,517.675,212.51865166666667
2021-01-16 06:00:00,3.766966666666667,3.8184166666666663,320.10499999999996,209.37347499999998
2021-01-16 07:00:00,3.78855,3.8495333333333335,275.97,259.33317
2021-01-16 08:00:00,3.7647833333333334,3.8358833333333333,280.5,342.5075133333333
2021-01-16 09:00:00,3.69385,3.7719666666666667,282.9316666666667,391.97206
2021-01-16 10:00:00,3.590533333333333,3.6743,284.84666666666664,433.254265
2021-01-16 11:00:00,3.5001333333333333,3.5797499999999998,284.48833333333334,396.419755
2021-01-16 12:00:00,3.4105,3.4921166666666665,282.5866666666667,449.17071166666665
2021-01-16 13:00:00,3.2876,3.3699999999999997,283.35,423.8318566666667
2021-01-16 14:00:00,3.218933333333333,3.2908166666666663,281.7883333333333,345.3256416666666
2021-01-16 15:00:00,3.1593,3.2306166666666667,275.045,356.59752166666664
2021-01-16 16:00:00,3.0977166666666665,3.170183333333333,279.85,356.7171666666666
2021-01-16 17:00:00,3.054733333333333,3.1243833333333333,281.26166666666666,331.61159000000004
2021-01-16 18:00:00,3.0006333333333335,3.0751,284.90999999999997,370.00990333333334
2021-01-16 19:00:00,2.9247666666666663,3.0014,283.705,395.8038466666667
2021-01-16 20:00:00,2.87885,2.9482333333333335,281.7816666666667,321.73594833333334
2021-01-16 21:00:00,2.8123833333333335,2.8878333333333335,281.51500000000004,400.21175500000004
2021-01-16 22:00:00,2.7771833333333333,2.8136666666666668,488.5383333333333,429.019845
2021-01-16 23:00:00,2.87785,2.8864,501.51166666666666,328.90464499999996
2021-01-17 00:00:00,3.0142,3.0357833333333333,502.305,228.98767166666667
2021-01-17 01:00:00,3.129233333333333,3.1639666666666666,307.10166666666663,202.53829499999998
2021-01-17 02:00:00,3.1882333333333337,3.2256500000000004,301.835,199.71413833333332
2021-01-17 03:00:00,3.261,3.2979666666666665,299.36333333333334,169.05159666666665
2021-01-17 04:00:00,3.34335,3.3819166666666667,299.795,162.17388666666665
2021-01-17 05:00:00,3.4281833333333336,3.467433333333333,299.595,164.70798166666665
2021-01-17 06:00:00,3.5088166666666667,3.5481,297.73333333333335,180.73782500000002
2021-01-17 07:00:00,3.5608166666666667,3.6012666666666666,301.2366666666667,241.97658
2021-01-17 08:00:00,3.579833333333333,3.62215,303.67333333333335,306.04993333333334
2021-01-17 09:00:00,3.5360333333333336,3.5782833333333333,219.18666666666667,333.4831683333333
2021-01-17 10:00:00,3.4166499999999997,3.456166666666667,127.72166666666666,368.4959133333333
2021-01-17 11:00:00,3.2366333333333333,3.2752833333333333,128.02166666666668,420.6755866666666
2021-01-17 12:00:00,3.00975,3.0481333333333334,128.22666666666666,474.788725
2021-01-17 13:00:00,2.7883,2.8245999999999998,127.93333333333334,426.63132666666667
2021-01-17 14:00:00,2.6611833333333332,2.6578166666666667,346.93833333333333,446.06292
2021-01-17 15:00:00,2.6392,2.61005,402.5366666666667,411.71622
2021-01-17 16:00:00,2.59805,2.5963333333333334,278.87166666666667,371.0859
2021-01-17 17:00:00,2.5030833333333335,2.5479333333333334,351.1716666666667,390.016725
2021-01-17 18:00:00,2.5053,2.56615,409.045,337.05311166666667
2021-01-17 19:00:00,2.5478,2.6018833333333333,366.60166666666663,326.8444616666667
2021-01-17 20:00:00,2.4974,2.5078,176.32666666666668,404.99975166666667
2021-01-17 21:00:00,2.35165,2.3761333333333337,285.0133333333333,398.46261166666665
2021-01-17 22:00:00,2.3480166666666666,2.3899166666666667,423.4483333333334,297.59541333333334
2021-01-17 23:00:00,2.4407666666666668,2.4787000000000003,425.7366666666667,261.90805666666665
2021-01-18 00:00:00,2.564316666666667,2.6011333333333337,428.3616666666667,209.93535
2021-01-18 01:00:00,2.70975,2.746866666666667,426.415,195.858175
2021-01-18 02:00:00,2.8489166666666668,2.8868666666666667,423.0,205.88684
2021-01-18 03:00:00,2.98845,3.0263666666666666,422.1933333333333,199.79520166666669
2021-01-18 04:00:00,3.1266000000000003,3.165233333333333,422.4533333333333,220.0704583333333
2021-01-18 05:00:00,3.236483333333333,3.2792833333333333,425.3933333333333,261.29596000000004
2021-01-18 06:00:00,3.3296833333333336,3.3733666666666666,426.62833333333333,287.6062483333333
2021-01-18 07:00:00,3.4071833333333337,3.45245,430.6166666666667,329.4304716666667
2021-01-18 08:00:00,3.4445666666666668,3.4910833333333335,436.37166666666667,359.35674666666665
2021-01-18 09:00:00,3.5033499999999997,3.5503333333333336,436.46500000000003,342.422165
2021-01-18 10:00:00,3.5434666666666668,3.5879166666666666,392.00333333333333,365.65391999999997
2021-01-18 11:00:00,3.5216166666666666,3.5309166666666667,240.47333333333333,357.497355
2021-01-18 12:00:00,3.42535,3.4305499999999998,234.47,392.05511
2021-01-18 13:00:00,3.322033333333333,3.3264333333333336,236.465,374.4074
2021-01-18 14:00:00,3.2380833333333334,3.2465166666666665,237.335,304.651985
2021-01-18 15:00:00,3.1944,3.204216666666667,236.19666666666666,291.7818016666667
2021-01-18 16:00:00,3.1574166666666668,3.167733333333333,238.63166666666666,284.20033166666667
2021-01-18 17:00:00,3.1071166666666667,3.1142166666666666,239.21833333333333,349.4438066666667
2021-01-18 18:00:00,3.0055166666666664,3.0058166666666666,240.41333333333333,436.02418833333337
2021-01-18 19:00:00,2.860666666666667,2.8572333333333333,233.57833333333335,430.3668783333333
2021-01-18 20:00:00,2.735383333333333,2.734183333333333,230.16,410.85681999999997
2021-01-18 21:00:00,2.589316666666667,2.5837833333333333,238.25666666666666,495.28856666666667
2021-01-18 22:00:00,2.4409666666666667,2.4543666666666666,261.56166666666667,346.9566733333333
2021-01-18 23:00:00,2.4175833333333334,2.4379833333333334,264.6666666666667,253.85273999999998
2021-01-19 00:00:00,2.4319166666666665,2.454833333333333,265.99833333333333,208.37956333333332
2021-01-19 01:00:00,2.4793499999999997,2.503516666666667,269.1116666666667,166.61870333333334
2021-01-19 02:00:00,2.5514666666666668,2.5763000000000003,319.78,153.84676833333333
2021-01-19 03:00:00,2.7685000000000004,2.7987666666666664,620.7266666666667,145.42632833333334
2021-01-19 04:00:00,3.071383333333333,3.1043499999999997,615.255,146.62868500000002
2021-01-19 05:00:00,3.363383333333333,3.399583333333333,615.45,171.26051666666666
2021-01-19 06:00:00,3.57485,3.60165,371.51500000000004,237.017435
2021-01-19 07:00:00,3.592966666666667,3.610866666666667,327.665,328.96320000000003
2021-01-19 08:00:00,3.594866666666667,3.613,325.625,313.13435833333335
2021-01-19 09:00:00,3.5856333333333335,3.6038833333333335,315.71500000000003,350.4573383333333
2021-01-19 10:00:00,3.4998666666666667,3.50755,168.54666666666665,350.1423383333333
2021-01-19 11:00:00,3.3929166666666664,3.3995,168.81833333333333,332.25224
2021-01-19 12:00:00,3.2672000000000003,3.2675833333333335,169.83333333333334,396.756785
2021-01-19 13:00:00,3.09435,3.08955,169.11666666666667,441.54518
2021-01-19 14:00:00,2.9169,2.9126333333333334,168.975,389.669765
2021-01-19 15:00:00,2.793833333333333,2.7970166666666665,168.65,315.26232
2021-01-19 16:00:00,2.6952333333333334,2.6997666666666666,203.05499999999998,308.14750833333335
2021-01-19 17:00:00,2.657566666666667,2.6953666666666667,378.65833333333336,354.4732616666667
2021-01-19 18:00:00,2.6631333333333336,2.7047166666666667,376.68,359.09618333333333
2021-01-19 19:00:00,2.674183333333333,2.7142166666666667,371.57166666666666,334.04046999999997
2021-01-19 20:00:00,2.6895666666666664,2.7292833333333335,369.1816666666667,327.68283333333335
2021-01-19 21:00:00,2.679333333333333,2.72065,368.7816666666667,415.910725
2021-01-19 22:00:00,2.6576,2.698066666666667,364.2966666666667,347.1194733333333
2021-01-19 23:00:00,2.710066666666667,2.7462999999999997,366.3283333333333,225.74701666666667
2021-01-20 00:00:00,2.792866666666667,2.8304833333333335,369.47833333333335,239.0997
2021-01-20 01:00:00,2.8826166666666664,2.91985,369.4633333333333,214.58722166666666
2021-01-20 02:00:00,2.9873166666666666,3.0247333333333333,373.14166666666665,185.53877833333334
2021-01-20 03:00:00,3.1094500000000003,3.14635,371.72,174.50183333333334
2021-01-20 04:00:00,3.2407,3.2782666666666667,370.89833333333337,169.97877
2021-01-20 05:00:00,3.3712500000000003,3.4095333333333335,374.61333333333334,161.17163666666664
2021-01-20 06:00:00,3.527416666666667,3.5497,523.5883333333334,211.06014166666668
2021-01-20 07:00:00,3.7834999999999996,3.7663333333333333,679.9300000000001,329.08746833333333
2021-01-20 08:00:00,3.8270333333333335,3.8832333333333335,272.62166666666667,376.90653000000003
2021-01-20 09:00:00,3.7087333333333334,3.7921,251.79166666666666,400.4822716666667
2021-01-20 10:00:00,3.6216500000000003,3.702116666666667,254.0,377.0633716666667
2021-01-20 11:00:00,3.5343,3.6140166666666667,254.26333333333332,383.10623666666663
2021-01-20 12:00:00,3.438083333333333,3.5192666666666668,253.645,396.019475
2021-01-20 13:00:00,3.3304666666666667,3.4112500000000003,254.38666666666668,390.7355833333333
2021-01-20 14:00:00,3.2798333333333334,3.348666666666667,254.57666666666668,284.66457166666663
2021-01-20 15:00:00,3.2577833333333337,3.3245999999999998,257.75166666666667,281.4810683333333
2021-01-20 16:00:00,3.230633333333333,3.3002499999999997,263.4916666666667,305.7934466666667
2021-01-20 17:00:00,3.1906499999999998,3.2625,263.055,319.87489999999997
2021-01-20 18:00:00,3.1173,3.1951166666666664,260.9533333333333,374.571495
2021-01-20 19:00:00,3.025916666666667,3.1060833333333333,259.195,393.34829666666667
2021-01-20 20:00:00,2.9551166666666666,3.0292166666666662,255.585,351.79292833333335
2021-01-20 21:00:00,2.8697,2.9461,247.19,388.91329
2021-01-20 22:00:00,2.7580833333333334,2.8355333333333332,243.8,393.48914833333333
2021-01-20 23:00:00,2.6874666666666664,2.75625,247.01333333333332,298.78619
2021-01-21 00:00:00,2.6666000000000003,2.7295666666666665,247.97,266.92086666666665
2021-01-21 01:00:00,2.66985,2.7275333333333336,251.3383333333333,213.50440166666667
2021-01-21 02:00:00,2.7095,2.7605500000000003,252.70333333333335,158.82129333333333
2021-01-21 03:00:00,2.7764333333333338,2.8259,252.4116666666667,140.80545833333332
2021-01-21 04:00:00,2.841716666666667,2.892866666666667,255.01833333333335,150.47185666666667
2021-01-21 05:00:00,2.9059166666666667,2.9569,257.2316666666667,155.08949333333334
2021-01-21 06:00:00,3.0490666666666666,3.189016666666667,681.3199999999999,205.98104166666664
2021-01-21 07:00:00,3.2839,3.4711833333333333,669.4666666666667,333.98972
2021-01-21 08:00:00,3.4557333333333333,3.5721333333333334,395.19,401.7781316666667
2021-01-21 09:00:00,3.421766666666667,3.44045,239.125,342.65203
2021-01-21 10:00:00,3.3495166666666667,3.366983333333333,238.50833333333333,357.2700566666666
2021-01-21 11:00:00,3.2533666666666665,3.2681833333333334,239.66,369.433965
2021-01-21 12:00:00,3.164633333333333,3.1797833333333334,239.02666666666667,374.76554000000004
2021-01-21 13:00:00,3.0570666666666666,3.0690166666666667,238.41666666666666,399.28619999999995
2021-01-21 14:00:00,2.9633499999999997,2.978083333333333,238.93333333333334,306.8332883333333
2021-01-21 15:00:00,2.9324833333333333,2.9501500000000003,237.48666666666668,260.6080166666667
2021-01-21 16:00:00,2.8943999999999996,2.9097166666666667,237.20833333333334,308.04229000000004
2021-01-21 17:00:00,2.8331166666666667,2.8476166666666667,236.765,342.48535
2021-01-21 18:00:00,2.75235,2.7643833333333334,236.05833333333334,372.8345483333333
2021-01-21 19:00:00,2.6363666666666665,2.6474166666666665,236.64,390.87769166666664
2021-01-21 20:00:00,2.5359333333333334,2.548216666666667,238.0883333333333,372.9165433333334
2021-01-21 21:00:00,2.4621500000000003,2.4767,302.2375,352.05115
2021-01-21 22:00:00,2.4984333333333333,2.5300833333333332,581.4300000000001,394.8275216666667
2021-01-21 23:00:00,2.6011,2.6043000000000003,432.5133333333333,333.13440499999996
2021-01-22 00:00:00,2.68735,2.688216666666667,410.76500000000004,215.26828333333333
2021-01-22 01:00:00,2.8278833333333333,2.8368166666666665,412.33,158.79765333333336
2021-01-22 02:00:00,2.9915333333333334,3.0005,412.6333333333333,164.39973999999998
2021-01-22 03:00:00,3.141383333333333,3.1509666666666667,409.49666666666667,168.84375333333335
2021-01-22 04:00:00,3.300616666666667,3.3162499999999997,404.92,137.78502500000002
2021-01-22 05:00:00,3.4684833333333334,3.4823333333333335,406.47833333333335,156.83141500000002
2021-01-22 06:00:00,3.6119499999999998,3.6231500000000003,405.56,201.65665666666666
2021-01-22 07:00:00,3.7226666666666666,3.7261666666666664,410.2083333333333,292.566175
2021-01-22 08:00:00,3.7626666666666666,3.7569333333333335,382.12333333333333,354.5274633333333
2021-01-22 09:00:00,3.70585,3.75635,229.14666666666665,321.83942
2021-01-22 10:00:00,3.645983333333333,3.699683333333333,232.345,290.19702666666666
2021-01-22 11:00:00,3.5946166666666666,3.6488500000000004,232.58333333333334,335.9949016666667
2021-01-22 12:00:00,3.4933666666666667,3.5519666666666665,231.63333333333333,392.11853499999995
2021-01-22 13:00:00,3.3590500000000003,3.421066666666667,230.38166666666666,441.96356833333334
2021-01-22 14:00:00,3.2487,3.3035833333333335,226.575,324.42529
2021-01-22 15:00:00,3.1805333333333334,3.2340666666666666,225.355,341.14136666666667
2021-01-22 16:00:00,3.077916666666667,3.13425,223.95499999999998,378.22776
2021-01-22 17:00:00,2.9770166666666666,3.0313333333333334,222.255,382.59689499999996
2021-01-22 18:00:00,2.85455,2.9096166666666665,222.20833333333334,358.40483333333333
2021-01-22 19:00:00,2.7758666666666665,2.8272166666666667,220.16833333333335,351.5662866666667
2021-01-22 20:00:00,2.689716666666667,2.7386833333333334,217.33166666666665,316.12224
2021-01-22 21:00:00,2.6216,2.6698999999999997,218.82833333333335,306.1061466666667
2021-01-22 22:00:00,2.5478666666666663,2.5983666666666663,223.45333333333335,363.77506166666666
2021-01-22 23:00:00,2.511083333333333,2.536083333333333,358.8233333333334,297.3775416666667
2021-01-23 00:00:00,2.5886,2.609583333333333,377.7066666666667,215.72148166666665
2021-01-23 01:00:00,2.7031,2.7243833333333334,376.23499999999996,171.22370666666666
2021-01-23 02:00:00,2.83885,2.8624333333333336,376.30833333333334,151.91052666666667
2021-01-23 03:00:00,2.9841166666666665,3.009183333333333,376.62833333333333,141.38068833333332
2021-01-23 04:00:00,3.136416666666667,3.161916666666667,377.72833333333335,137.84820166666668
2021-01-23 05:00:00,3.285433333333333,3.3113666666666663,377.89666666666665,151.8976966666667
2021-01-23 06:00:00,3.3996666666666666,3.4253333333333336,382.72833333333335,240.07177666666666
2021-01-23 07:00:00,3.4896333333333334,3.5031499999999998,450.07666666666665,292.39173666666665
2021-01-23 08:00:00,3.5371333333333337,3.558983333333333,348.87333333333333,359.2933683333333
2021-01-23 09:00:00,3.5040666666666667,3.5308333333333333,340.2,417.83255333333335
2021-01-23 10:00:00,3.4231666666666665,3.458583333333333,277.38666666666666,424.00345
2021-01-23 11:00:00,3.2707833333333336,3.329216666666667,216.21666666666667,441.78118166666667
2021-01-23 12:00:00,3.1206,3.1778666666666666,215.83666666666667,415.08231666666666
2021-01-23 13:00:00,2.9871,3.0432333333333332,216.76833333333335,406.88440499999996
2021-01-23 14:00:00,2.85405,2.908783333333333,216.91666666666666,388.58833166666665
2021-01-23 15:00:00,2.784383333333333,2.8310000000000004,215.25833333333333,275.57644
2021-01-23 16:00:00,2.7312833333333333,2.7794499999999998,214.2,299.46895166666667
2021-01-23 17:00:00,2.6615666666666664,2.71095,216.995,322.730385
2021-01-23 18:00:00,2.5881666666666665,2.6365166666666666,217.88833333333332,298.90131833333334
2021-01-23 19:00:00,2.5446833333333334,2.5900833333333333,214.495,269.15746
2021-01-23 20:00:00,2.490816666666667,2.5388333333333337,213.98166666666665,324.7131083333333
2021-01-23 21:00:00,2.410433333333333,2.4494166666666666,298.6933333333333,352.8095216666667
2021-01-23 22:00:00,2.410883333333333,2.4130833333333332,404.9,459.36401166666667
2021-01-23 23:00:00,2.3815,2.3862,408.25166666666667,392.24595500000004
2021-01-24 00:00:00,2.41025,2.4185166666666666,410.57666666666665,306.4641283333333
2021-01-24 01:00:00,2.444,2.451,411.9,268.31
2021-01-24 02:00:00,2.444,2.451,411.9,268.31
2021-01-24 03:00:00,2.444,2.451,411.9,268.31
2021-01-24 04:00:00,2.444,2.451,411.9,268.31
2021-01-24 05:00:00,2.444,2.451,411.9,268.31
2021-01-24 06:00:00,2.444,2.451,411.9,268.31
2021-01-24 07:00:00,2.444,2.451,411.9,268.31
2021-01-24 08:00:00,2.444,2.451,411.9,268.31
2021-01-24 09:00:00,3.29615,3.3278499999999998,327.4916666666667,363.21075
2021-01-24 10:00:00,3.3095333333333334,3.32865,306.14166666666665,315.79726500000004
2021-01-24 11:00:00,3.290783333333333,3.3083,306.3183333333333,358.783095
2021-01-24 12:00:00,3.2230333333333334,3.236816666666667,305.77000000000004,435.0608516666667
2021-01-24 13:00:00,3.1383666666666667,3.1517666666666666,308.375,422.6569583333333
2021-01-24 14:00:00,3.0473,3.059833333333333,308.51166666666666,421.37208166666665
2021-01-24 15:00:00,2.9710166666666664,2.9830833333333335,306.73499999999996,415.61726333333337
2021-01-24 16:00:00,2.8995,2.9120333333333335,301.93833333333333,386.19047166666667
2021-01-24 17:00:00,2.84165,2.8564166666666666,301.10833333333335,374.6227183333333
2021-01-24 18:00:00,2.7638000000000003,2.7754499999999998,302.4566666666667,422.44002166666667
2021-01-24 19:00:00,2.701716666666667,2.7163166666666667,301.2416666666667,346.33396999999997
2021-01-24 20:00:00,2.6772,2.6915166666666663,302.4866666666667,336.49033833333334
2021-01-24 21:00:00,2.63035,2.6437999999999997,307.31,366.2033566666667
2021-01-24 22:00:00,2.60175,2.61,298.525,313.83711166666666
2021-01-24 23:00:00,2.5973166666666665,2.6096,299.1566666666667,259.21228833333333
2021-01-25 00:00:00,2.6326666666666667,2.6479166666666667,301.64833333333337,203.17283
2021-01-25 01:00:00,2.71285,2.7291499999999997,303.9866666666667,157.39305833333336
2021-01-25 02:00:00,2.801,2.818433333333333,303.4816666666667,177.52652
2021-01-25 03:00:00,2.8661000000000003,2.8825833333333337,302.6983333333334,220.89838999999998
2021-01-25 04:00:00,2.94715,2.9781833333333334,427.02333333333337,184.97154666666665
2021-01-25 05:00:00,3.1247833333333332,3.1599999999999997,446.835,150.54212
2021-01-25 06:00:00,3.3044166666666666,3.3423000000000003,453.64833333333337,191.52795666666668
2021-01-25 07:00:00,3.4402,3.47135,498.1616666666667,316.02089166666667
2021-01-25 08:00:00,3.5069,3.548216666666667,438.51166666666666,376.41232
2021-01-25 09:00:00,3.542533333333333,3.5878500000000004,434.53499999999997,374.0103416666667
2021-01-25 10:00:00,3.5772833333333334,3.6223,424.95166666666665,372.01087333333334
2021-01-25 11:00:00,3.5180833333333337,3.551016666666667,253.07666666666668,471.003305
2021-01-25 12:00:00,3.3868333333333336,3.417933333333333,250.785,392.01464833333335
2021-01-25 13:00:00,3.2481666666666666,3.28245,101.22666666666667,375.88733333333334
2021-01-25 14:00:00,3.0901,3.1239666666666666,90.95166666666667,272.410615
2021-01-25 15:00:00,2.9611333333333336,2.9945999999999997,91.44666666666667,309.90824333333336
2021-01-25 16:00:00,2.7936,2.8253833333333334,91.86999999999999,334.9306066666667
2021-01-25 17:00:00,2.6297333333333333,2.6610500000000004,91.82666666666667,335.2563466666667
2021-01-25 18:00:00,2.5107,2.516566666666667,234.68166666666667,344.53717666666665
2021-01-25 19:00:00,2.459866666666667,2.439783333333333,291.93666666666667,383.84165666666667
2021-01-25 20:00:00,2.3996666666666666,2.38065,303.02166666666665,379.182055
2021-01-25 21:00:00,2.378033333333333,2.4249666666666667,450.1316666666667,388.48596166666664
2021-01-25 22:00:00,2.3568833333333337,2.3876333333333335,335.93666666666667,353.55866
2021-01-25 23:00:00,2.3804166666666666,2.4101333333333335,350.53,252.77343333333334
2021-01-26 00:00:00,2.4625166666666667,2.484183333333333,387.76166666666666,230.2003
2021-01-26 01:00:00,2.56855,2.5917666666666666,387.82,203.364
2021-01-26 02:00:00,2.69055,2.7136833333333334,389.50166666666667,188.16458
2021-01-26 03:00:00,2.8291,2.852533333333333,390.0083333333333,146.46652
2021-01-26 04:00:00,2.9871,3.0132333333333334,390.01500000000004,141.81404833333332
2021-01-26 05:00:00,3.1797,3.2314833333333337,606.3833333333333,146.7545166666667
2021-01-26 06:00:00,3.509516666666667,3.5869333333333335,714.24,188.33923666666666
2021-01-26 07:00:00,3.7797666666666667,3.8458666666666668,520.2716666666666,333.1846066666667
2021-01-26 08:00:00,3.8034833333333333,3.8156833333333333,291.595,363.35223833333333
2021-01-26 09:00:00,3.74915,3.7594833333333333,287.445,342.53421333333335
2021-01-26 10:00:00,3.7182166666666663,3.7321166666666667,281.03499999999997,312.56083333333333
2021-01-26 11:00:00,3.6569833333333337,3.6633166666666668,283.87166666666667,430.900215
2021-01-26 12:00:00,3.5546333333333333,3.5602666666666662,283.9616666666667,388.6447133333333
2021-01-26 13:00:00,3.5101500000000003,3.5221,280.6683333333333,297.3292866666667
2021-01-26 14:00:00,3.504183333333333,3.51705,289.46,278.28042166666665
2021-01-26 15:00:00,3.5058999999999996,3.517933333333333,290.80333333333334,283.69397000000004
2021-01-26 16:00:00,3.5059166666666663,3.5191500000000002,288.57666666666665,270.4094083333333
2021-01-26 17:00:00,3.497183333333333,3.5074666666666667,282.44,326.4522666666666
2021-01-26 18:00:00,3.443366666666667,3.4509666666666665,275.4633333333333,383.99497833333334
2021-01-26 19:00:00,3.3468333333333335,3.3535,215.42999999999998,402.50784333333337
2021-01-26 20:00:00,3.1554833333333336,3.17595,20.418333333333333,356.08312166666667
2021-01-26 21:00:00,2.8962166666666667,2.9128666666666665,31.136666666666667,488.0538016666667
2021-01-26 22:00:00,2.738783333333333,2.6889666666666665,337.6066666666667,387.43081666666666
2021-01-26 23:00:00,2.7276499999999997,2.6755833333333334,346.93,303.8932566666666
2021-01-27 00:00:00,2.77375,2.7416,345.34000000000003,200.63379
2021-01-27 01:00:00,2.8406499999999997,2.8665666666666665,305.4183333333333,155.21313666666668
2021-01-27 02:00:00,2.9386,2.9679333333333333,300.67833333333334,135.8064633333333
2021-01-27 03:00:00,3.0498499999999997,3.079133333333333,363.1316666666667,127.74880833333333
2021-01-27 04:00:00,3.273416666666667,3.289833333333333,532.5133333333333,137.72534499999998
2021-01-27 05:00:00,3.5252499999999998,3.5450833333333334,532.2716666666666,143.496385
2021-01-27 06:00:00,3.7599,3.7798333333333334,463.89000000000004,191.03772333333333
2021-01-27 07:00:00,3.79135,3.8048833333333336,216.3,330.20031166666666
2021-01-27 08:00:00,3.70765,3.720066666666667,213.715,329.0212116666667
2021-01-27 09:00:00,3.63135,3.644433333333333,212.22333333333333,309.03065499999997
2021-01-27 10:00:00,3.5563000000000002,3.567833333333333,213.06166666666667,342.021565
2021-01-27 11:00:00,3.4561333333333333,3.4640166666666667,213.26333333333332,388.107395
2021-01-27 12:00:00,3.3262,3.3321666666666667,207.58333333333334,386.5485533333333
2021-01-27 13:00:00,3.210466666666667,3.2184166666666667,208.88666666666668,361.33800499999995
2021-01-27 14:00:00,3.10695,3.1157,210.075,349.47039
2021-01-27 15:00:00,3.0195999999999996,3.0297833333333335,210.41,329.85562500000003
2021-01-27 16:00:00,2.9343,2.9472,244.75166666666667,355.391095
2021-01-27 17:00:00,2.8548,2.8782166666666664,335.52166666666665,360.1053333333333
2021-01-27 18:00:00,2.879966666666667,2.94865,488.4116666666667,344.23625333333337
2021-01-27 19:00:00,2.9345833333333333,3.0135,355.935,328.12754666666666
2021-01-27 20:00:00,2.9163,3.0088333333333335,343.6683333333333,398.31792
2021-01-27 21:00:00,2.8552000000000004,2.9520833333333334,336.45,386.06153166666667
2021-01-27 22:00:00,2.8581,2.9059166666666667,276.62833333333333,288.44414666666665
2021-01-27 23:00:00,2.853916666666667,2.8951,277.0133333333333,253.3933966666667
2021-01-28 00:00:00,2.8761666666666668,2.9168499999999997,279.165,210.28259
2021-01-28 01:00:00,2.942333333333333,2.9794666666666667,278.7966666666667,155.299815
2021-01-28 02:00:00,3.0247333333333333,3.0613,278.72999999999996,140.74254666666667
2021-01-28 03:00:00,3.1141833333333335,3.1508833333333333,279.48333333333335,141.84770333333333
2021-01-28 04:00:00,3.21665,3.2641333333333336,376.88666666666666,151.19924
2021-01-28 05:00:00,3.3641,3.4119666666666664,377.4316666666667,155.072445
2021-01-28 06:00:00,3.49725,3.552783333333333,390.79,197.58872000000002
2021-01-28 07:00:00,3.5749333333333335,3.6388833333333332,345.50166666666667,320.983165
2021-01-28 08:00:00,3.4946166666666665,3.5255666666666667,192.27666666666667,448.84848666666664
2021-01-28 09:00:00,3.3339166666666666,3.3622333333333336,194.92000000000002,411.18509
2021-01-28 10:00:00,3.1926833333333335,3.2203,191.98333333333332,375.38129833333335
2021-01-28 11:00:00,3.0696,3.0953999999999997,190.79166666666666,379.28978333333333
2021-01-28 12:00:00,2.9116500000000003,2.9410000000000003,244.845,434.65077
2021-01-28 13:00:00,2.8664666666666667,2.9216333333333333,366.34666666666664,293.2337833333333
2021-01-28 14:00:00,2.9109166666666666,2.9641,329.675,285.043805
2021-01-28 15:00:00,2.8944166666666664,2.9310166666666664,170.76833333333335,262.2351483333333
2021-01-28 16:00:00,2.8152666666666666,2.8525833333333335,170.15166666666667,289.9236116666667
2021-01-28 17:00:00,2.7363166666666667,2.773483333333333,170.04,284.38730000000004
2021-01-28 18:00:00,2.6584999999999996,2.6945166666666664,170.02166666666665,279.9096416666667
2021-01-28 19:00:00,2.5786666666666664,2.61695,214.56666666666666,336.4286583333333
2021-01-28 20:00:00,2.4689166666666664,2.5098,236.14333333333335,394.18793
2021-01-28 21:00:00,2.3659166666666667,2.403,251.72,415.0877116666667
2021-01-28 22:00:00,2.277733333333333,2.2977166666666666,302.565,425.25153500000005
2021-01-28 23:00:00,2.1986833333333333,2.217033333333333,308.31333333333333,350.44450666666665
2021-01-29 00:00:00,2.21315,2.2356333333333334,309.35166666666663,235.55305
2021-01-29 01:00:00,2.2678833333333333,2.2915833333333335,310.805,200.55863833333333
2021-01-29 02:00:00,2.3497166666666667,2.3746,314.27833333333336,151.23905166666665
2021-01-29 03:00:00,2.4611500000000004,2.4868,314.2433333333333,136.28099333333333
2021-01-29 04:00:00,2.6754166666666666,2.692416666666667,663.3116666666666,134.25375666666667
2021-01-29 05:00:00,3.0571333333333333,3.07335,737.075,153.92019666666667
2021-01-29 06:00:00,3.41895,3.4339,736.4883333333333,205.07251333333335
2021-01-29 07:00:00,3.72735,3.73565,725.3233333333334,330.8041983333333
2021-01-29 08:00:00,3.7409666666666666,3.7889333333333335,175.11333333333332,385.26570833333335
2021-01-29 09:00:00,3.6196166666666665,3.6757166666666667,183.79500000000002,323.7539033333333
2021-01-29 10:00:00,3.5458333333333334,3.5992333333333333,182.91666666666666,272.112335
2021-01-29 11:00:00,3.4666833333333336,3.522583333333333,183.44333333333333,334.06005833333336
2021-01-29 12:00:00,3.341716666666667,3.4,184.17333333333332,381.6573383333333
2021-01-29 13:00:00,3.2081999999999997,3.26285,221.98666666666668,377.7254566666667
2021-01-29 14:00:00,3.210566666666667,3.2430499999999998,397.59000000000003,289.77052333333336
2021-01-29 15:00:00,3.259783333333333,3.291933333333333,397.35999999999996,333.504895
2021-01-29 16:00:00,3.2861833333333332,3.31885,394.8833333333333,371.35196
2021-01-29 17:00:00,3.2853833333333333,3.3179333333333334,396.3316666666667,360.82545500000003
2021-01-29 18:00:00,3.309816666666667,3.34245,395.77666666666664,378.65934833333336
2021-01-29 19:00:00,3.301733333333333,3.3391333333333337,358.2933333333333,389.74061333333333
2021-01-29 20:00:00,3.230166666666667,3.2947333333333333,269.26166666666666,346.07641333333333
2021-01-29 21:00:00,3.18925,3.2506333333333335,263.3366666666667,315.33842833333335
2021-01-29 22:00:00,3.128233333333333,3.1948999999999996,263.24666666666667,372.76124999999996
2021-01-29 23:00:00,3.0787833333333334,3.13455,278.5516666666666,261.0162266666667
2021-01-30 00:00:00,3.1140833333333333,3.161983333333333,280.94,207.95990666666665
2021-01-30 01:00:00,3.161283333333333,3.2078333333333333,280.5883333333333,179.92476166666665
2021-01-30 02:00:00,3.2371,3.2806166666666665,281.975,147.55941666666666
2021-01-30 03:00:00,3.3234500000000002,3.3670833333333334,283.82,136.12060166666666
2021-01-30 04:00:00,3.41635,3.4605166666666665,284.05833333333334,133.271085
2021-01-30 05:00:00,3.50535,3.5498499999999997,280.23833333333334,144.45117
2021-01-30 06:00:00,3.5812666666666666,3.6279666666666666,282.17,163.95388833333334
2021-01-30 07:00:00,3.6299333333333332,3.681966666666667,281.67333333333335,252.07774166666667
2021-01-30 08:00:00,3.578416666666667,3.6406666666666667,280.15999999999997,402.52838833333334
2021-01-30 09:00:00,3.5067166666666667,3.5672333333333333,282.615,365.821705
2021-01-30 10:00:00,3.4371333333333336,3.500783333333333,292.055,399.6131433333333
2021-01-30 11:00:00,3.35525,3.4188166666666664,289.04833333333335,394.075315
2021-01-30 12:00:00,3.2731666666666666,3.3375333333333335,289.1166666666667,409.52648000000005
2021-01-30 13:00:00,3.1747666666666663,3.2390666666666665,287.495,437.350435
2021-01-30 14:00:00,3.0960666666666667,3.1559166666666667,288.12666666666667,355.02093833333333
2021-01-30 15:00:00,3.0161000000000002,3.08135,228.10166666666666,390.267405
2021-01-30 16:00:00,2.914266666666667,2.978283333333333,221.68333333333334,324.69448666666665
2021-01-30 17:00:00,2.8436166666666667,2.9069,222.27166666666665,327.06978833333335
2021-01-30 18:00:00,2.7742,2.8371,221.79666666666665,318.92546000000004
2021-01-30 19:00:00,2.713,2.7712,219.02,310.30375166666664
2021-01-30 20:00:00,2.6132166666666667,2.679666666666667,216.60833333333332,390.70908
2021-01-30 21:00:00,2.49385,2.5601833333333333,218.0883333333333,402.5370633333333
2021-01-30 22:00:00,2.3714166666666667,2.42765,308.5466666666667,415.913205
2021-01-30 23:00:00,2.4015833333333334,2.4136333333333337,441.4566666666667,317.447
2021-01-31 00:00:00,2.5049,2.5184333333333333,446.795,248.91384333333332
2021-01-31 01:00:00,2.6247666666666665,2.6523166666666667,378.8566666666667,190.42878666666667
2021-01-31 02:00:00,2.7505,2.7794666666666665,375.99,167.91499166666665
2021-01-31 03:00:00,2.8848833333333332,2.914216666666667,374.92833333333334,157.96631
2021-01-31 04:00:00,3.0240333333333336,3.0557666666666665,375.22666666666663,151.53353666666666
2021-01-31 05:00:00,3.1606333333333336,3.193233333333333,376.93,176.98650833333335
2021-01-31 06:00:00,3.3038000000000003,3.3338666666666668,456.6666666666667,171.74416166666666
2021-01-31 07:00:00,3.4898666666666665,3.519833333333333,521.7966666666666,278.485815
2021-01-31 08:00:00,3.6105666666666667,3.6385333333333336,508.705,357.69689
2021-01-31 09:00:00,3.68205,3.709683333333333,508.19166666666666,409.1007466666667
2021-01-31 10:00:00,3.7427,3.766966666666667,453.28333333333336,387.6906866666667
2021-01-31 11:00:00,3.75025,3.7565999999999997,355.1633333333333,400.89463333333333
2021-01-31 12:00:00,3.67615,3.6732333333333336,352.81,490.3448783333333
2021-01-31 13:00:00,3.5798,3.57535,357.22666666666663,494.77285333333333
2021-01-31 14:00:00,3.5028,3.5016166666666666,358.9316666666667,413.48840333333334
2021-01-31 15:00:00,3.466066666666667,3.4681,356.2083333333333,386.9811983333333
2021-01-31 16:00:00,3.4610166666666666,3.46855,356.935,308.3966833333333
2021-01-31 17:00:00,3.4774666666666665,3.485766666666667,297.055,349.27045333333336
2021-01-31 18:00:00,3.339116666666667,3.3602333333333334,102.04833333333333,369.2003716666667
2021-01-31 19:00:00,3.1774833333333334,3.1998,102.075,337.30995666666666
2021-01-31 20:00:00,3.0055166666666664,3.0261333333333336,97.81166666666667,373.68417666666664
2021-01-31 21:00:00,2.816216666666667,2.8374,113.31166666666667,395.27581166666664
2021-01-31 22:00:00,2.6530833333333335,2.688,298.03,394.3879283333333
2021-01-31 23:00:00,2.6979166666666665,2.7121833333333334,478.435,323.7863033333333
2021-02-01 00:00:00,2.7878833333333333,2.802916666666667,480.8,332.54223333333334
2021-02-01 01:00:00,2.8960166666666667,2.913616666666667,480.97,266.074675
2021-02-01 02:00:00,3.0393666666666665,3.052,363.67333333333335,161.71104
2021-02-01 03:00:00,3.1576833333333334,3.168133333333333,335.805,147.802995
2021-02-01 04:00:00,3.2757,3.2876333333333334,335.30833333333334,150.23086333333333
2021-02-01 05:00:00,3.3876,3.39935,333.8233333333334,167.25418499999998
2021-02-01 06:00:00,3.483433333333333,3.4918666666666667,332.4116666666667,215.70401333333334
2021-02-01 07:00:00,3.5239666666666665,3.5191666666666666,333.8183333333333,330.73393833333336
2021-02-01 08:00:00,3.490616666666667,3.475283333333333,332.5366666666667,436.386265
2021-02-01 09:00:00,3.4254166666666666,3.4141,323.3233333333334,353.1380433333333
2021-02-01 10:00:00,3.4240166666666667,3.4222333333333332,323.4166666666667,289.99942333333337
2021-02-01 11:00:00,3.4303166666666667,3.4257,322.37833333333333,326.7711366666666
2021-02-01 12:00:00,3.3939999999999997,3.3807666666666667,321.89833333333337,403.3820983333333
2021-02-01 13:00:00,3.35705,3.34905,317.46666666666664,315.9192033333333
2021-02-01 14:00:00,3.3662,3.3628500000000003,320.06166666666667,295.64299833333337
2021-02-01 15:00:00,3.3852333333333333,3.38435,322.0933333333333,254.58700833333333
2021-02-01 16:00:00,3.395,3.3861,324.76,366.04138333333333
2021-02-01 17:00:00,3.3641,3.355766666666667,313.8333333333333,351.211355
2021-02-01 18:00:00,3.3271333333333333,3.31865,291.28,369.7581333333334
2021-02-01 19:00:00,3.1630166666666666,3.19,129.29833333333332,451.3996833333333
2021-02-01 20:00:00,2.9806166666666667,3.0147166666666667,156.84,357.36229000000003
2021-02-01 21:00:00,2.8472333333333335,2.8810166666666666,188.83166666666665,351.4168816666667
2021-02-01 22:00:00,2.7783666666666664,2.8498666666666663,355.8283333333333,342.3133366666667
2021-02-01 23:00:00,2.8058833333333335,2.8733,359.525,272.64878500000003
2021-02-02 00:00:00,2.884716666666667,2.9444833333333333,361.12666666666667,205.31428
2021-02-02 01:00:00,3.0037833333333332,3.0578999999999996,357.9266666666666,152.35251333333332
2021-02-02 02:00:00,3.141116666666667,3.1972333333333336,359.45166666666665,132.31290666666666
2021-02-02 03:00:00,3.2864500000000003,3.34315,361.12833333333333,136.26276
2021-02-02 04:00:00,3.3956333333333335,3.4507833333333333,263.46,124.49316333333333
2021-02-02 05:00:00,3.4871833333333333,3.546766666666667,279.5,140.242155
2021-02-02 06:00:00,3.5520333333333336,3.614616666666667,281.56166666666667,214.08759833333335
2021-02-02 07:00:00,3.5505833333333334,3.6283000000000003,302.2566666666667,341.21456166666667
2021-02-02 08:00:00,3.5395499999999998,3.5994,390.10499999999996,354.76603666666665
2021-02-02 09:00:00,3.574883333333333,3.6280833333333335,385.5783333333333,319.26678333333336
2021-02-02 10:00:00,3.6129666666666664,3.667733333333333,384.87,332.18657333333334
2021-02-02 11:00:00,3.5625333333333336,3.6114166666666665,164.94666666666666,380.05658500000004
2021-02-02 12:00:00,3.4108666666666667,3.455633333333333,135.29333333333335,364.26478000000003
2021-02-02 13:00:00,3.2503333333333333,3.2937999999999996,135.48,372.86001833333336
2021-02-02 14:00:00,3.1016833333333333,3.14345,135.53166666666667,332.21002166666665
2021-02-02 15:00:00,2.9724833333333334,3.0129500000000005,135.20333333333332,317.282105
2021-02-02 16:00:00,2.83995,2.88055,135.87166666666667,320.51671
2021-02-02 17:00:00,2.7433833333333335,2.781833333333333,138.11666666666667,281.86404166666665
2021-02-02 18:00:00,2.6227666666666667,2.6631833333333335,137.82999999999998,328.17034500000005
2021-02-02 19:00:00,2.472,2.5134499999999997,138.07333333333332,381.2755416666667
2021-02-02 20:00:00,2.3453500000000003,2.3819500000000002,172.32333333333332,282.86241
2021-02-02 21:00:00,2.2951166666666665,2.3207166666666668,250.9,359.304355
2021-02-02 22:00:00,2.2284333333333337,2.2361,345.35333333333335,378.23294833333335
2021-02-02 23:00:00,2.2520666666666664,2.25455,379.68,284.90168
2021-02-03 00:00:00,2.339716666666667,2.348716666666667,386.34000000000003,186.49146166666665
2021-02-03 01:00:00,2.4827166666666667,2.4971,389.7883333333333,147.41596166666668
2021-02-03 02:00:00,2.64175,2.6566166666666664,388.19666666666666,133.74486166666668
2021-02-03 03:00:00,2.80845,2.8245666666666667,390.4866666666667,129.01602333333332
2021-02-03 04:00:00,3.0080999999999998,3.0095666666666667,502.34833333333336,130.36333166666665
2021-02-03 05:00:00,3.2799,3.2703333333333333,556.0683333333333,156.887
2021-02-03 06:00:00,3.5164666666666666,3.5031666666666665,549.4133333333334,220.61294333333333
2021-02-03 07:00:00,3.6831666666666667,3.650716666666667,541.4233333333334,378.53103
2021-02-03 08:00:00,3.6989,3.7120166666666665,372.935,411.75599666666665
2021-02-03 09:00:00,3.6186333333333334,3.685016666666667,309.60333333333335,375.27973000000003
2021-02-03 10:00:00,3.5878666666666663,3.6497666666666664,307.205,337.2098766666667
2021-02-03 11:00:00,3.5484500000000003,3.6126333333333336,307.7933333333333,353.917985
2021-02-03 12:00:00,3.542266666666667,3.6004833333333335,309.28333333333336,284.9184483333333
2021-02-03 13:00:00,3.5345166666666668,3.5851166666666665,234.79166666666666,320.6951183333333
2021-02-03 14:00:00,3.4552166666666664,3.479633333333333,131.06166666666667,281.60175499999997
2021-02-03 15:00:00,3.3301666666666665,3.3518499999999998,131.06333333333333,360.17691
2021-02-03 16:00:00,3.166933333333333,3.1873833333333335,130.595,347.29755166666666
2021-02-03 17:00:00,3.0266333333333337,3.046683333333333,130.96833333333333,325.03274166666665
2021-02-03 18:00:00,2.898616666666667,2.923283333333333,173.77666666666667,330.44594666666666
2021-02-03 19:00:00,2.7928833333333336,2.842566666666667,266.6433333333333,369.3867283333333
2021-02-03 20:00:00,2.7303166666666665,2.7777666666666665,263.12833333333333,341.6956016666666
2021-02-03 21:00:00,2.6857166666666665,2.7326333333333332,268.21833333333336,340.8741583333333
2021-02-03 22:00:00,2.6534,2.6835999999999998,361.0466666666667,361.25017833333334
2021-02-03 23:00:00,2.6718333333333333,2.6988166666666666,351.76500000000004,278.229195
2021-02-04 00:00:00,2.7294666666666667,2.7569,358.27166666666665,236.9935
2021-02-04 01:00:00,2.81855,2.846883333333333,357.8883333333333,183.8927
2021-02-04 02:00:00,2.9509833333333333,2.97965,358.9683333333333,130.00686666666667
2021-02-04 03:00:00,3.10085,3.1302000000000003,359.01,120.59086
2021-02-04 04:00:00,3.25275,3.2834,360.53333333333336,122.288825
2021-02-04 05:00:00,3.397266666666667,3.4300333333333333,352.8383333333333,148.14776333333333
2021-02-04 06:00:00,3.503916666666667,3.5379833333333335,347.935,217.13491666666667
2021-02-04 07:00:00,3.55545,3.5751666666666666,452.6333333333333,368.42497000000003
2021-02-04 08:00:00,3.6452833333333334,3.645366666666667,412.99666666666667,354.78853499999997
2021-02-04 09:00:00,3.5678666666666667,3.5986166666666666,199.29500000000002,346.9314316666667
2021-02-04 10:00:00,3.44945,3.4786833333333336,198.23333333333332,393.645245
2021-02-04 11:00:00,3.347266666666667,3.3771666666666667,199.55833333333334,285.21373500000004
2021-02-04 12:00:00,3.283,3.31265,202.965,292.49944166666666
2021-02-04 13:00:00,3.216933333333333,3.2460333333333335,202.1,309.4376216666667
2021-02-04 14:00:00,3.141316666666667,3.170533333333333,202.82999999999998,270.19358666666665
2021-02-04 15:00:00,3.094733333333333,3.1253499999999996,204.32000000000002,276.2828633333333
2021-02-04 16:00:00,3.0405333333333333,3.0695166666666664,207.24666666666664,296.71493833333335
2021-02-04 17:00:00,2.9466666666666668,2.9745833333333334,204.63500000000002,382.267805
2021-02-04 18:00:00,2.8215500000000002,2.850016666666667,203.075,368.24989166666666
2021-02-04 19:00:00,2.7005333333333335,2.7281833333333334,202.19500000000002,387.07568333333336
2021-02-04 20:00:00,2.579066666666667,2.606133333333333,201.56,362.61642333333333
2021-02-04 21:00:00,2.4570333333333334,2.4823166666666667,199.9633333333333,405.51750333333337
2021-02-04 22:00:00,2.3259666666666665,2.351516666666667,197.82166666666666,357.83987333333334
2021-02-04 23:00:00,2.2828500000000003,2.2945833333333336,403.73499999999996,311.56911
2021-02-05 00:00:00,2.415716666666667,2.4242833333333333,448.0783333333333,182.3850833333333
2021-02-05 01:00:00,2.5945166666666664,2.60795,460.71,150.81142499999999
2021-02-05 02:00:00,2.8035833333333335,2.8190666666666666,463.56666666666666,131.337705
2021-02-05 03:00:00,3.0115166666666666,3.0279833333333332,458.7,130.757505
2021-02-05 04:00:00,3.2228,3.241433333333333,456.7916666666667,144.71611
2021-02-05 05:00:00,3.4101500000000002,3.42985,450.26,146.597645
2021-02-05 06:00:00,3.5988666666666664,3.6179833333333336,445.8333333333333,192.06730000000002
2021-02-05 07:00:00,3.6535333333333333,3.6658166666666667,249.15666666666667,319.61052166666667
2021-02-05 08:00:00,3.59235,3.602,249.43166666666667,330.97677333333337
2021-02-05 09:00:00,3.54315,3.55465,247.62333333333333,313.56564499999996
2021-02-05 10:00:00,3.49655,3.5085166666666665,247.125,296.7039033333333
2021-02-05 11:00:00,3.4336363636363636,3.442127272727273,237.84363636363636,327.94864727272727
2021-02-05 12:00:00,3.3666666666666667,3.3718833333333333,247.585,375.54486166666663
2021-02-05 13:00:00,3.26485,3.2658,246.27666666666667,413.89049666666665
2021-02-05 14:00:00,3.1489666666666665,3.1513666666666666,255.535,417.57713500000006
2021-02-05 15:00:00,3.0442166666666663,3.0510333333333337,263.225,355.39629833333333
2021-02-05 16:00:00,2.9993666666666665,3.0102666666666664,263.485,309.28093
2021-02-05 17:00:00,2.9606166666666667,2.9721333333333333,261.92333333333335,314.6263183333333
2021-02-05 18:00:00,2.922816666666667,2.9335999999999998,260.425,320.4899833333333
2021-02-05 19:00:00,2.8762499999999998,2.8864333333333336,260.435,332.41601833333334
2021-02-05 20:00:00,2.826916666666667,2.8358,261.65,300.3603033333333
2021-02-05 21:00:00,2.793066666666667,2.8058833333333335,271.17833333333334,301.90139833333336
2021-02-05 22:00:00,2.78275,2.8038499999999997,284.775,297.17983666666663
2021-02-05 23:00:00,2.77245,2.794366666666667,291.1983333333334,255.70874333333333
2021-02-06 00:00:00,2.8209833333333334,2.84465,293.4683333333333,194.09859666666668
2021-02-06 01:00:00,2.8810166666666666,2.9051,290.4133333333333,173.76422666666667
2021-02-06 02:00:00,2.9673666666666665,2.9937166666666664,287.84666666666664,154.58118833333336
2021-02-06 03:00:00,3.0273833333333333,3.0519000000000003,289.47166666666664,202.48794833333335
2021-02-06 04:00:00,3.0886333333333336,3.1145333333333336,287.7883333333333,195.55644833333332
2021-02-06 05:00:00,3.1440333333333332,3.16975,288.89666666666665,189.72776833333333
2021-02-06 06:00:00,3.21555,3.2427166666666665,290.0783333333333,164.72744999999998
2021-02-06 07:00:00,3.29125,3.3345333333333333,433.87833333333333,255.91054666666665
2021-02-06 08:00:00,3.4047,3.4941666666666666,592.4083333333333,369.7837783333333
2021-02-06 09:00:00,3.535083333333333,3.6281499999999998,583.0866666666666,399.58637
2021-02-06 10:00:00,3.636816666666667,3.7182833333333334,468.8433333333333,390.6199183333334
2021-02-06 11:00:00,3.635283333333333,3.6502166666666667,258.7966666666667,361.16950833333334
2021-02-06 12:00:00,3.56735,3.58105,257.44,387.2457033333333
2021-02-06 13:00:00,3.4698166666666665,3.4818833333333337,256.6666666666667,347.7056283333333
2021-02-06 14:00:00,3.426533333333333,3.4417833333333334,257.86333333333334,307.75345333333337
2021-02-06 15:00:00,3.3725,3.3849500000000003,257.47999999999996,354.24046333333337
2021-02-06 16:00:00,3.3108500000000003,3.3233,258.3983333333333,345.11269833333336
2021-02-06 17:00:00,3.259,3.2727,257.36,310.70060333333333
2021-02-06 18:00:00,3.203333333333333,3.222933333333333,207.515,322.252795
2021-02-06 19:00:00,3.0736333333333334,3.1117500000000002,135.48,362.84977999999995
2021-02-06 20:00:00,2.9079833333333336,2.94695,135.805,365.67744000000005
2021-02-06 21:00:00,2.7550000000000003,2.7986999999999997,212.11666666666667,398.61245833333334
2021-02-06 22:00:00,2.6879333333333335,2.715033333333333,295.87333333333333,361.83883
2021-02-06 23:00:00,2.649916666666667,2.6763333333333335,298.2883333333333,298.23404833333336
2021-02-07 00:00:00,2.6742833333333333,2.7011666666666665,300.705,231.707625
2021-02-07 01:00:00,2.7390499999999998,2.7656833333333335,300.8683333333333,157.99110333333334
2021-02-07 02:00:00,2.8305166666666666,2.8575166666666667,297.68666666666667,146.88810999999998
2021-02-07 03:00:00,2.9336166666666665,2.9634333333333336,321.06666666666666,124.49513833333334
2021-02-07 04:00:00,3.124083333333333,3.186383333333333,549.0566666666667,121.78784333333333
2021-02-07 05:00:00,3.398816666666667,3.465616666666667,555.6266666666667,128.453145
2021-02-07 06:00:00,3.6665166666666664,3.73375,546.8116666666666,147.99846833333334
2021-02-07 07:00:00,3.840533333333333,3.8705333333333334,221.72166666666666,200.62543333333332
2021-02-07 08:00:00,3.7882000000000002,3.7902,145.785,325.77642833333334
2021-02-07 09:00:00,3.6473500000000003,3.6421,145.75166666666667,341.09265500000004
2021-02-07 10:00:00,3.5269666666666666,3.523283333333333,145.05833333333334,358.80163166666665
2021-02-07 11:00:00,3.3658333333333332,3.3545833333333333,144.51000000000002,396.137385
2021-02-07 12:00:00,3.19215,3.181433333333333,143.43333333333334,413.73409833333335
2021-02-07 13:00:00,2.9881,2.9685166666666665,143.10166666666666,475.94514
2021-02-07 14:00:00,2.76995,2.7503499999999996,142.53,433.99863999999997
2021-02-07 15:00:00,2.5916833333333336,2.578883333333333,141.345,368.46792666666664
2021-02-07 16:00:00,2.4612166666666666,2.454916666666667,140.16666666666666,292.23549333333335
2021-02-07 17:00:00,2.3442833333333337,2.3333999999999997,140.36833333333334,373.25759666666664
2021-02-07 18:00:00,2.1753500000000003,2.1609166666666666,141.55499999999998,363.59319666666664
2021-02-07 19:00:00,2.0490833333333334,2.0443166666666666,152.61166666666668,305.76848333333334
2021-02-07 20:00:00,2.19355,2.2187333333333332,737.05,323.81629
2021-02-07 21:00:00,2.414733333333333,2.4301000000000004,528.5266666666666,319.67251000000005
2021-02-07 22:00:00,2.4654833333333332,2.5167166666666665,293.10333333333335,278.417015
2021-02-07 23:00:00,2.475416666666667,2.5302333333333333,293.59666666666664,222.7768583333333
2021-02-08 00:00:00,2.540216666666667,2.588716666666667,293.97833333333335,202.66657500000002
2021-02-08 01:00:00,2.5757499999999998,2.628333333333333,294.20166666666665,239.611025
2021-02-08 02:00:00,2.6405833333333333,2.6807000000000003,413.07,225.75252666666665
2021-02-08 03:00:00,2.8614666666666664,2.8699166666666667,577.7866666666666,190.72496833333335
2021-02-08 04:00:00,3.0966333333333336,3.1026000000000002,579.4050000000001,221.88207500000001
2021-02-08 05:00:00,3.337216666666667,3.3501333333333334,566.51,157.73947
2021-02-08 06:00:00,3.555633333333333,3.5839166666666666,446.34666666666664,201.2436966666667
2021-02-08 07:00:00,3.6546333333333334,3.6818166666666667,382.0466666666667,321.42896833333333
2021-02-08 08:00:00,3.6662166666666667,3.6700999999999997,352.5883333333333,363.18048999999996
2021-02-08 09:00:00,3.655533333333333,3.6615333333333333,337.225,328.33284833333335
2021-02-08 10:00:00,3.6501499999999996,3.664933333333333,309.6983333333334,312.794845
2021-02-08 11:00:00,3.6266000000000003,3.6380666666666666,314.34166666666664,352.87372166666665
2021-02-08 12:00:00,3.6122500000000004,3.6265666666666667,312.78499999999997,317.0902033333333
2021-02-08 13:00:00,3.5553166666666667,3.58585,201.98999999999998,323.49183
2021-02-08 14:00:00,3.4773833333333335,3.5111666666666665,199.52333333333334,300.955515
2021-02-08 15:00:00,3.3968833333333333,3.4383666666666666,148.50166666666667,309.50558333333333
2021-02-08 16:00:00,3.2555666666666667,3.3023000000000002,138.90833333333333,347.7484166666666
2021-02-08 17:00:00,3.1121166666666666,3.1584166666666667,139.16,364.18156999999997
2021-02-08 18:00:00,2.963083333333333,3.0085166666666665,138.765,346.9034183333333
2021-02-08 19:00:00,2.8063833333333337,2.8518499999999998,137.88333333333333,401.98931166666665
2021-02-08 20:00:00,2.6283666666666665,2.6755166666666668,136.63166666666666,402.02268166666664
2021-02-08 21:00:00,2.5192833333333335,2.5386,348.69166666666666,422.7248116666667
2021-02-08 22:00:00,2.4979,2.512983333333333,349.2083333333333,310.89497166666666
2021-02-08 23:00:00,2.5433166666666667,2.5608333333333335,351.68,239.81841500000002
2021-02-09 00:00:00,2.632166666666667,2.6532,352.825,173.02254666666667
2021-02-09 01:00:00,2.7551166666666664,2.7773499999999998,354.09000000000003,146.11861499999998
2021-02-09 02:00:00,2.89535,2.91895,356.1066666666667,129.42089333333334
2021-02-09 03:00:00,3.040516666666667,3.0660833333333333,356.0,123.17327666666667
2021-02-09 04:00:00,3.1898666666666666,3.2164333333333333,357.8016666666666,126.167475
2021-02-09 05:00:00,3.3382666666666667,3.364916666666667,361.98333333333335,131.69813666666667
2021-02-09 06:00:00,3.502616666666667,3.5431000000000004,478.11333333333334,180.52911333333336
2021-02-09 07:00:00,3.6419833333333336,3.6828333333333334,378.7683333333333,325.5766766666667
2021-02-09 08:00:00,3.5850166666666667,3.5902000000000003,181.80333333333334,364.52426166666663
2021-02-09 09:00:00,3.4640333333333335,3.4685333333333332,182.38166666666666,350.79775
2021-02-09 10:00:00,3.3356666666666666,3.334483333333333,182.65,404.84931666666665
2021-02-09 11:00:00,3.19535,3.196383333333333,181.83166666666665,385.96550666666667
2021-02-09 12:00:00,3.0328166666666667,3.02635,181.38666666666668,449.0142266666666
2021-02-09 13:00:00,2.8816333333333333,2.8808833333333337,181.50666666666666,337.35333166666663
2021-02-09 14:00:00,2.7797,2.7794666666666665,181.45333333333335,359.5651016666667
2021-02-09 15:00:00,2.6704333333333334,2.6739,181.01166666666668,283.4951933333333
2021-02-09 16:00:00,2.6041000000000003,2.610866666666667,181.5883333333333,264.53631666666666
2021-02-09 17:00:00,2.552,2.5599333333333334,178.65,250.3028183333333
2021-02-09 18:00:00,2.4867833333333333,2.4897,176.32333333333332,318.4166616666667
2021-02-09 19:00:00,2.3815666666666666,2.3821166666666667,177.21166666666667,324.7760216666667
2021-02-09 20:00:00,2.292533333333333,2.326716666666667,304.0933333333333,335.5660366666667
2021-02-09 21:00:00,2.2471166666666664,2.3018333333333336,329.4816666666667,431.19452
2021-02-09 22:00:00,2.186383333333333,2.241333333333333,329.31333333333333,377.55544000000003
2021-02-09 23:00:00,2.1705833333333335,2.21635,353.915,318.9037366666667
2021-02-10 00:00:00,2.2497833333333332,2.2832,383.0683333333333,202.85363333333333
2021-02-10 01:00:00,2.37035,2.4044666666666665,386.4566666666667,188.96055166666667
2021-02-10 02:00:00,2.502283333333333,2.533783333333333,389.425,185.356215
2021-02-10 03:00:00,2.628333333333333,2.661,391.365,191.06278166666667
2021-02-10 04:00:00,2.7762000000000002,2.8079666666666667,390.9583333333333,127.72876833333333
2021-02-10 05:00:00,2.9487,2.9920666666666667,472.76500000000004,167.40414833333335
2021-02-10 06:00:00,3.2007833333333333,3.24905,639.0992857142858,191.14136166666668
2021-02-10 07:00:00,3.5856500000000002,3.6307,532.5890476190476,315.1915183333333
2021-02-10 08:00:00,3.6319999999999997,3.651733333333333,303.90333333333336,348.05325
2021-02-10 09:00:00,3.5801333333333334,3.598583333333333,298.6,357.73283166666664
2021-02-10 10:00:00,3.5657666666666668,3.5881499999999997,296.4316666666667,279.026625
2021-02-10 11:00:00,3.5730833333333334,3.5941666666666667,296.9066666666667,298.62302999999997
2021-02-10 12:00:00,3.54495,3.5629666666666666,295.445,366.8831616666667
2021-02-10 13:00:00,3.492033333333333,3.50945,297.35333333333335,347.20581166666665
2021-02-10 14:00:00,3.453333333333333,3.47025,298.05333333333334,375.4647233333333
2021-02-10 15:00:00,3.3796166666666663,3.3931166666666663,296.3933333333333,423.09132000000005
2021-02-10 16:00:00,3.30765,3.322583333333333,298.07,355.70356333333336
2021-02-10 17:00:00,3.2699,3.28595,301.26500000000004,340.2226866666667
2021-02-10 18:00:00,3.2452833333333335,3.2620833333333334,301.90999999999997,346.0346833333333
2021-02-10 19:00:00,3.17645,3.193433333333333,203.3383333333333,385.7606366666667
2021-02-10 20:00:00,3.016033333333333,3.040116666666667,106.06,319.77375
2021-02-10 21:00:00,2.9100166666666665,2.9320833333333334,223.44500000000002,328.14419166666664
2021-02-10 22:00:00,2.8425166666666666,2.8471333333333333,225.50833333333333,355.8360616666667
2021-02-10 23:00:00,2.7741833333333332,2.7820666666666667,226.01000000000002,261.41820333333334
2021-02-11 00:00:00,2.7619,2.7743166666666665,227.80333333333334,209.785325
2021-02-11 01:00:00,2.7861666666666665,2.8009166666666667,228.225,171.69697
2021-02-11 02:00:00,2.8232,2.8404833333333332,229.41,149.12283166666666
2021-02-11 03:00:00,2.9343833333333333,2.9714666666666667,503.1983333333334,181.29108333333335
2021-02-11 04:00:00,3.15585,3.199516666666667,530.9883333333333,179.047865
2021-02-11 05:00:00,3.3883333333333336,3.432666666666667,531.9866666666667,148.92175666666665
2021-02-11 06:00:00,3.6250333333333336,3.6709166666666664,524.63,185.72252833333332
2021-02-11 07:00:00,3.8054666666666668,3.8474999999999997,414.31166666666667,253.37865666666667
2021-02-11 08:00:00,3.8395,3.8612333333333333,249.42666666666668,286.1061766666666
2021-02-11 09:00:00,3.759583333333333,3.7988333333333335,158.17333333333332,342.62374166666666
2021-02-11 10:00:00,3.6000666666666663,3.640633333333333,156.3383333333333,435.30868166666664
2021-02-11 11:00:00,3.417733333333333,3.45655,155.245,406.13066999999995
2021-02-11 12:00:00,3.2444333333333333,3.2827333333333333,155.25166666666667,416.31423
2021-02-11 13:00:00,3.055,3.0926166666666663,155.69,469.49318500000004
2021-02-11 14:00:00,2.89285,2.94095,270.70666666666665,369.28795333333335
2021-02-11 15:00:00,2.8619666666666665,2.895,367.81166666666667,377.93165500000003
2021-02-11 16:00:00,2.8732333333333333,2.9048166666666666,367.3933333333333,328.1794566666667
2021-02-11 17:00:00,2.8872333333333335,2.9188666666666667,369.40999999999997,341.37309999999997
2021-02-11 18:00:00,2.930266666666667,2.9608166666666667,369.10333333333335,252.39846500000002
2021-02-11 19:00:00,2.9938166666666666,3.025383333333333,361.275,263.525055
2021-02-11 20:00:00,3.044633333333333,3.0759166666666666,362.89500000000004,309.89235333333335
2021-02-11 21:00:00,3.052033333333333,3.0822999999999996,336.09833333333336,338.280615
2021-02-11 22:00:00,3.0465,3.0582166666666666,249.2133333333333,268.98825833333336
2021-02-11 23:00:00,3.0380833333333332,3.052716666666667,243.04833333333332,230.61828
2021-02-12 00:00:00,3.0428,3.0569833333333336,246.90333333333334,234.9184383333333
2021-02-12 01:00:00,3.0657,3.08265,247.67833333333334,183.1309433333333
2021-02-12 02:00:00,3.1019,3.11985,245.44833333333332,177.82735333333332
2021-02-12 03:00:00,3.1408833333333335,3.15725,243.54833333333332,195.59521
2021-02-12 04:00:00,3.1744499999999998,3.1940000000000004,243.84333333333333,159.35786666666667
2021-02-12 05:00:00,3.2388166666666667,3.260366666666667,244.12333333333333,126.91458000000002
2021-02-12 06:00:00,3.3072666666666666,3.3272666666666666,310.2066666666667,179.4557333333333
2021-02-12 07:00:00,3.478616666666667,3.5616666666666665,672.6233333333333,264.90532
2021-02-12 08:00:00,3.616633333333333,3.6765833333333333,281.08,306.42834000000005
2021-02-12 09:00:00,3.5132666666666665,3.5526,116.61333333333333,383.12350499999997
2021-02-12 10:00:00,3.3419166666666666,3.37935,117.06166666666667,325.11348
2021-02-12 11:00:00,3.21665,3.2534666666666667,117.655,289.979325
2021-02-12 12:00:00,3.1021666666666667,3.136883333333333,116.38833333333334,296.46222166666666
2021-02-12 13:00:00,2.9754833333333335,3.009066666666667,114.825,302.956475
2021-02-12 14:00:00,2.8355666666666663,2.8696833333333336,113.94666666666667,316.9681366666667
2021-02-12 15:00:00,2.7046,2.7380666666666666,114.00666666666666,318.783045
2021-02-12 16:00:00,2.5552833333333336,2.586383333333333,109.275,340.46858
2021-02-12 17:00:00,2.4174833333333337,2.447283333333333,111.125,298.69367666666665
2021-02-12 18:00:00,2.3243,2.3897,334.47666666666663,299.61222166666664
2021-02-12 19:00:00,2.35745,2.4399333333333337,382.32666666666665,330.00760833333334
2021-02-12 20:00:00,2.4018666666666664,2.480433333333333,388.1066666666667,261.31559833333336
2021-02-12 21:00:00,2.4941999999999998,2.5683833333333337,380.915,245.28305833333334
2021-02-12 22:00:00,2.5677166666666666,2.64455,376.53333333333336,261.246665
2021-02-12 23:00:00,2.61695,2.7013833333333332,376.47166666666664,312.2170883333334
2021-02-13 00:00:00,2.6683,2.7491333333333334,380.49,249.12064166666667
2021-02-13 01:00:00,2.7820166666666664,2.8582833333333335,380.58,168.00003
2021-02-13 02:00:00,2.9282166666666667,3.001,379.3383333333333,167.11809666666667
2021-02-13 03:00:00,3.05855,3.134466666666667,382.2033333333333,147.7690195
2021-02-13 04:00:00,3.226716666666667,3.296683333333333,382.19666666666666,114.47754833333333
2021-02-13 05:00:00,3.3915,3.4635666666666665,400.595,134.21993
2021-02-13 06:00:00,3.6024666666666665,3.6483,441.60499999999996,171.553035
2021-02-13 07:00:00,3.6921833333333334,3.73375,267.175,201.04244500000001
2021-02-13 08:00:00,3.7187,3.76125,266.18833333333333,262.2377716666667
2021-02-13 09:00:00,3.6720166666666665,3.7073833333333335,224.19166666666666,314.74667500000004
2021-02-13 10:00:00,3.6064333333333334,3.64135,225.57166666666666,335.59774833333336
2021-02-13 11:00:00,3.510266666666667,3.54425,224.96833333333333,396.23827
2021-02-13 12:00:00,3.38055,3.4134333333333333,220.52,397.578195
2021-02-13 13:00:00,3.2557666666666667,3.2873500000000004,219.68333333333334,406.7525483333333
2021-02-13 14:00:00,3.1305666666666667,3.1617166666666665,221.88833333333332,425.94657666666666
2021-02-13 15:00:00,2.9822833333333336,3.0135833333333335,222.405,400.86939
2021-02-13 16:00:00,2.8909000000000002,2.9203666666666668,222.54166666666666,339.5152033333333
2021-02-13 17:00:00,2.8175833333333333,2.84675,221.82666666666668,286.8038266666666
2021-02-13 18:00:00,2.7701166666666666,2.7990666666666666,222.33166666666665,305.48378833333334
2021-02-13 19:00:00,2.7181166666666665,2.74755,224.63500000000002,280.3610883333333
2021-02-13 20:00:00,2.6802166666666665,2.7094,223.86,288.7406233333333
2021-02-13 21:00:00,2.6092333333333335,2.6384,225.09666666666666,334.076205
2021-02-13 22:00:00,2.5672166666666665,2.5968666666666667,245.25333333333336,236.23436
2021-02-13 23:00:00,2.5807166666666665,2.6247,282.76500000000004,246.31747166666668
2021-02-14 00:00:00,2.603186440677966,2.645,283.0661016949153,210.75745593220338
2021-02-14 01:00:00,2.66045,2.7013333333333334,280.755,202.259005
2021-02-14 02:00:00,2.6990666666666665,2.7421166666666665,285.945,208.887865
2021-02-14 03:00:00,2.7657666666666665,2.8028666666666666,287.1616666666667,140.77863833333333
2021-02-14 04:00:00,2.89625,2.92895,380.37333333333333,121.57864833333333
2021-02-14 05:00:00,3.1612999999999998,3.169766666666667,623.3016666666666,127.75406166666667
2021-02-14 06:00:00,3.4682000000000004,3.4797833333333332,648.0433333333333,183.45279333333335
2021-02-14 07:00:00,3.702933333333333,3.7294833333333335,374.19,244.65458500000003
2021-02-14 08:00:00,3.71095,3.768533333333333,381.0683333333333,315.080685
2021-02-14 09:00:00,3.7222,3.7899666666666665,389.59000000000003,394.402865
2021-02-14 10:00:00,3.70145,3.7706666666666666,387.2566666666667,379.5075066666667
2021-02-14 11:00:00,3.6659,3.7004666666666663,185.44166666666666,353.04481833333335
2021-02-14 12:00:00,3.5636666666666668,3.5901666666666667,186.80666666666667,372.46032
2021-02-14 13:00:00,3.4160833333333334,3.441533333333333,184.735,399.34384166666666
2021-02-14 14:00:00,3.2790833333333333,3.3038000000000003,186.82833333333335,349.56879666666663
2021-02-14 15:00:00,3.1870499999999997,3.2122,186.8,297.1720583333333
2021-02-14 16:00:00,3.1203833333333337,3.1445333333333334,180.01166666666668,267.62794333333335
2021-02-14 17:00:00,3.049516666666667,3.0739500000000004,176.21833333333333,291.66954
2021-02-14 18:00:00,2.9337166666666668,2.956566666666667,173.43833333333333,400.470575
2021-02-14 19:00:00,2.7928,2.8150833333333334,173.12833333333336,357.98403833333333
2021-02-14 20:00:00,2.657966666666667,2.6785666666666668,169.48666666666668,357.03088
2021-02-14 21:00:00,2.5103999999999997,2.5304,168.765,416.4138916666667
2021-02-14 22:00:00,2.346883333333333,2.3666,246.4116666666667,405.4813516666666
2021-02-14 23:00:00,2.3223833333333332,2.3482333333333334,372.165,297.7558583333333
2021-02-15 00:00:00,2.4086,2.4352,374.4183333333333,174.81277
2021-02-15 01:00:00,2.5497333333333336,2.5744166666666666,377.43833333333333,145.92337166666667
2021-02-15 02:00:00,2.704216666666667,2.7281833333333334,372.7066666666667,125.46624333333332
2021-02-15 03:00:00,2.86545,2.8911166666666666,373.56666666666666,114.62664500000001
2021-02-15 04:00:00,3.035683333333333,3.0771,505.06166666666667,147.59973333333335
2021-02-15 05:00:00,3.3250333333333333,3.390133333333333,640.4866666666666,127.90102833333334
2021-02-15 06:00:00,3.5921499999999997,3.64575,345.3616666666667,182.46237000000002
2021-02-15 07:00:00,3.5676666666666668,3.6195166666666667,239.10333333333335,303.549955
2021-02-15 08:00:00,3.5465166666666668,3.6401833333333333,380.7133333333333,344.2398416666667
2021-02-15 09:00:00,3.54445,3.5985666666666662,297.2083333333333,343.40847833333333
2021-02-15 10:00:00,3.545733333333333,3.5922666666666667,294.78,258.9790966666667
2021-02-15 11:00:00,3.5602,3.607666666666667,300.1816666666667,290.07478999999995
2021-02-15 12:00:00,3.52155,3.5728999999999997,244.94,379.57265333333334
2021-02-15 13:00:00,3.410616666666667,3.4627666666666665,243.03166666666667,379.477235
2021-02-15 14:00:00,3.331233333333333,3.3798000000000004,239.67999999999998,352.9886016666667
2021-02-15 15:00:00,3.25,3.2995666666666663,240.775,350.08667833333334
2021-02-15 16:00:00,3.1721500000000002,3.2201333333333335,241.075,340.3618333333333
2021-02-15 17:00:00,3.1065,3.1533,241.60333333333335,327.56228
2021-02-15 18:00:00,3.0629666666666666,3.1070166666666665,240.61166666666668,283.8029516666667
2021-02-15 19:00:00,3.0115166666666666,3.05865,240.35833333333332,343.57617
2021-02-15 20:00:00,2.936183333333333,2.98215,241.25166666666667,322.02559833333333
2021-02-15 21:00:00,2.8973500000000003,2.9314999999999998,294.73333333333335,343.0297983333333
2021-02-15 22:00:00,2.847933333333333,2.8789000000000002,288.0383333333333,360.012965
2021-02-15 23:00:00,2.8361666666666663,2.866833333333333,286.2083333333333,216.80076666666668
2021-02-16 00:00:00,2.8998333333333335,2.9311166666666666,289.2566666666667,173.96387833333335
2021-02-16 01:00:00,2.9673333333333334,2.9982333333333333,289.2633333333333,176.53513833333332
2021-02-16 02:00:00,3.0569833333333336,3.087816666666667,288.97833333333335,125.68455
2021-02-16 03:00:00,3.166816666666667,3.197416666666667,292.4133333333333,118.47477
2021-02-16 04:00:00,3.3354333333333335,3.3625333333333334,476.86333333333334,111.02089833333334
2021-02-16 05:00:00,3.5695333333333332,3.5975333333333332,494.69,163.32461333333333
2021-02-16 06:00:00,3.73515,3.7702,428.02333333333337,249.2307033333333
2021-02-16 07:00:00,3.770866666666667,3.835266666666667,347.5516666666666,385.631475
2021-02-16 08:00:00,3.7258666666666667,3.793266666666667,343.255,349.62639333333334
2021-02-16 09:00:00,3.69425,3.7367333333333335,181.61333333333332,334.3490283333333
2021-02-16 10:00:00,3.5881166666666666,3.6201999999999996,153.93833333333333,305.3779383333333
2021-02-16 11:00:00,3.4701,3.5009666666666663,154.37833333333336,346.41096833333336
2021-02-16 12:00:00,3.3445666666666667,3.3745499999999997,154.04333333333335,343.92700333333335
2021-02-16 13:00:00,3.2144,3.2460999999999998,189.05499999999998,341.58849666666663
2021-02-16 14:00:00,3.1383,3.169983333333333,191.44500000000002,278.53679833333337
2021-02-16 15:00:00,3.0815333333333332,3.1125833333333333,195.475,275.0943633333334
2021-02-16 16:00:00,3.0063166666666663,3.037116666666667,201.75833333333333,327.76793166666664
2021-02-16 17:00:00,2.940833333333333,2.9723333333333333,202.275,264.03419833333334
2021-02-16 18:00:00,2.8923833333333335,2.9234,196.96666666666667,281.4602433333333
2021-02-16 19:00:00,2.8009666666666666,2.83245,200.07166666666666,379.8206533333333
2021-02-16 20:00:00,2.68115,2.7105333333333332,201.01666666666668,357.73545666666666
2021-02-16 21:00:00,2.5744166666666666,2.604,200.59833333333333,365.47765499999997
2021-02-16 22:00:00,2.4741666666666666,2.52265,308.5816666666667,352.52329166666664
2021-02-16 23:00:00,2.4645,2.5241333333333333,336.93666666666667,316.4163366666666
2021-02-17 00:00:00,2.4938000000000002,2.5481833333333332,339.775,262.6042283333333
2021-02-17 01:00:00,2.5604666666666662,2.61,345.805,201.89390999999998
2021-02-17 02:00:00,2.6801166666666663,2.7242333333333333,346.19,133.58606833333334
2021-02-17 03:00:00,2.816516666666667,2.8617833333333333,344.31,126.99462833333334
2021-02-17 04:00:00,2.9528000000000003,2.9974333333333334,344.69166666666666,131.09182833333332
2021-02-17 05:00:00,3.09675,3.1555666666666666,449.35499999999996,132.28427333333335
2021-02-17 06:00:00,3.3549333333333333,3.4859,681.4283333333333,168.155515
2021-02-17 07:00:00,3.5751666666666666,3.6751,433.8566666666667,333.74431333333337
2021-02-17 08:00:00,3.573516666666667,3.6146499999999997,161.88,327.21794666666665
2021-02-17 09:00:00,3.469066666666667,3.4953999999999996,131.88666666666666,269.60246166666667
2021-02-17 10:00:00,3.3671333333333333,3.3927166666666664,132.22,278.73355833333335
2021-02-17 11:00:00,3.2850333333333332,3.3117666666666663,132.85,258.0078016666667
2021-02-17 12:00:00,3.182,3.2056166666666663,132.445,334.65060833333337
2021-02-17 13:00:00,2.9932333333333334,3.0122166666666668,131.74166666666667,465.23794
2021-02-17 14:00:00,2.8012666666666663,2.8148666666666666,245.9116666666667,374.84070333333335
2021-02-17 15:00:00,2.8025,2.813016666666667,360.315,304.92015833333335
2021-02-17 16:00:00,2.8364333333333334,2.848583333333333,361.05333333333334,286.51131
2021-02-17 17:00:00,2.8494333333333333,2.8646499999999997,215.05166666666668,300.71356333333335
2021-02-17 18:00:00,2.7041666666666666,2.7207,85.53,346.3176833333334
2021-02-17 19:00:00,2.55145,2.575416666666667,265.93833333333333,366.2094266666667
2021-02-17 20:00:00,2.5432333333333332,2.5766166666666668,378.77833333333336,336.22887499999996
2021-02-17 21:00:00,2.5897833333333335,2.6233999999999997,373.53499999999997,266.503945
2021-02-17 22:00:00,2.615466666666667,2.650583333333333,363.8316666666667,390.03908333333334
2021-02-17 23:00:00,2.6153166666666667,2.64915,363.97,278.72915
2021-02-18 00:00:00,2.6757166666666667,2.708883333333333,364.8283333333333,260.39863333333335
2021-02-18 01:00:00,2.7622666666666666,2.7943,366.23499999999996,212.01403666666664
2021-02-18 02:00:00,2.8616666666666664,2.8945833333333337,367.13666666666666,198.55848333333333
2021-02-18 03:00:00,2.993933333333333,3.02675,366.49,127.96889166666666
2021-02-18 04:00:00,3.1488,3.18185,366.15833333333336,121.43180833333334
2021-02-18 05:00:00,3.2977833333333333,3.3329999999999997,364.71,145.00536833333334
2021-02-18 06:00:00,3.4323166666666665,3.467833333333333,363.4816666666667,178.2694216666667
2021-02-18 07:00:00,3.51705,3.5552833333333336,367.595,284.2358666666667
2021-02-18 08:00:00,3.5362500000000003,3.576716666666667,369.1983333333334,349.5999816666666
2021-02-18 09:00:00,3.568366666666667,3.6067166666666663,339.97833333333335,279.52143
2021-02-18 10:00:00,3.5136833333333333,3.5540666666666665,116.46666666666667,314.4993366666667
2021-02-18 11:00:00,3.3736166666666665,3.4145166666666666,116.11666666666666,363.6457433333333
2021-02-18 12:00:00,3.215883333333333,3.3121333333333336,457.8433333333333,434.32688666666667
2021-02-18 13:00:00,3.2322166666666665,3.3140666666666667,231.45166666666668,407.2133533333334
2021-02-18 14:00:00,3.11675,3.1552166666666666,184.81833333333333,285.66406
2021-02-18 15:00:00,3.0860166666666666,3.13285,227.60333333333335,251.43889499999997
2021-02-18 16:00:00,3.0381666666666667,3.0885833333333332,229.225,327.9253683333333
2021-02-18 17:00:00,2.9602833333333334,3.0119499999999997,229.45499999999998,339.9441666666667
2021-02-18 18:00:00,2.8877333333333337,2.93925,227.45833333333334,335.3059616666667
2021-02-18 19:00:00,2.8180166666666664,2.86895,226.54166666666666,332.8987833333333
2021-02-18 20:00:00,2.742366666666667,2.79275,230.27166666666665,305.3723533333333
2021-02-18 21:00:00,2.696966666666667,2.7468,232.51833333333335,329.4875583333333
2021-02-18 22:00:00,2.60315,2.6569999999999996,231.15166666666667,380.21305
2021-02-18 23:00:00,2.577116666666667,2.6055833333333336,352.31166666666667,294.55476333333337
2021-02-19 00:00:00,2.627816666666667,2.6537,352.1683333333333,234.01214166666668
2021-02-19 01:00:00,2.71435,2.7405166666666667,352.89166666666665,199.32952333333333
2021-02-19 02:00:00,2.8172833333333336,2.8447833333333334,352.74666666666667,180.58417
2021-02-19 03:00:00,2.9427166666666666,2.9713833333333333,355.3016666666666,130.91151166666666
2021-02-19 04:00:00,3.090116666666667,3.1190833333333337,358.195,127.26681333333333
2021-02-19 05:00:00,3.2303166666666665,3.26085,355.8333333333333,142.30362166666666
2021-02-19 06:00:00,3.362216666666667,3.3929666666666667,355.43333333333334,163.77464999999998
2021-02-19 07:00:00,3.4526333333333334,3.483633333333333,357.86333333333334,289.6161133333333
2021-02-19 08:00:00,3.4467166666666667,3.4754333333333336,325.24,390.49734
2021-02-19 09:00:00,3.3594333333333335,3.3884166666666666,197.61666666666667,353.36117333333334
2021-02-19 10:00:00,3.2590500000000002,3.2870666666666666,192.09333333333333,350.94385500000004
2021-02-19 11:00:00,3.133366666666667,3.1601166666666667,193.535,372.56847666666664
2021-02-19 12:00:00,3.0327833333333336,3.0587833333333334,192.14166666666668,343.6965983333333
2021-02-19 13:00:00,2.9124333333333334,2.9364,189.86333333333332,389.60057
2021-02-19 14:00:00,2.8083,2.8320000000000003,190.20333333333335,285.86047833333333
2021-02-19 15:00:00,2.7263499999999996,2.7496333333333336,190.15166666666667,324.481645
2021-02-19 16:00:00,2.6514333333333338,2.6793166666666663,233.78833333333333,297.67374
2021-02-19 17:00:00,2.6157,2.6477333333333335,244.65,294.29615333333334
2021-02-19 18:00:00,2.5657,2.5986166666666666,241.13333333333333,335.9974666666667
2021-02-19 19:00:00,2.47645,2.50955,240.57666666666668,367.5759933333333
2021-02-19 20:00:00,2.4206833333333333,2.452933333333333,240.8,284.8431233333333
2021-02-19 21:00:00,2.3766000000000003,2.4076833333333334,240.62166666666664,338.9159816666667
2021-02-19 22:00:00,2.300616666666667,2.3185000000000002,306.4533333333333,403.00249499999995
2021-02-19 23:00:00,2.2769,2.2752666666666665,342.65833333333336,337.581745
2021-02-20 00:00:00,2.31955,2.328133333333333,343.35333333333335,190.33845166666666
2021-02-20 01:00:00,2.4209166666666664,2.4328999999999996,345.18333333333334,177.10452500000002
2021-02-20 02:00:00,2.5328666666666666,2.54555,347.56666666666666,154.81869
2021-02-20 03:00:00,2.6565166666666666,2.6705833333333335,352.4133333333333,160.42585
2021-02-20 04:00:00,2.7888,2.8045166666666663,349.52833333333336,121.21369833333333
2021-02-20 05:00:00,2.9762,2.9950666666666668,539.555,131.93968333333333
2021-02-20 06:00:00,3.2698666666666667,3.2882166666666666,610.8316666666667,171.13437166666665
2021-02-20 07:00:00,3.5230166666666665,3.5388,614.0766666666666,265.25438
2021-02-20 08:00:00,3.6378333333333335,3.6566166666666664,277.24666666666667,286.2729566666667
2021-02-20 09:00:00,3.605116666666667,3.6228833333333332,249.26000000000002,325.6703766666667
2021-02-20 10:00:00,3.5142666666666664,3.52675,249.78333333333333,427.02718333333337
2021-02-20 11:00:00,3.4130833333333332,3.4276166666666668,249.58666666666667,365.93275166666666
2021-02-20 12:00:00,3.3335500000000002,3.347933333333333,249.21166666666667,380.04274333333336
2021-02-20 13:00:00,3.2087333333333334,3.2177833333333337,249.40166666666667,452.82441666666665
2021-02-20 14:00:00,3.084866666666667,3.093433333333333,248.995,420.20752
2021-02-20 15:00:00,2.9802666666666666,2.9909166666666667,249.47166666666666,360.82439
2021-02-20 16:00:00,2.915766666666667,2.9277,249.91833333333335,330.5517566666667
2021-02-20 17:00:00,2.8656,2.878333333333333,249.48666666666668,285.7345266666667
2021-02-20 18:00:00,2.83605,2.8492666666666664,248.415,317.9436
2021-02-20 19:00:00,2.7864500000000003,2.8011666666666666,248.31666666666666,295.26530833333334
2021-02-20 20:00:00,2.743866666666667,2.7582999999999998,248.77666666666667,296.8300883333333
2021-02-20 21:00:00,2.7177333333333333,2.7311,249.70333333333335,310.64195666666666
2021-02-20 22:00:00,2.6758333333333337,2.6950333333333334,307.6766666666666,287.13522666666665
2021-02-20 23:00:00,2.6967,2.7226333333333335,319.14666666666665,296.00760333333335
2021-02-21 00:00:00,2.7162,2.7414833333333335,319.1566666666667,267.49413
2021-02-21 01:00:00,2.7564166666666665,2.783066666666667,321.2133333333333,217.00493166666666
2021-02-21 02:00:00,2.8316500000000002,2.8589333333333333,323.09666666666664,192.39713666666665
2021-02-21 03:00:00,2.930066666666667,2.957266666666667,316.805,133.35714833333333
2021-02-21 04:00:00,3.0488333333333335,3.078016666666667,311.08,126.57819666666666
2021-02-21 05:00:00,3.1639833333333334,3.19415,311.755,129.11728666666667
2021-02-21 06:00:00,3.2682,3.2988166666666667,303.05,158.047395
2021-02-21 07:00:00,3.353466666666667,3.3843666666666667,309.01500000000004,211.35025166666668
2021-02-21 08:00:00,3.3659666666666666,3.3977,305.7816666666667,347.3866933333333
2021-02-21 09:00:00,3.309366666666667,3.340433333333333,303.71500000000003,390.44405666666665
2021-02-21 10:00:00,3.259066666666667,3.2879,305.3016666666666,355.4146166666667
2021-02-21 11:00:00,3.2308166666666667,3.26,305.43,350.39885
2021-02-21 12:00:00,3.1899666666666664,3.2193666666666667,304.9483333333334,367.636605
2021-02-21 13:00:00,3.1235333333333335,3.15215,305.52166666666665,419.14529666666664
2021-02-21 14:00:00,3.040116666666667,3.0700999999999996,305.62666666666667,421.62214
2021-02-21 15:00:00,2.9972166666666666,3.0268,304.52666666666664,293.96527833333334
2021-02-21 16:00:00,3.0002,3.02985,302.81,296.08310166666666
2021-02-21 17:00:00,2.9787666666666666,3.008383333333333,304.0433333333333,379.624315
2021-02-21 18:00:00,2.91735,2.9448333333333334,302.0466666666667,368.988755
2021-02-21 19:00:00,2.8737333333333335,2.90345,302.75,356.697665
2021-02-21 20:00:00,2.820866666666667,2.8513,302.6816666666667,403.5383233333333
2021-02-21 21:00:00,2.753533333333333,2.7818833333333335,304.26500000000004,367.90309666666667
2021-02-21 22:00:00,2.7230333333333334,2.7530833333333335,317.49833333333333,324.31669500000004
2021-02-21 23:00:00,2.7274833333333333,2.7602333333333333,325.7683333333333,306.334445
2021-02-22 00:00:00,2.7681166666666663,2.799,324.90333333333336,181.88962166666667
2021-02-22 01:00:00,2.87365,2.9062833333333336,324.2633333333333,141.31677166666665
2021-02-22 02:00:00,2.9951999999999996,3.026816666666667,322.2183333333333,128.19116833333334
2021-02-22 03:00:00,3.12175,3.1547166666666664,321.615,116.76186
2021-02-22 04:00:00,3.28015,3.3324,458.39666666666665,115.76279500000001
2021-02-22 05:00:00,3.5113333333333334,3.5736333333333334,489.2816666666667,131.31735333333333
2021-02-22 06:00:00,3.7100333333333335,3.7563,321.34833333333336,207.59998499999998
2021-02-22 07:00:00,3.6644,3.67015,144.04833333333332,339.48657333333335
2021-02-22 08:00:00,3.5117833333333333,3.51495,167.29333333333335,414.351965
2021-02-22 09:00:00,3.3581,3.3640833333333333,164.35,355.90622833333333
2021-02-22 10:00:00,3.2224500000000003,3.227716666666667,165.94,369.3732866666667
2021-02-22 11:00:00,3.07855,3.0794,165.125,418.68934333333334
2021-02-22 12:00:00,2.88545,2.8808166666666666,166.55,437.830365
2021-02-22 13:00:00,2.7326833333333336,2.7333,167.01333333333332,357.01853
2021-02-22 14:00:00,2.6116,2.6151,165.14,309.20774
2021-02-22 15:00:00,2.52575,2.5308833333333336,165.27833333333334,269.95959
2021-02-22 16:00:00,2.4476333333333335,2.4518166666666668,165.62666666666667,293.02160833333335
2021-02-22 17:00:00,2.3705166666666666,2.377733333333333,165.00666666666666,255.76148833333335
2021-02-22 18:00:00,2.2985666666666664,2.303233333333333,164.81666666666666,291.8218616666666
2021-02-22 19:00:00,2.1892833333333335,2.1887499999999998,163.53166666666667,362.1969883333333
2021-02-22 20:00:00,2.0622333333333334,2.062866666666667,224.81333333333333,343.60909166666664
2021-02-22 21:00:00,2.062466666666667,2.1090333333333335,536.0,393.26374666666663
2021-02-22 22:00:00,2.134533333333333,2.1713,489.07166666666666,365.41896333333335
2021-02-22 23:00:00,2.2295666666666665,2.26505,494.9116666666667,307.94924833333334
2021-02-23 00:00:00,2.3656,2.4011333333333336,505.0566666666667,267.5173966666667
2021-02-23 01:00:00,2.50795,2.5279833333333332,382.0833333333333,221.04630833333334
2021-02-23 02:00:00,2.612816666666667,2.6272499999999996,335.90999999999997,134.65155333333334
2021-02-23 03:00:00,2.7533666666666665,2.769833333333333,343.4433333333333,115.18163333333334
2021-02-23 04:00:00,2.9003333333333337,2.9185833333333333,345.4583333333333,112.48866666666666
2021-02-23 05:00:00,3.0394666666666668,3.056433333333333,343.51500000000004,148.98917666666665
2021-02-23 06:00:00,3.1527000000000003,3.1684833333333335,345.2866666666667,185.05284833333332
2021-02-23 07:00:00,3.21785,3.225283333333333,341.6066666666667,324.73896333333334
2021-02-23 08:00:00,3.2171000000000003,3.223383333333333,339.34166666666664,305.23464666666666
2021-02-23 09:00:00,3.235783333333333,3.241433333333333,336.1316666666667,323.54003166666666
2021-02-23 10:00:00,3.234383333333333,3.2396333333333334,337.99833333333333,329.9119483333333
2021-02-23 11:00:00,3.238183333333333,3.2442833333333336,338.4433333333333,333.4957933333333
2021-02-23 12:00:00,3.2173000000000003,3.2199166666666668,338.0066666666667,362.288265
2021-02-23 13:00:00,3.212483333333333,3.2195166666666664,335.02833333333336,298.282195
2021-02-23 14:00:00,3.244666666666667,3.254316666666667,335.2,270.6756433333333
2021-02-23 15:00:00,3.2754166666666666,3.283933333333333,333.62333333333333,291.3694133333333
2021-02-23 16:00:00,3.2851500000000002,3.2902666666666667,334.5866666666667,336.21001333333334
2021-02-23 17:00:00,3.2698166666666664,3.272,338.42833333333334,361.5990333333333
2021-02-23 18:00:00,3.249683333333333,3.2535833333333333,337.555,367.03903333333335
2021-02-23 19:00:00,3.21145,3.2127,336.87333333333333,377.12924333333336
2021-02-23 20:00:00,3.1119333333333334,3.1491,149.06166666666667,341.1484
2021-02-23 21:00:00,2.9800833333333334,3.0238500000000004,147.28166666666667,365.2759116666667
2021-02-23 22:00:00,2.8497500000000002,2.891016666666667,144.53833333333333,286.5188616666667
2021-02-23 23:00:00,2.8047,2.86255,286.875,240.92112833333334
2021-02-24 00:00:00,2.8433333333333333,2.9042000000000003,293.42833333333334,210.51948666666667
2021-02-24 01:00:00,2.90675,2.9669666666666665,298.095,167.09129166666665
2021-02-24 02:00:00,3.0094333333333334,3.0671833333333334,300.7116666666667,122.63962333333333
2021-02-24 03:00:00,3.1258666666666666,3.1837666666666666,304.3,118.37526333333334
2021-02-24 04:00:00,3.254016666666667,3.30755,321.37,114.03715833333334
2021-02-24 05:00:00,3.3834666666666666,3.4373333333333336,322.0083333333333,124.81296833333333
2021-02-24 06:00:00,3.4937666666666667,3.5513,320.84166666666664,193.84134666666665
2021-02-24 07:00:00,3.5453666666666668,3.6065833333333335,401.0066666666667,293.0029533333333
2021-02-24 08:00:00,3.5627166666666668,3.616133333333333,267.8516666666667,365.28032
2021-02-24 09:00:00,3.4632333333333336,3.52765,267.38666666666666,417.298925
2021-02-24 10:00:00,3.3832999999999998,3.4428666666666667,260.5183333333333,342.81313166666666
2021-02-24 11:00:00,3.3229166666666665,3.3809833333333335,260.075,345.6110233333333
2021-02-24 12:00:00,3.238633333333333,3.3000833333333333,262.91,418.32500999999996
2021-02-24 13:00:00,3.1338999999999997,3.1948,264.63,391.64453
2021-02-24 14:00:00,3.077183333333333,3.1313666666666666,266.79,290.57409666666666
2021-02-24 15:00:00,3.0737333333333337,3.1241166666666667,263.575,261.87017
2021-02-24 16:00:00,3.0702,3.11915,263.1816666666667,254.88097833333333
2021-02-24 17:00:00,3.0703833333333335,3.11795,254.59333333333333,268.07696
2021-02-24 18:00:00,3.0292833333333333,3.0800166666666664,249.98833333333332,327.64329833333335
2021-02-24 19:00:00,2.97575,3.027633333333333,259.5733333333333,340.49191666666667
2021-02-24 20:00:00,2.912183333333333,2.9654833333333332,263.3066666666667,337.88935166666664
2021-02-24 21:00:00,2.8625499999999997,2.9148833333333335,228.9633333333333,331.1042066666667
2021-02-24 22:00:00,2.7307166666666665,2.7809666666666666,160.67999999999998,392.4278933333334
2021-02-24 23:00:00,2.6060166666666666,2.66765,230.70666666666665,350.9470166666667
2021-02-25 00:00:00,2.5608833333333334,2.6146833333333332,332.555,285.18932666666666
2021-02-25 01:00:00,2.651883333333333,2.6978166666666668,416.2116666666667,226.19644666666667
2021-02-25 02:00:00,2.7948833333333334,2.8359,417.1183333333333,151.79840666666666
2021-02-25 03:00:00,2.9829,3.021666666666667,417.2366666666667,116.42625333333334
2021-02-25 04:00:00,3.17635,3.216466666666667,415.6566666666667,113.75882383333332
2021-02-25 05:00:00,3.3659833333333333,3.4072166666666663,415.51166666666666,128.62183166666668
2021-02-25 06:00:00,3.542266666666667,3.5879833333333333,427.475,165.17086666666668
2021-02-25 07:00:00,3.6509333333333336,3.6841333333333335,275.2416666666667,257.31778833333334
2021-02-25 08:00:00,3.61415,3.6386,249.25666666666666,367.05173333333335
2021-02-25 09:00:00,3.5279666666666665,3.5505333333333335,249.98166666666665,332.72100333333333
2021-02-25 10:00:00,3.488583333333333,3.5136,248.38833333333332,288.16492666666664
2021-02-25 11:00:00,3.4583,3.4829166666666667,249.315,297.7110666666667
2021-02-25 12:00:00,3.3968833333333333,3.4183499999999998,250.67333333333332,386.49611999999996
2021-02-25 13:00:00,3.30755,3.3299166666666666,248.03,333.58026333333333
2021-02-25 14:00:00,3.264933333333333,3.2886499999999996,249.58333333333334,272.5681333333333
2021-02-25 15:00:00,3.2321166666666667,3.2545333333333333,249.37833333333336,340.4687383333333
2021-02-25 16:00:00,3.1544166666666666,3.1762666666666663,250.3,359.92195499999997
2021-02-25 17:00:00,3.078016666666667,3.0987999999999998,241.79666666666665,360.46843333333334
2021-02-25 18:00:00,3.00635,3.026816666666667,240.34166666666667,320.47339833333336
2021-02-25 19:00:00,2.9303833333333333,2.949316666666667,244.83666666666667,380.36261
2021-02-25 20:00:00,2.8421666666666665,2.8601666666666667,247.665,350.06973166666666
2021-02-25 21:00:00,2.7895,2.8093166666666667,244.18833333333333,311.7169416666667
2021-02-25 22:00:00,2.7283833333333334,2.7461166666666665,241.72666666666666,319.88515
2021-02-25 23:00:00,2.68705,2.70595,250.09833333333333,297.5988633333333
2021-02-26 00:00:00,2.673983333333333,2.69535,244.82000000000002,196.86596999999998
2021-02-26 01:00:00,2.72275,2.74575,244.86833333333334,137.9062133333333
2021-02-26 02:00:00,2.792016666666667,2.815733333333333,246.17166666666665,123.29703333333333
2021-02-26 03:00:00,2.8735500000000003,2.8976333333333333,249.36,113.67744333333333
2021-02-26 04:00:00,2.9577999999999998,2.9831999999999996,248.14333333333335,112.96774833333333
2021-02-26 05:00:00,3.0352,3.0591500000000003,247.56,139.46686333333335
2021-02-26 06:00:00,3.09655,3.1213333333333333,245.08333333333334,166.93605
2021-02-26 07:00:00,3.0970500000000003,3.1184000000000003,243.61,345.06174666666664
2021-02-26 08:00:00,3.0118333333333336,2.9944166666666665,425.84166666666664,456.5921916666667
2021-02-26 09:00:00,3.072666666666667,3.0626499999999997,448.755,345.9426666666667
2021-02-26 10:00:00,3.0660666666666665,3.1145333333333336,390.6183333333333,349.40315666666663
2021-02-26 11:00:00,3.0841833333333333,3.1339333333333332,390.55833333333334,382.22272
2021-02-26 12:00:00,3.0564166666666663,3.1088333333333336,390.77833333333336,440.237845
2021-02-26 13:00:00,3.0342,3.0844,392.7083333333333,379.85502333333335
2021-02-26 14:00:00,3.06365,3.1094999999999997,393.22166666666664,291.6959933333334
2021-02-26 15:00:00,3.1212666666666666,3.147583333333333,266.775,258.3961966666667
2021-02-26 16:00:00,3.10365,3.1249166666666666,259.6616666666667,268.2328616666667
2021-02-26 17:00:00,3.1076833333333336,3.131866666666667,259.94166666666666,246.10232833333333
2021-02-26 18:00:00,3.1006833333333335,3.121866666666667,261.815,303.02028666666666
2021-02-26 19:00:00,3.0499333333333336,3.0690999999999997,262.69666666666666,357.6238583333333
2021-02-26 20:00:00,2.9916666666666667,3.0120999999999998,262.02000000000004,306.91705833333333
2021-02-26 21:00:00,2.960666666666667,2.979433333333333,265.25166666666667,323.43632833333334
2021-02-26 22:00:00,2.8922166666666667,2.9094333333333333,265.6166666666667,408.66623333333337
2021-02-26 23:00:00,2.80545,2.8237333333333337,268.79833333333335,332.3924866666667
2021-02-27 00:00:00,2.7816666666666667,2.802016666666667,267.1116666666667,264.32313
2021-02-27 01:00:00,2.789416666666667,2.8118833333333333,266.29833333333335,228.12755666666666
2021-02-27 02:00:00,2.82855,2.8516833333333333,266.81666666666666,179.38257666666667
2021-02-27 03:00:00,2.89145,2.9147499999999997,268.29,138.20913333333334
2021-02-27 04:00:00,3.051816666666667,3.0560166666666664,467.9683333333333,117.871275
2021-02-27 05:00:00,3.2921,3.29025,494.6683333333333,127.76865666666666
2021-02-27 06:00:00,3.5234666666666663,3.5217,497.02333333333337,152.383205
2021-02-27 07:00:00,3.6903,3.6957166666666668,363.09166666666664,254.545495
2021-02-27 08:00:00,3.6315166666666667,3.672283333333333,201.665,358.37019
2021-02-27 09:00:00,3.534283333333333,3.5746666666666664,201.63333333333333,310.9090816666667
2021-02-27 10:00:00,3.4491500000000004,3.48895,197.90333333333334,344.67406833333337
2021-02-27 11:00:00,3.33445,3.3744666666666663,198.38833333333332,354.487445
2021-02-27 12:00:00,3.2281666666666666,3.2677,198.645,365.61578333333335
2021-02-27 13:00:00,3.0957333333333334,3.1349333333333336,197.69333333333333,419.69803833333333
2021-02-27 14:00:00,2.9411833333333335,2.980433333333333,197.36499999999998,411.475145
2021-02-27 15:00:00,2.806566666666667,2.8456833333333336,198.13666666666668,381.01912333333337
2021-02-27 16:00:00,2.6795666666666667,2.7178666666666667,198.39666666666665,356.18763333333334
2021-02-27 17:00:00,2.5974500000000003,2.6338999999999997,198.31833333333333,317.6240833333333
2021-02-27 18:00:00,2.4988333333333332,2.5363666666666664,198.01833333333335,349.59065333333336
2021-02-27 19:00:00,2.421683333333333,2.4574,198.325,268.4775716666667
2021-02-27 20:00:00,2.3679333333333332,2.4045,221.24833333333333,276.0058416666667
2021-02-27 21:00:00,2.3528499999999997,2.3945333333333334,351.15333333333336,365.729505
2021-02-27 22:00:00,2.3402499999999997,2.3945333333333334,385.68333333333334,316.056645
2021-02-27 23:00:00,2.4097166666666667,2.463783333333333,396.2,255.77473166666667
2021-02-28 00:00:00,2.5174166666666666,2.5693833333333336,402.90333333333336,218.16381166666667
2021-02-28 01:00:00,2.6414166666666667,2.690916666666667,400.54,177.538235
2021-02-28 02:00:00,2.7863333333333333,2.8334166666666665,400.28,163.99535
2021-02-28 03:00:00,2.95065,2.9956833333333335,400.1066666666667,134.486355
2021-02-28 04:00:00,3.1243666666666665,3.1719333333333335,402.63666666666666,123.127545
2021-02-28 05:00:00,3.297066666666667,3.3435333333333332,400.27166666666665,143.09572166666666
2021-02-28 06:00:00,3.4590166666666664,3.50655,398.6766666666666,164.27347166666667
2021-02-28 07:00:00,3.5604500000000003,3.621183333333333,395.96,300.678735
2021-02-28 08:00:00,3.59495,3.6617333333333333,390.12166666666667,331.17158333333333
2021-02-28 09:00:00,3.6062333333333334,3.671766666666667,372.65833333333336,373.2008133333333
2021-02-28 10:00:00,3.5949,3.6614,371.72,389.38669000000004
2021-02-28 11:00:00,3.5709999999999997,3.6273,298.15,371.5596733333333
2021-02-28 12:00:00,3.47015,3.5101333333333335,234.69500000000002,462.6586
2021-02-28 13:00:00,3.2975166666666667,3.3375166666666667,232.09333333333333,471.47074499999997
2021-02-28 14:00:00,3.1725666666666665,3.210583333333333,233.55166666666668,333.0467816666667
2021-02-28 15:00:00,3.1426833333333333,3.1777,235.45,239.39678333333333
2021-02-28 16:00:00,3.134383333333333,3.1712833333333332,236.15166666666667,252.79775166666667
2021-02-28 17:00:00,3.0887666666666664,3.12615,234.36833333333334,334.98955666666666
2021-02-28 18:00:00,3.0206333333333335,3.05695,234.65666666666667,327.610155
2021-02-28 19:00:00,2.95535,2.991416666666667,234.00666666666666,315.92857666666663
2021-02-28 20:00:00,2.881466666666667,2.9189833333333337,234.67833333333334,354.0063616666667
2021-02-28 21:00:00,2.8224666666666667,2.85535,274.14166666666665,326.5732583333333
2021-02-28 22:00:00,2.7972333333333332,2.815933333333333,328.19666666666666,355.07704
2021-02-28 23:00:00,2.788116666666667,2.8100666666666667,349.8333333333333,306.46680333333336
2021-03-01 00:00:00,2.8405666666666667,2.8938166666666665,502.425,303.66557166666666
2021-03-01 01:00:00,2.966666666666667,3.00635,347.4616666666667,200.38894833333333
2021-03-01 02:00:00,3.0614,3.0983333333333336,342.4316666666667,184.73643666666666
2021-03-01 03:00:00,3.176616666666667,3.2116,341.24666666666667,129.03443333333334
2021-03-01 04:00:00,3.3414833333333336,3.3712999999999997,449.93666666666667,123.70722666666667
2021-03-01 05:00:00,3.57945,3.60495,497.59833333333336,139.20139166666667
2021-03-01 06:00:00,3.7558333333333334,3.7841333333333336,314.60333333333335,156.97625333333332
2021-03-01 07:00:00,3.8045833333333334,3.8253666666666666,204.92333333333332,204.72140833333333
2021-03-01 08:00:00,3.758983333333333,3.7912166666666662,145.26166666666668,243.18412
2021-03-01 09:00:00,3.6639666666666666,3.6960333333333333,149.395,325.6886983333333
2021-03-01 10:00:00,3.5533,3.5850333333333335,152.55333333333334,296.9025283333333
2021-03-01 11:00:00,3.4414666666666665,3.472183333333333,153.19333333333333,366.06479666666667
2021-03-01 12:00:00,3.2693000000000003,3.2985666666666664,149.81333333333333,429.80753833333335
2021-03-01 13:00:00,3.0706833333333337,3.0989333333333335,146.23666666666668,428.62361
2021-03-01 14:00:00,2.8918000000000004,2.91875,145.80166666666668,414.230045
2021-03-01 15:00:00,2.7233666666666663,2.7511333333333337,148.16833333333335,343.8674683333333
2021-03-01 16:00:00,2.5933333333333333,2.6187666666666667,153.76666666666668,336.10634500000003
2021-03-01 17:00:00,2.4762666666666666,2.50245,154.80833333333334,340.49023166666666
2021-03-01 18:00:00,2.3458666666666668,2.3727,156.18666666666667,342.1921216666667
2021-03-01 19:00:00,2.2358,2.2980500000000004,365.93666666666667,378.6227833333333
2021-03-01 20:00:00,2.243866666666667,2.322583333333333,404.64500000000004,368.740255
2021-03-01 21:00:00,2.270766666666667,2.34425,393.52833333333336,323.80076833333334
2021-03-01 22:00:00,2.344133333333333,2.4028666666666667,450.73499999999996,304.3555833333333
2021-03-01 23:00:00,2.448783333333333,2.5001,480.1716666666667,291.73008166666665
2021-03-02 00:00:00,2.5960666666666667,2.642733333333333,487.5516666666666,225.38097833333333
2021-03-02 01:00:00,2.7885333333333335,2.8255666666666666,443.875,137.49346166666666
2021-03-02 02:00:00,2.9686166666666667,2.99985,403.77666666666664,146.32098833333333
2021-03-02 03:00:00,3.1343666666666667,3.165966666666667,401.68833333333333,125.17800166666666
2021-03-02 04:00:00,3.3162499999999997,3.34885,399.51166666666666,113.83821333333334
2021-03-02 05:00:00,3.49615,3.5298166666666666,401.1316666666667,128.49932833333335
2021-03-02 06:00:00,3.605166666666667,3.6527666666666665,246.04833333333332,177.86020000000002
2021-03-02 07:00:00,3.5818833333333333,3.64535,243.65,365.03733
2021-03-02 08:00:00,3.4596333333333336,3.53095,242.31333333333336,399.25406000000004
2021-03-02 09:00:00,3.3697,3.4374833333333332,240.98333333333332,368.52621166666665
2021-03-02 10:00:00,3.273416666666667,3.3405,236.67333333333332,392.4613533333333
2021-03-02 11:00:00,3.159966666666667,3.228416666666667,236.45333333333335,400.3191666666667
2021-03-02 12:00:00,3.0521833333333332,3.1178166666666667,238.025,364.2005416666667
2021-03-02 13:00:00,2.9947999999999997,3.0530833333333334,237.35,282.9154533333333
2021-03-02 14:00:00,2.973783333333333,3.0278166666666664,237.58166666666665,253.18352000000002
2021-03-02 15:00:00,2.9536666666666664,3.008966666666667,239.43666666666667,274.23782833333337
2021-03-02 16:00:00,2.90615,2.9663166666666667,238.55666666666667,330.12712166666665
2021-03-02 17:00:00,2.834683333333333,2.895566666666667,239.23999999999998,337.99935166666666
2021-03-02 18:00:00,2.7651833333333333,2.8247500000000003,240.325,319.19621333333333
2021-03-02 19:00:00,2.7258,2.7830833333333334,240.26666666666668,321.76013166666667
2021-03-02 20:00:00,2.6352333333333333,2.700416666666667,241.70499999999998,366.953085
2021-03-02 21:00:00,2.5553833333333333,2.6185,243.57000000000002,354.04276000000004
2021-03-02 22:00:00,2.4874333333333336,2.5479666666666665,244.66333333333333,328.7342566666667
2021-03-02 23:00:00,2.4177666666666666,2.48065,250.3,331.882755
2021-03-03 00:00:00,2.4016499999999996,2.4542833333333336,243.87,222.19428333333332
2021-03-03 01:00:00,2.4275666666666664,2.4755,246.28166666666667,181.26663166666668
2021-03-03 02:00:00,2.49265,2.533983333333333,244.51000000000002,119.960065
2021-03-03 03:00:00,2.5738166666666666,2.6135499999999996,244.235,112.88766666666668
2021-03-03 04:00:00,2.7180833333333334,2.7429333333333332,491.545,110.98253433333333
2021-03-03 05:00:00,3.060083333333333,3.067333333333333,674.635,125.89686833333333
2021-03-03 06:00:00,3.3930833333333337,3.400516666666667,623.1716666666667,210.33038166666665
2021-03-03 07:00:00,3.5189999999999997,3.5572333333333335,447.85,358.20711666666665
2021-03-03 08:00:00,3.5495,3.5890166666666667,444.8816666666667,380.71786499999996
2021-03-03 09:00:00,3.55995,3.6111166666666668,284.09666666666664,326.3063916666667
2021-03-03 10:00:00,3.4981999999999998,3.5581,256.10499999999996,356.11561333333333
2021-03-03 11:00:00,3.415383333333333,3.4756666666666667,255.725,361.1244
2021-03-03 12:00:00,3.3745333333333334,3.4282,257.00666666666666,286.0095116666667
2021-03-03 13:00:00,3.3483,3.40285,257.3383333333333,287.01993000000004
2021-03-03 14:00:00,3.309883333333333,3.366033333333333,256.44166666666666,332.9446066666667
2021-03-03 15:00:00,3.2529166666666667,3.308883333333333,257.54333333333335,319.90273333333334
2021-03-03 16:00:00,3.20655,3.2622166666666668,254.79,345.34276666666665
2021-03-03 17:00:00,3.1473500000000003,3.2020666666666666,259.1016666666667,328.9666016666667
2021-03-03 18:00:00,3.085783333333333,3.141383333333333,254.925,318.97911
2021-03-03 19:00:00,3.041633333333333,3.097466666666667,255.33666666666667,351.03203
2021-03-03 20:00:00,2.9640333333333335,3.0218333333333334,256.99666666666667,360.5992766666667
2021-03-03 21:00:00,2.8791333333333333,2.9388833333333335,258.88,377.74847166666666
2021-03-03 22:00:00,2.81995,2.87435,261.74333333333334,305.50776
2021-03-03 23:00:00,2.8313166666666665,2.8949166666666666,384.47333333333336,278.2051583333333
2021-03-04 00:00:00,2.9174333333333333,2.9757333333333333,372.81166666666667,203.74753666666666
2021-03-04 01:00:00,3.0326666666666666,3.0890166666666667,378.4266666666666,182.96926833333333
2021-03-04 02:00:00,3.173983333333333,3.22815,379.255,129.09005666666667
2021-03-04 03:00:00,3.3390833333333334,3.3933666666666666,378.7916666666667,116.72369666666667
2021-03-04 04:00:00,3.4785166666666667,3.5183833333333334,241.55666666666667,114.89898166666667
2021-03-04 05:00:00,3.5382833333333332,3.576016666666667,216.05333333333334,138.01753166666668
2021-03-04 06:00:00,3.5739333333333336,3.608566666666667,272.0466666666667,243.547535
2021-03-04 07:00:00,3.5466166666666665,3.5782666666666665,293.0833333333333,410.03411166666666
2021-03-04 08:00:00,3.459483333333333,3.490466666666667,291.2183333333333,370.8168266666667
2021-03-04 09:00:00,3.4235333333333333,3.4546833333333336,291.365,311.329575
2021-03-04 10:00:00,3.4084333333333334,3.4395666666666664,293.9433333333333,318.39561
2021-03-04 11:00:00,3.3685,3.3993333333333333,294.05,364.0706983333333
2021-03-04 12:00:00,3.3224333333333336,3.3538666666666668,297.1333333333333,341.53213666666664
2021-03-04 13:00:00,3.2751,3.3051666666666666,294.84166666666664,363.81198333333333
2021-03-04 14:00:00,3.24415,3.2742999999999998,295.0083333333333,304.56518166666666
2021-03-04 15:00:00,3.233816666666667,3.2632666666666665,297.04,323.91032
2021-03-04 16:00:00,3.1965166666666667,3.2268,296.0516666666666,339.30116166666664
2021-03-04 17:00:00,3.16995,3.1988166666666666,295.9166666666667,316.0705483333333
2021-03-04 18:00:00,3.161583333333333,3.19025,295.82,285.8074066666667
2021-03-04 19:00:00,3.1476333333333333,3.176083333333333,301.055,325.8024383333333
2021-03-04 20:00:00,3.1378666666666666,3.166166666666667,298.7566666666667,299.06246833333336
2021-03-04 21:00:00,3.1118666666666663,3.1400833333333336,293.1116666666667,367.990165
2021-03-04 22:00:00,3.0620833333333333,3.0901833333333335,295.4066666666667,313.0345633333333
2021-03-04 23:00:00,3.054333333333333,3.0836166666666665,301.4866666666667,303.135605
2021-03-05 00:00:00,3.0494666666666665,3.078216666666667,297.21666666666664,287.119495
2021-03-05 01:00:00,3.0776333333333334,3.1061833333333335,302.4683333333333,189.50810833333335
2021-03-05 02:00:00,3.1621333333333337,3.1910666666666665,304.44,164.95921166666668
2021-03-05 03:00:00,3.2637,3.2940666666666667,302.06333333333333,117.59883833333333
2021-03-05 04:00:00,3.380933333333333,3.4111333333333334,299.7583333333333,117.08255333333334
2021-03-05 05:00:00,3.487016666666667,3.51775,302.685,148.46411333333333
2021-03-05 06:00:00,3.5756666666666663,3.6071166666666667,301.10999999999996,193.843765
2021-03-05 07:00:00,3.5783666666666667,3.61015,296.9066666666667,380.94065500000005
2021-03-05 08:00:00,3.5042833333333334,3.5352166666666665,295.94666666666666,402.42116999999996
2021-03-05 09:00:00,3.43535,3.467,293.52000000000004,382.1453116666667
2021-03-05 10:00:00,3.39175,3.421966666666667,290.8,306.8950783333333
2021-03-05 11:00:00,3.3790833333333334,3.4095999999999997,291.95,286.41405833333334
2021-03-05 12:00:00,3.352616666666667,3.382633333333333,291.93666666666667,388.27373
2021-03-05 13:00:00,3.2883833333333334,3.31805,291.9316666666667,337.3961516666667
2021-03-05 14:00:00,3.2555833333333335,3.2849166666666667,295.525,327.4352283333334
2021-03-05 15:00:00,3.2401,3.2702999999999998,298.49833333333333,301.236135
2021-03-05 16:00:00,3.2230333333333334,3.2536666666666667,298.2433333333333,321.55386833333336
2021-03-05 17:00:00,3.2039833333333334,3.2332666666666667,289.71,323.03988000000004
2021-03-05 18:00:00,3.1775666666666664,3.20845,291.37666666666667,314.6359516666667
2021-03-05 19:00:00,3.145983333333333,3.1768333333333336,291.6,339.202465
2021-03-05 20:00:00,3.1199166666666667,3.1509833333333335,289.12833333333333,305.237015
2021-03-05 21:00:00,3.0884666666666667,3.10365,265.61833333333334,342.70990666666665
2021-03-05 22:00:00,3.0430833333333336,3.03035,296.59000000000003,387.26982000000004
2021-03-05 23:00:00,2.9909833333333333,2.9808499999999998,292.92333333333335,344.235115
2021-03-06 00:00:00,2.9660333333333333,2.9660333333333333,287.64000000000004,253.10318833333335
2021-03-06 01:00:00,3.0128,3.0246166666666667,291.6766666666666,154.40435333333335
2021-03-06 02:00:00,3.1063166666666664,3.1203833333333333,295.2366666666667,135.77387166666668
2021-03-06 03:00:00,3.209766666666667,3.2261,295.6116666666667,124.33368
2021-03-06 04:00:00,3.3193333333333332,3.3358,293.6166666666667,120.80195333333333
2021-03-06 05:00:00,3.4274666666666667,3.44425,295.98333333333335,136.2494
2021-03-06 06:00:00,3.516833333333333,3.528966666666667,298.075,183.04652333333334
2021-03-06 07:00:00,3.5685166666666666,3.5729166666666665,295.115,239.72382166666665
2021-03-06 08:00:00,3.5668,3.55995,291.705,356.53904166666666
2021-03-06 09:00:00,3.490866666666667,3.5012166666666666,181.42833333333334,330.3032566666667
2021-03-06 10:00:00,3.36365,3.38755,146.50333333333336,336.79299
2021-03-06 11:00:00,3.2154833333333332,3.239816666666667,146.285,371.41179666666665
2021-03-06 12:00:00,3.0248500000000003,3.043433333333333,145.69166666666666,490.57670833333333
2021-03-06 13:00:00,2.814833333333333,2.8333999999999997,145.94166666666666,421.5111083333333
2021-03-06 14:00:00,2.6314333333333333,2.650383333333333,146.81333333333333,375.00968
2021-03-06 15:00:00,2.5452333333333335,2.591133333333333,328.0833333333333,323.24085
2021-03-06 16:00:00,2.53425,2.58435,328.27666666666664,309.31644500000004
2021-03-06 17:00:00,2.5625,2.6089166666666666,329.67,280.47207833333334
2021-03-06 18:00:00,2.5826166666666666,2.630533333333333,330.30833333333334,283.72639333333336
2021-03-06 19:00:00,2.6074,2.654733333333333,327.0933333333333,293.28742166666666
2021-03-06 20:00:00,2.613316666666667,2.6634499999999997,327.30333333333334,331.170135
2021-03-06 21:00:00,2.6054166666666663,2.65565,326.7966666666667,304.67227333333335
2021-03-06 22:00:00,2.6081333333333334,2.65895,329.03333333333336,325.11807166666665
2021-03-06 23:00:00,2.60815,2.659283333333333,331.9933333333333,313.74874166666666
2021-03-07 00:00:00,2.6444166666666664,2.6873500000000003,348.4566666666667,225.778535
2021-03-07 01:00:00,2.741616666666667,2.7741,398.01,221.99564
2021-03-07 02:00:00,2.8709166666666666,2.9025833333333333,398.28333333333336,168.32475000000002
2021-03-07 03:00:00,3.0370166666666667,3.067533333333333,399.80333333333334,120.01592833333333
2021-03-07 04:00:00,3.215733333333333,3.2479333333333336,398.5083333333333,118.84273833333333
2021-03-07 05:00:00,3.38835,3.4209666666666667,394.60833333333335,135.06903666666668
2021-03-07 06:00:00,3.5502833333333332,3.5845166666666666,394.47166666666664,162.67891
2021-03-07 07:00:00,3.661283333333333,3.6993333333333336,394.78499999999997,269.6484
2021-03-07 08:00:00,3.7119333333333335,3.752816666666667,394.73333333333335,353.92987999999997
2021-03-07 09:00:00,3.73005,3.77005,393.31166666666667,323.8821183333333
2021-03-07 10:00:00,3.7378666666666667,3.7934666666666668,305.3566666666667,337.08487333333335
2021-03-07 11:00:00,3.7087,3.7732,270.655,297.02164
2021-03-07 12:00:00,3.6275666666666666,3.7040833333333336,270.0366666666667,446.83806833333335
2021-03-07 13:00:00,3.5271,3.599083333333333,270.19,357.57023833333335
2021-03-07 14:00:00,3.4772000000000003,3.5430333333333333,267.48833333333334,322.0718766666667
2021-03-07 15:00:00,3.44075,3.50545,268.3833333333333,337.5223016666667
2021-03-07 16:00:00,3.395183333333333,3.45945,269.93833333333333,301.91480666666666
2021-03-07 17:00:00,3.351783333333333,3.4194,271.29333333333335,375.5712716666667
2021-03-07 18:00:00,3.238983333333333,3.316683333333333,272.37,450.97692666666666
2021-03-07 19:00:00,3.1398,3.2100999999999997,271.69166666666666,371.82569500000005
2021-03-07 20:00:00,3.0673000000000004,3.1376833333333334,275.4433333333333,388.1567933333333
2021-03-07 21:00:00,2.9880333333333335,3.057466666666667,276.5133333333333,354.74911499999996
2021-03-07 22:00:00,2.9515499999999997,3.0146666666666664,274.40333333333336,313.108995
2021-03-07 23:00:00,2.9489333333333336,3.0043,276.5566666666667,221.93217
2021-03-08 00:00:00,3.0062333333333333,3.052116666666667,271.43666666666667,161.96263499999998
2021-03-08 01:00:00,3.08345,3.1293166666666665,275.4,137.12830833333334
2021-03-08 02:00:00,3.157766666666667,3.2068833333333333,276.27000000000004,161.74258999999998
2021-03-08 03:00:00,3.2472,3.2946833333333334,274.2566666666667,116.27002833333333
2021-03-08 04:00:00,3.3473333333333333,3.3955333333333333,275.85499999999996,117.00633833333333
2021-03-08 05:00:00,3.4438833333333334,3.4928000000000003,278.06666666666666,136.66586999999998
2021-03-08 06:00:00,3.5161666666666664,3.5694999999999997,289.1,208.20179833333333
2021-03-08 07:00:00,3.5629,3.5985500000000004,419.495,370.83558999999997
2021-03-08 08:00:00,3.515816666666667,3.5798833333333335,297.68833333333333,403.505215
2021-03-08 09:00:00,3.4425000000000003,3.50745,294.37666666666667,376.9523183333333
2021-03-08 10:00:00,3.3838,3.4480500000000003,296.71500000000003,398.94909666666666
2021-03-08 11:00:00,3.2696666666666667,3.3416333333333332,295.5183333333333,473.02551666666665
2021-03-08 12:00:00,3.1600166666666665,3.227516666666667,290.2883333333333,421.67058833333334
2021-03-08 13:00:00,3.109666666666667,3.1663,291.15833333333336,293.63997666666666
2021-03-08 14:00:00,3.1119666666666665,3.1668666666666665,293.2183333333333,281.6279216666666
2021-03-08 15:00:00,3.1054000000000004,3.163416666666667,297.75166666666667,297.37978166666664
2021-03-08 16:00:00,3.1093166666666665,3.1653000000000002,297.08,277.9774766666667
2021-03-08 17:00:00,3.1095166666666665,3.1659333333333333,295.77166666666665,284.10421
2021-03-08 18:00:00,3.113783333333333,3.1700833333333334,294.88666666666666,286.3901433333333
2021-03-08 19:00:00,3.0934666666666666,3.15505,296.4216666666667,345.2789
2021-03-08 20:00:00,3.0481,3.1109500000000003,294.4216666666667,346.18860666666666
2021-03-08 21:00:00,2.9997666666666665,3.06255,294.45166666666665,356.95302333333336
2021-03-08 22:00:00,2.9567166666666664,3.0188166666666665,293.87,377.6428466666667
2021-03-08 23:00:00,2.895766666666667,2.9570833333333337,287.995,321.027505
2021-03-09 00:00:00,2.8928166666666666,2.947366666666667,291.185,264.6466716666667
2021-03-09 01:00:00,2.9129833333333335,2.9669833333333333,292.6616666666667,233.179935
2021-03-09 02:00:00,2.989733333333333,3.03275,291.22666666666663,132.58137833333333
2021-03-09 03:00:00,3.0925333333333334,3.1366333333333336,292.18833333333333,120.22496333333333
2021-03-09 04:00:00,3.203616666666667,3.246366666666667,293.7083333333333,117.63397499999999
2021-03-09 05:00:00,3.3122166666666666,3.355433333333333,295.1983333333334,131.65994166666667
2021-03-09 06:00:00,3.396983333333333,3.4444166666666667,294.5383333333333,192.53426833333333
2021-03-09 07:00:00,3.4128333333333334,3.470666666666667,290.5566666666667,332.04578000000004
2021-03-09 08:00:00,3.3533666666666666,3.415516666666667,289.5316666666667,359.040015
2021-03-09 09:00:00,3.31785,3.3766000000000003,290.7816666666667,308.2602616666666
2021-03-09 10:00:00,3.3105666666666664,3.366966666666667,290.3366666666667,303.4457683333333
2021-03-09 11:00:00,3.2679833333333335,3.3304833333333335,290.2083333333333,374.84306833333335
2021-03-09 12:00:00,3.23105,3.28835,292.7116666666667,296.30699333333337
2021-03-09 13:00:00,3.2203166666666667,3.2775166666666666,297.9316666666667,307.97636
2021-03-09 14:00:00,3.2075166666666663,3.2631333333333337,297.5416666666667,294.8921866666667
2021-03-09 15:00:00,3.21895,3.273283333333333,300.52833333333336,265.629665
2021-03-09 16:00:00,3.2105166666666665,3.270383333333333,294.65166666666664,320.18219166666665
2021-03-09 17:00:00,3.1671666666666667,3.230166666666667,292.9816666666667,383.52710666666667
2021-03-09 18:00:00,3.1085166666666666,3.1705166666666664,294.57666666666665,345.571145
2021-03-09 19:00:00,3.0683000000000002,3.13315,308.405,366.32086499999997
2021-03-09 20:00:00,3.0150833333333336,3.0814,306.3366666666667,372.440765
2021-03-09 21:00:00,2.964316666666667,3.0281000000000002,298.4483333333334,357.79648833333334
2021-03-09 22:00:00,2.9202,2.984466666666667,291.63666666666666,369.2231916666667
2021-03-09 23:00:00,2.8913166666666665,2.9472,293.35333333333335,252.60934666666665
2021-03-10 00:00:00,2.9476166666666668,2.9939999999999998,290.85,166.21961666666667
2021-03-10 01:00:00,3.0404166666666668,3.08345,297.92833333333334,135.30968833333333
2021-03-10 02:00:00,3.1510499999999997,3.1941333333333333,304.5083333333333,122.14834666666667
2021-03-10 03:00:00,3.2690333333333332,3.3114500000000002,303.22,112.45959166666667
2021-03-10 04:00:00,3.3897666666666666,3.43215,302.6333333333333,114.27246833333334
2021-03-10 05:00:00,3.5049166666666665,3.5489333333333333,301.82,128.02261166666668
2021-03-10 06:00:00,3.594666666666667,3.6430333333333333,300.74666666666667,204.97449666666668
2021-03-10 07:00:00,3.5891499999999996,3.65355,303.795,382.06183
2021-03-10 08:00:00,3.5146333333333333,3.5831166666666667,302.37166666666667,382.48643999999996
2021-03-10 09:00:00,3.468366666666667,3.5333666666666668,299.045,346.970855
2021-03-10 10:00:00,3.4335,3.49575,294.195,356.8604666666667
2021-03-10 11:00:00,3.3413166666666667,3.4107833333333333,293.6316666666667,456.61699000000004
2021-03-10 12:00:00,3.2381,3.3040499999999997,291.45,409.318765
2021-03-10 13:00:00,3.1897,3.2476,291.4266666666666,318.24814
2021-03-10 14:00:00,3.16945,3.2262,292.06,299.14987333333335
2021-03-10 15:00:00,3.1857666666666664,3.2373666666666665,292.9116666666667,226.33828
2021-03-10 16:00:00,3.2160333333333333,3.271983333333333,292.5366666666667,274.01977
2021-03-10 17:00:00,3.2054166666666664,3.26165,285.67833333333334,289.49687166666666
2021-03-10 18:00:00,3.192633333333333,3.2506166666666667,287.09666666666664,302.54647666666665
2021-03-10 19:00:00,3.1626499999999997,3.2233,288.48833333333334,347.8623416666667
2021-03-10 20:00:00,3.13255,3.18965,288.27000000000004,299.0172483333333
2021-03-10 21:00:00,3.0851333333333333,3.1432833333333337,258.8616666666667,402.92807999999997
2021-03-10 22:00:00,2.94945,3.0019833333333334,234.55333333333334,413.155865
2021-03-10 23:00:00,2.8928333333333334,2.9193833333333337,371.9483333333334,352.96722666666665
2021-03-11 00:00:00,2.953033333333333,2.9791000000000003,328.10833333333335,211.57494166666666
2021-03-11 01:00:00,3.0074666666666667,3.0439833333333337,279.01666666666665,194.63760833333333
2021-03-11 02:00:00,3.0602,3.09785,273.0516666666667,173.34977166666667
2021-03-11 03:00:00,3.134983333333333,3.1727333333333334,276.13,126.20464
2021-03-11 04:00:00,3.2355500000000004,3.2734,277.4933333333333,122.17706666666666
2021-03-11 05:00:00,3.3331333333333335,3.3709166666666666,287.31,127.22793833333334
2021-03-11 06:00:00,3.4329666666666667,3.468433333333333,303.455,170.84434000000002
2021-03-11 07:00:00,3.4600333333333335,3.499483333333333,305.22666666666663,340.1285366666667
2021-03-11 08:00:00,3.42315,3.4635000000000002,307.375,345.0013166666667
2021-03-11 09:00:00,3.394433333333333,3.4371666666666667,235.15833333333333,298.65430000000003
2021-03-11 10:00:00,3.3939666666666666,3.402916666666667,256.81666666666666,311.90695
2021-03-11 11:00:00,3.254833333333333,3.2616333333333336,116.045,352.63282
2021-03-11 12:00:00,3.1012833333333334,3.161,264.07666666666665,380.30001999999996
2021-03-11 13:00:00,3.0405,3.1022166666666666,263.19,305.790615
2021-03-11 14:00:00,3.0195333333333334,3.0768166666666668,265.11,302.02142
2021-03-11 15:00:00,2.9581,3.0206166666666667,261.31333333333333,357.42604833333337
2021-03-11 16:00:00,2.881466666666667,2.9429000000000003,255.825,361.64631
2021-03-11 17:00:00,2.8195833333333336,2.8793,261.695,324.3465
2021-03-11 18:00:00,2.78145,2.8385166666666666,262.2,308.73351166666663
2021-03-11 19:00:00,2.722383333333333,2.784183333333333,263.36333333333334,365.4989483333333
2021-03-11 20:00:00,2.66555,2.7249166666666667,259.97,316.80025666666666
2021-03-11 21:00:00,2.5994666666666664,2.6630833333333332,259.6483333333333,389.5880333333333
2021-03-11 22:00:00,2.5186833333333336,2.577566666666667,280.69166666666666,315.13463666666667
2021-03-11 23:00:00,2.5320833333333335,2.559466666666667,250.91333333333333,247.13203000000001
2021-03-12 00:00:00,2.54005,2.5651333333333337,252.405,206.43311
2021-03-12 01:00:00,2.5921499999999997,2.618666666666667,252.89166666666668,136.27572166666667
2021-03-12 02:00:00,2.672433333333333,2.6995999999999998,255.68833333333333,121.37970166666668
2021-03-12 03:00:00,2.75625,2.7832500000000002,255.50833333333333,116.43555233333333
2021-03-12 04:00:00,2.8487333333333336,2.8759666666666663,257.41333333333336,110.44853166666667
2021-03-12 05:00:00,2.9384333333333337,2.9665000000000004,282.6633333333333,126.80109333333333
2021-03-12 06:00:00,3.0511166666666667,3.10255,427.085,221.24036833333332
2021-03-12 07:00:00,3.2581333333333333,3.3137333333333334,359.4016931216931,399.1502683333334
2021-03-12 08:00:00,3.3859500000000002,3.445516666666667,283.9266402116402,393.01664999999997
2021-03-12 09:00:00,3.32935,3.386283333333333,280.925,338.53149666666667
2021-03-12 10:00:00,3.2691666666666666,3.3261333333333334,280.31166666666667,374.94324166666667
2021-03-12 11:00:00,3.2216,3.2754333333333334,280.8666666666667,316.953895
2021-03-12 12:00:00,3.1588,3.214,303.09000000000003,422.02089166666667
2021-03-12 13:00:00,3.1012166666666667,3.1384,355.495,383.435055
2021-03-12 14:00:00,3.11815,3.1523499999999998,357.315,269.1819766666667
2021-03-12 15:00:00,3.1847833333333333,3.2188333333333334,353.1983333333334,230.59072
2021-03-12 16:00:00,3.246566666666667,3.280733333333333,348.59000000000003,254.03807
2021-03-12 17:00:00,3.274083333333333,3.3213333333333335,263.93333333333334,266.592405
2021-03-12 18:00:00,3.2392166666666666,3.2948833333333334,258.25333333333333,308.765255
2021-03-12 19:00:00,3.202933333333333,3.2592333333333334,260.5683333333333,317.96605999999997
2021-03-12 20:00:00,3.1652,3.2188666666666665,259.49833333333333,307.518195
2021-03-12 21:00:00,3.1028333333333333,3.1612333333333336,258.475,355.6952566666667
2021-03-12 22:00:00,3.01805,3.06615,208.41,367.7311516666667
2021-03-12 23:00:00,2.9206999999999996,2.9653,213.825,314.51148333333333
2021-03-13 00:00:00,2.8605666666666667,2.9037333333333333,211.21833333333333,275.59724833333337
2021-03-13 01:00:00,2.8369166666666668,2.8767833333333335,213.22,216.991135
2021-03-13 02:00:00,2.8453166666666667,2.8835166666666665,217.735,165.33926333333332
2021-03-13 03:00:00,2.8954666666666666,2.9321166666666665,219.01833333333335,117.843485
2021-03-13 04:00:00,2.960733333333333,2.996866666666667,217.515,114.03532666666666
2021-03-13 05:00:00,3.0234666666666663,3.0589333333333335,215.41833333333335,125.04633
2021-03-13 06:00:00,3.189833333333333,3.2259499999999997,624.8083333333333,149.40134666666665
2021-03-13 07:00:00,3.5067,3.54545,671.9916666666667,214.07641833333335
2021-03-13 08:00:00,3.728016666666667,3.7700166666666663,514.9783333333334,341.40572
2021-03-13 09:00:00,3.7144666666666666,3.7578,223.965,365.97509833333334
2021-03-13 10:00:00,3.5834833333333336,3.6317666666666666,212.34,400.712945
2021-03-13 11:00:00,3.4708833333333335,3.5160833333333334,210.30166666666668,370.93332499999997
2021-03-13 12:00:00,3.3412333333333333,3.38625,211.11499999999998,402.05662666666666
2021-03-13 13:00:00,3.19945,3.2437666666666667,210.89166666666668,435.62114166666663
2021-03-13 14:00:00,3.0623,3.1059666666666668,212.06,356.0540766666666
2021-03-13 15:00:00,2.9671833333333333,3.0090999999999997,211.35166666666666,331.22689166666663
2021-03-13 16:00:00,2.8834166666666667,2.9231666666666665,212.34666666666666,332.3598333333333
2021-03-13 17:00:00,2.8011333333333335,2.8401666666666667,211.05166666666668,334.1311366666667
2021-03-13 18:00:00,2.7130666666666667,2.751316666666667,207.92666666666668,304.03524833333336
2021-03-13 19:00:00,2.6563833333333333,2.6940666666666666,208.88833333333332,297.0202416666667
2021-03-13 20:00:00,2.5764833333333335,2.6148833333333332,210.14333333333335,338.2735566666667
2021-03-13 21:00:00,2.4945999999999997,2.5334166666666667,207.83666666666667,323.51952
2021-03-13 22:00:00,2.4289,2.4681333333333333,331.78333333333336,307.45316166666663
2021-03-13 23:00:00,2.5111833333333333,2.531066666666667,427.9583333333333,267.63904333333335
2021-03-14 00:00:00,2.637583333333333,2.6601333333333335,432.0433333333333,202.98538666666667
2021-03-14 01:00:00,2.7919666666666667,2.8156166666666667,434.94,152.21876333333333
2021-03-14 02:00:00,2.9815,3.00705,434.5316666666667,128.31208833333332
2021-03-14 03:00:00,3.1803000000000003,3.2074333333333334,433.14000000000004,116.21935266666667
2021-03-14 04:00:00,3.3844333333333334,3.41415,437.21500000000003,115.84527
2021-03-14 05:00:00,3.5570666666666666,3.5953333333333335,345.85833333333335,163.66210166666667
2021-03-14 06:00:00,3.6222166666666666,3.6705666666666668,293.1383333333333,207.52445333333333
2021-03-14 07:00:00,3.6441666666666666,3.6971833333333333,287.76,305.01807
2021-03-14 08:00:00,3.6207166666666666,3.675116666666667,285.54,306.7484216666666
2021-03-14 09:00:00,3.5735666666666663,3.6317999999999997,289.38,359.58726666666666
2021-03-14 10:00:00,3.539816666666667,3.5935833333333336,270.755,320.97017166666666
2021-03-14 11:00:00,3.4526666666666666,3.4804000000000004,152.87166666666664,399.8777983333333
2021-03-14 12:00:00,3.2545166666666665,3.2778,152.91666666666666,436.48923333333335
2021-03-14 13:00:00,3.0797166666666667,3.1029833333333334,152.93666666666667,385.7058216666667
2021-03-14 14:00:00,2.9185333333333334,2.9412333333333334,153.07000000000002,380.756845
2021-03-14 15:00:00,2.7862,2.808583333333333,153.1,301.1897183333333
2021-03-14 16:00:00,2.69165,2.7151666666666667,152.82166666666666,307.1330116666667
2021-03-14 17:00:00,2.5747666666666666,2.5955166666666667,159.75166666666667,329.2685166666667
2021-03-14 18:00:00,2.451233333333333,2.472916666666667,213.075,390.93191
2021-03-14 19:00:00,2.3482833333333333,2.370283333333333,212.50833333333333,335.74900499999995
2021-03-14 20:00:00,2.2923833333333334,2.3598500000000002,449.0783333333333,386.2479533333333
2021-03-14 21:00:00,2.338216666666667,2.42635,488.53333333333336,377.0163
2021-03-14 22:00:00,2.39485,2.4392,319.19,308.40257333333335
2021-03-14 23:00:00,2.4360166666666667,2.4561166666666665,362.2416666666667,264.10054833333334
2021-03-15 00:00:00,2.5016666666666665,2.5230166666666665,365.1566666666667,237.02984833333332
2021-03-15 01:00:00,2.59405,2.6151666666666666,364.21,197.18020166666665
2021-03-15 02:00:00,2.7135833333333332,2.7360666666666664,358.48499999999996,137.59408166666665
2021-03-15 03:00:00,2.8653666666666666,2.8895,357.77666666666664,112.42689999999999
2021-03-15 04:00:00,3.0232,3.0495333333333337,358.9916666666667,109.930274
2021-03-15 05:00:00,3.1710833333333333,3.1944500000000002,361.50333333333333,159.6938033333333
2021-03-15 06:00:00,3.2739166666666666,3.295166666666667,376.1816666666667,229.39838333333333
2021-03-15 07:00:00,3.3503666666666665,3.375316666666667,377.7083333333333,319.48648
2021-03-15 08:00:00,3.3110166666666667,3.3394833333333334,241.575,366.33691999999996
2021-03-15 09:00:00,3.190033333333333,3.2292666666666667,225.36499999999998,410.2552333333333
2021-03-15 10:00:00,3.0697166666666664,3.107766666666667,214.42166666666665,385.9523183333333
2021-03-15 11:00:00,2.9445333333333332,2.9812833333333333,218.24333333333334,376.84878000000003
2021-03-15 12:00:00,2.8596999999999997,2.8939333333333335,219.20833333333334,303.0463433333333
2021-03-15 13:00:00,2.7912833333333333,2.8258333333333336,219.87166666666664,322.4923933333333
2021-03-15 14:00:00,2.7325666666666666,2.7652666666666668,215.71166666666667,286.37570166666666
2021-03-15 15:00:00,2.6882333333333337,2.7171666666666665,241.42166666666665,281.0364783333333
2021-03-15 16:00:00,2.65735,2.687183333333333,239.19833333333332,288.6274033333333
2021-03-15 17:00:00,2.5981666666666667,2.628233333333333,238.05499999999998,324.7927816666667
2021-03-15 18:00:00,2.53485,2.56445,237.95166666666668,342.13664666666665
2021-03-15 19:00:00,2.490416666666667,2.5048166666666662,329.1683333333333,333.25115
2021-03-15 20:00:00,2.4993333333333334,2.4920166666666668,381.2083333333333,399.58319833333337
2021-03-15 21:00:00,2.4675833333333332,2.4579,382.55833333333334,391.67279833333333
2021-03-15 22:00:00,2.4358999999999997,2.4578166666666665,309.2566666666667,343.1934583333333
2021-03-15 23:00:00,2.4172000000000002,2.4509333333333334,297.10166666666663,260.9383133333333
2021-03-16 00:00:00,2.4934237288135592,2.515440677966102,393.5864406779661,174.5026966101695
2021-03-16 01:00:00,2.6562833333333336,2.6777333333333333,410.0466666666667,147.38601166666666
2021-03-16 02:00:00,2.8238,2.8453166666666667,413.055,137.76401333333334
2021-03-16 03:00:00,3.008,3.0319333333333334,407.31166666666667,112.46968833333334
2021-03-16 04:00:00,3.1901333333333333,3.21425,403.005,141.34027166666667
2021-03-16 05:00:00,3.3569,3.3819333333333335,404.5683333333333,131.50472166666665
2021-03-16 06:00:00,3.520866666666667,3.5440666666666667,411.37166666666667,196.50124
2021-03-16 07:00:00,3.609,3.6355833333333334,348.44166666666666,325.397415
2021-03-16 08:00:00,3.54765,3.5888666666666666,277.225,394.04651666666666
2021-03-16 09:00:00,3.4540833333333336,3.4955166666666666,276.04,406.33373
2021-03-16 10:00:00,3.363583333333333,3.4046666666666665,270.26666666666665,407.88601166666666
2021-03-16 11:00:00,3.25235,3.2939999999999996,271.09666666666664,418.5682183333333
2021-03-16 12:00:00,3.171466666666667,3.2102833333333334,271.34333333333336,340.5178483333333
2021-03-16 13:00:00,3.1432833333333337,3.180066666666667,272.1166666666667,282.12556666666666
2021-03-16 14:00:00,3.1322166666666664,3.167733333333333,203.22666666666666,255.43480333333335
2021-03-16 15:00:00,3.0541,3.08495,133.67,288.32065666666665
2021-03-16 16:00:00,2.9375,2.9669499999999998,133.95,332.73668333333336
2021-03-16 17:00:00,2.80265,2.832133333333333,134.38666666666666,323.75373666666667
2021-03-16 18:00:00,2.66795,2.6973333333333334,133.335,332.649285
2021-03-16 19:00:00,2.6539166666666665,2.631133333333333,439.93833333333333,357.65200166666665
2021-03-16 20:00:00,2.7282333333333333,2.6992,455.8183333333333,318.36738499999996
2021-03-16 21:00:00,2.791233333333333,2.754966666666667,453.32166666666666,386.460395
2021-03-16 22:00:00,2.814783333333333,2.7917833333333335,397.2933333333333,340.78837
2021-03-16 23:00:00,2.8415166666666667,2.838716666666667,362.38666666666666,273.13710833333334
2021-03-17 00:00:00,2.913416666666667,2.9173666666666667,365.725,211.22890666666666
2021-03-17 01:00:00,3.016383333333333,3.0252833333333333,366.69,186.03669166666666
2021-03-17 02:00:00,3.1421833333333336,3.1553166666666663,368.68333333333334,147.455285
2021-03-17 03:00:00,3.2889833333333334,3.3078999999999996,367.42833333333334,115.62977666666667
2021-03-17 04:00:00,3.4503166666666667,3.4688,361.8883333333333,112.144716
2021-03-17 05:00:00,3.6069,3.625583333333333,360.02333333333337,131.35945166666667
2021-03-17 06:00:00,3.7030499999999997,3.72875,255.88,177.48639999999997
2021-03-17 07:00:00,3.6992833333333333,3.7185833333333336,255.70499999999998,382.35188
2021-03-17 08:00:00,3.576216666666667,3.5892666666666666,253.97166666666666,417.30769
2021-03-17 09:00:00,3.48435,3.4997333333333334,262.12,354.94656166666664
2021-03-17 10:00:00,3.4143499999999998,3.43045,255.085,363.1200533333333
2021-03-17 11:00:00,3.34365,3.3604333333333334,253.835,324.15165833333333
2021-03-17 12:00:00,3.3007833333333334,3.3176,256.36333333333334,311.10685666666666
2021-03-17 13:00:00,3.258666666666667,3.2747333333333333,256.8366666666667,309.42891833333334
2021-03-17 14:00:00,3.2182166666666663,3.2338999999999998,257.5183333333333,297.9404533333334
2021-03-17 15:00:00,3.1858166666666667,3.20145,257.755,296.30491333333333
2021-03-17 16:00:00,3.1688666666666667,3.1858,256.505,262.6943
2021-03-17 17:00:00,3.1467,3.1629666666666667,255.47666666666666,301.6294433333333
2021-03-17 18:00:00,3.104216666666667,3.1189666666666667,254.76833333333335,319.897145
2021-03-17 19:00:00,3.0162833333333334,3.0269333333333335,252.72166666666666,414.8516783333333
2021-03-17 20:00:00,2.9290666666666665,2.94325,251.095,343.60606333333334
2021-03-17 21:00:00,2.8445000000000005,2.85505,251.22666666666666,399.34180833333335
2021-03-17 22:00:00,2.7658,2.7853833333333333,294.70166666666665,325.14835166666666
2021-03-17 23:00:00,2.747866666666667,2.77205,298.8183333333333,306.10208
2021-03-18 00:00:00,2.7521166666666668,2.777066666666667,303.7583333333333,225.68700333333334
2021-03-18 01:00:00,2.83445,2.8617,303.1383333333333,138.15458833333332
2021-03-18 02:00:00,2.9426666666666668,2.9707500000000002,301.5433333333333,124.85386166666667
2021-03-18 03:00:00,3.0589500000000003,3.08805,303.7066666666667,112.219374
2021-03-18 04:00:00,3.1837999999999997,3.2127,304.745,110.54146833333333
2021-03-18 05:00:00,3.29785,3.328866666666667,300.2066666666667,134.40378833333335
2021-03-18 06:00:00,3.3933833333333334,3.4240166666666667,300.71500000000003,187.00282333333334
2021-03-18 07:00:00,3.3984333333333336,3.4276166666666668,296.7316666666667,379.95193
2021-03-18 08:00:00,3.325283333333333,3.3529,299.3433333333333,376.02253
2021-03-18 09:00:00,3.2926833333333336,3.3209,299.195,309.3933083333333
2021-03-18 10:00:00,3.268533333333333,3.2964333333333333,295.6183333333333,316.28064333333333
2021-03-18 11:00:00,3.2466166666666667,3.274783333333333,298.77000000000004,351.20989333333335
2021-03-18 12:00:00,3.1822166666666667,3.2079333333333335,298.27333333333337,394.78586
2021-03-18 13:00:00,3.1220833333333333,3.14805,300.9433333333333,364.8689483333334
2021-03-18 14:00:00,3.1002,3.1260166666666667,302.03499999999997,272.9435916666667
2021-03-18 15:00:00,3.11625,3.14255,302.97,258.8276916666667
2021-03-18 16:00:00,3.1218500000000002,3.147283333333333,302.59666666666664,310.23967999999996
2021-03-18 17:00:00,3.0962,3.1198333333333332,300.36333333333334,352.2133366666667
2021-03-18 18:00:00,3.04135,3.0657833333333335,300.12333333333333,405.60164499999996
2021-03-18 19:00:00,2.9602500000000003,2.9849666666666668,300.65166666666664,357.56914
2021-03-18 20:00:00,2.9383166666666667,2.9634833333333335,299.6316666666667,325.096965
2021-03-18 21:00:00,2.8908833333333335,2.9147499999999997,300.2566666666667,365.87249499999996
2021-03-18 22:00:00,2.8781833333333333,2.9035166666666665,297.59000000000003,257.28587
2021-03-18 23:00:00,2.8866666666666663,2.9132333333333333,307.8366666666667,291.80719666666664
2021-03-19 00:00:00,2.9063833333333333,2.93165,309.76166666666666,244.6807466666667
2021-03-19 01:00:00,2.95705,2.9823333333333335,311.97999999999996,201.1303266666667
2021-03-19 02:00:00,3.0345999999999997,3.0616166666666667,310.68666666666667,165.77017166666667
2021-03-19 03:00:00,3.13765,3.16525,311.3383333333333,125.77095833333333
2021-03-19 04:00:00,3.2620666666666667,3.2910666666666666,315.5683333333333,113.01400666666667
2021-03-19 05:00:00,3.4006833333333333,3.4219,406.495,130.577605
2021-03-19 06:00:00,3.5857,3.5993333333333335,403.82,222.43166000000002
2021-03-19 07:00:00,3.6473166666666668,3.6626499999999997,379.68333333333334,339.19592166666666
2021-03-19 08:00:00,3.6437833333333334,3.6557166666666663,376.38,368.4439816666666
2021-03-19 09:00:00,3.6326666666666667,3.64315,378.4533333333333,400.9456166666667
2021-03-19 10:00:00,3.6281833333333333,3.6423666666666668,378.5516666666666,302.30974333333336
2021-03-19 11:00:00,3.6203833333333337,3.6482666666666663,177.155,313.83406
2021-03-19 12:00:00,3.477633333333333,3.5095,142.64333333333335,350.1780133333333
2021-03-19 13:00:00,3.3507833333333332,3.3808000000000002,142.70499999999998,307.6772883333333
2021-03-19 14:00:00,3.2222333333333335,3.2512833333333333,149.62333333333333,330.6842883333333
2021-03-19 15:00:00,3.121983333333333,3.146166666666667,168.0883333333333,285.1055333333333
2021-03-19 16:00:00,3.0616,3.071283333333333,259.42,300.345555
2021-03-19 17:00:00,3.0438166666666664,3.0353666666666665,303.4816666666667,340.96781333333337
2021-03-19 18:00:00,3.014016666666667,3.0043833333333336,306.3183333333333,356.12618833333335
2021-03-19 19:00:00,2.9832666666666667,2.9783666666666666,306.17,296.5658583333333
2021-03-19 20:00:00,2.9802166666666663,2.9768666666666665,305.89500000000004,298.29885333333334
2021-03-19 21:00:00,2.9522333333333335,2.9404833333333333,310.39833333333337,384.4062783333333
2021-03-19 22:00:00,2.914083333333333,2.9076166666666667,303.68833333333333,304.506365
2021-03-19 23:00:00,2.909066666666667,2.9045833333333335,299.795,304.6053033333334
2021-03-20 00:00:00,2.9152833333333334,2.9157,303.5416666666667,243.62994333333333
2021-03-20 01:00:00,2.9730333333333334,2.98315,303.195,152.17105
2021-03-20 02:00:00,3.0761666666666665,3.0906333333333333,305.14500000000004,127.08352
2021-03-20 03:00:00,3.1912333333333334,3.20735,304.10166666666663,121.84713666666667
2021-03-20 04:00:00,3.294766666666667,3.3091333333333335,305.625,149.10465716666667
2021-03-20 05:00:00,3.4070666666666667,3.428933333333333,361.10004385964913,124.50609666666666
2021-03-20 06:00:00,3.6920166666666665,3.7414833333333335,501.32412280701755,174.08200333333335
2021-03-20 07:00:00,3.8081166666666664,3.8516833333333333,329.19166666666666,261.18468333333334
2021-03-20 08:00:00,3.80565,3.8601666666666667,281.40166666666664,319.5629333333334
2021-03-20 09:00:00,3.7405666666666666,3.8097833333333333,254.55166666666668,361.37887500000005
2021-03-20 10:00:00,3.6600333333333332,3.7288,251.53333333333333,352.40698499999996
2021-03-20 11:00:00,3.5814666666666666,3.6498666666666666,250.93833333333333,380.5181216666667
2021-03-20 12:00:00,3.4586333333333332,3.5330999999999997,250.69666666666666,444.78482333333335
2021-03-20 13:00:00,3.3472333333333335,3.4154,250.26166666666668,371.69678666666664
2021-03-20 14:00:00,3.2513666666666667,3.3193833333333336,249.49333333333334,369.28745833333335
2021-03-20 15:00:00,3.1782166666666667,3.2427833333333336,248.62166666666664,353.10785000000004
2021-03-20 16:00:00,3.101516666666667,3.1645333333333334,249.32333333333332,319.3754783333333
2021-03-20 17:00:00,3.07055,3.1278833333333336,249.96,277.4288883333333
2021-03-20 18:00:00,3.0522666666666667,3.1080166666666664,251.23999999999998,265.38341166666663
2021-03-20 19:00:00,3.02855,3.0862166666666666,249.54,285.95843333333335
2021-03-20 20:00:00,3.0012833333333333,3.0571333333333333,251.39,256.5247033333333
2021-03-20 21:00:00,2.9825166666666667,3.0397166666666666,248.015,299.32714500000003
2021-03-20 22:00:00,2.9398166666666667,2.9964500000000003,250.73166666666665,277.6867066666666
2021-03-20 23:00:00,2.9345166666666667,2.9878333333333336,249.825,250.25943999999998
2021-03-21 00:00:00,2.91295,2.969866666666667,252.94166666666666,282.0434783333333
2021-03-21 01:00:00,2.88445,2.9417666666666666,253.215,268.6299916666667
2021-03-21 02:00:00,2.90225,2.9504333333333337,241.99833333333333,176.9444466666667
2021-03-21 03:00:00,2.9500499999999996,2.9944833333333336,243.535,137.13798166666666
2021-03-21 04:00:00,3.0277666666666665,3.0704166666666666,248.46166666666667,121.61211333333334
2021-03-21 05:00:00,3.1106666666666665,3.155866666666667,254.27333333333334,124.174715
2021-03-21 06:00:00,3.1841999999999997,3.2295000000000003,249.72,146.47890333333334
2021-03-21 07:00:00,3.235116666666667,3.2649166666666667,271.34333333333336,204.38167833333333
2021-03-21 08:00:00,3.28755,3.27245,300.03,299.22146499999997
2021-03-21 09:00:00,3.2562833333333336,3.2266166666666667,305.88,372.03692333333333
2021-03-21 10:00:00,3.197766666666667,3.1679000000000004,300.18333333333334,367.40786166666663
2021-03-21 11:00:00,3.1586333333333334,3.131333333333333,310.68833333333333,329.816865
2021-03-21 12:00:00,3.1450166666666663,3.1197999999999997,308.89833333333337,346.1299866666667
2021-03-21 13:00:00,3.083833333333333,3.0463333333333336,305.13,409.16049333333336
2021-03-21 14:00:00,2.9987666666666666,2.961383333333333,301.73333333333335,398.86684833333334
2021-03-21 15:00:00,2.9497166666666668,2.9245,302.27000000000004,316.28182333333336
2021-03-21 16:00:00,2.9340166666666665,2.9120166666666667,299.73333333333335,309.94061166666665
2021-03-21 17:00:00,2.9078833333333334,2.8789000000000002,300.1,348.19864333333334
2021-03-21 18:00:00,2.870816666666667,2.8438833333333333,296.47999999999996,338.506335
2021-03-21 19:00:00,2.8367500000000003,2.8106666666666666,295.4816666666667,352.78978166666667
2021-03-21 20:00:00,2.7673,2.7288833333333335,295.375,435.1493183333333
2021-03-21 21:00:00,2.6727666666666665,2.6385833333333335,294.805,355.08284166666664
2021-03-21 22:00:00,2.6360333333333332,2.6107333333333336,292.39500000000004,322.46597
2021-03-21 23:00:00,2.64495,2.6404666666666667,377.3333333333333,256.75208333333336
2021-03-22 00:00:00,2.7264833333333334,2.7303833333333336,386.695,216.73094
2021-03-22 01:00:00,2.854216666666667,2.8670666666666667,389.6433333333333,146.49722500000001
2021-03-22 02:00:00,3.01415,3.0301,388.185,124.11705166666667
2021-03-22 03:00:00,3.1875666666666667,3.2059,387.77666666666664,111.86786166666667
2021-03-22 04:00:00,3.3634166666666667,3.3832833333333334,389.76500000000004,114.79536666666667
2021-03-22 05:00:00,3.535883333333333,3.5566833333333334,389.82,128.454655
2021-03-22 06:00:00,3.6903,3.7102333333333335,358.8833333333333,182.47648833333332
2021-03-22 07:00:00,3.6927666666666665,3.723116666666667,251.67666666666668,358.89436
2021-03-22 08:00:00,3.5986166666666666,3.625716666666667,250.01000000000002,405.4245466666667
2021-03-22 09:00:00,3.4883666666666664,3.513733333333333,250.20333333333335,370.98486833333334
2021-03-22 10:00:00,3.4002166666666667,3.4250499999999997,247.10166666666666,385.222035
2021-03-22 11:00:00,3.2982666666666662,3.3223,247.53833333333333,379.64521666666667
2021-03-22 12:00:00,3.2142333333333335,3.2375166666666666,256.64666666666665,367.10589
2021-03-22 13:00:00,3.150916666666667,3.1749666666666667,258.8933333333333,310.24364333333335
2021-03-22 14:00:00,3.1022333333333334,3.1263666666666667,258.15666666666664,333.0225183333333
2021-03-22 15:00:00,3.0375666666666663,3.0612,256.78000000000003,339.139925
2021-03-22 16:00:00,2.9937833333333335,3.01865,256.045,281.1698383333333
2021-03-22 17:00:00,2.975216666666667,3.00115,256.4116666666667,264.59074333333336
2021-03-22 18:00:00,2.96345,2.9896666666666665,256.0833333333333,282.26486
2021-03-22 19:00:00,2.906566666666667,2.92955,258.0,370.56768666666665
2021-03-22 20:00:00,2.843233333333333,2.86715,258.3516666666667,334.19802833333335
2021-03-22 21:00:00,2.76655,2.7883166666666668,254.685,379.65464
2021-03-22 22:00:00,2.7003333333333335,2.7219166666666665,254.62333333333333,304.6938583333333
2021-03-22 23:00:00,2.6582166666666667,2.6790000000000003,258.5733333333333,311.6555866666667
2021-03-23 00:00:00,2.6424833333333333,2.6669833333333335,258.4266666666667,218.66172
2021-03-23 01:00:00,2.6765499999999998,2.6992166666666666,255.4633333333333,186.46060500000002
2021-03-23 02:00:00,2.73825,2.7623,259.3066666666667,117.973275
2021-03-23 03:00:00,2.8278499999999998,2.8534333333333333,260.6383333333333,121.71197833333333
2021-03-23 04:00:00,2.917266666666667,2.9428666666666667,259.95666666666665,114.06103683333335
2021-03-23 05:00:00,3.02005,3.0737333333333337,495.0783333333333,176.963605
2021-03-23 06:00:00,3.2693,3.35845,637.4783333333332,240.02610666666666
2021-03-23 07:00:00,3.459683333333333,3.56525,631.3283333333333,373.17809833333337
2021-03-23 08:00:00,3.60645,3.7176,612.145,381.0228133333333
2021-03-23 09:00:00,3.6874,3.7260833333333334,250.21666666666667,323.47579833333333
2021-03-23 10:00:00,3.65,3.678366666666667,246.54166666666666,274.6371416666667
2021-03-23 11:00:00,3.59115,3.6327,168.485,304.39022666666665
2021-03-23 12:00:00,3.4752666666666667,3.521583333333333,162.05333333333334,333.15899833333333
2021-03-23 13:00:00,3.3608333333333333,3.4063666666666665,162.17000000000002,325.223475
2021-03-23 14:00:00,3.2519833333333334,3.2987666666666664,162.65833333333333,305.8132166666667
2021-03-23 15:00:00,3.134133333333333,3.18015,161.70166666666668,321.83413333333334
2021-03-23 16:00:00,3.05075,3.093433333333333,158.80833333333334,275.28669
2021-03-23 17:00:00,2.9587,3.001316666666667,160.36833333333334,308.2664316666667
2021-03-23 18:00:00,2.8322,2.8769666666666667,159.35666666666665,374.82088000000005
2021-03-23 19:00:00,2.6611833333333332,2.70725,159.24666666666664,410.5072333333334
2021-03-23 20:00:00,2.5355833333333333,2.5607666666666664,267.2633333333333,369.0665016666666
2021-03-23 21:00:00,2.4950833333333335,2.491633333333333,338.34166666666664,394.12272
2021-03-23 22:00:00,2.4945666666666666,2.4988,338.475,250.83669833333335
2021-03-23 23:00:00,2.5535,2.5604,338.49833333333333,231.8563333333333
2021-03-24 00:00:00,2.6242666666666663,2.6340833333333333,338.59833333333336,209.55741833333335
2021-03-24 01:00:00,2.7077166666666668,2.71925,337.48333333333335,173.48367666666667
2021-03-24 02:00:00,2.83385,2.8515,342.01,116.53757666666667
2021-03-24 03:00:00,2.9801,2.9989,344.39833333333337,109.60266666666666
2021-03-24 04:00:00,3.13045,3.15215,345.42,111.64109499999999
2021-03-24 05:00:00,3.2726166666666665,3.29275,343.76,146.72813499999998
2021-03-24 06:00:00,3.3770499999999997,3.39375,341.26166666666666,234.16634000000002
2021-03-24 07:00:00,3.4141166666666667,3.4252166666666666,336.5566666666667,306.13919999999996
2021-03-24 08:00:00,3.403583333333333,3.409883333333333,338.1116666666667,377.67642166666667
2021-03-24 09:00:00,3.3618666666666663,3.3653833333333334,321.71500000000003,384.76809
2021-03-24 10:00:00,3.2603333333333335,3.2863166666666666,138.26666666666668,323.51513
2021-03-24 11:00:00,3.1650666666666667,3.1781,220.49333333333334,333.6996516666667
2021-03-24 12:00:00,3.068366666666667,3.07485,219.07333333333332,397.47687666666667
2021-03-24 13:00:00,2.9389833333333333,2.9436166666666663,220.315,393.0465566666666
2021-03-24 14:00:00,2.8244833333333332,2.8299333333333334,220.47,365.47928333333334
2021-03-24 15:00:00,2.7458833333333335,2.7550833333333333,222.07833333333335,279.34734833333334
2021-03-24 16:00:00,2.765133333333333,2.7516166666666666,379.26166666666666,285.2105833333333
2021-03-24 17:00:00,2.823783333333333,2.800883333333333,387.38666666666666,310.8524533333333
2021-03-24 18:00:00,2.8618666666666663,2.830966666666667,400.205,356.0747083333333
2021-03-24 19:00:00,2.88055,2.8470500000000003,403.65999999999997,340.265825
2021-03-24 20:00:00,2.9234166666666668,2.897183333333333,394.275,327.43613833333336
2021-03-24 21:00:00,2.9372666666666665,2.9036666666666666,391.88666666666666,369.31995
2021-03-24 22:00:00,2.9137,2.923783333333333,292.28499999999997,319.72333499999996
2021-03-24 23:00:00,2.8762666666666665,2.9077333333333333,269.61333333333334,282.44402833333334
2021-03-25 00:00:00,2.865816666666667,2.896066666666667,271.2416666666667,284.06365
2021-03-25 01:00:00,2.85855,2.8897166666666667,271.1816666666667,241.26924666666667
2021-03-25 02:00:00,2.8890833333333332,2.920483333333333,274.17,180.02965
2021-03-25 03:00:00,2.9751166666666666,3.0064,275.205,110.62187666666667
2021-03-25 04:00:00,3.081733333333333,3.1130833333333334,275.55333333333334,116.97056599999999
2021-03-25 05:00:00,3.1706,3.2029,273.1333333333333,143.62313333333336
2021-03-25 06:00:00,3.2417833333333332,3.2754166666666666,270.42,187.98010833333333
2021-03-25 07:00:00,3.253433333333333,3.2895499999999998,269.93333333333334,303.32182666666665
2021-03-25 08:00:00,3.1737333333333333,3.20805,268.4433333333333,414.98129166666666
2021-03-25 09:00:00,3.1206833333333335,3.1461166666666665,324.53499999999997,330.85803500000003
2021-03-25 10:00:00,3.122066666666667,3.1421166666666664,332.39500000000004,303.72936666666664
2021-03-25 11:00:00,3.1320833333333336,3.1506499999999997,331.50166666666667,332.76940666666667
2021-03-25 12:00:00,3.0881833333333333,3.1033166666666667,331.27166666666665,417.3411116666667
2021-03-25 13:00:00,3.0502499999999997,3.0680666666666667,330.64833333333337,312.28550333333334
2021-03-25 14:00:00,3.07185,3.09325,335.14833333333337,270.97034666666667
2021-03-25 15:00:00,3.1165333333333334,3.1367333333333334,339.72833333333335,280.72238833333336
2021-03-25 16:00:00,3.1136333333333335,3.13155,337.31,365.4202033333333
2021-03-25 17:00:00,3.08905,3.10665,337.6333333333333,352.660535
2021-03-25 18:00:00,3.06155,3.078216666666667,336.00166666666667,388.2204883333333
2021-03-25 19:00:00,3.009583333333333,3.0256499999999997,332.93833333333333,406.37207333333333
2021-03-25 20:00:00,2.9808833333333333,2.9997333333333334,332.12333333333333,309.951645
2021-03-25 21:00:00,2.9830166666666664,3.0005333333333337,319.47,347.17602999999997
2021-03-25 22:00:00,2.94025,2.9454,271.12333333333333,328.66906666666665
2021-03-25 23:00:00,2.927716666666667,2.9377333333333335,270.37833333333333,238.13775333333334
2021-03-26 00:00:00,2.960916666666667,2.9757833333333332,277.05333333333334,185.531495
2021-03-26 01:00:00,3.026483333333333,3.043766666666667,276.685,142.32283666666666
2021-03-26 02:00:00,3.1165333333333334,3.1359666666666666,280.03499999999997,128.94082166666666
2021-03-26 03:00:00,3.2177833333333337,3.240466666666667,280.6333333333333,111.388516
2021-03-26 04:00:00,3.3164833333333332,3.338016666666667,278.72333333333336,135.43676833333333
2021-03-26 05:00:00,3.409066666666667,3.4331666666666667,280.12333333333333,125.80463666666667
2021-03-26 06:00:00,3.4921,3.5129,275.56,187.359195
2021-03-26 07:00:00,3.4949500000000002,3.5036833333333335,272.9583333333333,374.5618916666666
2021-03-26 08:00:00,3.4070166666666664,3.4113499999999997,270.005,377.51185333333336
2021-03-26 09:00:00,3.3203166666666664,3.3235,267.9533333333333,384.48278166666665
2021-03-26 10:00:00,3.2378666666666667,3.241316666666667,269.56666666666666,384.5707933333333
2021-03-26 11:00:00,3.1668333333333334,3.1721500000000002,263.74333333333334,347.58004999999997
2021-03-26 12:00:00,3.0760833333333335,3.074383333333333,271.9316666666667,444.088025
2021-03-26 13:00:00,2.9695666666666667,3.00625,377.30333333333334,395.787325
2021-03-26 14:00:00,2.9682833333333334,3.0241166666666666,303.5866666666667,241.39178333333334
2021-03-26 15:00:00,3.0003499999999996,3.058266666666667,301.0,261.23180666666667
2021-03-26 16:00:00,2.9947333333333335,3.0569833333333336,301.34666666666664,298.93687666666665
2021-03-26 17:00:00,2.9947000000000004,3.05495,301.2566666666667,295.53092666666663
2021-03-26 18:00:00,2.9721166666666665,3.0365166666666665,301.07,329.24551499999995
2021-03-26 19:00:00,2.9366666666666665,3.00085,301.3183333333333,327.57711666666665
2021-03-26 20:00:00,2.9341,2.993933333333333,300.62666666666667,296.70947
2021-03-26 21:00:00,2.925883333333333,2.9875833333333333,300.7566666666667,318.534785
2021-03-26 22:00:00,2.8758833333333333,2.9448,301.7566666666667,366.91701
2021-03-26 23:00:00,2.8419166666666666,2.9069833333333337,300.98333333333335,322.36523666666665
2021-03-27 00:00:00,2.8287,2.8904,302.525,276.521585
2021-03-27 01:00:00,2.87385,2.9264,305.06333333333333,199.86642333333333
2021-03-27 02:00:00,2.95105,3.0013666666666667,306.68666666666667,175.06610166666667
2021-03-27 03:00:00,3.0419666666666667,3.0906333333333333,307.38666666666666,135.559755
2021-03-27 04:00:00,3.162116666666667,3.2090666666666667,305.0433333333333,111.79809233333334
2021-03-27 05:00:00,3.305633333333333,3.371283333333333,414.5466666666667,129.36642666666665
2021-03-27 06:00:00,3.4974,3.55965,500.99666666666667,156.33477499999998
2021-03-27 07:00:00,3.6766666666666667,3.7293000000000003,346.5516666666666,273.46859333333333
2021-03-27 08:00:00,3.6319666666666666,3.6906166666666667,251.66333333333333,328.72429833333337
2021-03-27 09:00:00,3.580433333333333,3.6378166666666667,252.36499999999998,303.00623
2021-03-27 10:00:00,3.5362999999999998,3.59365,256.58,310.700675
2021-03-27 11:00:00,3.50255,3.558316666666667,254.95833333333334,303.31428666666665
2021-03-27 12:00:00,3.4307166666666666,3.490466666666667,255.405,390.5950216666667
2021-03-27 13:00:00,3.3135166666666667,3.3754666666666666,256.50666666666666,406.86845
2021-03-27 14:00:00,3.23245,3.29005,257.61333333333334,335.15478833333333
2021-03-27 15:00:00,3.1665166666666664,3.2241,259.24,366.74127666666664
2021-03-27 16:00:00,3.0934833333333334,3.1498166666666667,256.9433333333333,330.8013816666667
2021-03-27 17:00:00,3.0345,3.0890833333333334,256.79333333333335,333.59076166666665
2021-03-27 18:00:00,2.9798,3.0346333333333333,255.96166666666667,327.85177833333336
2021-03-27 19:00:00,2.947283333333333,2.997466666666667,256.46833333333336,265.87889666666666
2021-03-27 20:00:00,2.915916666666667,2.9695666666666667,258.36,282.33845166666663
2021-03-27 21:00:00,2.9166833333333333,2.965333333333333,259.845,254.75971666666666
2021-03-27 22:00:00,2.8804333333333334,2.9335,269.2883333333333,336.24512
2021-03-27 23:00:00,2.843233333333333,2.894366666666667,272.12166666666667,293.83272
2021-03-28 00:00:00,2.8352833333333334,2.8813999999999997,273.67,222.09671500000002
2021-03-28 01:00:00,2.8972333333333333,2.9393000000000002,270.76166666666666,145.40006
2021-03-28 02:00:00,2.98165,3.02195,270.5783333333333,129.16860833333334
2021-03-28 03:00:00,3.1414,3.165,479.135,121.69596333333334
2021-03-28 04:00:00,3.3842166666666667,3.4076333333333335,491.87666666666667,123.49044166666665
2021-03-28 05:00:00,3.6181,3.64315,482.00166666666667,119.38871333333333
2021-03-28 06:00:00,3.760166666666667,3.803633333333333,245.59,142.241055
2021-03-28 07:00:00,3.7940833333333335,3.846416666666667,255.93166666666667,225.47539166666667
2021-03-28 08:00:00,3.7742666666666667,3.833766666666667,251.34833333333333,310.93489666666665
2021-03-28 09:00:00,3.71225,3.7739666666666665,247.24333333333334,359.4955683333334
2021-03-28 10:00:00,3.6196833333333336,3.6821833333333336,248.395,375.66312666666664
2021-03-28 11:00:00,3.51885,3.58205,250.38666666666668,385.847125
2021-03-28 12:00:00,3.3934333333333333,3.4600333333333335,249.20166666666668,477.29039833333337
2021-03-28 13:00:00,3.2495666666666665,3.3126666666666664,245.92833333333334,396.3247216666667
2021-03-28 14:00:00,3.1612333333333336,3.2188166666666667,246.31333333333333,341.46933
2021-03-28 15:00:00,3.0962,3.15285,248.31666666666666,324.3466383333333
2021-03-28 16:00:00,3.067066666666667,3.1193000000000004,262.3233333333333,245.753565
2021-03-28 17:00:00,3.0751333333333335,3.1314333333333333,280.0783333333333,261.17386
2021-03-28 18:00:00,3.06135,3.123166666666667,280.125,329.1806133333333
2021-03-28 19:00:00,3.0051833333333335,3.06915,280.32166666666666,338.80988333333335
2021-03-28 20:00:00,2.9387666666666665,3.006066666666667,278.71500000000003,419.0159566666667
2021-03-28 21:00:00,2.815,2.8870833333333334,279.3016666666666,429.21876333333336
2021-03-28 22:00:00,2.747133333333333,2.80955,287.05,324.713645
2021-03-28 23:00:00,2.7754166666666666,2.8039666666666667,376.3566666666667,276.0317366666667
2021-03-29 00:00:00,2.855566666666667,2.8787333333333334,380.76666666666665,233.860245
2021-03-29 01:00:00,2.9548,2.9797833333333332,379.1,197.63000833333334
2021-03-29 02:00:00,3.066333333333333,3.09255,378.5683333333333,170.51436999999999
2021-03-29 03:00:00,3.2071166666666664,3.234566666666667,381.06,158.35490166666665
2021-03-29 04:00:00,3.3612666666666664,3.391016666666667,381.31666666666666,120.18471533333333
2021-03-29 05:00:00,3.5220833333333332,3.5514666666666668,376.92333333333335,145.02281166666668
2021-03-29 06:00:00,3.6491666666666664,3.679866666666667,373.37333333333333,204.25748166666665
2021-03-29 07:00:00,3.72575,3.7562333333333333,370.2433333333333,288.21086333333335
2021-03-29 08:00:00,3.6854666666666662,3.7134833333333335,233.225,400.71176333333335
2021-03-29 09:00:00,3.5900499999999997,3.6184000000000003,216.28833333333333,302.3292566666667
2021-03-29 10:00:00,3.5289833333333336,3.5579833333333335,209.88333333333333,295.51627666666667
2021-03-29 11:00:00,3.4515666666666664,3.4789666666666665,209.82333333333332,341.13795833333336
2021-03-29 12:00:00,3.3266333333333336,3.3520499999999998,211.88166666666666,405.88081500000004
2021-03-29 13:00:00,3.209683333333333,3.234983333333333,212.29666666666665,350.43319499999996
2021-03-29 14:00:00,3.1233166666666667,3.1496666666666666,213.73833333333332,320.94319666666667
2021-03-29 15:00:00,3.0536499999999998,3.078616666666667,218.90166666666667,282.9394883333333
2021-03-29 16:00:00,2.9982333333333333,3.021666666666667,218.01166666666668,331.5121483333333
2021-03-29 17:00:00,2.8951333333333333,2.9168833333333333,213.92000000000002,360.87783666666667
2021-03-29 18:00:00,2.7869499999999996,2.808133333333333,213.73166666666665,351.5287016666667
2021-03-29 19:00:00,2.7037833333333334,2.726,214.44500000000002,327.29353833333334
2021-03-29 20:00:00,2.6177833333333336,2.6383333333333336,215.3383333333333,342.21436166666666
2021-03-29 21:00:00,2.520483333333333,2.5418833333333333,213.25333333333336,330.09314333333333
2021-03-29 22:00:00,2.4377666666666666,2.4575166666666663,260.76166666666666,319.8186666666667
2021-03-29 23:00:00,2.493333333333333,2.5409833333333336,508.56333333333333,253.254285
2021-03-30 00:00:00,2.6804,2.7236166666666666,503.8,189.85393166666665
2021-03-30 01:00:00,2.8785666666666665,2.9236999999999997,509.94,186.99179999999998
2021-03-30 02:00:00,3.091016666666667,3.1377499999999996,506.2633333333333,158.1936366666667
2021-03-30 03:00:00,3.3142666666666667,3.359,501.305,148.20831666666666
2021-03-30 04:00:00,3.558383333333333,3.6024666666666665,502.08,110.89747000000001
2021-03-30 05:00:00,3.8058666666666667,3.8515666666666664,478.7816666666667,123.88091833333333
2021-03-30 06:00:00,3.928716666666667,3.9471333333333334,154.34333333333333,177.91285000000002
2021-03-30 07:00:00,3.8454333333333333,3.8510333333333335,129.66166666666666,355.39987833333333
2021-03-30 08:00:00,3.6685000000000003,3.6683333333333334,123.07333333333332,391.71096833333337
2021-03-30 09:00:00,3.4711833333333333,3.4897,89.08500000000001,361.56011
2021-03-30 10:00:00,3.27715,3.29365,97.48166666666665,389.63186833333333
2021-03-30 11:00:00,3.0796166666666664,3.0928833333333334,102.45666666666666,378.09234333333336
2021-03-30 12:00:00,2.9373,2.9234999999999998,245.59833333333333,369.4681483333333
2021-03-30 13:00:00,2.8975166666666667,2.8670166666666668,295.6933333333333,328.87675333333334
2021-03-30 14:00:00,2.881333333333333,2.8617333333333335,295.3366666666667,241.96710833333333
2021-03-30 15:00:00,2.9134666666666664,2.89645,296.0566666666667,240.69432666666668
2021-03-30 16:00:00,2.920783333333333,2.8923833333333335,293.9583333333333,322.2793316666667
2021-03-30 17:00:00,2.89895,2.871766666666667,294.8683333333333,314.8655416666667
2021-03-30 18:00:00,2.8780833333333335,2.8499666666666665,299.7066666666667,307.22022
2021-03-30 19:00:00,2.861483333333333,2.8334333333333332,294.85833333333335,323.57820999999996
2021-03-30 20:00:00,2.8316166666666667,2.804533333333333,290.935,313.22930166666663
2021-03-30 21:00:00,2.7870833333333334,2.7546666666666666,290.52333333333337,383.74677833333334
2021-03-30 22:00:00,2.702433333333333,2.6601333333333335,290.8833333333333,390.10790166666663
2021-03-30 23:00:00,2.658533333333333,2.6317,292.56166666666667,307.0477916666667
2021-03-31 00:00:00,2.653216666666667,2.6332166666666668,294.10166666666663,237.853455
2021-03-31 01:00:00,2.703233333333333,2.693366666666667,297.5466666666667,179.86703166666666
2021-03-31 02:00:00,2.7898,2.7882833333333332,297.575,119.30153666666666
2021-03-31 03:00:00,2.907033333333333,2.907766666666667,296.68833333333333,109.69886666666666
2021-03-31 04:00:00,3.025583333333333,3.0288166666666667,296.475,108.82724066666667
2021-03-31 05:00:00,3.14185,3.1445999999999996,293.3316666666667,123.81289833333334
2021-03-31 06:00:00,3.2422,3.2381,331.3383333333333,175.29112500000002
2021-03-31 07:00:00,3.3603,3.3007666666666666,457.67,338.34268333333335
2021-03-31 08:00:00,3.4230333333333336,3.35675,456.1983333333334,361.3060683333333
2021-03-31 09:00:00,3.473566666666667,3.4215333333333335,400.7933333333333,314.3872166666667
2021-03-31 10:00:00,3.4000333333333335,3.417666666666667,227.42833333333334,372.28471
2021-03-31 11:00:00,3.283866666666667,3.3016333333333336,227.66,397.999145
2021-03-31 12:00:00,3.16895,3.18575,227.28000000000003,350.86363
2021-03-31 13:00:00,3.0994666666666664,3.1187833333333335,226.77333333333334,300.84600166666667
2021-03-31 14:00:00,3.0504000000000002,3.0686999999999998,227.03333333333333,288.67628666666667
2021-03-31 15:00:00,2.969466666666667,2.9849,227.51333333333332,338.88203
2021-03-31 16:00:00,2.9164499999999998,2.9335333333333335,228.0366666666667,285.70957999999996
2021-03-31 17:00:00,2.8560000000000003,2.872266666666667,225.34166666666667,315.8130316666667
2021-03-31 18:00:00,2.7917,2.8077166666666664,223.98,310.021825
2021-03-31 19:00:00,2.70885,2.7235666666666662,223.2866666666667,344.86128333333335
2021-03-31 20:00:00,2.635283333333333,2.6519166666666667,223.99166666666667,318.46326500000004
2021-03-31 21:00:00,2.5299,2.541616666666667,223.59666666666666,422.87402166666664
2021-03-31 22:00:00,2.4256,2.43075,302.4933333333333,340.73869333333334
2021-03-31 23:00:00,2.432666666666667,2.45595,396.01,303.72700499999996
2021-04-01 00:00:00,2.525583333333333,2.5494,395.96500000000003,170.36215333333334
2021-04-01 01:00:00,2.6851666666666665,2.709283333333333,397.88,134.94027166666666
2021-04-01 02:00:00,2.859583333333333,2.8848,398.62166666666667,114.48902666666666
2021-04-01 03:00:00,3.041633333333333,3.0698166666666666,397.6066666666667,107.17848016666667
2021-04-01 04:00:00,3.27185,3.3218666666666667,598.0300000000001,106.39386566666667
2021-04-01 05:00:00,3.553,3.5914,406.25,123.36711666666666
2021-04-01 06:00:00,3.6893333333333334,3.7204166666666665,365.72999999999996,235.61623333333333
2021-04-01 07:00:00,3.719933333333333,3.748266666666667,360.92,349.7284583333333
2021-04-01 08:00:00,3.6584333333333334,3.6756,193.54500000000002,384.3332833333333
2021-04-01 09:00:00,3.4932833333333333,3.50155,174.16333333333333,432.001625
2021-04-01 10:00:00,3.3531666666666666,3.367033333333333,172.86833333333334,320.88782499999996
2021-04-01 11:00:00,3.2426666666666666,3.2549833333333336,171.965,369.55924
2021-04-01 12:00:00,3.0863500000000004,3.0936333333333335,171.95666666666665,410.07412833333336
2021-04-01 13:00:00,2.9566833333333333,2.970766666666667,337.07666666666665,349.181005
2021-04-01 14:00:00,2.9583999999999997,2.99025,235.755,284.2221833333333
2021-04-01 15:00:00,2.90345,2.9368833333333333,210.585,283.5830516666667
2021-04-01 16:00:00,2.84355,2.8747666666666665,211.23333333333332,302.90879333333334
2021-04-01 17:00:00,2.7918000000000003,2.81675,253.13500000000002,266.1672216666667
2021-04-01 18:00:00,2.8594,2.840316666666667,464.9933333333333,299.44664666666665
2021-04-01 19:00:00,2.967633333333333,2.93665,474.89666666666665,332.80037833333336
2021-04-01 20:00:00,3.028016666666667,3.0044,384.0733333333334,349.587505
2021-04-01 21:00:00,2.9346166666666664,2.964516666666667,201.1616666666667,321.18097833333337
2021-04-01 22:00:00,2.87735,2.8989833333333332,271.0866666666667,287.9341383333333
2021-04-01 23:00:00,2.8932833333333337,2.90175,316.85333333333335,286.64821666666666
2021-04-02 00:00:00,2.897116666666667,2.9037166666666665,319.26500000000004,287.819775
2021-04-02 01:00:00,2.9341,2.9463999999999997,320.4933333333333,209.04919833333332
2021-04-02 02:00:00,3.0247666666666664,3.0434166666666664,318.9266666666666,125.33042
2021-04-02 03:00:00,3.1556166666666665,3.1767333333333334,320.2133333333333,110.38057516666666
2021-04-02 04:00:00,3.2879333333333336,3.3093333333333335,320.27166666666665,116.06775333333333
2021-04-02 05:00:00,3.4128,3.4345,319.385,133.44710833333335
2021-04-02 06:00:00,3.5069999999999997,3.5239666666666665,316.1816666666667,228.26625666666666
2021-04-02 07:00:00,3.503333333333333,3.50915,314.7,404.3099383333334
2021-04-02 08:00:00,3.4127,3.4137833333333334,309.745,432.3582083333333
2021-04-02 09:00:00,3.3627833333333332,3.3714,308.4616666666667,311.0516083333333
2021-04-02 10:00:00,3.3609999999999998,3.3728166666666666,308.69166666666666,282.6473383333333
2021-04-02 11:00:00,3.3585833333333337,3.3694833333333336,296.6183333333333,324.84223000000003
2021-04-02 12:00:00,3.304316666666667,3.3127666666666666,294.5866666666667,361.78982833333333
2021-04-02 13:00:00,3.2808833333333336,3.2928166666666665,295.62666666666667,279.0678633333334
2021-04-02 14:00:00,3.2843500000000003,3.2973166666666667,295.955,285.42575500000004
2021-04-02 15:00:00,3.2845,3.297066666666667,295.5,291.1721483333333
2021-04-02 16:00:00,3.269566666666667,3.279533333333333,296.3066666666667,324.02031999999997
2021-04-02 17:00:00,3.216466666666667,3.2215333333333334,296.62833333333333,407.669395
2021-04-02 18:00:00,3.1406833333333335,3.146783333333333,296.63,372.613405
2021-04-02 19:00:00,3.0900333333333334,3.098466666666667,296.7916666666667,308.24069
2021-04-02 20:00:00,3.0763333333333334,3.0845166666666666,296.925,337.05796499999997
2021-04-02 21:00:00,3.029233333333333,3.0358333333333336,297.77000000000004,364.6373183333333
2021-04-02 22:00:00,2.9783666666666666,2.986366666666667,297.65,321.65280666666666
2021-04-02 23:00:00,2.9703166666666667,2.9814833333333337,295.565,292.58973333333336
2021-04-03 00:00:00,2.9846833333333334,3.0002666666666666,294.845,198.34320666666665
2021-04-03 01:00:00,3.0631833333333334,3.0812000000000004,295.76500000000004,146.22600333333332
2021-04-03 02:00:00,3.1626166666666666,3.18275,296.7933333333333,130.43320166666666
2021-04-03 03:00:00,3.270683333333333,3.2924333333333333,296.75,115.56060000000001
2021-04-03 04:00:00,3.3847,3.4067833333333337,297.2116666666667,130.48040833333332
2021-04-03 05:00:00,3.4768833333333333,3.497133333333333,298.28333333333336,166.637795
2021-04-03 06:00:00,3.5556666666666668,3.5771333333333337,298.565,168.22930499999998
2021-04-03 07:00:00,3.6155,3.63325,298.325,242.28248666666667
2021-04-03 08:00:00,3.6147333333333336,3.6268333333333334,297.59000000000003,355.22789833333337
2021-04-03 09:00:00,3.54025,3.547616666666667,297.3816666666667,392.22114
2021-04-03 10:00:00,3.4851666666666667,3.4953,296.37,351.50453666666664
2021-04-03 11:00:00,3.4372833333333332,3.4464166666666665,295.94,390.48324333333335
2021-04-03 12:00:00,3.3516,3.3581166666666666,296.5933333333333,387.8989266666667
2021-04-03 13:00:00,3.2994166666666667,3.3067833333333336,298.45166666666665,370.42381
2021-04-03 14:00:00,3.2222166666666667,3.2260833333333334,298.40333333333336,400.7447133333333
2021-04-03 15:00:00,3.1467666666666667,3.152616666666667,297.89833333333337,366.83727833333336
2021-04-03 16:00:00,3.117366666666667,3.1304999999999996,297.45166666666665,278.1146816666667
2021-04-03 17:00:00,3.1352333333333333,3.14945,297.995,248.27364666666665
2021-04-03 18:00:00,3.1435999999999997,3.15495,298.2566666666667,303.32990666666666
2021-04-03 19:00:00,3.1348666666666665,3.145866666666667,296.90333333333336,291.77491833333335
2021-04-03 20:00:00,3.0640833333333335,3.0803833333333333,74.27833333333334,263.77013833333336
2021-04-03 21:00:00,2.9034166666666668,2.9221166666666667,85.625,300.573335
2021-04-03 22:00:00,2.8212166666666665,2.8845666666666663,314.93333333333334,272.95538833333336
2021-04-03 23:00:00,2.8648499999999997,2.9172333333333333,369.4266666666666,282.85397333333333
2021-04-04 00:00:00,2.9106666666666663,2.9641333333333337,370.46500000000003,293.4673916666667
2021-04-04 01:00:00,2.9630666666666667,3.013183333333333,369.205,234.287555
2021-04-04 02:00:00,3.0745833333333334,3.1179333333333332,369.84000000000003,145.88578
2021-04-04 03:00:00,3.23365,3.2745166666666665,370.97666666666663,113.93864
2021-04-04 04:00:00,3.3824166666666664,3.4267166666666666,371.7033333333333,142.7494966666667
2021-04-04 05:00:00,3.5407,3.583966666666667,375.175,115.77038999999999
2021-04-04 06:00:00,3.6786000000000003,3.7125,240.85666666666665,137.43171166666667
2021-04-04 07:00:00,3.6787666666666667,3.7010666666666667,162.71666666666667,230.411595
2021-04-04 08:00:00,3.5958666666666668,3.6130833333333334,165.0366666666667,315.65295
2021-04-04 09:00:00,3.4823166666666667,3.498066666666667,163.66666666666666,323.106745
2021-04-04 10:00:00,3.3557833333333336,3.3708666666666667,169.89666666666665,336.3269916666667
2021-04-04 11:00:00,3.254766666666667,3.27245,174.07166666666666,310.29608666666667
2021-04-04 12:00:00,3.1454,3.160083333333333,174.75,374.67191166666663
2021-04-04 13:00:00,2.9988666666666663,3.032433333333333,287.52833333333336,399.91575666666665
2021-04-04 14:00:00,2.9386,2.9819,305.0433333333333,344.45500333333337
2021-04-04 15:00:00,2.8875333333333333,2.93125,304.6,364.37575333333336
2021-04-04 16:00:00,2.8564000000000003,2.8970166666666666,304.4916666666667,312.22909999999996
2021-04-04 17:00:00,2.84085,2.8807666666666667,304.82166666666666,298.54481166666665
2021-04-04 18:00:00,2.8070833333333334,2.8498666666666663,305.37833333333333,397.66791666666666
2021-04-04 19:00:00,2.747983333333333,2.789333333333333,305.98833333333334,336.28182166666664
2021-04-04 20:00:00,2.6938833333333334,2.73665,304.94666666666666,416.747505
2021-04-04 21:00:00,2.601183333333333,2.6454833333333334,307.7316666666667,413.4746866666666
2021-04-04 22:00:00,2.560016666666667,2.5992666666666664,308.84833333333336,276.6732416666666
2021-04-04 23:00:00,2.5876500000000004,2.6252166666666668,308.7316666666667,223.21383
2021-04-05 00:00:00,2.6574833333333334,2.6925666666666666,308.21666666666664,193.14411666666666
2021-04-05 01:00:00,2.74205,2.775183333333333,311.6383333333333,132.72052
2021-04-05 02:00:00,2.859266666666667,2.8947,312.805,116.973985
2021-04-05 03:00:00,2.986083333333333,3.0202999999999998,312.435,109.468175
2021-04-05 04:00:00,3.1137333333333337,3.14895,311.8616666666667,107.4205315
2021-04-05 05:00:00,3.2361,3.2730666666666663,311.54,141.20087
2021-04-05 06:00:00,3.3070333333333335,3.3491500000000003,312.14000000000004,238.04865333333333
2021-04-05 07:00:00,3.309166666666667,3.35535,306.5466666666667,345.527355
2021-04-05 08:00:00,3.228133333333333,3.2765666666666666,301.47,450.4924183333333
2021-04-05 09:00:00,3.14485,3.1907,303.02166666666665,348.39789666666667
2021-04-05 10:00:00,3.1015666666666664,3.146983333333333,301.2566666666667,376.45982833333335
2021-04-05 11:00:00,3.0218166666666666,3.06575,300.57,400.09660833333334
2021-04-05 12:00:00,2.929533333333333,2.975,300.7883333333333,438.48499333333336
2021-04-05 13:00:00,2.8536333333333332,2.89625,300.3616666666667,352.90143
2021-04-05 14:00:00,2.8250666666666664,2.866316666666667,301.55,310.86512000000005
2021-04-05 15:00:00,2.8357,2.8727500000000004,301.34000000000003,236.08369499999998
2021-04-05 16:00:00,2.87075,2.90845,301.5733333333334,241.271985
2021-04-05 17:00:00,2.8819500000000002,2.9216333333333333,301.675,306.70157333333333
2021-04-05 18:00:00,2.865666666666667,2.9052166666666666,300.42,305.24182333333334
2021-04-05 19:00:00,2.8335166666666667,2.87565,299.40833333333336,346.6690183333333
2021-04-05 20:00:00,2.7855166666666666,2.8269499999999996,299.26166666666666,369.61208999999997
2021-04-05 21:00:00,2.7268,2.7671666666666668,298.56333333333333,350.934845
2021-04-05 22:00:00,2.69515,2.7356333333333334,299.2633333333333,332.6478833333333
2021-04-05 23:00:00,2.6769499999999997,2.7163666666666666,316.345,269.15832666666665
2021-04-06 00:00:00,2.7125333333333335,2.74845,369.6633333333333,307.179325
2021-04-06 01:00:00,2.7495166666666666,2.784683333333333,368.84000000000003,261.067305
2021-04-06 02:00:00,2.851383333333333,2.884466666666667,371.7916666666667,143.77943166666668
2021-04-06 03:00:00,3.0125333333333333,3.0439166666666666,374.9616666666667,111.26379
2021-04-06 04:00:00,3.1795,3.21365,375.13,112.933825
2021-04-06 05:00:00,3.3428166666666663,3.3773166666666667,374.14833333333337,126.436965
2021-04-06 06:00:00,3.48195,3.51965,382.4616666666667,186.184415
2021-04-06 07:00:00,3.5688000000000004,3.6133333333333337,362.2416666666667,310.62384166666664
2021-04-06 08:00:00,3.5064833333333336,3.57045,256.85833333333335,376.4229133333334
2021-04-06 09:00:00,3.4313166666666666,3.496383333333333,254.71666666666667,313.17904333333337
2021-04-06 10:00:00,3.3914833333333334,3.4517333333333338,250.44666666666666,286.61921
2021-04-06 11:00:00,3.3306,3.39665,253.87166666666664,366.87430166666667
2021-04-06 12:00:00,3.2565666666666666,3.3205,250.15666666666667,319.9784283333333
2021-04-06 13:00:00,3.205366666666667,3.2659833333333332,249.54500000000002,289.5668866666667
2021-04-06 14:00:00,3.184566666666667,3.240733333333333,246.88500000000002,266.96017
2021-04-06 15:00:00,3.1542499999999998,3.2119666666666666,248.22,301.8558816666667
2021-04-06 16:00:00,3.069733333333333,3.1353,249.495,387.32618833333333
2021-04-06 17:00:00,2.97365,3.0383833333333334,251.45333333333335,365.40288
2021-04-06 18:00:00,2.886016666666667,2.9499166666666667,248.54166666666666,360.31111500000003
2021-04-06 19:00:00,2.7862999999999998,2.8520666666666665,246.41,398.0499466666667
2021-04-06 20:00:00,2.7007833333333333,2.7609833333333333,245.01666666666668,327.290345
2021-04-06 21:00:00,2.6236333333333333,2.6866333333333334,246.88833333333332,369.5687583333333
2021-04-06 22:00:00,2.5612500000000002,2.6088,305.71500000000003,299.9107433333333
2021-04-06 23:00:00,2.591466666666667,2.6279,334.28,252.67533
2021-04-07 00:00:00,2.6673666666666667,2.7012333333333336,329.57666666666665,167.02963166666666
2021-04-07 01:00:00,2.7800333333333334,2.8124333333333333,332.755,134.96202666666667
2021-04-07 02:00:00,2.9107333333333334,2.9431166666666666,333.1566666666667,120.29538
2021-04-07 03:00:00,3.0455666666666668,3.0792833333333336,332.63,115.117665
2021-04-07 04:00:00,3.1844333333333332,3.219,332.52666666666664,112.06625166666666
2021-04-07 05:00:00,3.3185333333333333,3.3552000000000004,332.02000000000004,136.00217166666667
2021-04-07 06:00:00,3.41525,3.45525,330.39666666666665,222.922075
2021-04-07 07:00:00,3.4106333333333336,3.45575,330.05,397.8084733333333
2021-04-07 08:00:00,3.337083333333333,3.384266666666667,330.14166666666665,418.93095166666666
2021-04-07 09:00:00,3.2640000000000002,3.3153,296.60499999999996,401.27722
2021-04-07 10:00:00,3.17445,3.228533333333333,296.25,384.26391666666666
2021-04-07 11:00:00,3.112416666666667,3.16545,299.35333333333335,375.09406666666666
2021-04-07 12:00:00,3.055,3.10685,299.75333333333333,329.6263016666666
2021-04-07 13:00:00,3.0534833333333333,3.1006333333333336,299.15999999999997,295.5120083333333
2021-04-07 14:00:00,3.0205166666666665,3.0688666666666666,299.19166666666666,338.07906333333335
2021-04-07 15:00:00,3.0127666666666664,3.056966666666667,301.15,256.081585
2021-04-07 16:00:00,3.0475333333333334,3.0900000000000003,300.915,240.74004000000002
2021-04-07 17:00:00,3.0637666666666665,3.1098166666666667,302.78333333333336,292.44046999999995
2021-04-07 18:00:00,3.0521833333333332,3.1016333333333335,302.055,324.20040166666666
2021-04-07 19:00:00,3.0115,3.0612166666666667,300.0066666666667,330.32885833333336
2021-04-07 20:00:00,2.9846500000000002,3.033183333333333,299.6633333333333,337.62780833333335
2021-04-07 21:00:00,2.916416666666666,2.9677000000000002,293.00333333333333,389.550665
2021-04-07 22:00:00,2.8643,2.91335,293.76500000000004,342.987685
2021-04-07 23:00:00,2.8130499999999996,2.8645833333333335,306.8316666666667,343.77963833333337
2021-04-08 00:00:00,2.81185,2.861483333333333,327.72,255.33132666666668
2021-04-08 01:00:00,2.87305,2.9175166666666663,320.3933333333333,197.92158166666664
2021-04-08 02:00:00,2.96,3.0018499999999997,318.09000000000003,166.58576166666666
2021-04-08 03:00:00,3.0698999999999996,3.10885,318.9183333333333,114.797375
2021-04-08 04:00:00,3.1843,3.2263499999999996,319.3566666666667,154.61917166666666
2021-04-08 05:00:00,3.2951166666666665,3.3373,318.43,135.292105
2021-04-08 06:00:00,3.4391000000000003,3.470566666666667,465.22166666666664,195.87924166666664
2021-04-08 07:00:00,3.5787833333333334,3.603833333333333,497.10333333333335,344.596925
2021-04-08 08:00:00,3.6270499999999997,3.6618666666666666,414.2883333333333,379.2886383333333
2021-04-08 09:00:00,3.6075666666666666,3.669883333333333,305.81666666666666,274.03908666666666
2021-04-08 10:00:00,3.629033333333333,3.6877166666666668,303.67,250.00700999999998
2021-04-08 11:00:00,3.62955,3.6939333333333333,303.26166666666666,347.2785416666667
2021-04-08 12:00:00,3.5747333333333335,3.6418666666666666,304.11333333333334,332.0327383333333
2021-04-08 13:00:00,3.545583333333333,3.6117333333333335,305.115,352.21639
2021-04-08 14:00:00,3.5368500000000003,3.5957333333333334,304.9116666666667,260.53987666666666
2021-04-08 15:00:00,3.5552166666666665,3.616316666666667,301.31,301.02486500000003
2021-04-08 16:00:00,3.5151666666666666,3.5822833333333337,301.115,363.332915
2021-04-08 17:00:00,3.459216666666667,3.526933333333333,294.57666666666665,361.0330083333334
2021-04-08 18:00:00,3.4019166666666667,3.4591,262.785,346.3870183333333
2021-04-08 19:00:00,3.322083333333333,3.3809833333333335,260.5683333333333,395.5014466666667
2021-04-08 20:00:00,3.2378833333333334,3.2938833333333335,260.89,329.2082466666667
2021-04-08 21:00:00,3.1874666666666664,3.2416833333333335,264.41833333333335,326.54078666666663
2021-04-08 22:00:00,3.12115,3.1750333333333334,266.39500000000004,345.523105
2021-04-08 23:00:00,3.0869500000000003,3.1369333333333334,264.15333333333336,260.961435
2021-04-09 00:00:00,3.1118666666666663,3.1562666666666668,266.76,183.43253166666668
2021-04-09 01:00:00,3.1732333333333336,3.216,268.62333333333333,142.79644000000002
2021-04-09 02:00:00,3.259383333333333,3.301,266.93333333333334,120.87096
2021-04-09 03:00:00,3.35055,3.391033333333333,268.365,116.53599666666668
2021-04-09 04:00:00,3.448783333333333,3.48935,268.175,111.80647833333335
2021-04-09 05:00:00,3.540233333333333,3.582466666666667,264.02166666666665,127.01177833333333
2021-04-09 06:00:00,3.6031833333333334,3.6509333333333336,264.115,201.94693666666666
2021-04-09 07:00:00,3.56935,3.6271166666666668,261.635,379.00184
2021-04-09 08:00:00,3.4712,3.5301833333333335,261.6166666666667,385.84150666666665
2021-04-09 09:00:00,3.373183333333333,3.4304,260.98333333333335,392.40409833333337
2021-04-09 10:00:00,3.279316666666667,3.3358833333333333,262.08,409.75688166666663
2021-04-09 11:00:00,3.14665,3.20615,261.695,458.70202166666667
2021-04-09 12:00:00,3.0126,3.0684833333333335,261.72833333333335,412.9484266666667
2021-04-09 13:00:00,2.9145666666666665,2.968366666666667,264.085,389.709475
2021-04-09 14:00:00,2.8393666666666664,2.8903833333333333,264.05,324.6444216666667
2021-04-09 15:00:00,2.79445,2.84145,260.8333333333333,323.6704833333333
2021-04-09 16:00:00,2.7427833333333336,2.789616666666667,262.3383333333333,303.876365
2021-04-09 17:00:00,2.7164333333333333,2.7608333333333333,262.45,264.24643833333334
2021-04-09 18:00:00,2.716266666666667,2.7596833333333333,263.135,246.66240333333332
2021-04-09 19:00:00,2.69865,2.7466500000000003,263.85499999999996,315.88811999999996
2021-04-09 20:00:00,2.6603333333333334,2.70735,265.02166666666665,313.36247166666664
2021-04-09 21:00:00,2.5896833333333333,2.641366666666667,263.10833333333335,368.0052283333333
2021-04-09 22:00:00,2.5360500000000004,2.5773,309.475,329.04132666666663
2021-04-09 23:00:00,2.5256,2.55675,337.12,345.94210666666663
2021-04-10 00:00:00,2.5320833333333335,2.5624833333333332,336.2916666666667,258.9894566666666
2021-04-10 01:00:00,2.604233333333333,2.6359500000000002,335.7366666666667,179.80072333333334
2021-04-10 02:00:00,2.7078166666666665,2.7367500000000002,336.45166666666665,151.75537166666666
2021-04-10 03:00:00,2.8354833333333334,2.866816666666667,336.85499999999996,117.68328
2021-04-10 04:00:00,2.9751666666666665,3.0068833333333336,337.50333333333333,115.99234166666666
2021-04-10 05:00:00,3.1107333333333336,3.1428833333333333,335.82,131.41396666666665
2021-04-10 06:00:00,3.2325166666666667,3.2763166666666668,415.5066666666667,168.65831333333333
2021-04-10 07:00:00,3.4347833333333333,3.5066333333333333,537.935,248.20917666666668
2021-04-10 08:00:00,3.54415,3.5518833333333335,350.18666666666667,283.6607016666667
2021-04-10 09:00:00,3.5402833333333334,3.5603,277.8183333333333,344.73632166666664
2021-04-10 10:00:00,3.460183333333333,3.4810833333333333,276.37666666666667,399.1706683333333
2021-04-10 11:00:00,3.3508666666666667,3.3703333333333334,276.345,421.29219333333333
2021-04-10 12:00:00,3.2643833333333334,3.2847166666666667,275.5416666666667,333.02325333333334
2021-04-10 13:00:00,3.192833333333333,3.2115500000000003,274.99,417.908975
2021-04-10 14:00:00,3.08535,3.1015666666666664,275.0083333333333,406.67678166666667
2021-04-10 15:00:00,2.9916833333333335,3.0083166666666665,274.39500000000004,376.56234
2021-04-10 16:00:00,2.9217166666666667,2.9403833333333336,274.3233333333334,340.29028666666665
2021-04-10 17:00:00,2.856333333333333,2.8720833333333333,273.835,384.87130666666667
2021-04-10 18:00:00,2.8017166666666666,2.82015,273.835,291.7307133333333
2021-04-10 19:00:00,2.7781499999999997,2.7988833333333334,275.06,281.18147000000005
2021-04-10 20:00:00,2.7616666666666663,2.7799666666666667,275.545,302.762525
2021-04-10 21:00:00,2.7274499999999997,2.74505,277.025,318.58006
2021-04-10 22:00:00,2.69425,2.716666666666667,286.77166666666665,286.40757833333333
2021-04-10 23:00:00,2.6967833333333333,2.7245166666666667,310.98833333333334,272.64418666666666
2021-04-11 00:00:00,2.745633333333333,2.7747,314.3566666666667,170.12564
2021-04-11 01:00:00,2.8453999999999997,2.8739,315.82666666666665,136.37565
2021-04-11 02:00:00,2.9619500000000003,2.9915666666666665,315.64666666666665,124.09615166666667
2021-04-11 03:00:00,3.0861,3.116133333333333,316.09166666666664,110.80612833333333
2021-04-11 04:00:00,3.214383333333333,3.246983333333333,315.92833333333334,110.48699833333333
2021-04-11 05:00:00,3.3632666666666666,3.38835,416.05,130.224075
2021-04-11 06:00:00,3.571766666666667,3.5879666666666665,486.55333333333334,177.20117333333334
2021-04-11 07:00:00,3.7294833333333335,3.7400333333333333,454.635,286.8902616666667
2021-04-11 08:00:00,3.7632,3.78755,379.30333333333334,389.82845333333336
2021-04-11 09:00:00,3.7144166666666667,3.7360666666666664,374.93,436.7827416666667
2021-04-11 10:00:00,3.6651000000000002,3.6872,371.11333333333334,400.3183133333333
2021-04-11 11:00:00,3.629233333333333,3.645,333.4683333333333,427.4607
2021-04-11 12:00:00,3.539933333333333,3.5379666666666667,283.52833333333336,416.7095616666667
2021-04-11 13:00:00,3.446466666666667,3.4443333333333332,284.38,397.69703833333335
2021-04-11 14:00:00,3.3598500000000002,3.3609666666666667,284.64833333333337,339.9334833333333
2021-04-11 15:00:00,3.3461333333333334,3.354716666666667,284.2116666666667,254.41997
2021-04-11 16:00:00,3.339583333333333,3.359783333333333,238.21166666666664,260.3501316666667
2021-04-11 17:00:00,3.28565,3.3326333333333333,196.36833333333334,274.80447166666664
2021-04-11 18:00:00,3.2188666666666665,3.2662,196.235,280.30513499999995
2021-04-11 19:00:00,3.1111833333333334,3.16375,196.275,408.36083666666667
2021-04-11 20:00:00,2.9445333333333332,2.9978333333333333,195.07333333333332,416.7718266666667
2021-04-11 21:00:00,2.797066666666667,2.8485666666666662,196.29500000000002,389.141385
2021-04-11 22:00:00,2.664933333333333,2.7083500000000003,229.31833333333333,392.32189
2021-04-11 23:00:00,2.6055333333333333,2.6304333333333334,268.595,279.38187833333336
2021-04-12 00:00:00,2.6038833333333335,2.6294166666666663,270.52000000000004,246.42319333333336
2021-04-12 01:00:00,2.6211833333333336,2.6475,272.3366666666667,209.399135
2021-04-12 02:00:00,2.686,2.711516666666667,271.725,128.20072333333331
2021-04-12 03:00:00,2.77455,2.8006,271.35,116.91826016666667
2021-04-12 04:00:00,2.8758,2.9036166666666667,269.37166666666667,106.377205
2021-04-12 05:00:00,2.9749833333333333,3.0031666666666665,270.405,123.149097
2021-04-12 06:00:00,3.0473833333333333,3.0745,314.0933333333333,199.81031333333334
2021-04-12 07:00:00,3.1736833333333334,3.1607166666666666,533.86,337.69602000000003
2021-04-12 08:00:00,3.296966666666667,3.2856666666666663,529.3716666666667,288.989115
2021-04-12 09:00:00,3.35195,3.368733333333333,320.4216666666667,350.0418216666667
2021-04-12 10:00:00,3.3037666666666667,3.3315166666666665,303.03333333333336,340.58485
2021-04-12 11:00:00,3.2815999999999996,3.309816666666667,302.92833333333334,307.62239166666666
2021-04-12 12:00:00,3.2781333333333333,3.3072999999999997,303.0933333333333,277.90140499999995
2021-04-12 13:00:00,3.2718833333333333,3.299516666666667,303.585,313.50607
2021-04-12 14:00:00,3.2705333333333333,3.2988500000000003,303.07,285.13945333333334
2021-04-12 15:00:00,3.241966666666667,3.268333333333333,305.2816666666667,356.036545
2021-04-12 16:00:00,3.217833333333333,3.24535,305.40333333333336,299.0591166666666
2021-04-12 17:00:00,3.2298833333333334,3.2570666666666668,306.27666666666664,270.22644833333334
2021-04-12 18:00:00,3.2213833333333337,3.2479500000000003,307.0416666666667,362.0463883333333
2021-04-12 19:00:00,3.1368,3.1616166666666667,309.5383333333333,446.664835
2021-04-12 20:00:00,3.0547,3.08015,310.81,379.0543
2021-04-12 21:00:00,3.018,3.0457166666666664,313.43,328.7194616666667
2021-04-12 22:00:00,3.0109666666666666,3.0373333333333337,311.7566666666667,276.011715
2021-04-12 23:00:00,3.0378,3.0646333333333335,309.2966666666667,216.98756333333333
2021-04-13 00:00:00,3.1141,3.14155,309.375,161.899465
2021-04-13 01:00:00,3.2188833333333333,3.246783333333333,308.935,122.54749333333334
2021-04-13 02:00:00,3.33805,3.3673,307.50333333333333,110.88583783333334
2021-04-13 03:00:00,3.4638333333333335,3.4940333333333333,308.245,105.13860333333334
2021-04-13 04:00:00,3.5875500000000002,3.61955,301.97666666666663,129.7145715
2021-04-13 05:00:00,3.6656166666666667,3.6991,297.3566666666667,188.20988333333335
2021-04-13 06:00:00,3.7203500000000003,3.7584666666666666,261.0983333333333,221.831295
2021-04-13 07:00:00,3.6554833333333336,3.7076,210.05499999999998,347.92142500000006
2021-04-13 08:00:00,3.56675,3.61785,209.44,327.82744166666663
2021-04-13 09:00:00,3.4755333333333334,3.5264333333333338,206.87,309.235295
2021-04-13 10:00:00,3.3894333333333337,3.4408499999999997,203.31833333333333,355.41923
2021-04-13 11:00:00,3.269966666666667,3.321483333333333,203.28166666666667,358.2023066666667
2021-04-13 12:00:00,3.1548666666666665,3.2056666666666667,203.37,361.1575166666667
2021-04-13 13:00:00,3.054133333333333,3.10165,205.32166666666666,299.60722
2021-04-13 14:00:00,3.0211166666666665,3.0595166666666667,232.6,236.75933166666667
2021-04-13 15:00:00,2.9992666666666663,3.037583333333333,241.42333333333332,256.1986083333333
2021-04-13 16:00:00,2.9825833333333334,3.0208999999999997,241.285,262.90781833333335
2021-04-13 17:00:00,2.96725,3.0046833333333334,240.09666666666666,249.48884666666666
2021-04-13 18:00:00,2.9154833333333334,2.9561,239.595,371.25080333333335
2021-04-13 19:00:00,2.7845166666666668,2.8264833333333335,238.79,409.8340166666667
2021-04-13 20:00:00,2.6569833333333337,2.6994,236.53833333333333,422.5249433333333
2021-04-13 21:00:00,2.5220333333333333,2.564133333333333,240.35333333333335,376.24365166666666
2021-04-13 22:00:00,2.4636833333333334,2.5013,256.22,280.5094233333333
2021-04-13 23:00:00,2.4637333333333333,2.5124333333333335,324.02666666666664,246.38079333333332
2021-04-14 00:00:00,2.5274,2.571633333333333,325.51666666666665,194.67598833333335
2021-04-14 01:00:00,2.6142,2.6573166666666665,326.23833333333334,175.62049833333333
2021-04-14 02:00:00,2.7302833333333334,2.7695166666666666,329.675,111.87719633333333
2021-04-14 03:00:00,2.8698166666666665,2.908266666666667,328.5866666666667,110.270478
2021-04-14 04:00:00,3.0057833333333335,3.0448999999999997,327.02833333333336,112.64711166666666
2021-04-14 05:00:00,3.1392499999999997,3.1792666666666665,348.5334666666667,120.48787433333334
2021-04-14 06:00:00,3.4847166666666665,3.5399666666666665,537.3613333333334,206.18322833333335
2021-04-14 07:00:00,3.7537666666666665,3.797633333333333,258.4968666666667,355.49427166666663
2021-04-14 08:00:00,3.68995,3.715716666666667,230.58166666666665,315.85181166666666
2021-04-14 09:00:00,3.6338,3.660483333333333,231.17000000000002,282.295225
2021-04-14 10:00:00,3.5947,3.620033333333333,222.80666666666667,286.52615
2021-04-14 11:00:00,3.5096166666666666,3.5318166666666664,223.21166666666667,369.75782833333335
2021-04-14 12:00:00,3.4064,3.427433333333333,227.08666666666667,355.88128333333333
2021-04-14 13:00:00,3.3193833333333336,3.3415833333333333,226.67833333333334,319.42331333333334
2021-04-14 14:00:00,3.271733333333333,3.29415,227.155,273.3589083333334
2021-04-14 15:00:00,3.231133333333333,3.253,226.11,273.03396833333335
2021-04-14 16:00:00,3.1731166666666666,3.19415,228.87833333333336,333.77865833333334
2021-04-14 17:00:00,3.0861,3.1046833333333335,227.93166666666667,367.9495316666667
2021-04-14 18:00:00,2.9783666666666666,2.9967333333333332,228.72,377.7835216666666
2021-04-14 19:00:00,2.8789333333333333,2.895566666666667,233.31,331.3378266666667
2021-04-14 20:00:00,2.7983,2.8154833333333333,233.94166666666666,346.359675
2021-04-14 21:00:00,2.7172,2.7349166666666664,234.04666666666665,327.5893566666667
2021-04-14 22:00:00,2.6759666666666666,2.704533333333333,315.0516666666666,247.3493
2021-04-14 23:00:00,2.7435166666666664,2.7868500000000003,381.335,241.62741999999997
2021-04-15 00:00:00,2.830305084745763,2.8729152542372884,381.5491525423729,204.96937796610172
2021-04-15 01:00:00,2.952366666666667,2.9923166666666665,380.56166666666667,163.04824
2021-04-15 02:00:00,3.1117,3.1489833333333332,382.1433333333333,104.4523855
2021-04-15 03:00:00,3.2859,3.3247333333333335,383.375,118.90756316666666
2021-04-15 04:00:00,3.4465333333333334,3.4889666666666668,383.71500000000003,142.39035299999998
2021-04-15 05:00:00,3.59905,3.6416,383.12,125.08600333333334
2021-04-15 06:00:00,3.7358666666666664,3.7797833333333335,295.45166666666665,187.94196
2021-04-15 07:00:00,3.6919,3.740933333333333,172.92333333333332,348.50242333333335
2021-04-15 08:00:00,3.5359833333333333,3.5872333333333333,170.87166666666664,409.35343666666665
2021-04-15 09:00:00,3.3822666666666668,3.4304666666666668,170.70166666666668,328.9897716666666
2021-04-15 10:00:00,3.2799666666666667,3.33455,213.64333333333335,351.27971833333334
2021-04-15 11:00:00,3.169033333333333,3.2273666666666667,221.73666666666668,357.6345866666667
2021-04-15 12:00:00,3.074383333333333,3.130333333333333,222.84,323.6370933333334
2021-04-15 13:00:00,2.9936,3.0494833333333333,221.78833333333333,341.8928966666666
2021-04-15 14:00:00,2.9311999999999996,2.98145,222.34833333333333,258.53292166666665
2021-04-15 15:00:00,2.8989333333333334,2.9493500000000004,223.98666666666668,267.50891666666666
2021-04-15 16:00:00,2.8495166666666667,2.9032833333333334,226.53833333333333,301.41719
2021-04-15 17:00:00,2.8034499999999998,2.8439166666666664,261.57666666666665,293.38716
2021-04-15 18:00:00,2.7704999999999997,2.8085666666666667,262.825,303.33916666666664
2021-04-15 19:00:00,2.7381666666666664,2.7749,263.1983333333333,289.60642666666666
2021-04-15 20:00:00,2.7042833333333336,2.7435,262.3566666666667,323.82887666666664
2021-04-15 21:00:00,2.63165,2.6717999999999997,259.32666666666665,353.31714
2021-04-15 22:00:00,2.5650666666666666,2.60325,258.665,333.88969833333334
2021-04-15 23:00:00,2.5483833333333332,2.5813333333333333,354.8016666666666,278.40622333333334
2021-04-16 00:00:00,2.6237,2.6554,380.6183333333333,222.45916666666665
2021-04-16 01:00:00,2.7436000000000003,2.77125,425.7883333333333,180.23053833333333
2021-04-16 02:00:00,2.9282833333333333,2.9529,458.025,136.65833
2021-04-16 03:00:00,3.1379,3.1648833333333335,455.74666666666667,116.01877416666666
2021-04-16 04:00:00,3.3562000000000003,3.3846833333333333,455.56333333333333,131.60260499999998
2021-04-16 05:00:00,3.553033333333333,3.582066666666667,450.0183333333333,140.37550000000002
2021-04-16 06:00:00,3.7354166666666666,3.7655833333333333,441.89000000000004,191.326965
2021-04-16 07:00:00,3.773083333333333,3.8209333333333335,167.64833333333334,297.311605
2021-04-16 08:00:00,3.6374500000000003,3.689333333333333,135.32333333333332,340.59822833333334
2021-04-16 09:00:00,3.54895,3.5603333333333333,310.0883333333333,355.6725316666667
2021-04-16 10:00:00,3.52885,3.5153666666666665,342.88,400.9291533333333
2021-04-16 11:00:00,3.4724333333333335,3.4564999999999997,344.06,400.25044499999996
2021-04-16 12:00:00,3.4220166666666665,3.408733333333333,344.665,349.87179333333336
2021-04-16 13:00:00,3.4295666666666667,3.4321166666666665,321.09000000000003,276.0396533333333
2021-04-16 14:00:00,3.4298833333333336,3.443833333333333,254.47333333333333,275.85476166666666
2021-04-16 15:00:00,3.3901499999999998,3.4071,246.95666666666665,277.3539466666667
2021-04-16 16:00:00,3.3628833333333334,3.379233333333333,246.67666666666668,297.18196
2021-04-16 17:00:00,3.3119333333333336,3.327566666666667,247.06833333333333,315.45592833333336
2021-04-16 18:00:00,3.2580666666666667,3.27225,246.57333333333332,310.71276
2021-04-16 19:00:00,3.2047833333333333,3.2192833333333337,243.39666666666665,323.6340133333333
2021-04-16 20:00:00,3.1409499999999997,3.1559999999999997,243.70833333333334,306.3888
2021-04-16 21:00:00,3.0776,3.092,244.12666666666667,327.52166833333337
2021-04-16 22:00:00,3.029333333333333,3.0429666666666666,255.90166666666667,311.94432333333333
2021-04-16 23:00:00,2.98665,2.9960666666666667,269.4733333333333,286.4143083333333
2021-04-17 00:00:00,2.9917833333333332,3.00455,271.65666666666664,212.78331
2021-04-17 01:00:00,3.04315,3.060683333333333,270.555,155.26321166666668
2021-04-17 02:00:00,3.1131499999999996,3.133883333333334,271.465,138.47032833333333
2021-04-17 03:00:00,3.2040833333333336,3.2266666666666666,271.015,113.39257833333333
2021-04-17 04:00:00,3.3027,3.3260333333333336,270.52000000000004,116.91785666666667
2021-04-17 05:00:00,3.3922666666666665,3.4149499999999997,271.94666666666666,130.62296666666666
2021-04-17 06:00:00,3.4715833333333337,3.492033333333333,272.84666666666664,174.17891666666668
2021-04-17 07:00:00,3.5155499999999997,3.5338333333333334,271.46666666666664,230.44678000000002
2021-04-17 08:00:00,3.5014333333333334,3.5143,290.27666666666664,338.5609316666667
2021-04-17 09:00:00,3.4705999999999997,3.4908333333333337,312.67,340.45591666666667
2021-04-17 10:00:00,3.4153166666666666,3.431033333333333,313.3333333333333,425.46725499999997
2021-04-17 11:00:00,3.32225,3.3354500000000002,310.81666666666666,447.9783883333333
2021-04-17 12:00:00,3.2302833333333334,3.2441833333333334,310.68833333333333,386.4381716666667
2021-04-17 13:00:00,3.1959500000000003,3.214,310.65166666666664,313.02874833333334
2021-04-17 14:00:00,3.1596333333333333,3.173016666666667,310.12166666666667,397.36992166666664
2021-04-17 15:00:00,3.1082666666666667,3.1237333333333335,310.35999999999996,321.6139033333333
2021-04-17 16:00:00,3.0993,3.1161499999999998,314.6683333333333,297.7210833333333
2021-04-17 17:00:00,3.1224166666666666,3.1408833333333335,318.2866666666667,250.21892666666665
2021-04-17 18:00:00,3.1235833333333334,3.1399666666666666,317.35999999999996,326.6211583333333
2021-04-17 19:00:00,3.1333166666666665,3.1527499999999997,317.87,255.35798333333332
2021-04-17 20:00:00,3.1641333333333335,3.1853333333333333,321.9616666666667,257.6791616666667
2021-04-17 21:00:00,3.1620333333333335,3.18115,304.9633333333333,358.08577333333335
2021-04-17 22:00:00,3.1323,3.1515333333333335,299.4,269.91340833333334
2021-04-17 23:00:00,3.1595166666666668,3.1816999999999998,293.11333333333334,231.73471666666669
2021-04-18 00:00:00,3.1891833333333333,3.2105333333333332,294.01500000000004,230.21186666666665
2021-04-18 01:00:00,3.2324333333333333,3.2552166666666666,295.52333333333337,201.82120833333332
2021-04-18 02:00:00,3.2967,3.320533333333333,293.9166666666667,172.86234666666667
2021-04-18 03:00:00,3.3766333333333334,3.403383333333333,293.97666666666663,133.63537933333333
2021-04-18 04:00:00,3.4868666666666663,3.5147166666666667,294.55333333333334,112.72244666666667
2021-04-18 05:00:00,3.595966666666667,3.6228166666666666,294.6333333333333,163.89188166666665
2021-04-18 06:00:00,3.6399833333333333,3.6643499999999998,292.5833333333333,227.010965
2021-04-18 07:00:00,3.6713,3.69575,293.04,244.71551499999998
2021-04-18 08:00:00,3.6967166666666667,3.7209333333333334,294.15,276.4161016666667
2021-04-18 09:00:00,3.68075,3.70205,294.75,349.0151016666667
2021-04-18 10:00:00,3.6165833333333333,3.634783333333333,293.3333333333333,375.9874516666667
2021-04-18 11:00:00,3.566533333333333,3.5861333333333336,292.7883333333333,330.86986666666667
2021-04-18 12:00:00,3.5261,3.5441833333333337,295.455,380.01054833333336
2021-04-18 13:00:00,3.47695,3.496466666666667,295.21500000000003,305.29468833333334
2021-04-18 14:00:00,3.4553000000000003,3.47425,294.9133333333333,313.12333
2021-04-18 15:00:00,3.4453666666666667,3.465716666666667,293.65,309.76956666666666
2021-04-18 16:00:00,3.4068666666666667,3.424383333333333,293.7416666666667,349.26763833333337
2021-04-18 17:00:00,3.3600333333333334,3.378,292.745,332.10085999999995
2021-04-18 18:00:00,3.3295000000000003,3.3468166666666668,292.31333333333333,342.1062283333333
2021-04-18 19:00:00,3.2763,3.2931166666666667,290.905,339.1879216666667
2021-04-18 20:00:00,3.2133,3.2279833333333334,290.76166666666666,420.6588233333333
2021-04-18 21:00:00,3.093566666666667,3.10575,292.74,449.9137633333333
2021-04-18 22:00:00,3.0298333333333334,3.0498499999999997,307.135,306.4051
2021-04-18 23:00:00,3.0324,3.0558,301.615,241.485835
2021-04-19 00:00:00,3.094066666666667,3.1204666666666667,302.9133333333333,165.13402666666667
2021-04-19 01:00:00,3.1858333333333335,3.213083333333333,304.875,140.82627499999998
2021-04-19 02:00:00,3.28775,3.3200999999999996,261.76666666666665,122.13471
2021-04-19 03:00:00,3.3399833333333335,3.3798166666666662,192.87333333333333,119.70079183333334
2021-04-19 04:00:00,3.3725,3.4127666666666667,193.79333333333335,148.40439666666668
2021-04-19 05:00:00,3.4073833333333337,3.4462333333333333,203.63833333333332,132.16026833333333
2021-04-19 06:00:00,3.4678,3.5204999999999997,445.68833333333333,196.18505666666667
2021-04-19 07:00:00,3.6706,3.80965,757.3133333333334,350.49486833333333
2021-04-19 08:00:00,3.7898833333333335,3.82775,200.97666666666666,395.27642166666664
2021-04-19 09:00:00,3.6476166666666665,3.6421,147.57000000000002,369.22317000000004
2021-04-19 10:00:00,3.503133333333333,3.4996,146.20499999999998,329.5025716666667
2021-04-19 11:00:00,3.355766666666667,3.3465,147.38833333333332,391.4021616666667
2021-04-19 12:00:00,3.1946,3.18535,147.95333333333335,341.4829966666667
2021-04-19 13:00:00,3.07585,3.07075,150.69166666666666,320.12236666666666
2021-04-19 14:00:00,2.94555,2.9358333333333335,151.26333333333332,323.6064366666667
2021-04-19 15:00:00,2.8301166666666666,2.8239,175.29166666666666,326.2493283333333
2021-04-19 16:00:00,2.7460833333333334,2.7798166666666666,297.62333333333333,303.05741166666667
2021-04-19 17:00:00,2.742,2.7793666666666668,292.25,271.72011499999996
2021-04-19 18:00:00,2.741616666666667,2.7796166666666666,289.8183333333333,296.23276
2021-04-19 19:00:00,2.7049499999999997,2.7449,288.7866666666667,368.7060266666667
2021-04-19 20:00:00,2.63065,2.6699333333333333,287.8366666666667,362.930665
2021-04-19 21:00:00,2.5874666666666664,2.6242666666666663,285.67,318.75669833333336
2021-04-19 22:00:00,2.55265,2.58665,310.425,327.6457
2021-04-19 23:00:00,2.5646833333333334,2.5972500000000003,313.48499999999996,246.68213
2021-04-20 00:00:00,2.6098166666666667,2.64255,315.27333333333337,218.39534999999998
2021-04-20 01:00:00,2.6825166666666664,2.7139499999999996,316.205,170.20948833333333
2021-04-20 02:00:00,2.7898,2.8209666666666666,311.84833333333336,117.26154166666667
2021-04-20 03:00:00,2.9172833333333332,2.949183333333333,311.92333333333335,106.21415333333333
2021-04-20 04:00:00,3.0463999999999998,3.0793000000000004,313.345,116.44725333333334
2021-04-20 05:00:00,3.161383333333333,3.1917166666666668,360.6933333333333,170.25883000000002
2021-04-20 06:00:00,3.322783333333333,3.3447999999999998,613.67,268.7098016666667
2021-04-20 07:00:00,3.5249666666666664,3.5452500000000002,533.78,385.14013
2021-04-20 08:00:00,3.5575833333333335,3.5389166666666667,418.39666666666665,360.2899016666667
2021-04-20 09:00:00,3.55445,3.57005,261.54,309.17155166666663
2021-04-20 10:00:00,3.48305,3.515716666666667,205.88,286.72552333333334
2021-04-20 11:00:00,3.4014499999999996,3.4323833333333336,206.23166666666665,342.1591583333333
2021-04-20 12:00:00,3.2990833333333334,3.3304833333333335,206.34666666666666,327.5583483333333
2021-04-20 13:00:00,3.2315666666666667,3.2617,206.9633333333333,273.25470333333334
2021-04-20 14:00:00,3.1905,3.2195166666666664,207.1616666666667,241.6471983333333
2021-04-20 15:00:00,3.1623666666666663,3.1908499999999997,205.86333333333332,229.93973833333334
2021-04-20 16:00:00,3.1243833333333333,3.1527666666666665,204.82999999999998,303.43859833333335
2021-04-20 17:00:00,3.038,3.065733333333333,207.73333333333332,304.1806966666666
2021-04-20 18:00:00,2.98195,3.00965,211.92166666666665,269.3249116666667
2021-04-20 19:00:00,2.9187999999999996,2.9466666666666668,208.52166666666665,347.29214833333333
2021-04-20 20:00:00,2.81115,2.8512333333333335,299.9933333333333,382.68418833333334
2021-04-20 21:00:00,2.7519666666666667,2.8064833333333334,337.3383333333333,409.92963
2021-04-20 22:00:00,2.7066166666666667,2.7592333333333334,336.93666666666667,366.1895333333333
2021-04-20 23:00:00,2.7088666666666668,2.754633333333333,333.74,250.81131833333333
2021-04-21 00:00:00,2.7874833333333333,2.828116666666667,336.35999999999996,179.52275666666668
2021-04-21 01:00:00,2.8928333333333334,2.9324500000000002,337.3283333333333,158.63748833333332
2021-04-21 02:00:00,3.005666666666667,3.0454833333333338,338.22333333333336,146.62329833333334
2021-04-21 03:00:00,3.141833333333333,3.1783,339.43,110.12392666666666
2021-04-21 04:00:00,3.284116666666667,3.3228166666666668,338.65333333333336,119.838565
2021-04-21 05:00:00,3.4211,3.4619666666666666,339.5816666666667,127.67361333333334
2021-04-21 06:00:00,3.5362999999999998,3.58135,339.3816666666667,184.3858
2021-04-21 07:00:00,3.5727333333333333,3.628333333333333,338.15,371.99816666666663
2021-04-21 08:00:00,3.538,3.5929833333333336,335.87,316.94436333333334
2021-04-21 09:00:00,3.540383333333333,3.5937333333333332,335.0083333333333,320.8333333333333
2021-04-21 10:00:00,3.5524666666666667,3.603133333333333,335.09166666666664,296.5400583333333
2021-04-21 11:00:00,3.5214,3.5780499999999997,335.6566666666667,400.27862166666665
2021-04-21 12:00:00,3.4576166666666666,3.5055833333333335,281.30833333333334,404.17000333333334
2021-04-21 13:00:00,3.3566999999999996,3.3853166666666668,230.39666666666665,386.36859333333337
2021-04-21 14:00:00,3.2449999999999997,3.273483333333333,229.47166666666666,374.8002016666667
2021-04-21 15:00:00,3.1334999999999997,3.160816666666667,228.73166666666665,373.43244500000003
2021-04-21 16:00:00,3.0478333333333336,3.0755333333333335,231.92000000000002,353.82719166666664
2021-04-21 17:00:00,2.9496666666666664,2.976316666666667,233.90666666666667,349.2945416666667
2021-04-21 18:00:00,2.8489999999999998,2.876516666666667,234.73833333333332,372.522115
2021-04-21 19:00:00,2.7355333333333336,2.7623666666666664,234.51333333333332,435.5783583333333
2021-04-21 20:00:00,2.62055,2.64575,235.42333333333332,319.58558166666666
2021-04-21 21:00:00,2.554533333333333,2.58065,234.425,322.2132833333333
2021-04-21 22:00:00,2.494133333333333,2.5251,275.1116666666667,293.15996
2021-04-21 23:00:00,2.5500833333333333,2.5732166666666667,370.68833333333333,208.67317333333332
2021-04-22 00:00:00,2.6599333333333335,2.685416666666667,356.20166666666665,156.144005
2021-04-22 01:00:00,2.7963333333333336,2.821483333333333,362.40999999999997,130.56562333333332
2021-04-22 02:00:00,2.9339,2.960916666666667,363.10499999999996,166.390975
2021-04-22 03:00:00,3.0567166666666665,3.0841,365.13,167.69386500000002
2021-04-22 04:00:00,3.1837500000000003,3.2115666666666667,364.585,147.32314
2021-04-22 05:00:00,3.3325666666666667,3.36125,363.99833333333333,126.68658166666667
2021-04-22 06:00:00,3.4585500000000002,3.5182833333333337,392.14959595959596,243.94621833333335
2021-04-22 07:00:00,3.62825,3.6881333333333335,341.410404040404,354.17770333333334
2021-04-22 08:00:00,3.6167666666666665,3.6363166666666666,309.0366666666667,347.72262166666667
2021-04-22 09:00:00,3.5822999999999996,3.6024333333333334,307.7316666666667,326.7280566666667
2021-04-22 10:00:00,3.5501666666666667,3.5683,310.42333333333335,342.07718666666665
2021-04-22 11:00:00,3.5328166666666667,3.5522,310.11333333333334,325.60031
2021-04-22 12:00:00,3.4807833333333336,3.5014666666666665,260.175,389.92130333333336
2021-04-22 13:00:00,3.3432166666666663,3.393066666666667,203.99666666666664,367.51713666666666
2021-04-22 14:00:00,3.248283333333333,3.2964166666666666,203.14666666666665,287.0656783333333
2021-04-22 15:00:00,3.1860333333333335,3.2320333333333333,202.685,299.4221733333333
2021-04-22 16:00:00,3.0965,3.1445,202.65166666666667,317.83115333333336
2021-04-22 17:00:00,3.0174499999999997,3.0637333333333334,202.59666666666666,325.46848500000004
2021-04-22 18:00:00,2.9134499999999997,2.9616,201.345,367.3192583333333
2021-04-22 19:00:00,2.766433333333333,2.8171833333333334,201.74833333333333,415.12629666666663
2021-04-22 20:00:00,2.6471999999999998,2.6848666666666667,274.52666666666664,353.95417166666664
2021-04-22 21:00:00,2.6359833333333333,2.65215,330.635,341.59517
2021-04-22 22:00:00,2.6348,2.65305,328.085,266.92403666666667
2021-04-22 23:00:00,2.6808833333333335,2.7003500000000003,327.5683333333333,224.67735499999998
2021-04-23 00:00:00,2.75485,2.7765666666666666,325.2083333333333,177.78435333333334
2021-04-23 01:00:00,2.8507333333333333,2.8717166666666665,326.4,190.692095
2021-04-23 02:00:00,2.933383333333333,2.95465,326.5183333333333,171.52816333333334
2021-04-23 03:00:00,3.0387833333333334,3.0635333333333334,326.1816666666667,124.30317833333334
2021-04-23 04:00:00,3.174316666666667,3.1990333333333334,327.25,110.99395166666666
2021-04-23 05:00:00,3.3076,3.3341166666666666,327.96500000000003,126.64769500000001
2021-04-23 06:00:00,3.4125333333333336,3.436516666666667,327.82666666666665,226.63783
2021-04-23 07:00:00,3.438616666666667,3.461,326.5683333333333,317.5046316666667
2021-04-23 08:00:00,3.4086833333333333,3.428,324.585,377.49064999999996
2021-04-23 09:00:00,3.347166666666667,3.36525,324.2966666666667,420.67953500000004
2021-04-23 10:00:00,3.2546000000000004,3.2710500000000002,324.6633333333333,455.92077666666665
2021-04-23 11:00:00,3.1578999999999997,3.1776,308.28499999999997,427.92190833333336
2021-04-23 12:00:00,3.0528833333333334,3.0806166666666663,282.79,385.92681166666665
2021-04-23 13:00:00,3.0136166666666666,3.0425,282.59666666666664,281.8330433333333
2021-04-23 14:00:00,2.9983999999999997,3.027066666666667,280.10499999999996,290.0978733333333
2021-04-23 15:00:00,2.9959,3.025516666666667,284.4183333333333,272.986105
2021-04-23 16:00:00,2.99765,3.0274833333333335,285.09833333333336,260.29071
2021-04-23 17:00:00,3.004766666666667,3.0332500000000002,283.1383333333333,259.21223333333336
2021-04-23 18:00:00,2.9994,3.028033333333333,283.28,313.74458
2021-04-23 19:00:00,2.97305,3.000783333333333,281.3,298.70426000000003
2021-04-23 20:00:00,2.9408833333333333,2.971416666666667,269.94,300.34564500000005
2021-04-23 21:00:00,2.8817166666666667,2.9123,268.255,388.89870666666667
2021-04-23 22:00:00,2.8297666666666665,2.8555333333333333,306.26,296.893175
2021-04-23 23:00:00,2.83085,2.8515500000000005,326.39166666666665,329.710515
2021-04-24 00:00:00,2.8275,2.8473333333333333,328.0316666666667,296.01567666666665
2021-04-24 01:00:00,2.8514666666666666,2.8724333333333334,326.7566666666667,246.66108833333334
2021-04-24 02:00:00,2.9228333333333336,2.9454,327.8283333333333,158.83463833333332
2021-04-24 03:00:00,3.0438,3.0683999999999996,329.36333333333334,130.02202666666668
2021-04-24 04:00:00,3.1715,3.19795,330.18,118.54136666666666
2021-04-24 05:00:00,3.30185,3.3285833333333334,331.6166666666667,154.45535999999998
2021-04-24 06:00:00,3.4039,3.4168499999999997,447.4066666666667,216.34189
2021-04-24 07:00:00,3.6396666666666664,3.612483333333333,541.98,251.27001333333334
2021-04-24 08:00:00,3.6656833333333334,3.6458,235.21833333333333,310.3647716666666
2021-04-24 09:00:00,3.6066166666666666,3.583566666666667,234.19166666666666,325.29516500000005
2021-04-24 10:00:00,3.5321333333333333,3.5059,234.5883333333333,332.49190999999996
2021-04-24 11:00:00,3.4430166666666664,3.4089666666666667,234.91,393.04282333333333
2021-04-24 12:00:00,3.3224666666666667,3.2862500000000003,235.23166666666665,368.34955833333333
2021-04-24 13:00:00,3.2462,3.22115,234.10833333333332,317.5869566666667
2021-04-24 14:00:00,3.1535333333333333,3.1166833333333335,234.04833333333332,398.32412166666666
2021-04-24 15:00:00,3.0391166666666667,3.000316666666667,235.64333333333335,389.8932266666667
2021-04-24 16:00:00,2.9183666666666666,2.874816666666667,235.65833333333333,404.08823
2021-04-24 17:00:00,2.81185,2.7755666666666667,234.16833333333335,351.4975783333333
2021-04-24 18:00:00,2.725983333333333,2.7025333333333337,320.255,361.199115
2021-04-24 19:00:00,2.722766666666667,2.721433333333333,381.38666666666666,311.31868833333334
2021-04-24 20:00:00,2.7778,2.784483333333333,380.495,253.91252833333334
2021-04-24 21:00:00,2.8249833333333334,2.8241,368.0933333333333,342.68222499999996
2021-04-24 22:00:00,2.8279,2.8259166666666666,353.62833333333333,296.14315999999997
2021-04-24 23:00:00,2.89105,2.8986500000000004,350.25333333333333,201.827775
2021-04-25 00:00:00,2.9732333333333334,2.9920833333333334,300.90833333333336,198.71961833333336
2021-04-25 01:00:00,3.0103666666666666,3.0431000000000004,257.6016666666667,169.30311833333332
2021-04-25 02:00:00,3.07195,3.1047833333333332,257.255,134.95962166666666
2021-04-25 03:00:00,3.148883333333333,3.1810166666666664,256.5883333333333,127.97299666666666
2021-04-25 04:00:00,3.23305,3.26615,257.02000000000004,119.61841333333334
2021-04-25 05:00:00,3.3156499999999998,3.349483333333333,258.455,137.099675
2021-04-25 06:00:00,3.427966666666667,3.4589166666666666,408.8883333333333,156.984885
2021-04-25 07:00:00,3.6809,3.6942,241.36749999999998,257.1422483333333
2021-04-25 08:00:00,3.5991500000000003,3.5993166666666667,204.585,364.14776333333333
2021-04-25 09:00:00,3.4644166666666667,3.5115,265.8283333333333,421.42718333333335
2021-04-25 10:00:00,3.3171166666666663,3.36925,263.78,453.98078999999996
2021-04-25 11:00:00,3.220566666666667,3.2671666666666668,263.36,376.96467
2021-04-25 12:00:00,3.1141833333333335,3.1621,262.67833333333334,404.5682933333334
2021-04-25 13:00:00,3.0221999999999998,3.0680833333333335,262.99666666666667,382.52982499999996
2021-04-25 14:00:00,2.939783333333333,2.9839333333333333,263.61333333333334,347.99010333333337
2021-04-25 15:00:00,2.897,2.9372,264.3516666666667,288.74143666666663
2021-04-25 16:00:00,2.866833333333333,2.9060833333333336,264.2266666666667,297.805765
2021-04-25 17:00:00,2.8312666666666666,2.86855,262.5366666666667,285.7315883333333
2021-04-25 18:00:00,2.8139166666666666,2.8505,263.06166666666667,289.38823833333333
2021-04-25 19:00:00,2.7565833333333334,2.7989166666666665,262.505,424.34146
2021-04-25 20:00:00,2.616233333333333,2.6626333333333334,266.65833333333336,404.1076933333333
2021-04-25 21:00:00,2.5533,2.5941833333333335,267.9116666666667,320.72390333333334
2021-04-25 22:00:00,2.4940166666666665,2.5374666666666665,268.65333333333336,360.97458
2021-04-25 23:00:00,2.4536000000000002,2.492916666666667,271.81666666666666,253.91671
2021-04-26 00:00:00,2.4978333333333333,2.5473666666666666,416.1183333333333,258.361155
2021-04-26 01:00:00,2.6321833333333333,2.6766,461.1766666666666,192.00480666666667
2021-04-26 02:00:00,2.8345,2.8770666666666664,482.8183333333333,122.87062166666666
2021-04-26 03:00:00,3.0711166666666667,3.11645,487.7916666666667,111.82281666666667
2021-04-26 04:00:00,3.3126,3.3598166666666667,491.005,112.348725
2021-04-26 05:00:00,3.555133333333333,3.6039666666666665,509.31666666666666,133.65021333333334
2021-04-26 06:00:00,3.7713833333333335,3.8259166666666666,507.72666666666663,214.37540833333333
2021-04-26 07:00:00,3.86555,3.8905666666666665,255.33333333333334,359.3251133333333
2021-04-26 08:00:00,3.7517833333333335,3.744966666666667,159.30666666666667,328.7535483333333
2021-04-26 09:00:00,3.6081,3.5940833333333333,160.02,393.05182333333335
2021-04-26 10:00:00,3.452116666666667,3.4376166666666665,159.38666666666668,381.90665666666666
2021-04-26 11:00:00,3.3102666666666667,3.3004166666666666,159.90333333333334,316.77509166666664
2021-04-26 12:00:00,3.2056166666666663,3.1980166666666667,159.54666666666665,315.16000833333334
2021-04-26 13:00:00,3.0696,3.0533333333333332,159.505,382.75001833333334
2021-04-26 14:00:00,2.9153666666666664,2.9001333333333337,158.7866666666667,347.73471666666666
2021-04-26 15:00:00,2.77335,2.77055,211.41,363.56192666666664
2021-04-26 16:00:00,2.7051166666666666,2.748483333333333,291.8,296.06548166666664
2021-04-26 17:00:00,2.6778166666666667,2.72135,287.2883333333333,314.3784833333333
2021-04-26 18:00:00,2.6701166666666665,2.7116,287.07166666666666,273.91085000000004
2021-04-26 19:00:00,2.6389333333333336,2.6854500000000003,285.9683333333333,345.98402
2021-04-26 20:00:00,2.5953,2.6392,285.39666666666665,337.62118666666663
2021-04-26 21:00:00,2.5478333333333336,2.59165,285.4216666666667,348.5111666666666
2021-04-26 22:00:00,2.5151666666666666,2.5566999999999998,285.4316666666667,269.3677333333333
2021-04-26 23:00:00,2.5575833333333335,2.5889333333333338,353.6566666666667,203.4610066666667
2021-04-27 00:00:00,2.697216666666667,2.7179166666666665,414.4266666666666,172.74406499999998
2021-04-27 01:00:00,2.841266666666667,2.8632,414.15,200.83170333333334
2021-04-27 02:00:00,2.97565,2.9985333333333335,413.09000000000003,186.0832
2021-04-27 03:00:00,3.1079,3.1323833333333337,283.37166666666667,135.96134833333335
2021-04-27 04:00:00,3.1602666666666663,3.1884333333333337,186.61499999999998,121.44479916666667
2021-04-27 05:00:00,3.1924166666666665,3.2209333333333334,182.97166666666666,134.64021833333334
2021-04-27 06:00:00,3.20385,3.2325166666666667,182.41,215.41144500000001
2021-04-27 07:00:00,3.109366666666667,3.1258333333333335,227.21,411.8404466666667
2021-04-27 08:00:00,3.0793166666666667,3.0863,557.0466666666667,402.7757333333333
2021-04-27 09:00:00,3.1945833333333336,3.2171499999999997,550.27,353.39083
2021-04-27 10:00:00,3.197,3.2741666666666664,316.8,379.30722
2021-04-27 11:00:00,3.1383,3.2215166666666666,318.68833333333333,359.5207516666667
2021-04-27 12:00:00,3.139733333333333,3.2096,318.56166666666667,271.5361016666667
2021-04-27 13:00:00,3.1666499999999997,3.2346999999999997,318.29833333333335,266.15932
2021-04-27 14:00:00,3.1968,3.263716666666667,320.44,258.33077166666664
2021-04-27 15:00:00,3.231266666666667,3.299783333333333,322.0416666666667,262.8274583333333
2021-04-27 16:00:00,3.24935,3.3194833333333333,310.8933333333333,271.0799016666667
2021-04-27 17:00:00,3.2382,3.3007,222.86333333333332,319.93802500000004
2021-04-27 18:00:00,3.1368666666666667,3.1942166666666667,190.88500000000002,345.18876166666666
2021-04-27 19:00:00,2.9926666666666666,3.05525,193.56833333333333,425.902575
2021-04-27 20:00:00,2.8596500000000002,2.916166666666667,192.13166666666666,338.1854783333334
2021-04-27 21:00:00,2.75615,2.812316666666667,192.86499999999998,344.72292333333337
2021-04-27 22:00:00,2.6621333333333337,2.7138666666666666,234.68833333333333,287.7765483333333
2021-04-27 23:00:00,2.6937,2.7338,394.725,261.311075
2021-04-28 00:00:00,2.7950999999999997,2.82905,408.71,205.57492
2021-04-28 01:00:00,2.9431833333333333,2.970683333333333,393.005,142.45618166666665
2021-04-28 02:00:00,3.1184166666666666,3.146783333333333,395.3233333333334,116.27116033333333
2021-04-28 03:00:00,3.2744166666666668,3.3046166666666665,394.34000000000003,166.87225500000002
2021-04-28 04:00:00,3.4200333333333335,3.45065,393.42833333333334,166.95986166666668
2021-04-28 05:00:00,3.5583666666666667,3.5906499999999997,394.15,192.44871999999998
2021-04-28 06:00:00,3.6708,3.704516666666667,393.5733333333334,225.89496666666668
2021-04-28 07:00:00,3.7265,3.76125,390.1816666666667,344.4898033333333
2021-04-28 08:00:00,3.7229,3.747966666666667,297.48833333333334,325.18746333333337
2021-04-28 09:00:00,3.675616666666667,3.6826999999999996,217.52333333333334,372.53581833333334
2021-04-28 10:00:00,3.5592166666666665,3.5606,217.77333333333334,359.75798833333334
2021-04-28 11:00:00,3.4434,3.4417,217.29,397.70975
2021-04-28 12:00:00,3.32945,3.3301833333333333,217.43333333333334,319.3079783333333
2021-04-28 13:00:00,3.2740666666666667,3.28065,218.21,262.37761333333333
2021-04-28 14:00:00,3.2411000000000003,3.2487333333333335,218.34333333333333,276.63976833333334
2021-04-28 15:00:00,3.1857666666666664,3.19145,220.08166666666665,270.2503766666667
2021-04-28 16:00:00,3.1381,3.1421833333333336,221.04833333333332,298.26428833333335
2021-04-28 17:00:00,3.0822333333333334,3.0855333333333332,222.515,285.44467999999995
2021-04-28 18:00:00,3.0242166666666668,3.0261666666666667,220.93666666666667,324.3705983333333
2021-04-28 19:00:00,2.9273000000000002,2.9247333333333336,221.52333333333334,347.6723216666667
2021-04-28 20:00:00,2.8441833333333335,2.8438,222.585,334.44073166666664
2021-04-28 21:00:00,2.745983333333333,2.7405833333333334,223.47333333333333,374.53562500000004
2021-04-28 22:00:00,2.6542499999999998,2.657983333333333,272.8383333333333,317.965365
2021-04-28 23:00:00,2.652533333333333,2.68535,366.45166666666665,278.7346416666667
2021-04-29 00:00:00,2.7204833333333336,2.750716666666667,365.9066666666667,229.99641666666668
2021-04-29 01:00:00,2.8282000000000003,2.8564,368.87833333333333,152.07941666666665
2021-04-29 02:00:00,2.9686166666666667,2.9974833333333333,366.9116666666667,137.14225666666667
2021-04-29 03:00:00,3.1213833333333336,3.1500166666666667,366.8833333333333,115.40339333333333
2021-04-29 04:00:00,3.27765,3.309166666666667,367.32166666666666,120.84024166666667
2021-04-29 05:00:00,3.4325833333333335,3.4650000000000003,368.51500000000004,137.99554666666666
2021-04-29 06:00:00,3.5468166666666665,3.5819666666666667,367.5083333333333,229.15740833333334
2021-04-29 07:00:00,3.60855,3.645566666666667,368.32166666666666,299.29629833333337
2021-04-29 08:00:00,3.617833333333333,3.65555,370.695,382.75308666666666
2021-04-29 09:00:00,3.581033333333333,3.6182166666666666,365.64000000000004,372.7213866666667
2021-04-29 10:00:00,3.5782666666666665,3.6055,304.0,334.3766616666666
2021-04-29 11:00:00,3.50085,3.5015666666666667,231.58166666666665,408.6531966666667
2021-04-29 12:00:00,3.394633333333333,3.4008166666666666,231.90666666666667,325.28074833333335
2021-04-29 13:00:00,3.318566666666667,3.3240833333333333,232.39833333333334,323.9479283333333
2021-04-29 14:00:00,3.2657499999999997,3.2738666666666663,232.56833333333333,287.5816716666667
2021-04-29 15:00:00,3.2277833333333334,3.2367,232.85666666666665,270.10441333333335
2021-04-29 16:00:00,3.1724,3.1774,231.08166666666665,334.5771083333333
2021-04-29 17:00:00,3.089716666666667,3.091916666666667,232.03166666666667,341.28945500000003
2021-04-29 18:00:00,3.0052166666666666,3.0067,231.37166666666664,341.6351133333334
2021-04-29 19:00:00,2.9388833333333335,2.94325,230.845,296.5308333333333
2021-04-29 20:00:00,2.8783499999999997,2.88135,223.12333333333333,339.7862333333333
2021-04-29 21:00:00,2.7748666666666666,2.7742833333333334,223.9,347.8839016666667
2021-04-29 22:00:00,2.7014333333333336,2.73865,288.7,312.52579
2021-04-29 23:00:00,2.6663833333333335,2.7272499999999997,308.88,300.743025
2021-04-30 00:00:00,2.7121500000000003,2.761483333333333,311.025,183.637365
2021-04-30 01:00:00,2.769633333333333,2.8239500000000004,311.5316666666667,246.1053216666667
2021-04-30 02:00:00,2.8407,2.88525,311.82166666666666,145.09483
2021-04-30 03:00:00,2.9558666666666666,2.999,312.3333333333333,113.372055
2021-04-30 04:00:00,3.0799166666666666,3.1225333333333336,311.815,120.87544833333332
2021-04-30 05:00:00,3.1942666666666666,3.2395,312.3366666666667,139.93995
2021-04-30 06:00:00,3.2837,3.3344333333333336,310.37,197.19347166666665
2021-04-30 07:00:00,3.3143333333333334,3.3754166666666667,309.9066666666667,308.44284
2021-04-30 08:00:00,3.2456833333333335,3.3183166666666666,311.30333333333334,426.6751783333333
2021-04-30 09:00:00,3.2001166666666667,3.263733333333333,312.56,313.8660966666667
2021-04-30 10:00:00,3.1806166666666664,3.2438833333333337,310.1433333333333,331.0761
2021-04-30 11:00:00,3.1523666666666665,3.2150333333333334,308.92,346.59764333333334
2021-04-30 12:00:00,3.1128666666666667,3.1752333333333334,308.89166666666665,320.26474666666667
2021-04-30 13:00:00,3.1248833333333335,3.1799833333333334,308.4533333333333,265.819295
2021-04-30 14:00:00,3.1348,3.1919833333333334,308.04833333333335,290.4534216666667
2021-04-30 15:00:00,3.127816666666667,3.1875833333333334,311.18666666666667,322.63141833333333
2021-04-30 16:00:00,3.0945166666666664,3.1587166666666664,310.1633333333333,353.39998166666663
2021-04-30 17:00:00,3.037716666666667,3.1033666666666666,310.325,376.6505333333333
2021-04-30 18:00:00,3.0002333333333335,3.0609666666666664,309.27000000000004,331.97801499999997
2021-04-30 19:00:00,2.98175,3.0412666666666666,309.23333333333335,326.9851066666667
2021-04-30 20:00:00,2.9434666666666667,3.007366666666667,309.90333333333336,363.755945
2021-04-30 21:00:00,2.905866666666667,2.969066666666667,309.19,340.341
2021-04-30 22:00:00,2.9028,2.958883333333333,307.35333333333335,258.24957
2021-04-30 23:00:00,2.9236333333333335,2.979833333333333,307.2066666666667,301.29813
2021-05-01 00:00:00,2.9342166666666665,2.9840166666666668,307.27833333333336,210.57506166666664
2021-05-01 01:00:00,3.039216666666667,3.0776,366.69,162.31537333333333
2021-05-01 02:00:00,3.1703333333333332,3.2088166666666664,370.1333333333333,154.62174000000002
2021-05-01 03:00:00,3.3161833333333335,3.3551166666666665,369.00166666666667,136.59599333333333
2021-05-01 04:00:00,3.4562666666666666,3.4967333333333332,368.60833333333335,150.56274833333333
2021-05-01 05:00:00,3.5921499999999997,3.6348333333333334,370.93833333333333,159.97313333333335
2021-05-01 06:00:00,3.72255,3.7666,372.89000000000004,170.98448666666667
2021-05-01 07:00:00,3.8051666666666666,3.8438833333333333,261.795,268.12415
2021-05-01 08:00:00,3.7273833333333335,3.7582666666666666,220.17166666666665,397.69694
2021-05-01 09:00:00,3.584366666666667,3.6134166666666667,218.32666666666668,393.1106066666667
2021-05-01 10:00:00,3.4806666666666666,3.5106333333333333,217.715,329.5583766666667
2021-05-01 11:00:00,3.3917333333333333,3.4202166666666667,225.02,388.746045
2021-05-01 12:00:00,3.28035,3.283583333333333,313.75166666666667,422.73976166666665
2021-05-01 13:00:00,3.2392,3.2464833333333334,315.4683333333333,321.9406933333333
2021-05-01 14:00:00,3.22585,3.23205,315.55333333333334,310.55191833333333
2021-05-01 15:00:00,3.2162333333333333,3.2245166666666667,316.81333333333333,319.25537333333335
2021-05-01 16:00:00,3.2161,3.2269833333333335,316.3,283.46163333333334
2021-05-01 17:00:00,3.2242333333333333,3.2348833333333338,315.4166666666667,280.58341
2021-05-01 18:00:00,3.2375666666666665,3.2500166666666668,315.05333333333334,284.6860883333333
2021-05-01 19:00:00,3.226,3.2319833333333334,316.44666666666666,379.842095
2021-05-01 20:00:00,3.18015,3.1862833333333334,316.17333333333335,325.831575
2021-05-01 21:00:00,3.17425,3.184683333333333,316.4533333333333,273.7936516666667
2021-05-01 22:00:00,3.1789,3.1860500000000003,315.8683333333333,343.4891366666667
2021-05-01 23:00:00,3.1441166666666667,3.1530666666666667,300.5366666666667,299.4554416666667
2021-05-02 00:00:00,3.1595500000000003,3.17515,296.4066666666667,249.00431666666665
2021-05-02 01:00:00,3.1786000000000003,3.1962166666666665,293.72666666666663,229.55255666666665
2021-05-02 02:00:00,3.23075,3.2521833333333334,294.7183333333333,173.91445000000002
2021-05-02 03:00:00,3.3223333333333334,3.345833333333333,296.48499999999996,129.266315
2021-05-02 04:00:00,3.4267499999999997,3.4512833333333335,297.47,130.28442666666666
2021-05-02 05:00:00,3.5295,3.553833333333333,298.3383333333333,137.73885166666665
2021-05-02 06:00:00,3.6174666666666666,3.6413,294.48499999999996,184.52858333333333
2021-05-02 07:00:00,3.6871333333333336,3.7251166666666666,422.57,234.13663333333335
2021-05-02 08:00:00,3.8063999999999996,3.8504333333333336,438.5466666666667,269.018205
2021-05-02 09:00:00,3.875783333333333,3.92415,388.32166666666666,323.99544833333334
2021-05-02 10:00:00,3.8319666666666667,3.8922166666666667,229.12666666666667,325.3007766666667
2021-05-02 11:00:00,3.737016666666667,3.801016666666667,229.34,407.64351999999997
2021-05-02 12:00:00,3.619866666666667,3.68115,229.89166666666668,347.34866666666665
2021-05-02 13:00:00,3.503133333333333,3.5683833333333337,230.23166666666665,425.42443166666664
2021-05-02 14:00:00,3.3674000000000004,3.4301833333333334,229.15333333333334,382.94107499999996
2021-05-02 15:00:00,3.285433333333333,3.3418,230.66666666666666,305.5565016666667
2021-05-02 16:00:00,3.208683333333333,3.2677166666666664,254.64166666666668,360.78763
2021-05-02 17:00:00,3.1561999999999997,3.2302666666666666,360.87333333333333,361.72227166666664
2021-05-02 18:00:00,3.1426666666666665,3.2148,357.7583333333333,338.0610566666667
2021-05-02 19:00:00,3.1701333333333332,3.23235,309.1666666666667,282.87894500000004
2021-05-02 20:00:00,3.1079166666666667,3.159483333333333,208.80833333333334,385.85959166666663
2021-05-02 21:00:00,2.9553000000000003,3.0074666666666667,213.19833333333332,432.721095
2021-05-02 22:00:00,2.8406000000000002,2.886016666666667,233.165,297.1466433333334
2021-05-02 23:00:00,2.8318,2.895183333333333,325.75166666666667,261.9146733333333
2021-05-03 00:00:00,2.88245,2.941933333333333,321.775,212.52127833333333
2021-05-03 01:00:00,2.9547000000000003,3.0134833333333333,323.2816666666667,169.99599833333335
2021-05-03 02:00:00,3.0656499999999998,3.1241666666666665,323.505,138.02865166666666
2021-05-03 03:00:00,3.1861166666666665,3.2432166666666666,324.07,124.48737666666666
2021-05-03 04:00:00,3.312116666666667,3.3706666666666667,326.59000000000003,125.13208666666667
2021-05-03 05:00:00,3.4282166666666667,3.4894166666666666,327.1383333333333,170.10462
2021-05-03 06:00:00,3.4994,3.5663833333333335,322.815,243.50980666666666
2021-05-03 07:00:00,3.4785166666666667,3.56445,321.5416666666667,407.35743833333333
2021-05-03 08:00:00,3.3665000000000003,3.4633333333333334,320.2316666666667,456.74726333333336
2021-05-03 09:00:00,3.3124499999999997,3.3941333333333334,317.5133333333333,345.9855283333333
2021-05-03 10:00:00,3.27635,3.357066666666667,317.1616666666667,365.6983183333333
2021-05-03 11:00:00,3.2235,3.306366666666667,317.385,390.122655
2021-05-03 12:00:00,3.1424499999999997,3.2302000000000004,318.15333333333336,422.2857266666667
2021-05-03 13:00:00,3.0965333333333334,3.1729166666666666,318.12666666666667,326.6790466666667
2021-05-03 14:00:00,3.109383333333333,3.1767666666666665,318.03,272.33067
2021-05-03 15:00:00,3.127733333333333,3.1943833333333336,317.92,264.337615
2021-05-03 16:00:00,3.1415833333333336,3.187183333333333,190.07333333333332,251.25973166666665
2021-05-03 17:00:00,3.0402666666666667,3.0734833333333333,131.51000000000002,330.0572066666667
2021-05-03 18:00:00,2.94525,2.997266666666667,271.7583333333333,280.1558166666666
2021-05-03 19:00:00,2.9257,2.9904333333333337,291.4633333333333,320.92429333333337
2021-05-03 20:00:00,2.9089666666666667,2.96895,292.59833333333336,265.84925
2021-05-03 21:00:00,2.8951,2.9634500000000004,293.71,367.472525
2021-05-03 22:00:00,2.8229333333333333,2.8922499999999998,323.4816666666667,364.41875
2021-05-03 23:00:00,2.8513333333333337,2.896533333333333,383.53499999999997,267.5934516666667
2021-05-04 00:00:00,2.9474666666666667,2.988316666666667,383.7566666666667,193.61605333333333
2021-05-04 01:00:00,3.071566666666667,3.1119666666666665,382.6333333333333,184.56992666666667
2021-05-04 02:00:00,3.1991333333333336,3.2385666666666664,379.415,158.59953333333334
2021-05-04 03:00:00,3.347183333333333,3.3863333333333334,379.435,136.32824
2021-05-04 04:00:00,3.4995666666666665,3.5400666666666667,361.5933333333333,130.63409
2021-05-04 05:00:00,3.620983333333333,3.666033333333333,341.29833333333335,184.04926166666667
2021-05-04 06:00:00,3.7174666666666667,3.7638333333333334,339.06166666666667,179.55462500000002
2021-05-04 07:00:00,3.7542833333333334,3.8101333333333334,336.685,355.2583416666667
2021-05-04 08:00:00,3.7149333333333336,3.78315,377.295,382.92129833333337
2021-05-04 09:00:00,3.715033333333333,3.783166666666667,351.43666666666667,347.48394833333333
2021-05-04 10:00:00,3.68335,3.7625333333333333,322.9116666666667,351.9119633333333
2021-05-04 11:00:00,3.6433999999999997,3.7237666666666667,320.93,350.7326266666667
2021-05-04 12:00:00,3.6424333333333334,3.7133666666666665,321.60166666666663,294.6512166666667
2021-05-04 13:00:00,3.6419,3.7148166666666667,322.7933333333333,297.1711016666667
2021-05-04 14:00:00,3.6516666666666664,3.7248500000000004,323.14000000000004,327.22549499999997
2021-05-04 15:00:00,3.6188833333333337,3.6814999999999998,231.78,310.58180999999996
2021-05-04 16:00:00,3.544566666666667,3.58265,146.435,279.55986
2021-05-04 17:00:00,3.431033333333333,3.4701,144.735,331.2325216666667
2021-05-04 18:00:00,3.28485,3.3224666666666667,144.43166666666667,374.5600283333333
2021-05-04 19:00:00,3.1048833333333334,3.14325,144.17833333333334,393.45916833333337
2021-05-04 20:00:00,2.9536000000000002,2.9895333333333336,143.87166666666664,336.05681666666663
2021-05-04 21:00:00,2.8436166666666667,2.878016666666667,143.65166666666667,246.75352833333332
2021-05-04 22:00:00,2.77935,2.8077833333333335,191.86333333333332,265.884705
2021-05-04 23:00:00,2.7581333333333333,2.7593,308.165,304.34926333333334
2021-05-05 00:00:00,2.7915833333333335,2.801733333333333,310.4,176.88477166666664
2021-05-05 01:00:00,2.878216666666667,2.891833333333333,309.825,158.36542666666668
2021-05-05 02:00:00,2.9736333333333334,2.9871833333333333,311.0833333333333,154.65334666666666
2021-05-05 03:00:00,3.0779333333333336,3.093933333333333,310.89666666666665,123.89992166666666
2021-05-05 04:00:00,3.2013833333333332,3.21985,332.77333333333337,111.75751999999999
2021-05-05 05:00:00,3.3670666666666667,3.3971,424.85166666666663,123.08654166666666
2021-05-05 06:00:00,3.5489333333333333,3.5798666666666668,394.0,154.99157666666667
2021-05-05 07:00:00,3.634866666666667,3.66035,260.31166666666667,220.49483
2021-05-05 08:00:00,3.622866666666667,3.645383333333333,258.98833333333334,282.7813233333334
2021-05-05 09:00:00,3.5855166666666665,3.6063833333333335,258.0,347.08562166666667
2021-05-05 10:00:00,3.472383333333333,3.4885499999999996,257.0566666666667,450.17991333333333
2021-05-05 11:00:00,3.3417000000000003,3.3571999999999997,255.93666666666667,418.5170083333333
2021-05-05 12:00:00,3.2276666666666665,3.2425166666666665,255.61,388.93774
2021-05-05 13:00:00,3.135,3.1435666666666666,294.24833333333333,406.7894
2021-05-05 14:00:00,3.072966666666667,3.0711500000000003,293.9216666666667,350.16011999999995
2021-05-05 15:00:00,3.02955,3.0303999999999998,292.44666666666666,316.60555666666664
2021-05-05 16:00:00,3.015333333333333,3.0199166666666666,291.17,267.308415
2021-05-05 17:00:00,3.0287,3.032366666666667,291.7866666666667,283.84570333333335
2021-05-05 18:00:00,2.9946166666666665,2.9940333333333333,292.2066666666667,332.8638283333333
2021-05-05 19:00:00,2.9770166666666666,2.982266666666667,290.79,280.74196
2021-05-05 20:00:00,2.9674,2.9729,290.4616666666667,318.7055883333333
2021-05-05 21:00:00,2.914616666666667,2.916616666666667,306.79833333333335,403.198795
2021-05-05 22:00:00,2.853833333333333,2.8558166666666667,327.38666666666666,332.676855
2021-05-05 23:00:00,2.877533333333333,2.885683333333333,335.805,237.01303000000001
2021-05-06 00:00:00,2.945333333333333,2.9559333333333333,338.5416666666667,205.21131333333332
2021-05-06 01:00:00,3.0309666666666666,3.0448833333333334,339.1666666666667,182.49661
2021-05-06 02:00:00,3.134583333333333,3.1498666666666666,339.35,147.56395833333332
2021-05-06 03:00:00,3.26995,3.2894666666666668,339.5783333333333,109.95906
2021-05-06 04:00:00,3.4138499999999996,3.4334,339.08,125.42336333333333
2021-05-06 05:00:00,3.541333333333333,3.56135,337.9683333333333,140.05859833333335
2021-05-06 06:00:00,3.6516499999999996,3.669166666666667,339.03,192.89242833333336
2021-05-06 07:00:00,3.70415,3.7195833333333335,305.025,312.39996333333335
2021-05-06 08:00:00,3.63035,3.6458,276.4816666666667,410.1344066666667
2021-05-06 09:00:00,3.5332500000000002,3.5479,276.47166666666664,379.99452
2021-05-06 10:00:00,3.4725333333333332,3.489316666666667,277.3933333333333,322.4437933333333
2021-05-06 11:00:00,3.4433000000000002,3.45975,277.955,310.96192666666667
2021-05-06 12:00:00,3.37285,3.385566666666667,277.35,434.97594000000004
2021-05-06 13:00:00,3.2677,3.2794833333333333,280.12166666666667,369.47515833333335
2021-05-06 14:00:00,3.1834166666666666,3.1955999999999998,281.68333333333334,388.16374833333333
2021-05-06 15:00:00,3.110642857142857,3.1139761904761905,153.89761904761903,173.40432857142858
2021-05-06 16:00:00,3.0828833333333336,3.09445,257.7316666666667,301.5921816666667
2021-05-06 17:00:00,3.04345,3.0570833333333334,280.555,327.46618333333333
2021-05-06 18:00:00,2.9858833333333332,2.9985166666666667,279.935,361.17636166666665
2021-05-06 19:00:00,2.943491525423729,2.9558305084745764,269.1915254237288,312.2384847457627
2021-05-06 20:00:00,2.871766666666667,2.8820333333333332,280.28499999999997,387.603415
2021-05-06 21:00:00,2.8129333333333335,2.8261333333333334,280.05333333333334,306.16491833333333
2021-05-06 22:00:00,2.7930833333333336,2.8080166666666666,280.51500000000004,296.05321333333336
2021-05-06 23:00:00,2.769766666666667,2.7853166666666667,280.1616666666667,283.093925
2021-05-07 00:00:00,2.7973500000000002,2.818233333333333,281.43666666666667,155.25579166666665
2021-05-07 01:00:00,2.8990500000000003,2.9213666666666667,284.2583333333333,97.40961683333333
2021-05-07 02:00:00,3.0202,3.0447333333333333,285.135,87.52923233333333
2021-05-07 03:00:00,3.1459333333333332,3.1706,285.84666666666664,105.0203805
2021-05-07 04:00:00,3.234666666666667,3.258766666666667,284.3366666666667,171.44115833333333
2021-05-07 05:00:00,3.306033333333333,3.3296833333333336,284.0133333333333,180.79885333333334
2021-05-07 06:00:00,3.3451833333333334,3.363183333333333,335.59666666666664,236.647575
2021-05-07 07:00:00,3.5000833333333334,3.4703833333333334,563.9333333333333,280.7310033333333
2021-05-07 08:00:00,3.672766666666667,3.6428833333333333,558.5949999999999,278.6589333333333
2021-05-07 09:00:00,3.7920166666666666,3.7732666666666663,402.01,350.67725666666666
2021-05-07 10:00:00,3.7129,3.7443666666666666,223.17166666666665,300.42341500000003
2021-05-07 11:00:00,3.6626166666666666,3.6888666666666667,180.61833333333334,259.90618
2021-05-07 12:00:00,3.609166666666667,3.6340333333333334,180.7866666666667,243.63266000000002
2021-05-07 13:00:00,3.5533333333333332,3.5776499999999998,180.80166666666668,264.1453466666666
2021-05-07 14:00:00,3.4944333333333333,3.51825,181.27,239.333435
2021-05-07 15:00:00,3.443,3.4660333333333333,181.04666666666665,261.45437
2021-05-07 16:00:00,3.3807833333333335,3.4031499999999997,181.01833333333335,268.3246516666667
2021-05-07 17:00:00,3.32465,3.3474333333333335,181.07166666666666,237.61806333333334
2021-05-07 18:00:00,3.2595666666666667,3.280933333333333,181.05,317.878565
2021-05-07 19:00:00,3.115483333333333,3.1315166666666667,183.265,451.6246566666667
2021-05-07 20:00:00,2.933266666666667,2.94965,183.42000000000002,394.3270383333333
2021-05-07 21:00:00,2.7830500000000002,2.7990333333333335,182.64833333333334,393.2794366666667
2021-05-07 22:00:00,2.65865,2.6851,255.65666666666667,344.80152166666664
2021-05-07 23:00:00,2.62755,2.6639666666666666,346.31666666666666,286.76608833333336
2021-05-08 00:00:00,2.704266666666667,2.7190166666666666,397.415,241.46615666666668
2021-05-08 01:00:00,2.8267666666666664,2.848383333333333,401.3283333333333,158.73377666666664
2021-05-08 02:00:00,2.9855333333333336,3.0084333333333335,401.02000000000004,138.57657833333332
2021-05-08 03:00:00,3.1557166666666663,3.1790666666666665,401.1933333333333,128.14731166666667
2021-05-08 04:00:00,3.3276666666666666,3.3532,400.97,132.38201
2021-05-08 05:00:00,3.4907833333333333,3.51715,400.4433333333333,155.24826833333333
2021-05-08 06:00:00,3.6356666666666664,3.6619,390.58,177.25004666666666
2021-05-08 07:00:00,3.725416666666667,3.7301833333333336,272.085,236.10811833333335
2021-05-08 08:00:00,3.710166666666667,3.70255,271.7133333333333,302.7940633333334
2021-05-08 09:00:00,3.6860166666666667,3.6790000000000003,270.7366666666667,316.8608266666667
2021-05-08 10:00:00,3.6176166666666663,3.5981333333333336,269.03000000000003,396.5767366666667
2021-05-08 11:00:00,3.518466666666667,3.4991333333333334,267.71,374.58074000000005
2021-05-08 12:00:00,3.4579666666666666,3.4471,267.68333333333334,318.93908999999996
2021-05-08 13:00:00,3.41715,3.4065,268.61,308.0635283333333
2021-05-08 14:00:00,3.368866666666667,3.35215,268.84166666666664,350.9329716666667
2021-05-08 15:00:00,3.3096,3.2944166666666663,268.94666666666666,342.86099
2021-05-08 16:00:00,3.2331999999999996,3.2109666666666663,269.00333333333333,383.49971166666666
2021-05-08 17:00:00,3.15715,3.1398,268.45166666666665,322.5504266666667
2021-05-08 18:00:00,3.1151666666666666,3.099816666666667,268.5833333333333,338.93695
2021-05-08 19:00:00,3.05525,3.04075,267.06666666666666,285.790705
2021-05-08 20:00:00,3.0462166666666666,3.0379833333333335,267.40333333333336,273.29126333333335
2021-05-08 21:00:00,3.0187999999999997,3.0055166666666664,267.81333333333333,314.73495333333335
2021-05-08 22:00:00,2.9626499999999996,2.9446333333333334,269.7883333333333,344.982515
2021-05-08 23:00:00,2.947083333333333,2.9456166666666665,279.8666666666667,205.45013166666666
2021-05-09 00:00:00,3.0021,3.00515,286.7966666666667,171.071105
2021-05-09 01:00:00,3.0790833333333336,3.0858166666666667,281.9433333333333,143.37886666666665
2021-05-09 02:00:00,3.1681166666666667,3.1772666666666667,282.02000000000004,130.63839166666668
2021-05-09 03:00:00,3.2643,3.2740333333333336,283.53,125.34243166666667
2021-05-09 04:00:00,3.3632,3.373683333333333,281.7566666666667,132.052665
2021-05-09 05:00:00,3.4516,3.4625833333333333,279.78499999999997,145.57286833333333
2021-05-09 06:00:00,3.5495500000000004,3.590116666666667,469.5014393939394,180.03327166666668
2021-05-09 07:00:00,3.8082833333333337,3.896333333333333,370.1960606060606,264.58806500000003
2021-05-09 08:00:00,3.8023833333333332,3.8637666666666663,267.375,320.287955
2021-05-09 09:00:00,3.7601500000000003,3.7908833333333334,275.575,360.60074333333336
2021-05-09 10:00:00,3.6949666666666667,3.7379333333333333,277.2583333333333,352.69457500000004
2021-05-09 11:00:00,3.63145,3.676016666666667,278.2316666666667,340.6226533333333
2021-05-09 12:00:00,3.5441999999999996,3.591333333333333,275.915,445.3447183333334
2021-05-09 13:00:00,3.4263333333333335,3.4703500000000003,274.745,399.0504166666667
2021-05-09 14:00:00,3.33375,3.3764833333333333,275.6716666666667,360.82227
2021-05-09 15:00:00,3.3054,3.3453500000000003,276.1,283.46982833333334
2021-05-09 16:00:00,3.29135,3.3303000000000003,275.53,260.63401833333336
2021-05-09 17:00:00,3.2787333333333333,3.318566666666667,271.33166666666665,333.7209166666667
2021-05-09 18:00:00,3.2209,3.2613666666666665,272.85,304.9990433333333
2021-05-09 19:00:00,3.2067666666666668,3.24595,272.8616666666667,277.517435
2021-05-09 20:00:00,3.159183333333333,3.2008,273.81166666666667,385.7570533333334
2021-05-09 21:00:00,3.07085,3.1132833333333334,273.505,380.9532983333333
2021-05-09 22:00:00,3.0069999999999997,3.0476666666666667,273.0266666666667,314.6361783333333
2021-05-09 23:00:00,2.960066666666667,3.0009666666666663,272.1433333333333,326.85688166666665
2021-05-10 00:00:00,2.95385,2.99165,272.565,216.05987833333333
2021-05-10 01:00:00,3.0016666666666665,3.0361833333333332,274.0933333333333,157.21509333333333
2021-05-10 02:00:00,3.0895,3.1228,274.38,124.00289166666667
2021-05-10 03:00:00,3.184366666666667,3.2188666666666665,274.40166666666664,121.537965
2021-05-10 04:00:00,3.2800333333333334,3.3147499999999996,273.28499999999997,118.59360666666666
2021-05-10 05:00:00,3.3679666666666668,3.4048166666666666,274.62833333333333,144.778755
2021-05-10 06:00:00,3.4296333333333333,3.46995,276.10499999999996,212.24766833333334
2021-05-10 07:00:00,3.4389,3.4681833333333336,355.53499999999997,363.06276499999996
2021-05-10 08:00:00,3.3996500000000003,3.4403333333333332,327.9816666666667,380.1137233333333
2021-05-10 09:00:00,3.348066666666667,3.414733333333333,312.70166666666665,330.194275
2021-05-10 10:00:00,3.334366666666667,3.3990500000000003,312.9166666666667,320.7733833333333
2021-05-10 11:00:00,3.3043666666666667,3.3732333333333333,312.85833333333335,352.18397833333336
2021-05-10 12:00:00,3.2699333333333334,3.33705,315.0466666666667,322.520155
2021-05-10 13:00:00,3.2790666666666666,3.341016666666667,316.79833333333335,267.1699116666667
2021-05-10 14:00:00,3.280466666666667,3.347983333333333,317.305,346.6131133333334
2021-05-10 15:00:00,3.2636499999999997,3.326716666666667,312.06,274.90562166666666
2021-05-10 16:00:00,3.287,3.3474333333333335,314.455,273.79943166666664
2021-05-10 17:00:00,3.2697833333333337,3.3371166666666667,314.6433333333333,343.5578816666667
2021-05-10 18:00:00,3.248483333333333,3.3152666666666666,318.1116666666667,320.547285
2021-05-10 19:00:00,3.2513833333333335,3.3127666666666666,313.1666666666667,285.41173499999996
2021-05-10 20:00:00,3.2045833333333333,3.2542666666666666,212.995,356.748
2021-05-10 21:00:00,3.132433333333333,3.1732333333333336,208.12,257.231405
2021-05-10 22:00:00,3.1164666666666667,3.1507333333333336,254.73666666666668,219.43992333333333
2021-05-10 23:00:00,3.1626666666666665,3.1868,311.51,229.9437616666667
2021-05-11 00:00:00,3.216833333333333,3.24145,310.65833333333336,189.58598500000002
2021-05-11 01:00:00,3.3069833333333336,3.3340666666666667,311.595,136.03505666666666
2021-05-11 02:00:00,3.4130166666666666,3.43945,315.59000000000003,168.15426666666664
2021-05-11 03:00:00,3.4894333333333334,3.5156666666666667,317.64500000000004,204.89870166666665
2021-05-11 04:00:00,3.5589333333333335,3.5856333333333335,318.7366666666667,187.76323666666667
2021-05-11 05:00:00,3.6466166666666666,3.6750499999999997,316.5366666666667,150.65085833333333
2021-05-11 06:00:00,3.74415,3.772883333333333,316.22,205.38054
2021-05-11 07:00:00,3.7583333333333333,3.783783333333333,303.115,355.0149166666667
2021-05-11 08:00:00,3.6855333333333333,3.7137499999999997,296.0083333333333,359.5135816666667
2021-05-11 09:00:00,3.65215,3.6822666666666666,295.2566666666667,307.46745666666664
2021-05-11 10:00:00,3.6351333333333335,3.666516666666667,295.2183333333333,299.82793000000004
2021-05-11 11:00:00,3.6224166666666666,3.6529666666666665,281.96666666666664,284.60409
2021-05-11 12:00:00,3.5972500000000003,3.6320166666666664,260.975,312.9616066666667
2021-05-11 13:00:00,3.55035,3.585733333333333,260.3883333333333,304.4842
2021-05-11 14:00:00,3.5107666666666666,3.5452999999999997,261.3883333333333,283.76623
2021-05-11 15:00:00,3.4998666666666667,3.53445,262.50666666666666,259.09562166666666
2021-05-11 16:00:00,3.504,3.538883333333333,260.32,227.95819666666665
2021-05-11 17:00:00,3.51175,3.5459666666666667,260.745,277.9412966666667
2021-05-11 18:00:00,3.4817166666666663,3.516366666666667,260.59,267.4010533333333
2021-05-11 19:00:00,3.4560666666666666,3.4897833333333335,258.6333333333333,350.5426033333333
2021-05-11 20:00:00,3.32985,3.363383333333333,261.7133333333333,448.422815
2021-05-11 21:00:00,3.2220999999999997,3.254016666666667,263.4733333333333,391.46367333333336
2021-05-11 22:00:00,3.1369833333333332,3.1692166666666663,261.35333333333335,343.2506916666667
2021-05-11 23:00:00,3.0839166666666666,3.113916666666667,267.0383333333333,307.48689666666667
2021-05-12 00:00:00,3.0659833333333335,3.0959833333333338,267.775,265.89726333333334
2021-05-12 01:00:00,3.0856500000000002,3.1156,269.7633333333333,185.22444666666667
2021-05-12 02:00:00,3.158,3.1874,269.81333333333333,128.09385833333334
2021-05-12 03:00:00,3.2502333333333335,3.28085,269.29333333333335,120.78996833333333
2021-05-12 04:00:00,3.3437333333333332,3.3751499999999997,268.4583333333333,127.78126166666667
2021-05-12 05:00:00,3.4291666666666667,3.46095,268.98333333333335,144.76946833333335
2021-05-12 06:00:00,3.48345,3.516833333333333,266.47999999999996,214.963475
2021-05-12 07:00:00,3.47995,3.5128,266.1983333333333,346.1168933333333
2021-05-12 08:00:00,3.43175,3.4494,356.97833333333335,326.15197
2021-05-12 09:00:00,3.466716666666667,3.4762833333333334,376.665,335.07445333333334
2021-05-12 10:00:00,3.4816000000000003,3.4905166666666667,382.29,320.61729
2021-05-12 11:00:00,3.5192666666666668,3.53025,382.125,323.0814983333333
2021-05-12 12:00:00,3.5461666666666667,3.5573166666666665,380.98499999999996,289.73600833333336
2021-05-12 13:00:00,3.5799499999999997,3.58965,371.0066666666667,331.97647666666666
2021-05-12 14:00:00,3.579216666666667,3.6027833333333334,310.2116666666667,306.99960999999996
2021-05-12 15:00:00,3.534466666666667,3.57175,227.32166666666666,306.68826333333334
2021-05-12 16:00:00,3.46385,3.5077333333333334,213.28166666666667,319.21680333333336
2021-05-12 17:00:00,3.3687666666666667,3.41315,212.42666666666668,323.790675
2021-05-12 18:00:00,3.296266666666667,3.338783333333333,206.39833333333334,293.8588183333333
2021-05-12 19:00:00,3.228266666666667,3.2726666666666664,203.63500000000002,321.5824283333333
2021-05-12 20:00:00,3.1225,3.1646666666666667,225.80666666666667,345.16556
2021-05-12 21:00:00,3.05495,3.0936000000000003,229.17166666666665,299.62944
2021-05-12 22:00:00,2.965233333333333,3.0008666666666666,252.38166666666666,420.34198833333335
2021-05-12 23:00:00,2.9031833333333332,2.9268666666666667,296.375,284.345615
2021-05-13 00:00:00,2.91805,2.94225,301.64500000000004,247.96041
2021-05-13 01:00:00,2.9621166666666667,2.985983333333333,303.5366666666667,199.31103
2021-05-13 02:00:00,3.031633333333333,3.0569833333333336,304.10333333333335,175.99657666666664
2021-05-13 03:00:00,3.1118,3.1373333333333333,303.39166666666665,167.142735
2021-05-13 04:00:00,3.198383333333333,3.2253833333333333,301.7116666666667,140.54925666666668
2021-05-13 05:00:00,3.3241333333333336,3.360666666666667,445.4066666666667,140.121195
2021-05-13 06:00:00,3.5561166666666666,3.6082833333333335,570.025,214.42602166666666
2021-05-13 07:00:00,3.6645666666666665,3.7307166666666665,344.02666666666664,341.04967666666664
2021-05-13 08:00:00,3.6126,3.679733333333333,269.1616666666667,329.64947
2021-05-13 09:00:00,3.5518666666666667,3.6191999999999998,258.75166666666667,373.01139
2021-05-13 10:00:00,3.4671499999999997,3.5321333333333333,259.7416666666667,339.7044383333333
2021-05-13 11:00:00,3.4042166666666662,3.469266666666667,259.85833333333335,344.026465
2021-05-13 12:00:00,3.348316666666667,3.4094333333333333,260.3933333333333,305.693485
2021-05-13 13:00:00,3.2885833333333334,3.3546166666666664,260.265,371.87867166666666
2021-05-13 14:00:00,3.1861666666666664,3.2565666666666666,260.0983333333333,412.28332500000005
2021-05-13 15:00:00,3.07865,3.1453333333333333,261.3066666666667,366.87150333333335
2021-05-13 16:00:00,3.015633333333333,3.0770833333333334,262.00333333333333,355.22046166666667
2021-05-13 17:00:00,2.9381666666666666,3.00065,262.38166666666666,349.84753333333333
2021-05-13 18:00:00,2.85865,2.9236666666666666,262.87666666666667,389.5049883333333
2021-05-13 19:00:00,2.7523,2.8182666666666667,262.38166666666666,378.844805
2021-05-13 20:00:00,2.695466666666667,2.753533333333333,260.31666666666666,301.03962666666666
2021-05-13 21:00:00,2.6571833333333337,2.7153666666666667,256.1333333333333,302.6845783333334
2021-05-13 22:00:00,2.6271833333333334,2.679016666666667,295.4866666666667,311.8596033333333
2021-05-13 23:00:00,2.6509833333333335,2.6861166666666665,356.245,245.12153166666667
2021-05-14 00:00:00,2.7499166666666666,2.7812333333333332,359.64000000000004,171.13695166666668
2021-05-14 01:00:00,2.8777833333333334,2.9110333333333336,366.45166666666665,150.34202666666667
2021-05-14 02:00:00,3.0113666666666665,3.0454333333333334,366.70166666666665,153.913275
2021-05-14 03:00:00,3.1498500000000003,3.18455,362.46500000000003,152.82086166666667
2021-05-14 04:00:00,3.2824833333333334,3.3180166666666664,362.72,126.53391116666667
2021-05-14 05:00:00,3.4288000000000003,3.465733333333333,361.45,143.55462833333334
2021-05-14 06:00:00,3.514533333333333,3.556166666666667,359.3233333333334,303.893975
2021-05-14 07:00:00,3.5231166666666667,3.56785,357.1383333333333,339.29329666666666
2021-05-14 08:00:00,3.5001666666666664,3.5469500000000003,354.45,407.1678416666667
2021-05-14 09:00:00,3.439983333333333,3.4862666666666664,354.6183333333333,409.76318166666664
2021-05-14 10:00:00,3.3876,3.428816666666667,309.8366666666667,412.69907
2021-05-14 11:00:00,3.2922166666666666,3.3274333333333335,290.50333333333333,398.08291166666663
2021-05-14 12:00:00,3.2325666666666666,3.2669833333333336,295.28333333333336,371.51628
2021-05-14 13:00:00,3.16545,3.1993500000000004,294.14000000000004,340.31220833333333
2021-05-14 14:00:00,3.1487,3.17965,292.7583333333333,284.35905833333334
2021-05-14 15:00:00,3.144066666666667,3.1746666666666665,290.9583333333333,278.7798683333333
2021-05-14 16:00:00,3.1593666666666667,3.1892666666666667,290.37,237.79989333333333
2021-05-14 17:00:00,3.1742833333333333,3.2048,292.80333333333334,289.62498
2021-05-14 18:00:00,3.1473166666666668,3.1792166666666666,294.8183333333333,322.902475
2021-05-14 19:00:00,3.10765,3.1401166666666667,290.05833333333334,332.3390133333333
2021-05-14 20:00:00,3.0859333333333336,3.1187666666666667,291.1616666666667,302.6534933333333
2021-05-14 21:00:00,3.0597333333333334,3.0918833333333335,291.87666666666667,311.6217483333333
2021-05-14 22:00:00,3.0139,3.047683333333333,290.21666666666664,377.068445
2021-05-14 23:00:00,2.9544166666666665,2.9872333333333336,294.35166666666663,324.661675
2021-05-15 00:00:00,2.935457627118644,2.96806779661017,291.80677966101695,312.5175305084746
2021-05-15 01:00:00,2.9143833333333333,2.9465999999999997,292.2583333333333,278.68512666666663
2021-05-15 02:00:00,2.95565,2.984783333333333,293.3066666666667,150.25193666666667
2021-05-15 03:00:00,3.0564166666666663,3.0846,293.375,123.83063999999999
2021-05-15 04:00:00,3.1624,3.1904833333333333,291.74,124.0569
2021-05-15 05:00:00,3.259,3.289016666666667,291.045,142.90272166666668
2021-05-15 06:00:00,3.35305,3.3802833333333333,326.28499999999997,171.39838999999998
2021-05-15 07:00:00,3.4441333333333333,3.467966666666667,357.93833333333333,223.25161
2021-05-15 08:00:00,3.5088333333333335,3.5301166666666663,324.2966666666667,281.2713333333333
2021-05-15 09:00:00,3.5053166666666664,3.51795,290.59000000000003,290.7731933333333
2021-05-15 10:00:00,3.466,3.47175,292.47833333333335,395.34527833333334
2021-05-15 11:00:00,3.3879499999999996,3.3950166666666663,291.39000000000004,368.50164
2021-05-15 12:00:00,3.3289666666666666,3.335983333333333,291.7566666666667,356.9995133333333
2021-05-15 13:00:00,3.277833333333333,3.2845,291.72833333333335,334.545075
2021-05-15 14:00:00,3.2325,3.2381,291.43833333333333,379.77867333333336
2021-05-15 15:00:00,3.146733333333333,3.1499666666666664,292.4483333333334,393.0258916666667
2021-05-15 16:00:00,3.08245,3.08745,292.67833333333334,362.11851666666666
2021-05-15 17:00:00,3.007366666666667,3.009866666666667,291.86333333333334,393.3718416666667
2021-05-15 18:00:00,2.9431166666666666,2.9489500000000004,292.0083333333333,323.40442666666667
2021-05-15 19:00:00,2.9314000000000004,2.9417166666666663,290.5416666666667,274.3849466666667
2021-05-15 20:00:00,2.928616666666667,2.9372666666666665,290.10333333333335,291.64389666666665
2021-05-15 21:00:00,2.8754333333333335,2.8789333333333333,303.87333333333333,399.26713666666666
2021-05-15 22:00:00,2.852716666666667,2.8889,340.60333333333335,232.66619666666665
2021-05-15 23:00:00,2.9260666666666664,2.9631166666666666,342.8833333333333,210.706085
2021-05-16 00:00:00,2.9972333333333334,3.036,344.525,235.81052499999998
2021-05-16 01:00:00,3.0816333333333334,3.115483333333333,362.71,181.395705
2021-05-16 02:00:00,3.20465,3.2332166666666664,378.005,171.04424333333333
2021-05-16 03:00:00,3.352316666666667,3.3820833333333336,377.60499999999996,124.93083666666666
2021-05-16 04:00:00,3.513383333333333,3.5441333333333334,377.02666666666664,122.25453833333333
2021-05-16 05:00:00,3.6695333333333333,3.701016666666667,377.6066666666667,145.49366333333333
2021-05-16 06:00:00,3.7830166666666667,3.811383333333333,248.055,150.6504866666667
2021-05-16 07:00:00,3.8056833333333335,3.8327666666666667,218.6616666666667,217.35003833333334
2021-05-16 08:00:00,3.7813666666666665,3.806966666666667,220.16833333333335,267.82114666666666
2021-05-16 09:00:00,3.7054166666666664,3.7296,217.29833333333332,395.39195
2021-05-16 10:00:00,3.563483333333333,3.5863,216.465,392.09670666666665
2021-05-16 11:00:00,3.4419833333333334,3.46445,214.62166666666664,371.40819166666665
2021-05-16 12:00:00,3.2868500000000003,3.3062166666666664,215.43666666666667,512.2138033333333
2021-05-16 13:00:00,3.0937666666666668,3.1134,214.15333333333334,375.4142283333333
2021-05-16 14:00:00,3.0313833333333333,3.0538666666666665,216.83666666666667,262.41265333333337
2021-05-16 15:00:00,2.9768,2.9985333333333335,218.35,316.078725
2021-05-16 16:00:00,2.909383333333333,2.9317833333333336,217.355,270.57824166666666
2021-05-16 17:00:00,2.871366666666667,2.89355,214.93333333333334,250.27461499999998
2021-05-16 18:00:00,2.8208833333333336,2.8404833333333332,215.62,321.78052
2021-05-16 19:00:00,2.7429166666666664,2.7603166666666668,213.90166666666667,306.90152166666667
2021-05-16 20:00:00,2.6515166666666667,2.6682833333333336,211.70333333333335,366.45658166666664
2021-05-16 21:00:00,2.5789833333333334,2.6325166666666666,532.9866666666667,406.40515666666664
2021-05-16 22:00:00,2.598,2.702,619.6,388.0387
2021-05-16 23:00:00,2.5997,2.671116666666667,485.15833333333336,379.6969133333333
2021-05-17 00:00:00,2.604,2.5929999999999995,145.1,358.5971
2021-05-17 01:00:00,2.604,2.5929999999999995,145.1,358.5971
2021-05-17 02:00:00,2.604,2.5929999999999995,145.1,358.5971
2021-05-17 03:00:00,2.604,2.5929999999999995,145.1,358.5971
2021-05-17 04:00:00,2.604,2.5929999999999995,145.1,358.5971
2021-05-17 05:00:00,2.604,2.5929999999999995,145.1,358.5971
2021-05-17 06:00:00,2.604,2.5929999999999995,145.1,358.5971
2021-05-17 07:00:00,2.604,2.5929999999999995,145.1,358.5971
2021-05-17 08:00:00,2.604,2.5929999999999995,145.1,358.5971
2021-05-17 09:00:00,3.0631666666666666,3.034666666666667,287.26666666666665,300.75668333333334
2021-05-17 10:00:00,3.1567,3.1233833333333334,373.22166666666664,317.09292
2021-05-17 11:00:00,3.2153833333333335,3.1721999999999997,328.23833333333334,276.87870000000004
2021-05-17 12:00:00,3.2043666666666666,3.177,300.84833333333336,324.220215
2021-05-17 13:00:00,3.1790714285714285,3.1512142857142855,296.0464285714285,283.0923303571429
2021-05-17 14:00:00,3.1847708333333333,3.1531458333333333,279.2583333333333,278.78661041666663
2021-05-17 15:00:00,3.146266666666667,3.1037833333333333,221.40666666666667,324.27075499999995
2021-05-17 16:00:00,3.0737333333333337,3.0286,250.84,330.6304066666667
2021-05-17 17:00:00,2.9921833333333336,2.9419666666666666,275.26166666666666,419.8864116666667
2021-05-17 18:00:00,2.8781666666666665,2.8296333333333332,272.6816666666667,399.12117166666667
2021-05-17 19:00:00,2.816316666666667,2.7685833333333334,271.3,280.048185
2021-05-17 20:00:00,2.7781499999999997,2.7309833333333335,269.83166666666665,360.6185083333333
2021-05-17 21:00:00,2.7172666666666667,2.67075,266.285,304.84393
2021-05-17 22:00:00,2.7106166666666667,2.66095,286.495,250.37144
2021-05-17 23:00:00,2.7261,2.6734,291.3816666666667,251.07082333333335
2021-05-18 00:00:00,2.7683166666666663,2.7288666666666668,310.24,184.305085
2021-05-18 01:00:00,2.8549166666666665,2.8212333333333333,321.8016666666666,149.20325999999997
2021-05-18 02:00:00,2.9770333333333334,2.9402833333333334,325.35999999999996,127.31553666666667
2021-05-18 03:00:00,3.1106833333333332,3.0675833333333333,325.6716666666667,119.122165
2021-05-18 04:00:00,3.247333333333333,3.1995333333333336,326.84166666666664,121.98415166666668
2021-05-18 05:00:00,3.3570166666666665,3.3191833333333336,323.97,154.86721
2021-05-18 06:00:00,3.4683833333333336,3.4170333333333334,325.6,196.727975
2021-05-18 07:00:00,3.47015,3.4534833333333332,335.51,391.83089333333334
2021-05-18 08:00:00,3.3627166666666666,3.3663833333333333,302.43333333333334,414.4118966666667
2021-05-18 09:00:00,3.2671666666666668,3.2797,286.775,397.55219
2021-05-18 10:00:00,3.189133333333333,3.1958833333333336,287.9,404.1570816666666
2021-05-18 11:00:00,3.0911166666666667,3.0949166666666668,287.61333333333334,398.1940333333333
2021-05-18 12:00:00,3.0278666666666667,3.0358500000000004,288.0366666666667,310.467065
2021-05-18 13:00:00,3.0274,3.0181833333333334,287.74833333333333,279.96066666666667
2021-05-18 14:00:00,3.0288666666666666,3.0202833333333334,288.405,261.581865
2021-05-18 15:00:00,3.0202999999999998,3.0273833333333333,285.90333333333336,246.19580666666667
2021-05-18 16:00:00,3.033283333333333,3.02995,288.0933333333333,280.73372166666667
2021-05-18 17:00:00,3.08155,3.0434666666666668,289.2883333333333,241.32735666666667
2021-05-18 18:00:00,3.0587166666666668,3.0526,288.27333333333337,299.12809166666665
2021-05-18 19:00:00,3.049116666666667,3.0379333333333336,288.305,301.00535666666667
2021-05-18 20:00:00,2.9638,2.9865166666666667,289.44166666666666,392.5015783333334
2021-05-18 21:00:00,2.891833333333333,2.9223333333333334,284.71666666666664,322.89905333333337
2021-05-18 22:00:00,2.8751333333333333,2.8986333333333336,284.98833333333334,301.7848333333333
2021-05-18 23:00:00,2.8301166666666666,2.860183333333333,290.05333333333334,325.77926
2021-05-19 00:00:00,2.81615,2.8413666666666666,291.21666666666664,291.763435
2021-05-19 01:00:00,2.8192333333333335,2.8394666666666666,292.14666666666665,238.57803166666665
2021-05-19 02:00:00,2.89,2.8988500000000004,295.1983333333334,137.71466666666666
2021-05-19 03:00:00,2.9938166666666666,3.0009666666666663,295.5366666666667,131.54378166666666
2021-05-19 04:00:00,3.1007333333333333,3.106533333333333,294.0416666666667,125.03499166666667
2021-05-19 05:00:00,3.2011166666666666,3.2033833333333335,291.335,155.48459666666668
2021-05-19 06:00:00,3.3252333333333337,3.29465,399.4789583333333,189.33430333333334
2021-05-19 07:00:00,3.5968666666666667,3.5671000000000004,375.9402083333333,215.8407
2021-05-19 08:00:00,3.6501,3.6252666666666666,279.7683333333333,280.203315
2021-05-19 09:00:00,3.656966666666667,3.623966666666667,284.4583333333333,266.49645
2021-05-19 10:00:00,3.6253666666666664,3.6088999999999998,285.05833333333334,357.58154666666667
2021-05-19 11:00:00,3.5227666666666666,3.5061666666666667,284.6316666666667,423.2752283333333
2021-05-19 12:00:00,3.4705833333333334,3.4504333333333337,284.9683333333333,272.3060683333333
2021-05-19 13:00:00,3.4635333333333334,3.4495666666666667,286.9566666666667,287.74744
2021-05-19 14:00:00,3.4209666666666667,3.4165833333333335,287.38,338.552095
2021-05-19 15:00:00,3.4122166666666667,3.371966666666667,283.5883333333333,338.65296
2021-05-19 16:00:00,3.3305166666666666,3.3162000000000003,281.8016666666666,359.1224383333334
2021-05-19 17:00:00,3.3236166666666667,3.2510333333333334,280.7816666666667,361.68573166666664
2021-05-19 18:00:00,3.2318166666666666,3.173283333333333,280.6,369.9662716666666
2021-05-19 19:00:00,3.15285,3.1351,278.8,286.2317216666667
2021-05-19 20:00:00,3.1078166666666664,3.1026833333333332,279.04833333333335,356.05869666666666
2021-05-19 21:00:00,3.0337,3.0332500000000002,284.6,357.6581883333334
2021-05-19 22:00:00,2.996766666666667,2.9905166666666667,282.21,271.4581483333333
2021-05-19 23:00:00,3.0276666666666667,3.0164166666666667,280.71,195.18109333333334
2021-05-20 00:00:00,3.0963,3.0768,325.165,208.44962833333332
2021-05-20 01:00:00,3.249283333333333,3.16695,342.655,145.6754566666667
2021-05-20 02:00:00,3.373066666666667,3.28985,342.995,147.11737833333333
2021-05-20 03:00:00,3.47695,3.42375,339.84666666666664,115.91719499999999
2021-05-20 04:00:00,3.5824,3.55955,295.73833333333334,131.421785
2021-05-20 05:00:00,3.6392499999999997,3.6284833333333335,261.8366666666667,185.95869
2021-05-20 06:00:00,3.670166666666667,3.6614333333333335,262.0833333333333,228.3076
2021-05-20 07:00:00,3.647,3.6485,263.6066666666667,352.92065833333334
2021-05-20 08:00:00,3.544233333333333,3.5391166666666667,262.61333333333334,425.859545
2021-05-20 09:00:00,3.4468166666666664,3.4253833333333334,259.82666666666665,411.7744683333333
2021-05-20 10:00:00,3.34545,3.3255,260.7366666666667,350.94597
2021-05-20 11:00:00,3.2786833333333334,3.2786166666666667,261.66,291.2360933333333
2021-05-20 12:00:00,3.2269833333333335,3.2331166666666666,260.455,302.2697533333333
2021-05-20 13:00:00,3.1862833333333334,3.1932666666666667,256.59333333333336,318.5999166666667
2021-05-20 14:00:00,3.149261904761905,3.155190476190476,245.07857142857142,255.6607833333333
2021-05-20 15:00:00,3.1186333333333334,3.127083333333333,258.7883333333333,287.60172500000004
2021-05-20 16:00:00,3.1045333333333334,3.10875,257.79333333333335,261.08010666666667
2021-05-20 17:00:00,3.0861,3.0915166666666667,254.79500000000002,271.71318833333333
2021-05-20 18:00:00,3.078883333333333,3.0815166666666665,254.22166666666666,240.44410333333332
2021-05-20 19:00:00,3.0692333333333335,3.073383333333333,254.16833333333335,298.6272983333334
2021-05-20 20:00:00,2.9683833333333336,2.9854333333333334,255.255,423.70197333333334
2021-05-20 21:00:00,2.8694833333333336,2.8813,255.18833333333333,334.284305
2021-05-20 22:00:00,2.8179000000000003,2.828133333333333,254.16,327.8249783333333
2021-05-20 23:00:00,2.7495666666666665,2.7652,276.1716666666667,323.8725416666667
2021-05-21 00:00:00,2.7546000000000004,2.77725,347.9533333333333,273.53103
2021-05-21 01:00:00,2.8417499999999998,2.85255,348.95166666666665,145.55609
2021-05-21 02:00:00,2.97985,2.9861166666666668,349.925,130.16393166666666
2021-05-21 03:00:00,3.126,3.1310166666666666,351.27833333333336,122.03979833333332
2021-05-21 04:00:00,3.2676666666666665,3.2722333333333333,351.43833333333333,141.56751833333334
2021-05-21 05:00:00,3.3890833333333332,3.3951833333333337,342.3666666666667,155.72323999999998
2021-05-21 06:00:00,3.518866666666667,3.514216666666667,386.27166666666665,196.98815333333332
2021-05-21 07:00:00,3.584216666666667,3.5857666666666668,363.00333333333333,351.95690833333333
2021-05-21 08:00:00,3.5865,3.5625166666666668,325.53333333333336,310.95898166666666
2021-05-21 09:00:00,3.5705,3.568966666666667,322.26166666666666,293.64108666666664
2021-05-21 10:00:00,3.5944333333333334,3.5846,277.3933333333333,255.98231166666667
2021-05-21 11:00:00,3.5338833333333333,3.516,231.07166666666666,395.388
2021-05-21 12:00:00,3.4179166666666663,3.4045833333333335,229.35666666666665,334.8518033333333
2021-05-21 13:00:00,3.3348500000000003,3.3219,231.10166666666666,336.788875
2021-05-21 14:00:00,3.2568333333333332,3.246983333333333,233.31,322.9999583333334
2021-05-21 15:00:00,3.1808166666666664,3.1701833333333336,232.16833333333335,332.5753716666667
2021-05-21 16:00:00,3.1143333333333336,3.1029666666666667,232.0366666666667,306.452295
2021-05-21 17:00:00,3.0260166666666666,3.016183333333333,231.70499999999998,403.776505
2021-05-21 18:00:00,2.902533333333333,2.8948666666666667,233.07333333333332,371.7347
2021-05-21 19:00:00,2.8006666666666664,2.792466666666667,232.86,365.6057216666667
2021-05-21 20:00:00,2.7011833333333333,2.6950333333333334,231.15333333333334,356.67062833333335
2021-05-21 21:00:00,2.6185,2.610183333333333,228.90333333333334,309.2064183333333
2021-05-21 22:00:00,2.56925,2.5622833333333332,229.01666666666668,263.4786433333333
2021-05-21 23:00:00,2.564583333333333,2.5759833333333333,402.53333333333336,217.219295
2021-05-22 00:00:00,2.7612,2.8388166666666668,652.6,209.89690000000002
2021-05-22 01:00:00,3.0645000000000002,3.1354166666666665,656.1683333333333,175.19557333333333
2021-05-22 02:00:00,3.387383333333333,3.4444833333333333,579.325,133.14772
2021-05-22 03:00:00,3.6368333333333336,3.6437999999999997,414.845,123.18180833333332
2021-05-22 04:00:00,3.83475,3.8266,376.9816666666667,122.13838166666666
2021-05-22 05:00:00,3.878516666666667,3.8489500000000003,45.294999999999995,141.8161716666667
2021-05-22 06:00:00,3.8241500000000004,3.8041833333333335,119.30333333333333,183.44556666666668
2021-05-22 07:00:00,3.8052333333333332,3.7834833333333333,278.58,257.10355
2021-05-22 08:00:00,3.7998666666666665,3.7836833333333333,289.34666666666664,327.94254166666667
2021-05-22 09:00:00,3.7372666666666663,3.728733333333333,293.62166666666667,379.59959333333336
2021-05-22 10:00:00,3.6388499999999997,3.6493166666666665,293.8066666666667,415.24179333333336
2021-05-22 11:00:00,3.5500499999999997,3.5263,291.9166666666667,479.76112666666666
2021-05-22 12:00:00,3.4296833333333336,3.4054,291.07666666666665,402.940995
2021-05-22 13:00:00,3.3959333333333332,3.3331666666666666,291.4816666666667,381.7931
2021-05-22 14:00:00,3.3402499999999997,3.2676333333333334,292.37166666666667,327.72706
2021-05-22 15:00:00,3.3110166666666667,3.2406,292.27833333333336,275.31684333333334
2021-05-22 16:00:00,3.3161666666666667,3.2540833333333334,290.78333333333336,250.11734833333333
2021-05-22 17:00:00,3.3219333333333334,3.26705,290.12166666666667,278.82652333333334
2021-05-22 18:00:00,3.3061833333333337,3.254433333333333,287.9683333333333,312.91493499999996
2021-05-22 19:00:00,3.2798166666666666,3.228333333333333,289.4816666666667,290.16018833333334
2021-05-22 20:00:00,3.2809166666666667,3.2240166666666665,288.48333333333335,273.02450000000005
2021-05-22 21:00:00,3.23695,3.1925833333333333,288.195,402.3988766666667
2021-05-22 22:00:00,3.1612666666666667,3.1164,286.6066666666667,302.52718666666664
2021-05-22 23:00:00,3.165383333333333,3.1133,287.03499999999997,258.4835766666667
2021-05-23 00:00:00,3.1811999999999996,3.1333333333333333,287.96666666666664,223.45035166666668
2021-05-23 01:00:00,3.2215,3.1715666666666666,287.2566666666667,222.26573333333332
2021-05-23 02:00:00,3.2506166666666667,3.196383333333333,288.43,223.07157333333333
2021-05-23 03:00:00,3.307,3.247183333333333,289.7316666666667,190.95626833333333
2021-05-23 04:00:00,3.3739166666666667,3.3121,289.42333333333335,152.59073833333332
2021-05-23 05:00:00,3.4718333333333335,3.4033,289.49,149.65735
2021-05-23 06:00:00,3.5509333333333335,3.48315,291.155,159.187295
2021-05-23 07:00:00,3.5999,3.539133333333333,295.17833333333334,253.95363833333334
2021-05-23 08:00:00,3.6146000000000003,3.5534833333333333,291.84666666666664,261.69393333333335
2021-05-23 09:00:00,3.61255,3.5555333333333334,289.9816666666667,284.47906666666665
2021-05-23 10:00:00,3.5919666666666665,3.53445,288.8433333333333,335.805095
2021-05-23 11:00:00,3.5699166666666664,3.4995333333333334,290.71,312.2081366666667
2021-05-23 12:00:00,3.5109333333333335,3.4544333333333332,291.205,371.0152733333333
2021-05-23 13:00:00,3.42765,3.384266666666667,289.5883333333333,373.18554
2021-05-23 14:00:00,3.3904,3.337483333333333,289.915,298.20292166666667
2021-05-23 15:00:00,3.3664,3.3113,291.42,346.09788166666664
2021-05-23 16:00:00,3.31935,3.2519666666666667,291.595,379.0656266666667
2021-05-23 17:00:00,3.2175000000000002,3.1667666666666667,293.0733333333334,399.4503033333333
2021-05-23 18:00:00,3.137983333333333,3.0878333333333337,293.68666666666667,396.4278116666666
2021-05-23 19:00:00,3.038483333333333,3.007766666666667,290.01500000000004,367.4353433333333
2021-05-23 20:00:00,2.9805833333333336,2.9487666666666663,290.845,337.78205499999996
2021-05-23 21:00:00,2.9650000000000003,2.923783333333333,288.845,276.45455666666663
2021-05-23 22:00:00,2.9566000000000003,2.91625,288.2916666666667,320.12850833333334
2021-05-23 23:00:00,2.9949166666666667,2.9214333333333333,383.09000000000003,231.8960766666667
2021-05-24 00:00:00,3.120766666666667,3.0376833333333333,380.78499999999997,163.02272666666667
2021-05-24 01:00:00,3.2325999999999997,3.1819333333333333,380.445,139.13301
2021-05-24 02:00:00,3.3780833333333335,3.3381,381.2116666666667,127.21938
2021-05-24 03:00:00,3.5449833333333336,3.5037333333333334,383.74666666666667,116.83619833333334
2021-05-24 04:00:00,3.717766666666667,3.6749,384.19666666666666,118.29820166666667
2021-05-24 05:00:00,3.87555,3.8356166666666667,340.61333333333334,141.98476666666664
2021-05-24 06:00:00,3.8976333333333333,3.8587333333333333,111.62666666666668,205.42008333333334
2021-05-24 07:00:00,3.7680166666666666,3.7403166666666667,110.73333333333333,395.4231766666666
2021-05-24 08:00:00,3.5439166666666666,3.52145,123.66166666666666,405.44729333333333
2021-05-24 09:00:00,3.386767857142857,3.3328571428571427,262.7767857142857,408.65639464285715
2021-05-24 10:00:00,3.3183166666666666,3.2455833333333337,313.375,422.79960166666666
2021-05-24 11:00:00,3.2311,3.1604,312.72333333333336,397.2349316666667
2021-05-24 12:00:00,3.1839333333333335,3.1184333333333334,313.1816666666667,313.5498816666667
2021-05-24 13:00:00,3.1917,3.1309666666666667,312.31666666666666,258.68233333333336
2021-05-24 14:00:00,3.2146,3.1544499999999998,313.495,261.9775633333333
2021-05-24 15:00:00,3.228916666666667,3.1640666666666664,314.795,322.16890666666666
2021-05-24 16:00:00,3.235116666666667,3.1739333333333333,311.225,225.70583666666667
2021-05-24 17:00:00,3.27225,3.213983333333333,292.82666666666665,256.83382166666667
2021-05-24 18:00:00,3.253533333333333,3.1952,281.695,322.995075
2021-05-24 19:00:00,3.1967166666666667,3.1376,264.165,359.283695
2021-05-24 20:00:00,3.0942999999999996,3.052716666666667,202.76833333333335,340.85874333333334
2021-05-24 21:00:00,2.9844999999999997,2.9458333333333333,203.75833333333333,350.10147166666667
2021-05-24 22:00:00,2.879833333333333,2.8429,211.57000000000002,339.50720333333334
2021-05-24 23:00:00,2.8082333333333334,2.79345,290.70166666666665,303.6787483333334
2021-05-25 00:00:00,2.7973500000000002,2.7843166666666668,288.17333333333335,274.580985
2021-05-25 01:00:00,2.8230500000000003,2.802316666666667,286.6166666666667,190.67006483333336
2021-05-25 02:00:00,2.908166666666667,2.8828833333333335,286.3233333333334,124.24568166666667
2021-05-25 03:00:00,3.015333333333333,2.986616666666667,288.42333333333335,118.30589499999999
2021-05-25 04:00:00,3.14265,3.1318166666666665,412.44,136.65965166666666
2021-05-25 05:00:00,3.3239666666666663,3.3279,459.7066666666667,164.1632733333333
2021-05-25 06:00:00,3.496783333333333,3.501716666666667,466.59166666666664,228.59196666666668
2021-05-25 07:00:00,3.6258,3.6321166666666667,485.0366666666667,299.9094983333333
2021-05-25 08:00:00,3.7338666666666667,3.7398499999999997,482.9166666666667,305.89285333333333
2021-05-25 09:00:00,3.8638833333333333,3.8565166666666664,481.805,253.86557166666668
2021-05-25 10:00:00,3.9057166666666663,3.8735833333333334,167.79666666666665,322.042985
2021-05-25 11:00:00,3.7612,3.71925,124.435,335.70004166666666
2021-05-25 12:00:00,3.6395166666666667,3.597,120.83,246.1384666666667
2021-05-25 13:00:00,3.5189833333333334,3.478933333333333,120.09333333333333,317.91464666666667
2021-05-25 14:00:00,3.4016666666666664,3.3622333333333336,119.515,256.34001166666667
2021-05-25 15:00:00,3.2926333333333333,3.2544833333333334,120.33666666666666,275.47038499999996
2021-05-25 16:00:00,3.1679000000000004,3.1313999999999997,121.10333333333332,313.5426816666667
2021-05-25 17:00:00,3.0092166666666667,2.9751166666666666,121.26,374.650805
2021-05-25 18:00:00,2.8109166666666665,2.79745,237.11166666666668,444.53833000000003
2021-05-25 19:00:00,2.7012333333333336,2.7196833333333337,338.29,398.9292716666667
2021-05-25 20:00:00,2.6944999999999997,2.6672833333333332,373.1166666666667,377.0947766666667
2021-05-25 21:00:00,2.6693,2.63915,371.43833333333333,364.67230166666667
2021-05-25 22:00:00,2.7077999999999998,2.6746833333333333,372.06333333333333,266.204145
2021-05-25 23:00:00,2.771333333333333,2.737416666666667,378.385,235.93963166666666
2021-05-26 00:00:00,2.8922000000000003,2.8658833333333336,406.22833333333335,165.56708166666667
2021-05-26 01:00:00,3.0522,3.023683333333333,400.255,135.99380833333333
2021-05-26 02:00:00,3.2135499999999997,3.1861,401.6633333333333,164.43018166666667
2021-05-26 03:00:00,3.3791166666666665,3.347083333333333,403.1666666666667,130.23734833333333
2021-05-26 04:00:00,3.5588333333333333,3.52355,404.2066666666667,118.83806666666666
2021-05-26 05:00:00,3.7393666666666667,3.7013666666666665,400.555,138.67201166666666
2021-05-26 06:00:00,3.8632666666666666,3.81725,268.79,187.60704666666666
2021-05-26 07:00:00,3.8627333333333334,3.8091333333333335,218.65,281.9888716666667
2021-05-26 08:00:00,3.7463333333333333,3.689716666666667,219.45333333333335,434.51642333333336
2021-05-26 09:00:00,3.6254333333333335,3.5722666666666667,221.12333333333333,319.258755
2021-05-26 10:00:00,3.551083333333333,3.4993666666666665,221.715,336.94523166666664
2021-05-26 11:00:00,3.4512,3.3995666666666664,223.19666666666666,353.87581500000005
2021-05-26 12:00:00,3.340316666666667,3.288883333333333,222.79166666666666,403.3890116666667
2021-05-26 13:00:00,3.24345,3.2224500000000003,385.7133333333333,351.60107166666666
2021-05-26 14:00:00,3.270283333333333,3.257233333333333,336.38666666666666,287.39187000000004
2021-05-26 15:00:00,3.2738,3.2653166666666666,282.3233333333334,264.68831166666666
2021-05-26 16:00:00,3.2862333333333336,3.2747499999999996,282.5316666666667,238.25898999999998
2021-05-26 17:00:00,3.2973333333333334,3.285416666666667,241.19,255.9931566666667
2021-05-26 18:00:00,3.2218,3.194666666666667,123.58500000000001,294.48138666666665
2021-05-26 19:00:00,3.094866666666667,3.0700833333333337,124.79833333333333,308.99406999999997
2021-05-26 20:00:00,2.95335,2.933983333333333,125.23666666666666,354.0511266666666
2021-05-26 21:00:00,2.7548000000000004,2.740483333333333,125.61833333333334,401.0597383333333
2021-05-26 22:00:00,2.6035833333333334,2.5841,130.70833333333334,273.6850983333333
2021-05-26 23:00:00,2.58175,2.560366666666667,371.1816666666667,273.60949999999997
2021-05-27 00:00:00,2.6545666666666667,2.6263,376.8683333333333,249.338165
2021-05-27 01:00:00,2.7489500000000002,2.719266666666667,379.845,188.16712833333335
2021-05-27 02:00:00,2.88205,2.84845,379.315,152.7597583333333
2021-05-27 03:00:00,3.0172166666666667,2.9849,381.635,175.76499833333335
2021-05-27 04:00:00,3.1529000000000003,3.1174166666666663,382.3,171.27589166666667
2021-05-27 05:00:00,3.2857333333333334,3.2484333333333333,381.6616666666667,162.99832999999998
2021-05-27 06:00:00,3.40895,3.3718,390.0816666666667,229.95572166666668
2021-05-27 07:00:00,3.5254333333333334,3.469133333333333,489.25333333333333,289.6280716666667
2021-05-27 08:00:00,3.577516666666667,3.5328666666666666,322.5066666666667,330.956625
2021-05-27 09:00:00,3.5623833333333335,3.5254833333333333,276.52833333333336,246.29924166666666
2021-05-27 10:00:00,3.5788333333333333,3.5422000000000002,277.8366666666667,242.427475
2021-05-27 11:00:00,3.5609666666666664,3.526616666666667,276.5383333333333,325.9204316666667
2021-05-27 12:00:00,3.5240333333333336,3.4898499999999997,276.78499999999997,306.5923016666667
2021-05-27 13:00:00,3.48695,3.452733333333333,273.44166666666666,313.47970833333335
2021-05-27 14:00:00,3.4485333333333332,3.4132666666666664,268.36333333333334,296.4366633333333
2021-05-27 15:00:00,3.4328,3.3960166666666667,268.51166666666666,267.27555
2021-05-27 16:00:00,3.4241,3.3891,269.175,261.89376
2021-05-27 17:00:00,3.3954166666666667,3.3609666666666667,268.9116666666667,354.09723833333334
2021-05-27 18:00:00,3.3078,3.2773,271.40666666666664,386.3155883333333
2021-05-27 19:00:00,3.2095333333333333,3.1809166666666666,271.56,367.18929166666663
2021-05-27 20:00:00,3.152916666666667,3.119133333333333,303.04,380.26868333333334
2021-05-27 21:00:00,3.0831999999999997,3.041416666666666,327.315,394.90194333333335
2021-05-27 22:00:00,3.06915,3.0282833333333334,327.93833333333333,262.49232
2021-05-27 23:00:00,3.1222,3.07965,327.04,227.731205
2021-05-28 00:00:00,3.1758666666666664,3.1339166666666665,326.555,207.17006333333333
2021-05-28 01:00:00,3.2756333333333334,3.231466666666667,326.84666666666664,142.38078
2021-05-28 02:00:00,3.3986333333333336,3.353816666666667,325.97166666666664,125.37547500000001
2021-05-28 03:00:00,3.530066666666667,3.4829,326.2966666666667,117.98445666666666
2021-05-28 04:00:00,3.6514333333333338,3.6029666666666667,310.6,161.13089
2021-05-28 05:00:00,3.7364333333333333,3.6872333333333334,308.49666666666667,156.40579166666666
2021-05-28 06:00:00,3.816216666666667,3.7685166666666663,280.1816666666667,208.6558
2021-05-28 07:00:00,3.7978666666666667,3.7598,212.92333333333332,316.34012666666666
2021-05-28 08:00:00,3.6524333333333336,3.6229999999999998,212.05666666666667,414.9698383333333
2021-05-28 09:00:00,3.544433333333333,3.51155,221.90333333333334,324.91553333333337
2021-05-28 10:00:00,3.4740333333333333,3.4379666666666666,224.755,336.3438683333333
2021-05-28 11:00:00,3.3631499999999996,3.3306666666666667,223.51333333333332,363.85121999999996
2021-05-28 12:00:00,3.26625,3.23525,223.54333333333335,334.647335
2021-05-28 13:00:00,3.1809,3.152016666666667,223.97333333333333,345.31473833333337
2021-05-28 14:00:00,3.103666666666667,3.0741,224.18166666666667,297.86127166666665
2021-05-28 15:00:00,3.0400666666666667,3.009716666666667,223.62166666666664,301.889685
2021-05-28 16:00:00,2.9916666666666667,2.9621500000000003,222.39166666666668,253.66003666666666
2021-05-28 17:00:00,2.94115,2.9108666666666663,222.17166666666665,337.94392
2021-05-28 18:00:00,2.8731166666666668,2.84135,225.715,261.67156
2021-05-28 19:00:00,2.821183333333333,2.79085,225.13833333333332,319.01011666666665
2021-05-28 20:00:00,2.7681833333333334,2.7263499999999996,329.34666666666664,350.4024283333334
2021-05-28 21:00:00,2.7643166666666668,2.713983333333333,354.25166666666667,325.78582666666665
2021-05-28 22:00:00,2.7920333333333334,2.74395,354.26500000000004,273.41758500000003
2021-05-28 23:00:00,2.8301166666666666,2.78125,354.52166666666665,276.22230666666667
2021-05-29 00:00:00,2.8777166666666667,2.8289666666666666,356.345,239.02665
2021-05-29 01:00:00,2.9682166666666663,2.9196,360.18666666666667,194.420575
2021-05-29 02:00:00,3.0856833333333333,3.0381333333333336,362.2683333333333,142.48457
2021-05-29 03:00:00,3.2362333333333333,3.187816666666667,363.5183333333333,124.81781833333334
2021-05-29 04:00:00,3.3921833333333336,3.3411166666666667,362.8883333333333,120.26444833333333
2021-05-29 05:00:00,3.5375,3.48395,360.60333333333335,157.30972
2021-05-29 06:00:00,3.6494,3.5929833333333336,374.72,223.38054666666667
2021-05-29 07:00:00,3.7250500000000004,3.6598333333333333,368.77333333333337,278.18604500000004
2021-05-29 08:00:00,3.7427166666666665,3.6785833333333335,342.44666666666666,358.62516500000004
2021-05-29 09:00:00,3.6854999999999998,3.631866666666667,271.2966666666667,360.7020366666667
2021-05-29 10:00:00,3.6082166666666664,3.5677000000000003,239.92833333333334,316.776785
2021-05-29 11:00:00,3.515133333333333,3.47735,241.26166666666668,400.4794566666667
2021-05-29 12:00:00,3.4239166666666665,3.385083333333333,237.93666666666667,306.2478966666667
2021-05-29 13:00:00,3.3549333333333333,3.3159666666666667,235.45333333333335,345.9170666666667
2021-05-29 14:00:00,3.2767,3.23755,237.59333333333333,325.2784516666667
2021-05-29 15:00:00,3.2051833333333333,3.1673,237.95333333333335,312.57534666666663
2021-05-29 16:00:00,3.146,3.1115666666666666,237.03166666666667,317.6572783333333
2021-05-29 17:00:00,3.065183333333333,3.03365,238.48333333333332,331.84058166666665
2021-05-29 18:00:00,3.0193,2.9861500000000003,238.2133333333333,267.7561733333333
2021-05-29 19:00:00,2.9772166666666666,2.9474333333333336,237.18833333333333,295.626085
2021-05-29 20:00:00,2.9076333333333335,2.8795333333333333,235.03,354.01464666666664
2021-05-29 21:00:00,2.8163666666666667,2.78855,243.68333333333334,371.6978
2021-05-29 22:00:00,2.7129833333333333,2.687,259.61333333333334,337.68865
2021-05-29 23:00:00,2.6944999999999997,2.6820333333333335,328.9616666666667,285.7641916666667
2021-05-30 00:00:00,2.756533333333333,2.73505,329.2633333333333,175.77225833333333
2021-05-30 01:00:00,2.861883333333333,2.836516666666667,328.7033333333333,150.63992333333331
2021-05-30 02:00:00,2.9792666666666667,2.95165,328.48333333333335,137.90339666666665
2021-05-30 03:00:00,3.1049,3.0742666666666665,328.63666666666666,125.72955333333333
2021-05-30 04:00:00,3.237283333333333,3.2037666666666667,329.8666666666667,128.018495
2021-05-30 05:00:00,3.361283333333333,3.327316666666667,331.50166666666667,147.07077666666666
2021-05-30 06:00:00,3.4757833333333332,3.438216666666667,332.71500000000003,165.61014166666666
2021-05-30 07:00:00,3.5562,3.5216333333333334,400.26666666666665,264.45982666666663
2021-05-30 08:00:00,3.65915,3.6016833333333333,451.25166666666667,319.55878
2021-05-30 09:00:00,3.684266666666667,3.63095,294.60833333333335,340.11594833333334
2021-05-30 10:00:00,3.602633333333333,3.5504000000000002,254.13166666666666,374.4627766666666
2021-05-30 11:00:00,3.501716666666667,3.45185,257.07666666666665,386.0403883333333
2021-05-30 12:00:00,3.4090833333333332,3.3611,255.38,375.93917
2021-05-30 13:00:00,3.3040666666666665,3.2568333333333332,253.34333333333333,359.1068916666666
2021-05-30 14:00:00,3.2427,3.1954833333333337,253.48333333333332,328.44821333333334
2021-05-30 15:00:00,3.182366666666667,3.1361,253.73666666666668,309.40524999999997
2021-05-30 16:00:00,3.1355500000000003,3.0897333333333337,253.48,322.31458333333336
2021-05-30 17:00:00,3.0637499999999998,3.01835,253.375,339.45467833333333
2021-05-30 18:00:00,2.9992666666666663,2.953883333333333,252.26833333333335,308.783235
2021-05-30 19:00:00,2.9549499999999997,2.9115666666666664,252.50666666666666,331.8571933333333
2021-05-30 20:00:00,2.864,2.8241,251.255,381.0347566666667
2021-05-30 21:00:00,2.7721666666666667,2.733883333333333,250.64333333333335,357.82194999999996
2021-05-30 22:00:00,2.6824999999999997,2.64535,251.51166666666668,336.39360166666665
2021-05-30 23:00:00,2.645766666666667,2.6153166666666667,312.7366666666667,288.60916166666664
2021-05-31 00:00:00,2.6867666666666663,2.6635166666666668,355.0933333333333,236.75253166666667
2021-05-31 01:00:00,2.77335,2.7444166666666665,357.7133333333333,181.6413816666667
2021-05-31 02:00:00,2.9077833333333336,2.8716500000000003,356.3933333333333,128.99687833333334
2021-05-31 03:00:00,3.0606666666666666,3.0208500000000003,357.3883333333333,117.403455
2021-05-31 04:00:00,3.2144833333333334,3.1721166666666667,355.43666666666667,122.67295
2021-05-31 05:00:00,3.3578166666666664,3.315366666666667,354.55,136.13930833333333
2021-05-31 06:00:00,3.5156666666666667,3.4601666666666664,478.60499999999996,184.67066166666666
2021-05-31 07:00:00,3.63465,3.565916666666667,345.6633333333333,355.13258333333334
2021-05-31 08:00:00,3.584683333333333,3.5181166666666663,317.915,360.80767000000003
2021-05-31 09:00:00,3.5348333333333333,3.4713333333333334,288.62333333333333,358.32993
2021-05-31 10:00:00,3.4693166666666664,3.4075833333333336,287.635,365.0302633333333
2021-05-31 11:00:00,3.4300166666666665,3.37105,288.0833333333333,275.72707833333334
2021-05-31 12:00:00,3.4181166666666667,3.35735,288.69666666666666,305.18765666666667
2021-05-31 13:00:00,3.396866666666667,3.3346999999999998,290.05,325.17447
2021-05-31 14:00:00,3.3562000000000003,3.295733333333333,289.39833333333337,323.82257666666663
2021-05-31 15:00:00,3.31885,3.258666666666667,289.97166666666664,336.6284
2021-05-31 16:00:00,3.27725,3.217766666666667,290.8933333333333,301.4037833333333
2021-05-31 17:00:00,3.2681666666666667,3.2076833333333337,290.865,296.4047233333333
2021-05-31 18:00:00,3.2386500000000003,3.1803666666666666,290.6666666666667,304.8780816666667
2021-05-31 19:00:00,3.2083500000000003,3.14935,288.8433333333333,365.65712833333333
2021-05-31 20:00:00,3.1384499999999997,3.0797000000000003,288.885,359.32508333333334
2021-05-31 21:00:00,3.0930833333333334,3.0376,288.10499999999996,322.2674166666667
2021-05-31 22:00:00,3.0556666666666668,3.0008166666666667,285.38666666666666,312.86054500000006
2021-05-31 23:00:00,3.0359,2.983766666666667,285.4616666666667,267.72172166666667
2021-06-01 00:00:00,3.05685,3.00595,287.3383333333333,220.08469
2021-06-01 01:00:00,3.1142833333333333,3.0628666666666664,286.7116666666667,157.69304333333332
2021-06-01 02:00:00,3.2068833333333333,3.1547833333333335,286.615,126.52562666666667
2021-06-01 03:00:00,3.3114166666666667,3.257366666666667,286.9316666666667,119.87806166666665
2021-06-01 04:00:00,3.4195833333333336,3.3641833333333335,289.255,120.38615666666666
2021-06-01 05:00:00,3.5078166666666664,3.4498666666666664,289.95,189.31913
2021-06-01 06:00:00,3.562883333333333,3.504,286.5416666666667,234.27504666666667
2021-06-01 07:00:00,3.5006833333333334,3.4773333333333336,306.6716666666667,414.8920016666667
2021-06-01 08:00:00,3.4683833333333336,3.2624500000000003,114.33166666666666,363.81939500000004
2021-06-01 09:00:00,3.5513666666666666,2.7878166666666666,71.94833333333332,359.55666333333335
2021-06-01 10:00:00,3.637583333333333,2.27205,68.89166666666667,361.250075
2021-06-01 11:00:00,3.7068000000000003,1.8162666666666667,40.84666666666667,325.650265
2021-06-01 12:00:00,3.7603166666666668,1.3516166666666665,40.781666666666666,302.91344000000004
2021-06-01 13:00:00,3.8039,2.1709,28.991666666666667,265.75169
2021-06-01 14:00:00,3.812316666666667,3.062,40.46,257.2938433333333
2021-06-01 15:00:00,3.6446666666666667,3.062,88.14,257.62573
2021-06-01 16:00:00,3.4447666666666668,3.062,158.90166666666667,254.56467999999998
2021-06-01 17:00:00,3.2988833333333334,3.062,184.01166666666668,297.40265
2021-06-01 18:00:00,3.0608500000000003,3.062,182.30333333333334,388.72026166666666
2021-06-01 19:00:00,2.727616666666667,3.062,179.22,411.325785
2021-06-01 20:00:00,2.38445,3.062,179.09,389.47222666666664
2021-06-01 21:00:00,2.0974166666666667,3.062,181.505,374.99523666666664
2021-06-01 22:00:00,1.9601499999999998,3.062,326.53499999999997,283.2145483333333
2021-06-01 23:00:00,2.0969333333333333,3.062,342.7966666666667,258.88766833333335
2021-06-02 00:00:00,2.47235,3.062,341.1633333333333,209.92112166666666
2021-06-02 01:00:00,2.669633333333333,3.062,340.0783333333333,193.1183
2021-06-02 02:00:00,2.8948833333333335,3.062,341.115,129.49250666666666
2021-06-02 03:00:00,3.1750666666666665,3.062,341.40833333333336,117.41990333333334
2021-06-02 04:00:00,3.4615,3.062,340.615,121.09048833333333
2021-06-02 05:00:00,3.6588333333333334,3.062,221.91666666666666,151.79446833333336
2021-06-02 06:00:00,3.6752666666666665,3.062,196.86666666666667,232.14836333333332
2021-06-02 07:00:00,3.53035,3.062,192.165,330.7292533333333
2021-06-02 08:00:00,3.290833333333333,3.062,192.18833333333333,348.66712333333334
2021-06-02 09:00:00,3.036383333333333,3.062,190.39166666666668,349.7297416666667
2021-06-02 10:00:00,2.803033333333333,3.062,190.21,342.06636333333336
2021-06-02 11:00:00,2.5763499999999997,3.062,194.72,337.0741933333333
2021-06-02 12:00:00,2.356133333333333,3.062,194.36499999999998,337.22303833333336
2021-06-02 13:00:00,2.1812166666666664,3.062,271.06,337.72173666666663
2021-06-02 14:00:00,2.0481333333333334,3.062,276.15333333333336,365.67091999999997
2021-06-02 15:00:00,1.9534166666666666,3.033933333333333,271.83,268.71150833333337
2021-06-02 16:00:00,1.9136,3.0337499999999995,271.20666666666665,312.2479133333334
2021-06-02 17:00:00,1.8428499999999999,3.062,281.7633333333333,296.45056666666665
2021-06-02 18:00:00,1.8093,3.062,290.8566666666667,308.59686666666664
2021-06-02 19:00:00,1.7268833333333333,3.062,291.32666666666665,334.33051333333333
2021-06-02 20:00:00,1.6390166666666666,3.062,289.72666666666663,348.1929083333333
2021-06-02 21:00:00,1.5207833333333334,3.062,355.4316666666667,395.7277
2021-06-02 22:00:00,1.5861666666666667,3.062,381.79833333333335,248.28102166666667
2021-06-02 23:00:00,1.7405000000000002,3.062,364.63,245.66739333333334
2021-06-03 00:00:00,1.8635166666666667,3.062,328.6333333333333,218.24876
2021-06-03 01:00:00,2.0209,3.062,332.79833333333335,188.75630166666667
2021-06-03 02:00:00,2.19265,3.062,331.9066666666667,190.3204
2021-06-03 03:00:00,2.3921833333333336,3.062,330.835,165.993405
2021-06-03 04:00:00,2.6021,3.062,330.995,163.08600166666665
2021-06-03 05:00:00,2.7994166666666667,3.062,325.87166666666667,187.55102833333333
2021-06-03 06:00:00,2.9465999999999997,3.062,324.0183333333333,216.25647666666666
2021-06-03 07:00:00,3.0073,3.062,324.26500000000004,319.081655
2021-06-03 08:00:00,2.9798666666666667,3.062,321.9616666666667,301.881855
2021-06-03 09:00:00,3.010083333333333,3.062,325.54833333333335,248.83296833333333
2021-06-03 10:00:00,3.1053,3.062,333.6983333333334,261.89308166666666
2021-06-03 11:00:00,3.13135,3.062,332.8816666666667,303.60669333333334
2021-06-03 12:00:00,3.152916666666667,3.062,332.93333333333334,273.51390499999997
2021-06-03 13:00:00,3.2255166666666666,3.062,334.17,262.9466366666667
2021-06-03 14:00:00,3.2409000000000003,3.062,335.475,324.56170333333336
2021-06-03 15:00:00,3.2131833333333333,3.062,260.515,261.52909166666666
2021-06-03 16:00:00,3.0124166666666667,3.062,532.7216666666667,272.68156999999997
2021-06-03 17:00:00,2.6431166666666663,1.7049333333333332,548.8416666666667,306.9439566666667
2021-06-03 18:00:00,2.160816666666667,1.8071833333333334,412.5833333333333,403.14663
2021-06-03 19:00:00,1.5659333333333334,2.2124,244.11166666666668,400.339155
2021-06-03 20:00:00,2.0762666666666667,2.5292499999999998,244.58333333333334,378.44208
2021-06-03 21:00:00,3.071,2.8236166666666667,243.11499999999998,384.66493833333334
2021-06-03 22:00:00,3.071,2.8320999999999996,278.9133333333333,251.68755166666668
2021-06-03 23:00:00,3.071,2.9221833333333334,297.14666666666665,211.99601666666666
2021-06-04 00:00:00,3.071,2.9970833333333333,273.3616666666667,201.35418833333333
2021-06-04 01:00:00,3.071,3.10885,273.8666666666667,154.49837666666664
2021-06-04 02:00:00,3.071,3.277833333333333,273.9866666666667,125.80900333333334
2021-06-04 03:00:00,3.071,3.4660333333333333,274.14833333333337,121.688975
2021-06-04 04:00:00,3.071,3.6553833333333334,275.13666666666666,127.44153333333334
2021-06-04 05:00:00,3.071,3.82065,277.3,168.40523666666667
2021-06-04 06:00:00,3.071,3.9034666666666666,276.76,228.57357666666667
2021-06-04 07:00:00,3.071,3.8622333333333336,277.0683333333333,367.08109333333334
2021-06-04 08:00:00,3.071,3.6983666666666664,275.3666666666667,390.1477066666667
2021-06-04 09:00:00,3.071,3.5302333333333333,275.6166666666667,340.4820933333333
2021-06-04 10:00:00,3.071,3.4534833333333332,275.5133333333333,299.9680983333334
2021-06-04 11:00:00,3.071,3.3644333333333334,275.75,375.6197516666667
2021-06-04 12:00:00,3.071,3.1572,291.415,402.6984733333333
2021-06-04 13:00:00,2.9558833333333334,3.09305,412.76500000000004,382.7504233333333
2021-06-04 14:00:00,3.071,3.13875,410.98833333333334,312.236135
2021-06-04 15:00:00,3.071,3.24385,413.5083333333333,300.69804666666664
2021-06-04 16:00:00,3.071,3.4013,416.0466666666667,264.274625
2021-06-04 17:00:00,3.071,3.382633333333333,507.72999999999996,253.77234833333333
2021-06-04 18:00:00,1.9391166666666668,3.040016666666667,474.42,313.629135
2021-06-04 19:00:00,1.2926499999999999,2.8739666666666666,434.9066666666667,362.558025
2021-06-04 20:00:00,1.4707833333333333,2.8046,432.57666666666665,317.45801666666665
2021-06-04 21:00:00,1.6480166666666667,2.7329333333333334,433.2966666666667,359.237055
2021-06-04 22:00:00,1.8267,2.6487833333333333,433.30333333333334,296.46037333333334
2021-06-04 23:00:00,2.0043333333333333,2.65455,438.075,279.90879666666666
2021-06-05 00:00:00,2.1828833333333337,2.702,441.3383333333333,226.602245
2021-06-05 01:00:00,2.4006,2.7702,461.48833333333334,205.06583666666666
2021-06-05 02:00:00,2.7769666666666666,2.7676833333333333,488.01500000000004,155.18778500000002
2021-06-05 03:00:00,3.0164833333333334,2.9835333333333334,487.23499999999996,125.33128666666667
2021-06-05 04:00:00,3.2495333333333334,3.21755,470.025,128.429645
2021-06-05 05:00:00,3.4417166666666668,3.410616666666667,431.88666666666666,173.177965
2021-06-05 06:00:00,3.5406,3.5145166666666667,308.7966666666667,292.24007166666667
2021-06-05 07:00:00,3.48335,3.4494333333333334,184.78166666666667,298.75465333333335
2021-06-05 08:00:00,3.3836166666666667,3.3539666666666665,183.12166666666664,300.7986216666667
2021-06-05 09:00:00,3.342016666666667,3.3379166666666666,342.885,319.366795
2021-06-05 10:00:00,3.3080833333333337,3.3235,345.3016666666666,392.29740000000004
2021-06-05 11:00:00,3.2565666666666666,3.2714666666666665,344.68,365.03043833333334
2021-06-05 12:00:00,3.2487,3.23105,249.32000000000002,322.71366666666665
2021-06-05 13:00:00,3.1782833333333333,3.1548833333333333,233.16666666666666,316.54300333333333
2021-06-05 14:00:00,3.099083333333333,3.0763666666666665,229.54333333333335,320.04120166666667
2021-06-05 15:00:00,3.0378,3.0123666666666664,228.69833333333332,302.85815333333335
2021-06-05 16:00:00,2.9720999999999997,2.9483333333333333,228.66,338.82226166666663
2021-06-05 17:00:00,2.865333333333333,2.8459333333333334,230.35166666666666,352.6280366666667
2021-06-05 18:00:00,2.78965,2.769366666666667,230.51833333333335,310.9492583333333
2021-06-05 19:00:00,2.7226833333333333,2.7062166666666667,231.23666666666668,314.9810533333333
2021-06-05 20:00:00,2.6236166666666665,2.6128,229.27166666666665,418.58301666666665
2021-06-05 21:00:00,2.476383333333333,2.469866666666667,257.5383333333333,368.86524000000003
2021-06-05 22:00:00,2.4763666666666664,2.4704166666666665,322.56166666666667,226.53836833333335
2021-06-05 23:00:00,2.5394833333333335,2.5338833333333333,327.2683333333333,244.41994000000003
2021-06-06 00:00:00,2.5869666666666666,2.57865,328.72,209.28179
2021-06-06 01:00:00,2.683983333333333,2.66705,329.1316666666667,150.83873666666665
2021-06-06 02:00:00,2.8003333333333336,2.7828833333333334,327.89500000000004,138.78494333333336
2021-06-06 03:00:00,2.9252833333333332,2.9054333333333333,329.5183333333333,128.313245
2021-06-06 04:00:00,3.0570833333333334,3.0351,331.40833333333336,122.30567666666666
2021-06-06 05:00:00,3.1868166666666666,3.1633666666666667,330.97166666666664,147.03045166666666
2021-06-06 06:00:00,3.281433333333333,3.2631333333333337,331.08250000000004,218.10946833333335
2021-06-06 07:00:00,3.589583333333333,3.5577166666666664,340.40833333333336,233.78356333333335
2021-06-06 08:00:00,3.6839,3.6239833333333333,341.385,342.12329500000004
2021-06-06 09:00:00,3.6394666666666664,3.5795833333333333,338.49,364.47035166666666
2021-06-06 10:00:00,3.6313,3.5723166666666666,337.60333333333335,324.96926833333333
2021-06-06 11:00:00,3.6003333333333334,3.54095,341.2816666666667,421.8392966666667
2021-06-06 12:00:00,3.5357166666666666,3.478083333333333,335.62,355.51156833333334
2021-06-06 13:00:00,3.51925,3.4622,328.4566666666667,328.80201500000004
2021-06-06 14:00:00,3.5053166666666664,3.4467333333333334,329.18833333333333,341.8855183333333
2021-06-06 15:00:00,3.4756500000000004,3.4180833333333336,328.6816666666667,312.0975133333333
2021-06-06 16:00:00,3.4758166666666668,3.4299666666666666,246.22166666666666,263.4351
2021-06-06 17:00:00,3.4311166666666666,3.3952,212.93166666666667,272.8321866666667
2021-06-06 18:00:00,3.3442333333333334,3.314983333333333,213.405,346.799795
2021-06-06 19:00:00,3.223516666666667,3.1978500000000003,226.44333333333333,409.27501333333333
2021-06-06 20:00:00,3.116216666666667,3.0833166666666667,237.37,375.71924666666666
2021-06-06 21:00:00,3.0185666666666666,2.9878333333333336,280.5733333333334,347.24708166666665
2021-06-06 22:00:00,2.985266666666667,2.9739333333333335,326.4866666666667,313.77027333333336
2021-06-06 23:00:00,2.9714833333333335,2.9549499999999997,294.22833333333335,332.53218
2021-06-07 00:00:00,2.95565,2.931966666666667,332.59833333333336,270.78896000000003
2021-06-07 01:00:00,3.0334333333333334,2.9956166666666664,367.4583333333333,203.84702833333333
2021-06-07 02:00:00,3.1416,3.1013499999999996,368.86333333333334,180.51135833333333
2021-06-07 03:00:00,3.2771833333333333,3.23315,369.225,129.79591833333333
2021-06-07 04:00:00,3.435483333333333,3.3886333333333334,369.5783333333333,128.19837333333334
2021-06-07 05:00:00,3.583766666666667,3.5349,369.37166666666667,152.48574333333332
2021-06-07 06:00:00,3.7003333333333335,3.6519166666666667,368.92833333333334,211.56192833333336
2021-06-07 07:00:00,3.7502166666666668,3.70515,285.12666666666667,335.78582
2021-06-07 08:00:00,3.6245333333333334,3.5843833333333333,208.25166666666667,403.477705
2021-06-07 09:00:00,3.4889666666666668,3.4497166666666668,209.36333333333332,336.44924833333334
2021-06-07 10:00:00,3.433266666666667,3.39005,208.50833333333333,249.598905
2021-06-07 11:00:00,3.3861,3.3456166666666665,209.26166666666668,298.09011833333335
2021-06-07 12:00:00,3.2908666666666666,3.254033333333333,210.70666666666665,338.19172333333336
2021-06-07 13:00:00,3.1946999999999997,3.1597,211.0,350.4617533333333
2021-06-07 14:00:00,3.0896833333333333,3.0548,213.84333333333333,334.50683000000004
2021-06-07 15:00:00,3.0098166666666666,2.9739666666666666,213.84166666666667,289.4473766666667
2021-06-07 16:00:00,2.947166666666667,2.91335,212.60833333333332,325.5985733333334
2021-06-07 17:00:00,2.8431833333333336,2.815316666666667,233.05833333333334,371.81457666666665
2021-06-07 18:00:00,2.7433,2.7335833333333337,291.225,362.79673333333335
2021-06-07 19:00:00,2.6792166666666666,2.6723333333333334,291.37166666666667,378.47432166666664
2021-06-07 20:00:00,2.589233333333333,2.5861,290.87833333333333,416.52454666666665
2021-06-07 21:00:00,2.5326666666666666,2.521866666666667,289.1333333333333,286.57916666666665
2021-06-07 22:00:00,2.5488166666666667,2.532433333333333,293.1566666666667,245.008225
2021-06-07 23:00:00,2.5602500000000004,2.544233333333333,295.22666666666663,250.702415
2021-06-08 00:00:00,2.6333333333333333,2.603533333333333,361.72999999999996,187.85326166666667
2021-06-08 01:00:00,2.7354333333333334,2.7061833333333336,251.10666666666665,192.85905666666667
2021-06-08 02:00:00,2.7472833333333333,2.7357333333333336,304.4,176.32578166666664
2021-06-08 03:00:00,2.8325666666666667,2.8280833333333333,318.8666666666667,183.17688
2021-06-08 04:00:00,2.9080833333333334,2.9033333333333333,320.76166666666666,171.56237666666667
2021-06-08 05:00:00,3.0157833333333333,3.0067333333333335,319.38,156.69894833333333
2021-06-08 06:00:00,3.1599,3.1179833333333336,370.7552631578947,218.614235
2021-06-08 07:00:00,3.3667666666666665,3.2659499999999997,394.8930701754386,365.2007233333333
2021-06-08 08:00:00,3.3497,3.2481999999999998,364.1183333333333,342.94097166666666
2021-06-08 09:00:00,3.348883333333333,3.2473666666666667,358.30833333333334,363.97384
2021-06-08 10:00:00,3.32935,3.238183333333333,350.185,323.9144766666667
2021-06-08 11:00:00,3.2723166666666668,3.26335,323.675,379.95446833333335
2021-06-08 12:00:00,3.2459166666666666,3.233166666666667,316.77833333333336,276.02425666666664
2021-06-08 13:00:00,3.2531000000000003,3.2386,321.0866666666667,298.74349333333333
2021-06-08 14:00:00,3.2673166666666664,3.2508166666666667,323.43333333333334,281.588495
2021-06-08 15:00:00,3.270483333333333,3.2544,319.05833333333334,290.35818666666665
2021-06-08 16:00:00,3.27045,3.2546000000000004,323.06333333333333,316.743015
2021-06-08 17:00:00,3.2406333333333333,3.229716666666667,319.7083333333333,351.2685116666667
2021-06-08 18:00:00,3.168,3.1439833333333334,201.82000000000002,388.99758833333334
2021-06-08 19:00:00,3.0288166666666667,2.9840500000000003,152.595,366.49859166666664
2021-06-08 20:00:00,2.8476833333333333,2.8066166666666663,160.65,400.9193616666667
2021-06-08 21:00:00,2.7424666666666666,2.69415,232.04333333333335,287.61942833333336
2021-06-08 22:00:00,2.6797,2.63055,232.67833333333334,359.40449666666666
2021-06-08 23:00:00,2.5875333333333335,2.5441,267.37,329.818505
2021-06-09 00:00:00,2.564783333333333,2.5343,312.725,282.6151766666666
2021-06-09 01:00:00,2.6237,2.5866666666666664,314.46,149.70642333333333
2021-06-09 02:00:00,2.7353666666666667,2.6955666666666667,312.5933333333333,139.26799166666666
2021-06-09 03:00:00,2.843233333333333,2.8018833333333335,313.65166666666664,133.39982833333335
2021-06-09 04:00:00,2.9574833333333337,2.91395,312.0183333333333,145.44620666666665
2021-06-09 05:00:00,3.0810833333333334,3.0245333333333333,432.3066666666667,148.05182166666665
2021-06-09 06:00:00,3.3593333333333333,3.2667833333333336,641.8216666666667,216.05022333333332
2021-06-09 07:00:00,3.519833333333333,3.4867333333333335,506.01,390.065095
2021-06-09 08:00:00,3.4692333333333334,3.4461,274.81666666666666,379.883395
2021-06-09 09:00:00,3.3871666666666664,3.35695,268.1766666666667,399.1621216666666
2021-06-09 10:00:00,3.273616666666667,3.2452166666666664,270.15833333333336,387.10744166666666
2021-06-09 11:00:00,3.2127333333333334,3.1811166666666666,270.18833333333333,333.049195
2021-06-09 12:00:00,3.15395,3.1246666666666667,270.9533333333333,322.874825
2021-06-09 13:00:00,3.1253,3.0929833333333336,271.42,311.15616500000004
2021-06-09 14:00:00,3.0786333333333333,3.0486,265.6516666666667,291.76048333333335
2021-06-09 15:00:00,3.052133333333333,3.018466666666667,257.99,299.2652183333333
2021-06-09 16:00:00,3.0126,2.9825666666666666,276.9916666666667,321.64185833333335
2021-06-09 17:00:00,2.9718166666666668,2.9420833333333336,280.37333333333333,315.3018566666667
2021-06-09 18:00:00,2.91615,2.889733333333333,278.915,353.00758666666667
2021-06-09 19:00:00,2.8558999999999997,2.8284666666666665,276.125,375.84107500000005
2021-06-09 20:00:00,2.7506666666666666,2.728816666666667,276.6116666666667,379.7396
2021-06-09 21:00:00,2.6928,2.6701833333333336,278.905,341.4897
2021-06-09 22:00:00,2.6426333333333334,2.6194833333333336,282.385,321.3570516666667
2021-06-09 23:00:00,2.6306333333333334,2.6117333333333335,354.49666666666667,256.503045
2021-06-10 00:00:00,2.7523666666666666,2.758033333333333,489.39666666666665,211.51996833333334
2021-06-10 01:00:00,2.9319333333333333,2.934883333333333,471.6633333333333,192.23680666666667
2021-06-10 02:00:00,3.1302166666666666,3.1260333333333334,465.82166666666666,128.69312
2021-06-10 03:00:00,3.35745,3.3462166666666664,467.0133333333333,118.88457333333334
2021-06-10 04:00:00,3.544633333333333,3.4993666666666665,259.88666666666666,117.32709666666666
2021-06-10 05:00:00,3.61745,3.5551833333333334,223.35666666666665,140.71765
2021-06-10 06:00:00,3.65325,3.5806166666666663,223.48166666666665,232.87407833333333
2021-06-10 07:00:00,3.578016666666667,3.5271,221.39833333333334,345.9001333333334
2021-06-10 08:00:00,3.4616333333333333,3.4227666666666665,220.525,373.81539499999997
2021-06-10 09:00:00,3.3040333333333334,3.271983333333333,223.07166666666666,445.84235
2021-06-10 10:00:00,3.1638499999999996,3.13145,223.70166666666668,390.05641333333335
2021-06-10 11:00:00,3.0747333333333335,3.0405333333333333,223.56,275.6354166666667
2021-06-10 12:00:00,3.0358,3.0006,223.78,264.30316
2021-06-10 13:00:00,2.983966666666667,2.953883333333333,223.81833333333333,316.31632
2021-06-10 14:00:00,2.9042166666666662,2.877733333333333,223.52,300.78819500000003
2021-06-10 15:00:00,2.853416666666667,2.826,220.065,270.1916816666666
2021-06-10 16:00:00,2.8082333333333334,2.7813333333333334,222.82000000000002,285.38693
2021-06-10 17:00:00,2.75045,2.726766666666667,222.44666666666666,319.59403000000003
2021-06-10 18:00:00,2.6571166666666666,2.63475,222.89,320.2679166666667
2021-06-10 19:00:00,2.5647499999999996,2.5466333333333333,222.72833333333335,387.51939500000003
2021-06-10 20:00:00,2.42515,2.4117166666666665,220.89666666666665,391.20233333333334
2021-06-10 21:00:00,2.3277,2.319033333333333,289.80333333333334,346.66212666666667
2021-06-10 22:00:00,2.3062833333333335,2.29855,312.815,285.77858166666664
2021-06-10 23:00:00,2.3754,2.359166666666667,452.165,247.39372166666666
2021-06-11 00:00:00,2.5262499999999997,2.491433333333333,462.5783333333333,220.65969166666667
2021-06-11 01:00:00,2.6919833333333334,2.6564166666666664,453.675,183.48051666666666
2021-06-11 02:00:00,2.854233333333333,2.81855,410.7966666666667,150.13013166666667
2021-06-11 03:00:00,3.0340166666666666,2.996283333333333,412.98333333333335,119.35775666666667
2021-06-11 04:00:00,3.224616666666667,3.1843833333333333,414.15,119.85013666666667
2021-06-11 05:00:00,3.41095,3.3692166666666665,416.4,149.19989166666667
2021-06-11 06:00:00,3.5504499999999997,3.50965,382.15,231.95960333333332
2021-06-11 07:00:00,3.5656000000000003,3.5491333333333333,294.12666666666667,327.83393
2021-06-11 08:00:00,3.5056000000000003,3.49635,293.65166666666664,360.15863333333334
2021-06-11 09:00:00,3.437116666666667,3.43015,291.805,387.8576566666667
2021-06-11 10:00:00,3.38275,3.3717333333333332,293.65166666666664,318.4375933333333
2021-06-11 11:00:00,3.3632666666666666,3.3481666666666667,289.9166666666667,286.79343166666666
2021-06-11 12:00:00,3.35,3.335783333333333,289.8383333333333,316.76847499999997
2021-06-11 13:00:00,3.2891666666666666,3.28155,281.37166666666667,378.01557833333334
2021-06-11 14:00:00,3.2270333333333334,3.2151833333333335,282.5416666666667,303.29226833333337
2021-06-11 15:00:00,3.2267,3.2096,279.52000000000004,251.07675
2021-06-11 16:00:00,3.2243,3.2068999999999996,277.99833333333333,296.9774133333333
2021-06-11 17:00:00,3.1909666666666667,3.16035,259.75333333333333,308.2627383333333
2021-06-11 18:00:00,3.13995,3.1100166666666667,259.11833333333334,327.70785333333333
2021-06-11 19:00:00,3.05445,3.0281666666666665,259.62,408.4181483333333
2021-06-11 20:00:00,2.9447833333333335,2.921133333333333,259.4433333333333,375.6721733333333
2021-06-11 21:00:00,2.87175,2.847383333333333,254.55166666666668,318.616165
2021-06-11 22:00:00,2.83,2.8048833333333336,256.25333333333333,288.7775166666667
2021-06-11 23:00:00,2.7781833333333332,2.7615333333333334,306.93666666666667,340.37067666666667
2021-06-12 00:00:00,2.7864500000000003,2.7895166666666666,385.0466666666667,292.619895
2021-06-12 01:00:00,2.8558000000000003,2.8514166666666667,384.59833333333336,216.20427166666664
2021-06-12 02:00:00,3.00195,2.983433333333333,384.4183333333333,136.04551166666667
2021-06-12 03:00:00,3.1663,3.1508,386.9316666666667,125.13620666666667
2021-06-12 04:00:00,3.3362166666666666,3.313683333333333,387.1333333333333,123.01394333333333
2021-06-12 05:00:00,3.47675,3.459216666666667,388.67,220.59755166666667
2021-06-12 06:00:00,3.5839166666666666,3.5623833333333335,387.09166666666664,192.5966466666667
2021-06-12 07:00:00,3.6893499999999997,3.6705666666666668,389.3566666666667,236.84200166666668
2021-06-12 08:00:00,3.775516666666667,3.7568166666666665,386.3616666666667,244.697175
2021-06-12 09:00:00,3.815233333333333,3.80755,388.4866666666667,381.38688
2021-06-12 10:00:00,3.77305,3.7649,322.3233333333334,400.93062333333336
2021-06-12 11:00:00,3.691416666666667,3.65625,240.57666666666668,390.80326333333335
2021-06-12 12:00:00,3.578883333333333,3.5454333333333334,241.51333333333332,374.0553933333333
2021-06-12 13:00:00,3.4816000000000003,3.4484333333333335,229.83666666666667,341.88944333333336
2021-06-12 14:00:00,3.3900333333333332,3.3639,188.91666666666666,300.2003083333333
2021-06-12 15:00:00,3.2955166666666664,3.2725999999999997,185.505,339.57712499999997
2021-06-12 16:00:00,3.171266666666667,3.1502833333333333,183.47,351.4036716666667
2021-06-12 17:00:00,3.028716666666667,3.0103,187.63,368.06818833333335
2021-06-12 18:00:00,2.9191,2.9005,187.87,329.08043166666664
2021-06-12 19:00:00,2.7917166666666664,2.7789,186.5366666666667,370.75363166666665
2021-06-12 20:00:00,2.68025,2.6657,185.52833333333334,293.7915733333333
2021-06-12 21:00:00,2.6094500000000003,2.5925166666666666,185.44333333333333,267.1566916666667
2021-06-12 22:00:00,2.5543,2.5364166666666668,186.70166666666668,234.38602
2021-06-12 23:00:00,2.558183333333333,2.558783333333333,399.24666666666667,272.51913666666667
2021-06-13 00:00:00,2.6561,2.653233333333333,410.4816666666667,225.83017
2021-06-13 01:00:00,2.7703166666666665,2.7675833333333335,409.7566666666667,233.79800333333333
2021-06-13 02:00:00,2.8886666666666665,2.8812333333333333,411.64500000000004,193.01281333333333
2021-06-13 03:00:00,3.032966666666667,3.02035,411.8316666666667,180.8217733333333
2021-06-13 04:00:00,3.18,3.165233333333333,411.25333333333333,175.67792333333333
2021-06-13 05:00:00,3.340933333333333,3.3245833333333334,406.84833333333336,143.20788
2021-06-13 06:00:00,3.50515,3.4875,407.0183333333333,158.46326166666668
2021-06-13 07:00:00,3.624416666666667,3.613183333333333,406.60999999999996,272.8667883333333
2021-06-13 08:00:00,3.6980999999999997,3.6625333333333336,321.77000000000004,251.13539833333334
2021-06-13 09:00:00,3.7259666666666664,3.6606333333333336,266.15666666666664,252.83576333333335
2021-06-13 10:00:00,3.7001500000000003,3.6307,266.56,327.27424666666667
2021-06-13 11:00:00,3.6428166666666666,3.5743666666666667,266.0366666666667,332.3698283333333
2021-06-13 12:00:00,3.5905666666666667,3.5240500000000003,263.0866666666667,299.01077499999997
2021-06-13 13:00:00,3.5546,3.487016666666667,265.65666666666664,340.49232333333333
2021-06-13 14:00:00,3.4574166666666666,3.38675,265.05333333333334,410.59296166666667
2021-06-13 15:00:00,3.3454333333333333,3.2750833333333333,264.7033333333333,404.57373
2021-06-13 16:00:00,3.237083333333333,3.1694166666666663,262.63,416.92623833333334
2021-06-13 17:00:00,3.11745,3.05075,262.26166666666666,405.00806
2021-06-13 18:00:00,2.99205,2.923583333333333,266.32166666666666,429.41099833333334
2021-06-13 19:00:00,2.8964,2.8336166666666665,268.5383333333333,338.41997999999995
2021-06-13 20:00:00,2.855166666666667,2.7971666666666666,267.7,302.5018283333333
2021-06-13 21:00:00,2.81515,2.7566333333333333,267.1666666666667,299.951465
2021-06-13 22:00:00,2.801416666666667,2.7533000000000003,299.15166666666664,235.9460116666667
2021-06-13 23:00:00,2.8564833333333337,2.8565166666666664,375.85833333333335,202.74005833333334
2021-06-14 00:00:00,2.965,2.964932203389831,374.8084745762712,183.3230508474576
2021-06-14 01:00:00,3.1008833333333334,3.0977333333333332,371.56333333333333,139.40537833333335
2021-06-14 02:00:00,3.2547166666666665,3.2468,371.65,128.62569833333333
2021-06-14 03:00:00,3.4143833333333333,3.4038,372.60499999999996,120.24506
2021-06-14 04:00:00,3.5778666666666665,3.5647666666666664,372.625,122.98727333333333
2021-06-14 05:00:00,3.731866666666667,3.71795,371.3333333333333,142.66741166666668
2021-06-14 06:00:00,3.8257666666666665,3.8001333333333336,208.25666666666666,230.03944666666666
2021-06-14 07:00:00,3.7339333333333333,3.6974500000000003,199.02833333333334,386.63364333333334
2021-06-14 08:00:00,3.5654166666666667,3.5133,234.17833333333334,524.0450500000001
2021-06-14 09:00:00,3.3712333333333335,3.3228999999999997,235.495,437.0922566666667
2021-06-14 10:00:00,3.2348,3.1881666666666666,239.03333333333333,405.10550166666667
2021-06-14 11:00:00,3.1094,3.0639,238.015,386.51511666666664
2021-06-14 12:00:00,3.0145166666666667,2.9743500000000003,273.04833333333335,346.6024883333333
2021-06-14 13:00:00,2.980233333333333,2.9464333333333332,299.02166666666665,299.70271833333334
2021-06-14 14:00:00,2.978816666666667,2.9446166666666667,298.435,268.52105166666666
2021-06-14 15:00:00,2.99885,2.9632333333333336,298.9,242.570455
2021-06-14 16:00:00,3.0119666666666665,2.9754500000000004,299.49666666666667,269.41960166666667
2021-06-14 17:00:00,3.03045,2.9940166666666665,297.8066666666667,263.55801333333335
2021-06-14 18:00:00,3.0282166666666663,2.9937666666666667,297.51666666666665,313.30507
2021-06-14 19:00:00,2.9602833333333334,2.928233333333333,295.22333333333336,408.39659666666665
2021-06-14 20:00:00,2.8885333333333336,2.8584166666666664,293.685,337.57930666666664
2021-06-14 21:00:00,2.8546166666666664,2.83175,304.7916666666667,335.17897833333336
2021-06-14 22:00:00,2.807466666666667,2.7863666666666664,302.3316666666667,356.1403583333333
2021-06-14 23:00:00,2.7767,2.754433333333333,302.1383333333333,298.6598383333333
2021-06-15 00:00:00,2.7746666666666666,2.7549833333333336,320.445,301.7967633333334
2021-06-15 01:00:00,2.790233333333333,2.7664166666666663,319.8383333333333,249.69635833333334
2021-06-15 02:00:00,2.8685,2.8362333333333334,319.9633333333333,134.04096666666666
2021-06-15 03:00:00,2.9970833333333333,2.9639666666666664,321.9,117.67696500000001
2021-06-15 04:00:00,3.1248666666666667,3.09095,321.93333333333334,124.92566000000001
2021-06-15 05:00:00,3.2436166666666666,3.2095333333333333,321.94666666666666,153.99989
2021-06-15 06:00:00,3.3248,3.2945333333333333,324.075,234.68833166666667
2021-06-15 07:00:00,3.3426166666666663,3.315733333333333,326.665,300.0413516666667
2021-06-15 08:00:00,3.3447833333333334,3.3175499999999998,322.99,318.3336683333334
2021-06-15 09:00:00,3.3183333333333334,3.2960166666666666,326.885,340.612915
2021-06-15 10:00:00,3.322216666666667,3.2960333333333334,331.0,274.01488666666665
2021-06-15 11:00:00,3.3388833333333334,3.3150666666666666,335.52333333333337,314.42822666666666
2021-06-15 12:00:00,3.3640166666666667,3.3355166666666665,331.415,242.36156
2021-06-15 13:00:00,3.407683333333333,3.377283333333333,295.23833333333334,249.84071333333335
2021-06-15 14:00:00,3.3701000000000003,3.34085,171.82666666666668,281.4173816666667
2021-06-15 15:00:00,3.2933499999999998,3.264866666666667,172.81333333333333,256.98509666666666
2021-06-15 16:00:00,3.21205,3.1865,174.585,315.4394216666667
2021-06-15 17:00:00,3.08935,3.06735,172.49833333333333,347.935675
2021-06-15 18:00:00,2.96515,2.9627499999999998,286.78333333333336,386.9791916666666
2021-06-15 19:00:00,2.9057999999999997,2.9119499999999996,312.8933333333333,381.77030666666667
2021-06-15 20:00:00,2.81805,2.829066666666667,312.0433333333333,407.3332233333333
2021-06-15 21:00:00,2.7660833333333334,2.7712833333333333,310.02833333333336,340.98260666666664
2021-06-15 22:00:00,2.723716666666667,2.7305333333333333,312.42,365.48674666666665
2021-06-15 23:00:00,2.730433333333333,2.7209166666666667,308.3683333333333,206.60156166666667
2021-06-16 00:00:00,2.8149333333333333,2.796183333333333,312.52333333333337,160.95787166666665
2021-06-16 01:00:00,2.91895,2.89765,315.22666666666663,139.36746166666666
2021-06-16 02:00:00,3.0987,3.1393666666666666,613.7833333333333,127.00429666666668
2021-06-16 03:00:00,3.41595,3.4685333333333332,580.48,117.14171333333334
2021-06-16 04:00:00,3.677516666666667,3.6668666666666665,400.8616666666667,119.82657333333333
2021-06-16 05:00:00,3.8496333333333337,3.8368333333333333,361.1716666666667,141.32543666666666
2021-06-16 06:00:00,3.88725,3.8285,83.08166666666666,206.26169833333333
2021-06-16 07:00:00,3.799983333333333,3.773283333333333,278.415,375.14451833333334
2021-06-16 08:00:00,3.6930666666666667,3.6856166666666668,272.81166666666667,392.2131866666667
2021-06-16 09:00:00,3.5975166666666665,3.592,272.5516666666667,396.67155833333334
2021-06-16 10:00:00,3.5021833333333334,3.495633333333333,271.9583333333333,369.45543333333336
2021-06-16 11:00:00,3.427333333333333,3.4198999999999997,271.64,366.08763999999996
2021-06-16 12:00:00,3.350416666666667,3.3431833333333336,271.24333333333334,341.64654666666667
2021-06-16 13:00:00,3.325483333333333,3.30925,269.92833333333334,266.05939666666666
2021-06-16 14:00:00,3.3146666666666667,3.29835,265.6383333333333,260.87106
2021-06-16 15:00:00,3.2760333333333334,3.2621666666666664,261.93333333333334,261.4424266666667
2021-06-16 16:00:00,3.2879,3.2698666666666667,271.165,232.64248833333335
2021-06-16 17:00:00,3.2943166666666666,3.2781499999999997,271.17833333333334,270.373945
2021-06-16 18:00:00,3.2645833333333334,3.2525833333333334,271.4766666666667,300.58070166666664
2021-06-16 19:00:00,3.2300666666666666,3.22015,269.90333333333336,334.80118000000004
2021-06-16 20:00:00,3.1599833333333334,3.1481166666666667,282.8683333333333,354.67231
2021-06-16 21:00:00,3.13225,3.0940833333333333,300.8383333333333,341.63886
2021-06-16 22:00:00,3.071966666666667,3.0349999999999997,300.82666666666665,372.50730500000003
2021-06-16 23:00:00,3.00825,2.9715833333333337,305.6566666666667,368.4572616666666
2021-06-17 00:00:00,2.9723333333333333,2.9410000000000003,335.10333333333335,303.1930683333333
2021-06-17 01:00:00,3.001816666666667,2.9928833333333333,341.45,227.64496
2021-06-17 02:00:00,3.104966666666667,3.0862,342.615,137.44819666666666
2021-06-17 03:00:00,3.2361,3.2144,337.1116666666667,130.05439333333334
2021-06-17 04:00:00,3.411983333333333,3.3818166666666665,465.9566666666667,119.133135
2021-06-17 05:00:00,3.6388666666666665,3.6055,490.15999999999997,155.26299333333333
2021-06-17 06:00:00,3.8163,3.787783333333333,467.13,256.28873166666665
2021-06-17 07:00:00,3.8371166666666667,3.7952166666666667,177.41833333333335,310.06956333333335
2021-06-17 08:00:00,3.7296666666666667,3.6880666666666664,175.07166666666666,309.15425500000003
2021-06-17 09:00:00,3.6187833333333335,3.5789666666666666,173.69166666666666,344.17249166666664
2021-06-17 10:00:00,3.5145166666666667,3.47365,176.09166666666667,277.27477166666665
2021-06-17 11:00:00,3.44725,3.4072833333333334,175.38166666666666,246.67844166666666
2021-06-17 12:00:00,3.3934333333333333,3.3552166666666663,172.65333333333334,243.20307833333334
2021-06-17 13:00:00,3.3219166666666666,3.2843500000000003,174.98,293.5129833333333
2021-06-17 14:00:00,3.2153,3.1803833333333333,174.76166666666668,312.73836
2021-06-17 15:00:00,3.1221,3.0882,172.255,291.86345
2021-06-17 16:00:00,3.0336333333333334,2.99805,168.085,282.76040333333333
2021-06-17 17:00:00,2.9333666666666667,2.9005,174.92666666666668,328.181465
2021-06-17 18:00:00,2.7945333333333333,2.765133333333333,174.7133333333333,397.6233733333333
2021-06-17 19:00:00,2.6146666666666665,2.5898,173.73333333333332,413.29059166666667
2021-06-17 20:00:00,2.4336166666666665,2.4109666666666665,175.11,426.59555
2021-06-17 21:00:00,2.29275,2.270983333333333,174.97166666666666,290.69715833333333
2021-06-17 22:00:00,2.23285,2.2096666666666667,174.79833333333332,224.22023666666666
2021-06-17 23:00:00,2.2207500000000002,2.1870333333333334,253.24666666666664,198.66516000000001
2021-06-18 00:00:00,2.314783333333333,2.2622833333333334,375.2366666666667,191.09910666666667
2021-06-18 01:00:00,2.43995,2.3866,379.5783333333333,165.65097
2021-06-18 02:00:00,2.5865333333333336,2.532366666666667,379.38666666666666,132.78013166666668
2021-06-18 03:00:00,2.7504666666666666,2.6948999999999996,378.46666666666664,117.64623333333334
2021-06-18 04:00:00,2.9244333333333334,2.8683166666666664,382.67399598393575,116.07984666666667
2021-06-18 05:00:00,3.2537333333333334,3.2097166666666666,576.4415662650603,160.31284666666667
2021-06-18 06:00:00,3.628216666666667,3.571833333333333,539.6511044176707,197.4047
2021-06-18 07:00:00,3.7042,3.6316333333333333,297.2916666666667,284.320965
2021-06-18 08:00:00,3.6734999999999998,3.59375,297.85,394.1265833333334
2021-06-18 09:00:00,3.5830333333333333,3.502683333333333,297.68666666666667,394.4898733333333
2021-06-18 10:00:00,3.489616666666667,3.4131666666666667,290.85833333333335,372.48627666666664
2021-06-18 11:00:00,3.4450333333333334,3.3709166666666666,299.41,346.72040666666663
2021-06-18 12:00:00,3.4007833333333335,3.326983333333333,302.6616666666667,349.94876
2021-06-18 13:00:00,3.3455166666666667,3.2736,300.97,362.90336666666667
2021-06-18 14:00:00,3.3212166666666665,3.2534,302.62833333333333,261.283495
2021-06-18 15:00:00,3.34815,3.2830500000000002,305.31333333333333,239.20587666666668
2021-06-18 16:00:00,3.3806000000000003,3.3145333333333338,304.47333333333336,240.60071333333332
2021-06-18 17:00:00,3.409383333333333,3.3419666666666665,305.69666666666666,260.64995166666665
2021-06-18 18:00:00,3.4141166666666667,3.3433166666666665,304.15999999999997,316.058605
2021-06-18 19:00:00,3.3721666666666668,3.299783333333333,302.0433333333333,329.938645
2021-06-18 20:00:00,3.3443166666666664,3.2733166666666667,299.2366666666667,353.4597166666666
2021-06-18 21:00:00,3.282566666666667,3.2115500000000003,301.09666666666664,344.9070283333333
2021-06-18 22:00:00,3.2605166666666667,3.1898666666666666,302.97166666666664,322.564795
2021-06-18 23:00:00,3.2121500000000003,3.1720333333333333,264.60833333333335,294.94959833333337
2021-06-19 00:00:00,3.1841333333333335,3.1597,259.08166666666665,249.92711666666668
2021-06-19 01:00:00,3.1845833333333333,3.157566666666667,258.70166666666665,240.82816666666668
2021-06-19 02:00:00,3.2079166666666667,3.1764,259.10833333333335,186.83819
2021-06-19 03:00:00,3.252483333333333,3.2207,259.34333333333336,162.34534
2021-06-19 04:00:00,3.3290333333333333,3.2921666666666667,260.05833333333334,125.11610666666667
2021-06-19 05:00:00,3.4063166666666667,3.368866666666667,256.12833333333333,148.52972666666668
2021-06-19 06:00:00,3.4567166666666664,3.4220166666666665,252.73833333333332,186.05761833333332
2021-06-19 07:00:00,3.4449666666666667,3.4186166666666664,253.26333333333332,298.43263666666667
2021-06-19 08:00:00,3.4132333333333333,3.3863833333333333,258.405,277.817995
2021-06-19 09:00:00,3.380033333333333,3.35695,259.50166666666667,286.98505666666665
2021-06-19 10:00:00,3.3386833333333334,3.3171000000000004,258.7683333333333,344.33127833333333
2021-06-19 11:00:00,3.2335833333333333,3.219266666666667,257.725,389.18581333333333
2021-06-19 12:00:00,3.151216666666667,3.134133333333333,258.115,344.9795433333333
2021-06-19 13:00:00,3.063216666666667,3.0483833333333332,257.225,398.80507
2021-06-19 14:00:00,2.9784833333333336,2.9653833333333335,256.50333333333333,410.04114166666665
2021-06-19 15:00:00,2.976,2.962,256.4,406.9274
2021-06-19 16:00:00,2.976,2.962,256.4,406.9274
2021-06-19 17:00:00,2.8044333333333333,2.794233333333333,262.54,382.8898433333333
2021-06-19 18:00:00,2.742,2.733,264.8,373.0809
2021-06-19 19:00:00,2.803933333333333,2.72875,615.2716666666668,276.00941666666665
2021-06-19 20:00:00,2.983683333333333,2.8924000000000003,398.29,347.9617116666667
2021-06-19 21:00:00,2.8539833333333333,2.8578333333333332,236.82833333333335,347.58197333333334
2021-06-19 22:00:00,2.8442166666666666,2.8741166666666667,380.0316666666667,251.839855
2021-06-19 23:00:00,2.925,2.9617666666666667,418.675,219.89629166666666
2021-06-20 00:00:00,3.0708166666666665,3.0914833333333336,383.0816666666667,180.21804
2021-06-20 01:00:00,3.1773666666666665,3.1707666666666667,318.64166666666665,174.39218
2021-06-20 02:00:00,3.278033333333333,3.265416666666667,319.05,139.20009166666665
2021-06-20 03:00:00,3.3951166666666666,3.379433333333333,320.35999999999996,147.52439
2021-06-20 04:00:00,3.487983333333333,3.4760333333333335,322.6616666666667,175.72399833333333
2021-06-20 05:00:00,3.5659833333333335,3.55815,325.92833333333334,225.71123333333333
2021-06-20 06:00:00,3.6144000000000003,3.6077999999999997,327.64833333333337,231.42553
2021-06-20 07:00:00,3.666166666666667,3.6491666666666664,246.87833333333336,222.31223333333335
2021-06-20 08:00:00,3.6156,3.57125,107.33833333333334,267.29483999999997
2021-06-20 09:00:00,3.459083333333333,3.4292166666666666,175.965,383.6919483333333
2021-06-20 10:00:00,3.3118166666666666,3.3156666666666665,256.1616666666667,419.008525
2021-06-20 11:00:00,3.2031666666666667,3.2049499999999997,258.5183333333333,361.95925
2021-06-20 12:00:00,3.13635,3.1334500000000003,260.655,324.70422333333335
2021-06-20 13:00:00,3.0926666666666667,3.0843,258.7,308.21543333333335
2021-06-20 14:00:00,3.039616666666667,3.034466666666667,257.84166666666664,318.9991066666667
2021-06-20 15:00:00,2.975916666666667,2.9706333333333332,254.62166666666664,327.47509166666663
2021-06-20 16:00:00,2.908466666666667,2.907433333333333,253.92666666666668,368.56718
2021-06-20 17:00:00,2.8101833333333333,2.8108833333333334,252.22333333333333,348.2110033333333
2021-06-20 18:00:00,2.7316166666666666,2.7338666666666667,252.85166666666666,368.5925183333333
2021-06-20 19:00:00,2.6255666666666664,2.63145,251.25166666666667,397.6705866666667
2021-06-20 20:00:00,2.539433333333333,2.541316666666667,251.12,295.42345666666665
2021-06-20 21:00:00,2.5085333333333333,2.5095666666666667,248.41333333333333,322.77340666666663
2021-06-20 22:00:00,2.4094166666666665,2.421266666666667,244.11833333333334,361.8071683333334
2021-06-20 23:00:00,2.344266666666667,2.3492333333333333,247.755,296.406975
2021-06-21 00:00:00,2.330633333333333,2.3253833333333334,248.92166666666665,220.10955833333335
2021-06-21 01:00:00,2.3727333333333336,2.3605666666666667,250.29333333333335,149.49736833333333
2021-06-21 02:00:00,2.4378,2.423483333333333,250.15333333333334,147.51285833333333
2021-06-21 03:00:00,2.5083333333333333,2.493466666666667,250.79500000000002,119.40988333333333
2021-06-21 04:00:00,2.5870166666666665,2.5695333333333332,251.31333333333333,137.83876833333335
2021-06-21 05:00:00,2.627333333333333,2.6162833333333335,250.23,208.458815
2021-06-21 06:00:00,2.658283333333333,2.6445999999999996,257.7133333333333,196.55872499999998
2021-06-21 07:00:00,2.66095,2.65715,252.0,290.5514383333333
2021-06-21 08:00:00,2.5546333333333333,2.5679333333333334,250.02833333333334,423.0640666666667
2021-06-21 09:00:00,2.429133333333333,2.4425000000000003,293.01500000000004,403.12122833333336
2021-06-21 10:00:00,2.4724333333333335,2.4308166666666664,506.4216666666667,331.8341116666667
2021-06-21 11:00:00,2.592033333333333,2.54265,512.3266666666666,322.5846966666667
2021-06-21 12:00:00,2.68495,2.6325166666666666,510.8566666666667,346.09312500000004
2021-06-21 13:00:00,2.8037833333333335,2.7496666666666667,510.9,284.60678666666666
2021-06-21 14:00:00,2.952116666666667,2.897583333333333,507.185,257.47809166666667
2021-06-21 15:00:00,3.0990333333333333,3.0424166666666665,509.365,268.851245
2021-06-21 16:00:00,3.2365500000000003,3.177516666666667,516.0516666666666,306.10646333333335
2021-06-21 17:00:00,3.3435333333333332,3.283266666666667,407.40166666666664,332.5291466666667
2021-06-21 18:00:00,3.303933333333333,3.24715,271.46666666666664,378.44234500000005
2021-06-21 19:00:00,3.1992166666666666,3.14475,268.3366666666667,414.036605
2021-06-21 20:00:00,3.0944333333333334,3.042666666666667,266.99,360.5487683333333
2021-06-21 21:00:00,3.0440166666666664,2.9949,268.53166666666664,305.736785
2021-06-21 22:00:00,3.0040166666666663,2.9560000000000004,266.50666666666666,312.0877283333333
2021-06-21 23:00:00,2.9708666666666668,2.9222166666666665,262.585,258.052945
2021-06-22 00:00:00,2.9818,2.9345833333333333,262.87166666666667,211.04654833333333
2021-06-22 01:00:00,3.0159833333333332,2.9697,263.96833333333336,186.89592666666667
2021-06-22 02:00:00,3.080433333333333,3.03205,262.095,125.51521
2021-06-22 03:00:00,3.16915,3.1203999999999996,265.18333333333334,116.59029166666666
2021-06-22 04:00:00,3.26475,3.2138666666666666,268.72833333333335,116.63600333333333
2021-06-22 05:00:00,3.3541000000000003,3.3031333333333333,269.09166666666664,149.32303
2021-06-22 06:00:00,3.3899833333333333,3.33805,269.72,282.20050499999996
2021-06-22 07:00:00,3.326416666666667,3.2748833333333334,264.21,346.9414533333333
2021-06-22 08:00:00,3.2642333333333338,3.2132666666666667,269.5383333333333,348.3814516666667
2021-06-22 09:00:00,3.16865,3.1186,262.065,412.05910166666666
2021-06-22 10:00:00,3.0557833333333333,3.0084166666666667,263.64166666666665,366.51402333333334
2021-06-22 11:00:00,2.99435,2.9469333333333334,263.61333333333334,310.0337833333333
2021-06-22 12:00:00,2.9777333333333336,2.9299833333333334,261.25166666666667,246.58467166666665
2021-06-22 13:00:00,2.963,2.9147833333333333,259.8666666666667,294.56467833333335
2021-06-22 14:00:00,2.9154166666666668,2.865416666666667,264.14,336.89845499999996
2021-06-22 15:00:00,2.831866666666667,2.78485,264.265,336.518095
2021-06-22 16:00:00,2.8062833333333335,2.760383333333333,265.48833333333334,272.83858666666663
2021-06-22 17:00:00,2.7846166666666665,2.7371833333333333,266.205,298.38857333333334
2021-06-22 18:00:00,2.7316166666666666,2.6853833333333332,264.82,331.0611166666667
2021-06-22 19:00:00,2.6812666666666667,2.6361833333333333,291.955,317.5183216666667
2021-06-22 20:00:00,2.6569166666666666,2.6257666666666664,349.555,348.3508916666667
2021-06-22 21:00:00,2.6214166666666667,2.59415,349.435,410.49254333333334
2021-06-22 22:00:00,2.584483333333333,2.55685,349.10333333333335,315.78971333333334
2021-06-22 23:00:00,2.6205833333333337,2.5881666666666665,349.56333333333333,255.12591166666667
2021-06-23 00:00:00,2.6871,2.654533333333333,353.76500000000004,215.12981499999998
2021-06-23 01:00:00,2.8017499999999997,2.761883333333333,356.5433333333333,143.22441166666667
2021-06-23 02:00:00,2.9404,2.8980166666666665,352.27666666666664,128.28059
2021-06-23 03:00:00,3.0845833333333332,3.041616666666667,351.50166666666667,130.02429333333333
2021-06-23 04:00:00,3.21795,3.1715999999999998,348.53499999999997,151.69668833333333
2021-06-23 05:00:00,3.329066666666667,3.28335,351.195,185.63629
2021-06-23 06:00:00,3.4114500000000003,3.36665,352.245,244.22465333333332
2021-06-23 07:00:00,3.445333333333333,3.403216666666667,351.615,334.78475
2021-06-23 08:00:00,3.4144,3.375716666666667,347.40999999999997,376.2265883333333
2021-06-23 09:00:00,3.368533333333333,3.3323166666666664,350.555,430.44696166666665
2021-06-23 10:00:00,3.3045166666666668,3.2673666666666668,348.67833333333334,374.98572333333334
2021-06-23 11:00:00,3.3077666666666667,3.26865,347.27833333333336,293.06924999999995
2021-06-23 12:00:00,3.3326833333333337,3.2925666666666666,348.095,295.09309666666667
2021-06-23 13:00:00,3.3496333333333337,3.3082166666666666,336.0316666666667,302.0240316666667
2021-06-23 14:00:00,3.372192307692308,3.3195,287.59615384615387,248.42363461538463
2021-06-23 15:00:00,3.4138,3.3559833333333335,307.73333333333335,269.1729383333333
2021-06-23 16:00:00,3.4272833333333335,3.367116666666667,297.7066666666667,287.4864933333334
2021-06-23 17:00:00,3.3952666666666667,3.3339,307.3933333333333,371.89785166666667
2021-06-23 18:00:00,3.3344,3.2746666666666666,305.34666666666664,366.28982666666667
2021-06-23 19:00:00,3.2616500000000004,3.20245,304.02333333333337,408.53686
2021-06-23 20:00:00,3.201918918918919,3.1463513513513512,297.1378378378378,355.3408432432432
2021-06-23 21:00:00,3.1065555555555555,3.0511851851851852,302.27962962962965,345.8521203703704
2021-06-23 22:00:00,3.08815,3.0349333333333335,305.5866666666667,290.085545
2021-06-23 23:00:00,3.0864666666666665,3.0355,298.65999999999997,271.1748416666667
2021-06-24 00:00:00,3.1135,3.0623,297.155,212.99810333333335
2021-06-24 01:00:00,3.1685333333333334,3.116216666666667,298.23833333333334,196.43026
2021-06-24 02:00:00,3.2425833333333336,3.1891333333333334,301.02333333333337,142.40402
2021-06-24 03:00:00,3.3568333333333333,3.3030166666666667,305.52666666666664,115.06364166666667
2021-06-24 04:00:00,3.4801166666666665,3.4232,306.095,113.81077166666667
2021-06-24 05:00:00,3.615333333333333,3.5611666666666664,387.2866666666667,144.61192666666665
2021-06-24 06:00:00,3.7396499999999997,3.6923000000000004,344.74833333333333,232.99491166666667
2021-06-24 07:00:00,3.7000333333333333,3.67665,280.6616666666667,386.09645166666667
2021-06-24 08:00:00,3.6611666666666665,3.6475166666666667,365.32666666666665,313.2201783333333
2021-06-24 09:00:00,3.652916666666667,3.63705,317.03333333333336,374.0367816666667
2021-06-24 10:00:00,3.5961,3.5739500000000004,292.60166666666663,355.56140666666664
2021-06-24 11:00:00,3.552133333333333,3.52655,289.85833333333335,341.29497499999997
2021-06-24 12:00:00,3.5204333333333335,3.4909499999999998,288.7866666666667,269.4086016666667
2021-06-24 13:00:00,3.52865,3.4957333333333334,289.26500000000004,275.39737333333335
2021-06-24 14:00:00,3.5137666666666667,3.48415,289.24833333333333,293.1159533333333
2021-06-24 15:00:00,3.4912,3.463,288.59166666666664,321.5456833333334
2021-06-24 16:00:00,3.4316166666666663,3.4085166666666664,290.305,363.2415816666667
2021-06-24 17:00:00,3.37505,3.352116666666667,295.89833333333337,360.5823916666667
2021-06-24 18:00:00,3.33065,3.3050833333333336,294.675,294.4226066666667
2021-06-24 19:00:00,3.3213166666666667,3.29535,291.59833333333336,310.14865333333336
2021-06-24 20:00:00,3.2863166666666666,3.2644,287.585,333.8697383333334
2021-06-24 21:00:00,3.22805,3.2101166666666665,287.02833333333336,357.9954333333333
2021-06-24 22:00:00,3.1811166666666666,3.1607833333333333,286.51166666666666,310.5606916666667
2021-06-24 23:00:00,3.1632000000000002,3.1399166666666667,286.295,265.659765
2021-06-25 00:00:00,3.18705,3.1570833333333335,297.27333333333337,223.89043666666666
2021-06-25 01:00:00,3.2575,3.2191166666666664,332.9533333333333,166.28794000000002
2021-06-25 02:00:00,3.3829166666666666,3.3377166666666667,332.87166666666667,123.17804166666666
2021-06-25 03:00:00,3.517866666666667,3.4707333333333334,333.13,134.45892166666667
2021-06-25 04:00:00,3.6028000000000002,3.5530666666666666,218.04333333333335,171.15292666666667
2021-06-25 05:00:00,3.605,3.554933333333333,187.90333333333334,189.04593333333332
2021-06-25 06:00:00,3.57175,3.5251,193.525,275.83278333333334
2021-06-25 07:00:00,3.4632833333333335,3.4246,202.52333333333334,408.06295500000004
2021-06-25 08:00:00,3.310666666666667,3.2746166666666667,257.9133333333333,345.078785
2021-06-25 09:00:00,3.3641666666666667,3.316666666666667,437.7316666666667,331.1566266666667
2021-06-25 10:00:00,3.3429,3.24465,279.38666666666666,395.74485166666665
2021-06-25 11:00:00,3.2652833333333335,3.170466666666667,281.90333333333336,322.65635833333334
2021-06-25 12:00:00,3.241033333333333,3.152,284.45,288.50655333333333
2021-06-25 13:00:00,3.2230166666666666,3.133966666666667,284.3566666666667,296.274515
2021-06-25 14:00:00,3.2065166666666665,3.118316666666667,278.9683333333333,271.37037833333335
2021-06-25 15:00:00,3.19295,3.104633333333333,279.62,282.3470716666667
2021-06-25 16:00:00,3.176083333333333,3.0829833333333334,281.22,316.0044066666667
2021-06-25 17:00:00,3.1408166666666664,3.0477666666666665,283.57666666666665,319.38762
2021-06-25 18:00:00,3.0755,2.9741666666666666,283.505,401.9362366666667
2021-06-25 19:00:00,2.9633166666666666,2.8608166666666666,279.0783333333333,434.589075
2021-06-25 20:00:00,2.8580833333333335,2.7640499999999997,274.335,389.47862833333335
2021-06-25 21:00:00,2.7651666666666666,2.6721,275.14833333333337,366.047285
2021-06-25 22:00:00,2.71125,2.627333333333333,274.68,297.698915
2021-06-25 23:00:00,2.7009666666666665,2.63335,345.84833333333336,244.40296166666667
2021-06-26 00:00:00,2.7652666666666668,2.7407833333333333,339.2,205.20014666666665
2021-06-26 01:00:00,2.8449666666666666,2.812816666666667,306.69166666666666,160.07916166666666
2021-06-26 02:00:00,2.9510666666666667,2.915433333333333,307.59000000000003,131.640345
2021-06-26 03:00:00,3.0627,3.02345,306.48833333333334,135.28002
2021-06-26 04:00:00,3.17775,3.1344833333333333,307.2633333333333,118.02964166666668
2021-06-26 05:00:00,3.3057833333333333,3.2828833333333334,405.11333333333334,145.42800166666666
2021-06-26 06:00:00,3.447216666666667,3.4053166666666663,319.40833333333336,168.068425
2021-06-26 07:00:00,3.529433333333333,3.4792833333333335,322.835,260.86817333333335
2021-06-26 08:00:00,3.553533333333333,3.5026,291.34000000000003,228.99052500000002
2021-06-26 09:00:00,3.5729333333333333,3.5252166666666667,308.23833333333334,303.0251733333333
2021-06-26 10:00:00,3.5128833333333334,3.48325,303.07666666666665,396.90074833333335
2021-06-26 11:00:00,3.4152666666666667,3.392033333333333,302.04,429.618455
2021-06-26 12:00:00,3.330116666666667,3.3009166666666667,302.72,405.41244166666667
2021-06-26 13:00:00,3.228733333333333,3.2064166666666667,301.68833333333333,400.6923033333333
2021-06-26 14:00:00,3.1830166666666666,3.1573166666666665,300.27833333333336,294.07599166666665
2021-06-26 15:00:00,3.1699166666666665,3.1463666666666668,301.25,318.3900783333333
2021-06-26 16:00:00,3.1371166666666666,3.11065,299.64500000000004,329.1997683333333
2021-06-26 17:00:00,3.13085,3.0931166666666665,300.90999999999997,261.12186333333335
2021-06-26 18:00:00,3.162116666666667,3.1179333333333332,300.97166666666664,247.25713166666668
2021-06-26 19:00:00,3.1786833333333333,3.1367833333333333,300.38666666666666,268.11795333333333
2021-06-26 20:00:00,3.1477666666666666,3.1167666666666665,297.2183333333333,380.2786766666667
2021-06-26 21:00:00,3.076516666666667,3.0467166666666667,292.7366666666667,335.1375516666667
2021-06-26 22:00:00,3.0637499999999998,3.0256833333333333,292.47833333333335,270.354945
2021-06-26 23:00:00,3.07725,3.0354,291.35833333333335,241.950675
2021-06-27 00:00:00,3.104766666666667,3.0623833333333335,305.85,228.96144833333335
2021-06-27 01:00:00,3.1597166666666667,3.1144000000000003,313.57666666666665,202.7996
2021-06-27 02:00:00,3.2289666666666665,3.1795166666666668,313.43666666666667,191.44550333333333
2021-06-27 03:00:00,3.3116,3.2594,312.07,170.45413666666667
2021-06-27 04:00:00,3.3976166666666665,3.3443666666666667,312.37833333333333,172.58422000000002
2021-06-27 05:00:00,3.4807166666666665,3.4261666666666666,313.1766666666666,176.47567333333333
2021-06-27 06:00:00,3.5742833333333333,3.5172833333333333,315.865,164.30537333333334
2021-06-27 07:00:00,3.6328,3.5890333333333335,317.03,260.9490216666667
2021-06-27 08:00:00,3.63975,3.6015333333333337,318.9483333333334,268.53960333333333
2021-06-27 09:00:00,3.6255,3.59695,308.055,360.21347333333335
2021-06-27 10:00:00,3.5847333333333333,3.5578333333333334,309.1066666666667,331.56981833333333
2021-06-27 11:00:00,3.5407333333333333,3.515816666666667,308.4166666666667,355.99626
2021-06-27 12:00:00,3.5126,3.484,302.77166666666665,312.6500316666667
2021-06-27 13:00:00,3.4964166666666667,3.4646,304.4533333333333,309.44906333333336
2021-06-27 14:00:00,3.4677166666666666,3.439,303.34666666666664,322.06699000000003
2021-06-27 15:00:00,3.4284000000000003,3.400316666666667,259.715,373.50968166666667
2021-06-27 16:00:00,3.2744,3.212283333333333,119.545,420.7975783333333
2021-06-27 17:00:00,3.065033333333333,3.00395,119.61666666666666,397.81167
2021-06-27 18:00:00,2.8735333333333335,2.817466666666667,143.11166666666668,338.35747999999995
2021-06-27 19:00:00,2.7870166666666667,2.7603333333333335,297.77000000000004,333.862745
2021-06-27 20:00:00,2.7310666666666665,2.7114,288.1716666666667,338.3800983333333
2021-06-27 21:00:00,2.682983333333333,2.65895,269.40833333333336,347.5927283333333
2021-06-27 22:00:00,2.619,2.5938333333333334,273.725,306.1518516666667
2021-06-27 23:00:00,2.648416666666667,2.606666666666667,364.89166666666665,218.875365
2021-06-28 00:00:00,2.7906666666666666,2.7357,411.9183333333333,160.81579166666668
2021-06-28 01:00:00,2.9558166666666663,2.8986500000000004,411.635,138.80651833333334
2021-06-28 02:00:00,3.1390833333333332,3.0770666666666666,415.8616666666667,124.65238666666666
2021-06-28 03:00:00,3.33245,3.266966666666667,419.7683333333333,117.63160166666667
2021-06-28 04:00:00,3.5264,3.457533333333333,403.42333333333335,119.75529499999999
2021-06-28 05:00:00,3.693233333333333,3.6195333333333335,372.7933333333333,140.71527666666668
2021-06-28 06:00:00,3.8023499999999997,3.726383333333333,301.8333333333333,238.77317
2021-06-28 07:00:00,3.7422166666666663,3.66785,242.95333333333335,408.3718833333333
2021-06-28 08:00:00,3.6018833333333333,3.5306,239.78166666666667,423.9187483333333
2021-06-28 09:00:00,3.4362500000000002,3.3649666666666667,243.02166666666665,494.818505
2021-06-28 10:00:00,3.2789833333333336,3.2115333333333336,240.64,379.93988833333333
2021-06-28 11:00:00,3.178633333333333,3.114,236.36833333333334,358.45205833333335
2021-06-28 12:00:00,3.0982333333333334,3.0345500000000003,235.93666666666667,310.97181333333333
2021-06-28 13:00:00,3.0412833333333333,2.9804666666666666,235.56833333333333,270.73562
2021-06-28 14:00:00,3.0158833333333335,2.9576833333333337,234.98666666666668,254.37228000000002
2021-06-28 15:00:00,2.98435,2.9284833333333333,234.69333333333333,270.6365816666667
2021-06-28 16:00:00,2.9480666666666666,2.89175,234.80833333333334,277.45158166666664
2021-06-28 17:00:00,2.9065833333333333,2.852416666666667,236.77333333333334,273.07093999999995
2021-06-28 18:00:00,2.860316666666667,2.8038666666666665,240.425,332.8899616666667
2021-06-28 19:00:00,2.7571,2.7057,240.55833333333334,377.8556533333333
2021-06-28 20:00:00,2.6543,2.6048666666666667,240.65666666666667,367.5955333333333
2021-06-28 21:00:00,2.5493666666666663,2.501,239.94666666666666,365.09415333333334
2021-06-28 22:00:00,2.4524833333333333,2.4052833333333337,241.04666666666665,358.8098483333333
2021-06-28 23:00:00,2.375,2.3315166666666665,242.94500000000002,304.50250166666666
2021-06-29 00:00:00,2.3338666666666668,2.2901499999999997,241.79333333333335,262.4397383333333
2021-06-29 01:00:00,2.408866666666667,2.3816333333333333,492.8183333333333,176.95155166666666
2021-06-29 02:00:00,2.63155,2.603216666666667,506.8383333333333,167.72780666666668
2021-06-29 03:00:00,2.840816666666667,2.8084,506.885,188.89578333333333
2021-06-29 04:00:00,3.047883333333333,3.0087166666666665,502.62,158.91234500000002
2021-06-29 05:00:00,3.279033333333333,3.234,503.45166666666665,153.14642666666666
2021-06-29 06:00:00,3.462616666666667,3.42465,517.2833333333333,276.1619466666667
2021-06-29 07:00:00,3.5965166666666666,3.5564000000000004,433.5383333333333,287.483695
2021-06-29 08:00:00,3.603816666666667,3.55835,255.57833333333335,292.08050166666663
2021-06-29 09:00:00,3.54785,3.5072666666666668,254.38333333333333,335.48257333333333
2021-06-29 10:00:00,3.4719166666666665,3.4315166666666665,243.90833333333333,334.531065
2021-06-29 11:00:00,3.4213999999999998,3.3796833333333334,254.84666666666666,302.8839066666667
2021-06-29 12:00:00,3.3650499999999997,3.3234833333333333,254.84166666666667,307.4647366666667
2021-06-29 13:00:00,3.311583333333333,3.2712,255.22,320.300735
2021-06-29 14:00:00,3.2558333333333334,3.2170666666666667,255.18666666666667,304.77426333333335
2021-06-29 15:00:00,3.2117166666666668,3.172566666666667,255.76666666666668,288.0104116666667
2021-06-29 16:00:00,3.1581166666666665,3.1252,257.74833333333333,377.35811666666666
2021-06-29 17:00:00,3.0352372881355936,3.008050847457627,246.93389830508474,399.517506779661
2021-06-29 18:00:00,2.927033333333333,2.8987833333333333,253.65666666666667,363.5090633333333
2021-06-29 19:00:00,2.8538666666666668,2.825416666666667,254.095,312.620325
2021-06-29 20:00:00,2.777733333333333,2.7514499999999997,252.535,405.4625833333333
2021-06-29 21:00:00,2.656433333333333,2.63295,253.30499999999998,361.41035833333336
2021-06-29 22:00:00,2.6156333333333337,2.5873333333333335,252.155,263.512875
2021-06-29 23:00:00,2.638316666666667,2.5897833333333335,347.01500000000004,238.32272
2021-06-30 00:00:00,2.7440333333333333,2.6803833333333333,390.135,201.07393666666667
2021-06-30 01:00:00,2.8697833333333334,2.8054833333333336,390.42333333333335,169.58382333333333
2021-06-30 02:00:00,3.0244666666666666,2.9590166666666664,390.1766666666666,132.55088166666667
2021-06-30 03:00:00,3.1931166666666666,3.12535,390.82,125.55559666666666
2021-06-30 04:00:00,3.363583333333333,3.2912833333333333,386.9683333333333,126.295265
2021-06-30 05:00:00,3.5138499999999997,3.4376333333333333,383.3366666666667,187.71625833333334
2021-06-30 06:00:00,3.618333333333333,3.5372666666666666,387.81166666666667,243.3202916666667
2021-06-30 07:00:00,3.666433333333333,3.578316666666667,387.8283333333333,375.6802216666667
2021-06-30 08:00:00,3.621166666666667,3.5273,384.0466666666667,478.98246
2021-06-30 09:00:00,3.5446833333333334,3.455433333333333,359.75166666666667,412.5338316666667
2021-06-30 10:00:00,3.4372333333333334,3.3806000000000003,243.15666666666667,412.1994383333333
2021-06-30 11:00:00,3.335666666666667,3.2832333333333334,251.45,333.35454500000003
2021-06-30 12:00:00,3.26665,3.21405,251.85833333333332,316.74158
2021-06-30 13:00:00,3.2296,3.1753,251.50666666666666,276.78200833333335
2021-06-30 14:00:00,3.2105,3.1572166666666663,252.11499999999998,260.868995
2021-06-30 15:00:00,3.1823333333333332,3.1311833333333334,252.69666666666666,267.64509166666664
2021-06-30 16:00:00,3.1695166666666665,3.116016666666667,254.345,258.7129566666666
2021-06-30 17:00:00,3.1465,3.0940000000000003,255.11333333333332,298.52834333333334
2021-06-30 18:00:00,3.0795000000000003,3.0296000000000003,250.3,348.86404166666665
2021-06-30 19:00:00,3.0093666666666667,2.9621833333333334,249.20166666666668,325.8501083333333
2021-06-30 20:00:00,2.897283333333333,2.8543499999999997,248.69666666666666,453.2783283333334
2021-06-30 21:00:00,2.75785,2.7180666666666666,254.64166666666668,372.6008316666667
2021-06-30 22:00:00,2.6696666666666666,2.6317000000000004,253.52333333333334,371.89702166666666
2021-06-30 23:00:00,2.59815,2.585916666666667,356.85333333333335,337.6275416666667
2021-07-01 00:00:00,2.5961833333333337,2.6153,380.76666666666665,322.8105316666667
2021-07-01 01:00:00,2.6752333333333334,2.68005,382.35333333333335,179.8640716666667
2021-07-01 02:00:00,2.8293000000000004,2.8209999999999997,384.10333333333335,132.31663
2021-07-01 03:00:00,2.992433333333333,2.9793333333333334,383.35499999999996,128.92614166666667
2021-07-01 04:00:00,3.1569,3.1410666666666667,383.455,127.10949000000001
2021-07-01 05:00:00,3.3156499999999998,3.2987333333333333,384.47999999999996,150.90690666666666
2021-07-01 06:00:00,3.508483333333333,3.4601333333333333,621.8316666666667,232.66988666666666
2021-07-01 07:00:00,3.696566666666667,3.604233333333333,362.925,358.86699000000004
2021-07-01 08:00:00,3.6416833333333334,3.5494333333333334,274.9433333333333,315.36578000000003
2021-07-01 09:00:00,3.6354166666666665,3.5358,279.22166666666664,280.15778166666666
2021-07-01 10:00:00,3.5702,3.471616666666667,278.725,421.2989716666667
2021-07-01 11:00:00,3.4674833333333335,3.3755,283.60166666666663,330.03276166666666
2021-07-01 12:00:00,3.4610666666666665,3.367766666666667,282.22833333333335,262.25292666666667
2021-07-01 13:00:00,3.4406833333333333,3.3475166666666665,279.34000000000003,314.4990833333333
2021-07-01 14:00:00,3.397483333333333,3.30585,280.9816666666667,320.04162166666663
2021-07-01 15:00:00,3.3631666666666664,3.2740666666666667,280.625,280.612385
2021-07-01 16:00:00,3.33965,3.2491333333333334,282.475,340.9844866666666
2021-07-01 17:00:00,3.2725500000000003,3.18005,271.19166666666666,358.6081616666667
2021-07-01 18:00:00,3.195683333333333,3.102533333333333,272.665,372.25134833333334
2021-07-01 19:00:00,3.101183333333333,3.00955,271.49833333333333,385.020335
2021-07-01 20:00:00,3.0116500000000004,2.92145,270.505,372.56126666666665
2021-07-01 21:00:00,2.9478166666666668,2.8634833333333334,274.71666666666664,299.84593
2021-07-01 22:00:00,2.922883333333333,2.8375666666666666,276.17,286.6666966666666
2021-07-01 23:00:00,2.95055,2.864533333333333,349.0466666666667,204.03332
2021-07-02 00:00:00,3.0618333333333334,2.974816666666667,377.165,188.73741833333332
2021-07-02 01:00:00,3.18665,3.098316666666667,381.9916666666667,178.78311333333335
2021-07-02 02:00:00,3.2897666666666665,3.209783333333333,307.545,178.38464333333334
2021-07-02 03:00:00,3.3482333333333334,3.26855,271.70166666666665,169.4471816666667
2021-07-02 04:00:00,3.4106333333333336,3.3222666666666667,271.92333333333335,191.04504
2021-07-02 05:00:00,3.47175,3.3743833333333333,270.70666666666665,157.2348
2021-07-02 06:00:00,3.533916666666667,3.4309833333333333,270.27166666666665,223.82260499999998
2021-07-02 07:00:00,3.4860166666666665,3.3956500000000003,269.84,334.26893333333334
2021-07-02 08:00:00,3.4313166666666666,3.3500666666666663,265.99333333333334,323.35832833333336
2021-07-02 09:00:00,3.3568000000000002,3.279166666666667,261.26166666666666,351.5035316666666
2021-07-02 10:00:00,3.2845333333333335,3.2394499999999997,366.3316666666667,358.4570233333333
2021-07-02 11:00:00,3.2680833333333337,3.241233333333333,378.99833333333333,351.8463516666667
2021-07-02 12:00:00,3.308266666666667,3.2749,377.7933333333333,280.14142833333335
2021-07-02 13:00:00,3.3540333333333336,3.3208166666666665,375.4133333333333,294.57687999999996
2021-07-02 14:00:00,3.362016666666667,3.3342666666666667,377.2816666666667,351.7860683333333
2021-07-02 15:00:00,3.388716666666667,3.3544666666666667,376.435,308.66410666666667
2021-07-02 16:00:00,3.395166666666667,3.35545,315.28499999999997,347.3498283333334
2021-07-02 17:00:00,3.3389666666666664,3.2720166666666666,210.975,328.365825
2021-07-02 18:00:00,3.2347166666666665,3.1691333333333334,216.15,337.64323333333334
2021-07-02 19:00:00,3.1643,3.1009333333333333,217.22833333333335,299.4194616666666
2021-07-02 20:00:00,3.085,3.0192166666666664,213.93166666666667,334.51085666666665
2021-07-02 21:00:00,2.9767,2.913116666666667,210.49666666666664,342.3651933333333
2021-07-02 22:00:00,2.8736333333333333,2.81035,211.315,352.192285
2021-07-02 23:00:00,2.8072500000000002,2.741233333333333,306.225,285.9315766666667
2021-07-03 00:00:00,2.8565666666666667,2.796183333333333,408.05,239.56448833333334
2021-07-03 01:00:00,2.9870500000000004,2.9397666666666664,369.48833333333334,154.04703666666668
2021-07-03 02:00:00,3.0818999999999996,3.01675,243.18833333333333,153.52707833333335
2021-07-03 03:00:00,3.121983333333333,3.0562833333333335,244.53833333333333,161.758295
2021-07-03 04:00:00,3.1807833333333333,3.11525,241.82833333333335,146.603965
2021-07-03 05:00:00,3.23195,3.168966666666667,256.485,156.98702166666666
2021-07-03 06:00:00,3.3694333333333333,3.2888499999999996,471.4683333333333,175.96581333333333
2021-07-03 07:00:00,3.5347999999999997,3.4475,465.875,256.48988166666663
2021-07-03 08:00:00,3.6523833333333333,3.5440166666666664,466.365,313.03937
2021-07-03 09:00:00,3.6843333333333335,3.6066333333333334,311.90999999999997,320.520445
2021-07-03 10:00:00,3.5614666666666666,3.5144666666666664,238.45499999999998,464.6330566666667
2021-07-03 11:00:00,3.3857500000000003,3.3450833333333336,238.82833333333335,426.33209999999997
2021-07-03 12:00:00,3.2874333333333334,3.2476,234.10166666666666,304.21642499999996
2021-07-03 13:00:00,3.2327,3.19385,234.23999999999998,302.07712833333335
2021-07-03 14:00:00,3.1487333333333334,3.1104,233.83333333333334,354.4236966666667
2021-07-03 15:00:00,3.0687833333333336,3.0325166666666665,233.85333333333335,331.67420000000004
2021-07-03 16:00:00,2.9922666666666666,2.95725,236.87,308.44530166666664
2021-07-03 17:00:00,2.9358,2.9010666666666665,238.02833333333334,308.3808333333333
2021-07-03 18:00:00,2.8679166666666664,2.83265,237.27833333333334,303.32301333333334
2021-07-03 19:00:00,2.8389333333333338,2.8043833333333335,233.22666666666666,235.58921333333333
2021-07-03 20:00:00,2.819733333333333,2.7853166666666667,234.29333333333335,274.8638133333333
2021-07-03 21:00:00,2.7522333333333333,2.7310833333333333,281.2033333333333,341.76253333333335
2021-07-03 22:00:00,2.725083333333333,2.7054833333333335,287.3066666666667,260.740755
2021-07-03 23:00:00,2.7563999999999997,2.7239833333333334,333.93833333333333,241.889195
2021-07-04 00:00:00,2.829916666666667,2.7864333333333335,358.67333333333335,226.63253333333333
2021-07-04 01:00:00,2.9147833333333333,2.86875,351.84166666666664,201.00386833333332
2021-07-04 02:00:00,2.98885,2.9412499999999997,352.3233333333334,264.03896000000003
2021-07-04 03:00:00,3.0733333333333333,3.0155833333333333,352.96,156.66251333333332
2021-07-04 04:00:00,3.2251333333333334,3.1783,457.25166666666667,128.08205
2021-07-04 05:00:00,3.4566333333333334,3.421966666666667,522.4683333333334,148.18029833333333
2021-07-04 06:00:00,3.6961,3.656966666666667,526.705,156.55271
2021-07-04 07:00:00,3.897116666666667,3.8556000000000004,371.5366666666667,196.45230666666666
2021-07-04 08:00:00,3.8967,3.8834666666666666,250.11499999999998,278.0811483333334
2021-07-04 09:00:00,3.8367500000000003,3.8317833333333335,249.18666666666667,328.61559166666666
2021-07-04 10:00:00,3.7747666666666664,3.7699333333333334,253.29500000000002,306.45830166666667
2021-07-04 11:00:00,3.719733333333333,3.7170833333333335,252.29,357.4985483333333
2021-07-04 12:00:00,3.5929166666666665,3.6004333333333336,253.07666666666668,418.0023933333333
2021-07-04 13:00:00,3.506133333333333,3.5052166666666666,251.23999999999998,321.9084766666667
2021-07-04 14:00:00,3.4560666666666666,3.45075,249.395,294.637555
2021-07-04 15:00:00,3.409,3.405533333333333,250.625,327.6311333333333
2021-07-04 16:00:00,3.3362833333333333,3.336383333333333,251.50166666666667,310.36078
2021-07-04 17:00:00,3.285883333333333,3.28505,251.01166666666668,322.542245
2021-07-04 18:00:00,3.1951166666666664,3.2030833333333333,251.175,389.4699566666667
2021-07-04 19:00:00,3.1016,3.108816666666667,251.735,341.43217666666663
2021-07-04 20:00:00,3.0269166666666667,3.0332333333333334,248.80666666666667,346.87462500000004
2021-07-04 21:00:00,2.9574833333333337,2.96165,249.13333333333333,320.08222666666666
2021-07-04 22:00:00,2.9387,2.9185000000000003,359.92,308.693585
2021-07-04 23:00:00,2.9895333333333336,2.95725,371.39666666666665,244.88019666666665
2021-07-05 00:00:00,3.0743666666666667,3.0431166666666667,388.185,239.05456999999998
2021-07-05 01:00:00,3.1700999999999997,3.1455333333333333,360.64000000000004,181.89792333333335
2021-07-05 02:00:00,3.2826999999999997,3.25635,354.8433333333333,143.08484333333334
2021-07-05 03:00:00,3.4328833333333337,3.39935,355.2033333333333,118.17317166666666
2021-07-05 04:00:00,3.58885,3.5456833333333337,348.71500000000003,130.064585
2021-07-05 05:00:00,3.703116666666667,3.6685666666666665,326.505,154.52187
2021-07-05 06:00:00,3.7737833333333333,3.74995,324.45166666666665,252.37899000000002
2021-07-05 07:00:00,3.7736500000000004,3.7565666666666666,323.615,340.593395
2021-07-05 08:00:00,3.7336833333333335,3.7192833333333337,323.5466666666667,363.14361166666663
2021-07-05 09:00:00,3.675683333333333,3.6644,302.7416666666667,384.0480116666667
2021-07-05 10:00:00,3.5960666666666667,3.5628499999999996,219.70833333333334,358.94332
2021-07-05 11:00:00,3.4810000000000003,3.4469166666666666,220.05333333333334,353.19697
2021-07-05 12:00:00,3.408866666666667,3.3767666666666667,220.40166666666667,265.7913733333333
2021-07-05 13:00:00,3.3585,3.3257666666666665,217.89166666666668,274.80362499999995
2021-07-05 14:00:00,3.3154166666666667,3.2826333333333335,217.18333333333334,274.02890833333333
2021-07-05 15:00:00,3.25095,3.2191833333333335,217.61499999999998,289.1176616666667
2021-07-05 16:00:00,3.198783333333333,3.1674166666666665,219.75,295.160205
2021-07-05 17:00:00,3.097766666666667,3.0692833333333334,220.51666666666668,337.37825
2021-07-05 18:00:00,3.0468166666666665,3.0162166666666663,219.155,250.48782666666665
2021-07-05 19:00:00,2.9997833333333332,2.9697,218.50166666666667,334.6091383333333
2021-07-05 20:00:00,2.8609999999999998,2.8354,219.05833333333334,409.9163533333333
2021-07-05 21:00:00,2.7435,2.7193833333333335,221.29666666666665,321.30590166666667
2021-07-05 22:00:00,2.7195166666666664,2.6808833333333335,316.8066666666667,264.57970666666665
2021-07-05 23:00:00,2.748283333333333,2.7311833333333335,334.84833333333336,254.0658
2021-07-06 00:00:00,2.784566666666667,2.783183333333333,326.71,218.24394166666667
2021-07-06 01:00:00,2.86455,2.8570166666666665,327.4433333333333,168.49899833333333
2021-07-06 02:00:00,2.982466666666667,2.968433333333333,327.085,131.00734166666666
2021-07-06 03:00:00,3.1102166666666666,3.0935166666666665,326.675,119.27894666666666
2021-07-06 04:00:00,3.2601166666666668,3.2255666666666665,327.25,115.74974999999999
2021-07-06 05:00:00,3.3908,3.3484166666666666,320.94166666666666,149.00957
2021-07-06 06:00:00,3.5132499999999998,3.516383333333333,532.4416666666667,210.57274833333335
2021-07-06 07:00:00,3.6776166666666668,3.7062833333333334,515.59,348.23769833333336
2021-07-06 08:00:00,3.6177833333333336,3.5654,125.08333333333333,441.909555
2021-07-06 09:00:00,3.4598999999999998,3.3943833333333333,181.27333333333334,297.99835333333334
2021-07-06 10:00:00,3.3764499999999997,3.31705,236.5,360.925145
2021-07-06 11:00:00,3.2909833333333336,3.233983333333333,237.23833333333332,288.482955
2021-07-06 12:00:00,3.2504166666666667,3.1938999999999997,235.62333333333333,276.15032333333335
2021-07-06 13:00:00,3.2181,3.1602,236.56,280.28801833333335
2021-07-06 14:00:00,3.16055,3.1059833333333335,234.03833333333333,299.66017833333336
2021-07-06 15:00:00,3.108366666666667,3.0528666666666666,238.25833333333333,278.497505
2021-07-06 16:00:00,3.097566666666667,3.027716666666667,340.5083333333333,304.79238499999997
2021-07-06 17:00:00,3.1199833333333333,3.0376166666666666,373.8383333333333,325.64199
2021-07-06 18:00:00,3.1451,3.054933333333333,322.82666666666665,300.4516316666667
2021-07-06 19:00:00,3.1107333333333336,3.0111,305.7583333333333,351.59518833333334
2021-07-06 20:00:00,3.0502166666666666,2.948066666666667,307.675,404.58849666666663
2021-07-06 21:00:00,2.9894000000000003,2.8992333333333336,325.23833333333334,321.42654666666664
2021-07-06 22:00:00,2.992616666666667,2.9066166666666664,326.835,287.67535166666664
2021-07-06 23:00:00,3.0049,2.920466666666667,327.1316666666667,285.79151333333334
2021-07-07 00:00:00,3.039933333333333,2.95995,333.3683333333333,197.49098666666666
2021-07-07 01:00:00,3.154533333333333,3.09055,381.48333333333335,158.29004
2021-07-07 02:00:00,3.264616666666667,3.1961500000000003,381.185,211.65189666666666
2021-07-07 03:00:00,3.3874333333333335,3.3186166666666663,381.1433333333333,164.11328166666667
2021-07-07 04:00:00,3.5220166666666666,3.4493500000000004,380.0933333333333,171.33493666666666
2021-07-07 05:00:00,3.65655,3.58135,384.18,161.44075333333333
2021-07-07 06:00:00,3.780466666666667,3.7039166666666667,384.4583333333333,226.50826666666666
2021-07-07 07:00:00,3.8402499999999997,3.7644,383.4166666666667,300.01253833333334
2021-07-07 08:00:00,3.8825,3.810016666666667,338.375,272.9265383333333
2021-07-07 09:00:00,3.84335,3.8021833333333332,202.59666666666666,288.1365466666667
2021-07-07 10:00:00,3.75405,3.7205833333333334,202.175,315.58746499999995
2021-07-07 11:00:00,3.64175,3.614933333333333,201.59166666666667,365.6925983333333
2021-07-07 12:00:00,3.5277333333333334,3.5010166666666667,201.75333333333336,326.29290000000003
2021-07-07 13:00:00,3.4423000000000004,3.4128,201.23833333333332,288.236675
2021-07-07 14:00:00,3.3873499999999996,3.3552000000000004,201.32666666666668,261.64458833333333
2021-07-07 15:00:00,3.31805,3.2899833333333333,202.82833333333335,285.7826283333333
2021-07-07 16:00:00,3.2358,3.2136833333333334,203.18833333333333,340.16954833333335
2021-07-07 17:00:00,3.1001666666666665,3.0864166666666666,200.14666666666665,398.420425
2021-07-07 18:00:00,2.9489,2.9392666666666667,201.17166666666665,385.03790833333335
2021-07-07 19:00:00,2.817633333333333,2.8074166666666667,200.63666666666668,381.873855
2021-07-07 20:00:00,2.6857333333333333,2.6740166666666667,300.85833333333335,406.96563499999996
2021-07-07 21:00:00,2.6755166666666668,2.6478166666666665,363.1,293.086235
2021-07-07 22:00:00,2.6918166666666665,2.6680166666666665,358.815,341.96343333333334
2021-07-07 23:00:00,2.7279833333333334,2.6946,357.97,217.15227833333336
2021-07-08 00:00:00,2.8295833333333333,2.7894,356.6316666666667,173.42120666666668
2021-07-08 01:00:00,2.9566500000000002,2.9132166666666666,352.36499999999995,142.4674183333333
2021-07-08 02:00:00,3.0543666666666667,3.003316666666667,234.725,129.32517833333333
2021-07-08 03:00:00,3.1252333333333335,3.0716166666666664,235.29166666666666,116.17278
2021-07-08 04:00:00,3.2005833333333333,3.1464,236.465,116.21771166666667
2021-07-08 05:00:00,3.270983333333333,3.216616666666667,237.58166666666665,133.289975
2021-07-08 06:00:00,3.3169833333333334,3.2643,237.35666666666665,194.446785
2021-07-08 07:00:00,3.2970166666666665,3.2420166666666663,252.69500000000002,339.55065666666667
2021-07-08 08:00:00,3.18665,3.1298833333333334,270.98333333333335,446.2107666666667
2021-07-08 09:00:00,3.0400833333333335,2.9867,268.82666666666665,440.68505999999996
2021-07-08 10:00:00,2.9182333333333332,2.8670666666666667,270.94166666666666,398.02959833333335
2021-07-08 11:00:00,2.8394833333333334,2.7884,270.90500000000003,334.9860566666667
2021-07-08 12:00:00,2.7869333333333333,2.73845,270.875,313.3729633333333
2021-07-08 13:00:00,2.7364166666666665,2.689016666666667,271.1166666666667,332.8126383333334
2021-07-08 14:00:00,2.7086333333333332,2.6605333333333334,270.455,255.609625
2021-07-08 15:00:00,2.7132833333333335,2.6643,270.00666666666666,238.31236666666666
2021-07-08 16:00:00,2.7158666666666664,2.6668000000000003,271.54,258.089585
2021-07-08 17:00:00,2.7131666666666665,2.6654666666666667,274.4633333333333,285.13253999999995
2021-07-08 18:00:00,2.6479166666666667,2.603133333333333,291.59833333333336,379.71049500000004
2021-07-08 19:00:00,2.5994,2.5749166666666667,309.65,317.39288166666665
2021-07-08 20:00:00,2.5662000000000003,2.5433499999999998,308.4583333333333,346.666465
2021-07-08 21:00:00,2.5279666666666665,2.5037666666666665,311.90999999999997,338.36836500000004
2021-07-08 22:00:00,2.5154,2.5041,406.98833333333334,341.5251533333333
2021-07-08 23:00:00,2.5486166666666668,2.5374666666666665,403.12833333333333,341.816125
2021-07-09 00:00:00,2.5812000000000004,2.567466666666667,406.44166666666666,296.70175166666667
2021-07-09 01:00:00,2.6842333333333332,2.658666666666667,406.3833333333333,195.42991333333333
2021-07-09 02:00:00,2.8296,2.7998333333333334,405.1116666666667,184.70350833333333
2021-07-09 03:00:00,2.9764833333333334,2.94215,404.3316666666667,135.25762
2021-07-09 04:00:00,3.1546333333333334,3.1135,403.6566666666667,136.83094166666666
2021-07-09 05:00:00,3.3215999999999997,3.277833333333333,404.06666666666666,140.17884333333333
2021-07-09 06:00:00,3.4803166666666665,3.4365333333333337,403.77000000000004,178.75872999999999
2021-07-09 07:00:00,3.5731333333333333,3.54115,403.95,310.9835983333333
2021-07-09 08:00:00,3.5994333333333333,3.57185,404.165,333.392355
2021-07-09 09:00:00,3.6500666666666666,3.6165000000000003,404.6716666666667,310.2937566666667
2021-07-09 10:00:00,3.6922333333333333,3.658866666666667,405.07166666666666,316.2682683333333
2021-07-09 11:00:00,3.741016666666667,3.7045166666666662,404.8666666666667,297.0769516666667
2021-07-09 12:00:00,3.7925,3.7554333333333334,404.34833333333336,311.58773
2021-07-09 13:00:00,3.841933333333333,3.8016666666666667,404.8366666666667,314.13499833333333
2021-07-09 14:00:00,3.8824833333333335,3.8417000000000003,403.31,332.88123333333334
2021-07-09 15:00:00,3.891183333333333,3.8461166666666666,383.70166666666665,298.2340033333333
2021-07-09 16:00:00,3.955766666666667,3.9122666666666666,398.405,346.5527983333333
2021-07-09 17:00:00,3.93165,3.9059666666666666,403.97166666666664,423.5028866666667
2021-07-09 18:00:00,3.9187166666666666,3.8926666666666665,404.91499999999996,342.8869583333333
2021-07-09 19:00:00,3.8762833333333333,3.8100666666666663,86.72166666666666,375.0608283333333
2021-07-09 20:00:00,3.621866666666667,3.5508,32.81666666666667,395.34743833333334
2021-07-09 21:00:00,3.4010000000000002,3.3389666666666664,32.95333333333333,269.15021333333334
2021-07-09 22:00:00,3.253716666666667,3.194733333333333,32.901666666666664,228.585505
2021-07-09 23:00:00,3.1422999999999996,3.0932000000000004,181.86333333333332,229.92389666666668
2021-07-10 00:00:00,3.1378,3.091833333333333,239.405,203.37749333333335
2021-07-10 01:00:00,3.1626333333333334,3.1159166666666667,240.79333333333335,174.41484833333334
2021-07-10 02:00:00,3.2141499999999996,3.164333333333333,242.825,134.90931
2021-07-10 03:00:00,3.281433333333333,3.2324166666666665,241.79500000000002,139.374765
2021-07-10 04:00:00,3.329,3.2791,242.22,168.39080833333335
2021-07-10 05:00:00,3.3661666666666665,3.3170833333333336,242.35666666666665,182.934135
2021-07-10 06:00:00,3.385883333333333,3.336116666666667,243.22666666666666,218.48834666666667
2021-07-10 07:00:00,3.3710166666666668,3.3222666666666667,239.435,299.3965116666667
2021-07-10 08:00:00,3.2933333333333334,3.249683333333333,262.40833333333336,320.497545
2021-07-10 09:00:00,3.2410666666666668,3.20055,269.825,376.04681999999997
2021-07-10 10:00:00,3.1221,3.0932833333333334,303.3283333333333,438.15212333333335
2021-07-10 11:00:00,3.0425166666666663,3.0519000000000003,365.4566666666667,346.58415333333335
2021-07-10 12:00:00,3.0564999999999998,3.060216666666667,364.49,317.611135
2021-07-10 13:00:00,3.064583333333333,3.0710333333333333,366.37666666666667,356.37409833333334
2021-07-10 14:00:00,3.0358333333333336,3.0486333333333335,367.55833333333334,350.40506666666664
2021-07-10 15:00:00,3.0569166666666665,3.0582,364.59666666666664,320.7325
2021-07-10 16:00:00,3.07585,3.0750666666666664,357.09166666666664,292.65755666666666
2021-07-10 17:00:00,3.0765000000000002,3.0597166666666666,264.29,322.86051000000003
2021-07-10 18:00:00,3.0063666666666666,2.992633333333333,264.35833333333335,352.9315633333334
2021-07-10 19:00:00,2.93595,2.9242333333333335,263.0733333333333,337.07012000000003
2021-07-10 20:00:00,2.865466666666667,2.8551,262.595,357.82245
2021-07-10 21:00:00,2.8147333333333333,2.7962333333333333,262.69166666666666,262.3743866666667
2021-07-10 22:00:00,2.8233166666666665,2.8025499999999997,278.25166666666667,244.48343333333332
2021-07-10 23:00:00,2.8437833333333336,2.842766666666667,374.6933333333333,280.68114833333334
2021-07-11 00:00:00,2.9093166666666668,2.9026666666666667,382.65,233.82163833333334
2021-07-11 01:00:00,3.025116666666667,3.007433333333333,407.2916666666667,189.65306999999999
2021-07-11 02:00:00,3.172366666666667,3.1500333333333335,407.3316666666667,181.799075
2021-07-11 03:00:00,3.32465,3.29645,407.60333333333335,139.16703333333334
2021-07-11 04:00:00,3.500183333333333,3.469866666666667,406.02833333333336,127.13085500000001
2021-07-11 05:00:00,3.6748,3.6365166666666666,345.68,133.91112166666667
2021-07-11 06:00:00,3.7631,3.7104500000000002,251.58666666666667,154.28833500000002
2021-07-11 07:00:00,3.811783333333333,3.7601166666666668,241.82999999999998,187.13722833333335
2021-07-11 08:00:00,3.7700166666666663,3.7348500000000002,181.60833333333332,301.50312
2021-07-11 09:00:00,3.6429166666666664,3.6172,184.66833333333335,418.7548533333333
2021-07-11 10:00:00,3.4391499999999997,3.4230333333333336,187.315,443.7556466666667
2021-07-11 11:00:00,3.2975333333333334,3.2676333333333334,239.32166666666666,366.9592566666667
2021-07-11 12:00:00,3.22645,3.1882666666666664,230.29333333333335,300.43086500000004
2021-07-11 13:00:00,3.1693333333333333,3.13245,231.7133333333333,307.872765
2021-07-11 14:00:00,3.08475,3.049583333333333,229.64833333333334,352.13333
2021-07-11 15:00:00,2.9933,2.9603166666666665,230.55666666666667,343.6743383333333
2021-07-11 16:00:00,2.8821,2.8513,229.79833333333332,366.0781083333333
2021-07-11 17:00:00,2.7904166666666668,2.758866666666667,226.04166666666666,338.3049216666667
2021-07-11 18:00:00,2.6922,2.6610666666666662,224.73166666666665,332.207515
2021-07-11 19:00:00,2.610116666666667,2.5802,220.45833333333334,331.86307500000004
2021-07-11 20:00:00,2.518666666666667,2.4935166666666664,222.36666666666667,333.9397983333334
2021-07-11 21:00:00,2.40395,2.38455,223.82999999999998,378.75116999999995
2021-07-11 22:00:00,2.3224,2.2990500000000003,237.82666666666668,281.23676166666667
2021-07-11 23:00:00,2.320533333333333,2.28685,332.8333333333333,265.29476166666666
2021-07-12 00:00:00,2.3919333333333332,2.3717166666666665,406.945,219.91901833333336
2021-07-12 01:00:00,2.5198833333333335,2.4966333333333335,407.2366666666667,191.9603766666667
2021-07-12 02:00:00,2.6795166666666668,2.6480166666666665,410.58,126.01010833333333
2021-07-12 03:00:00,2.866033333333333,2.8321833333333335,408.665,113.91951333333333
2021-07-12 04:00:00,3.0545,3.0176666666666665,408.3933333333333,116.67593833333333
2021-07-12 05:00:00,3.225416666666667,3.1903333333333332,380.5383333333333,154.97697666666667
2021-07-12 06:00:00,3.316816666666667,3.2900666666666667,326.40833333333336,230.547325
2021-07-12 07:00:00,3.2979833333333333,3.2836333333333334,324.275,426.051495
2021-07-12 08:00:00,3.2108166666666667,3.1983166666666665,324.5833333333333,387.017905
2021-07-12 09:00:00,3.13155,3.1233,319.33,418.2244816666667
2021-07-12 10:00:00,3.0819666666666667,3.0679000000000003,321.85333333333335,324.2342233333333
2021-07-12 11:00:00,3.082533333333333,3.0631833333333334,322.905,299.113195
2021-07-12 12:00:00,3.0822000000000003,3.0638666666666667,321.72833333333335,299.868245
2021-07-12 13:00:00,3.0659833333333335,3.0501666666666667,323.6666666666667,335.893155
2021-07-12 14:00:00,3.055016666666667,3.0385666666666666,325.8566666666667,295.17880333333335
2021-07-12 15:00:00,3.0678666666666667,3.04935,320.815,292.83584833333333
2021-07-12 16:00:00,3.0536499999999998,3.0378499999999997,321.56166666666667,322.919425
2021-07-12 17:00:00,3.0298833333333333,3.01675,323.42333333333335,352.3498133333333
2021-07-12 18:00:00,2.9774833333333333,2.967616666666667,322.93,386.0385616666666
2021-07-12 19:00:00,2.93735,2.927416666666667,322.48333333333335,325.33588833333334
2021-07-12 20:00:00,2.9120166666666667,2.9041333333333332,318.565,362.00691666666665
2021-07-12 21:00:00,2.852533333333333,2.8468666666666667,318.17,383.78501500000004
2021-07-12 22:00:00,2.8163833333333335,2.8074166666666667,319.49666666666667,313.38950666666665
2021-07-12 23:00:00,2.8293166666666663,2.813816666666667,316.92833333333334,283.3703766666667
2021-07-13 00:00:00,2.8731999999999998,2.84365,392.2566666666667,250.18965833333334
2021-07-13 01:00:00,2.9772666666666665,2.9442666666666666,378.9566666666667,184.88077166666667
2021-07-13 02:00:00,3.1016833333333333,3.06785,379.17,170.22642333333334
2021-07-13 03:00:00,3.2373,3.2007666666666665,381.57666666666665,146.08452333333335
2021-07-13 04:00:00,3.4024,3.3625833333333333,381.7866666666667,112.84736333333333
2021-07-13 05:00:00,3.5656499999999998,3.5246333333333335,381.1333333333333,151.00729
2021-07-13 06:00:00,3.65355,3.61685,375.8816666666667,307.9340683333333
2021-07-13 07:00:00,3.645566666666667,3.6425166666666664,365.22166666666664,328.906745
2021-07-13 08:00:00,3.650916666666667,3.645,277.35166666666663,319.5637066666667
2021-07-13 09:00:00,3.568966666666667,3.5275666666666665,136.14,278.701705
2021-07-13 10:00:00,3.4697666666666667,3.4298,141.43166666666667,306.5639366666666
2021-07-13 11:00:00,3.3155,3.2772,164.91,375.30908166666666
2021-07-13 12:00:00,3.2216333333333336,3.1662833333333333,225.585,309.28080500000004
2021-07-13 13:00:00,3.1493333333333333,3.0925166666666666,227.12666666666667,313.62722
2021-07-13 14:00:00,3.0589333333333335,3.003133333333333,227.13333333333333,363.09656
2021-07-13 15:00:00,2.9425166666666667,2.8869666666666665,227.825,389.5391283333333
2021-07-13 16:00:00,2.8150666666666666,2.759716666666667,228.23166666666665,390.70805333333334
2021-07-13 17:00:00,2.7111500000000004,2.660483333333333,226.29500000000002,317.0192083333333
2021-07-13 18:00:00,2.65365,2.6069166666666663,225.88333333333333,272.12708
2021-07-13 19:00:00,2.5887666666666664,2.5407333333333333,226.59166666666667,352.05002666666667
2021-07-13 20:00:00,2.4705833333333334,2.4233833333333332,226.175,366.851695
2021-07-13 21:00:00,2.39265,2.3519,225.73,266.82117666666664
2021-07-13 22:00:00,2.356866666666667,2.3167666666666666,226.025,296.75457833333337
2021-07-13 23:00:00,2.2925,2.241,346.77333333333337,326.04087
2021-07-14 00:00:00,2.3935254237288133,2.335406779661017,448.7050847457627,212.81236101694915
2021-07-14 01:00:00,2.53615,2.4730833333333333,449.60166666666663,234.29328500000003
2021-07-14 02:00:00,2.6684833333333335,2.6038,455.05833333333334,227.90578
2021-07-14 03:00:00,2.8185333333333333,2.758666666666667,453.5083333333333,172.854445
2021-07-14 04:00:00,3.0109,2.9537666666666667,451.6983333333334,138.45600000000002
2021-07-14 05:00:00,3.2094666666666667,3.1467,444.335,140.035035
2021-07-14 06:00:00,3.3883,3.31855,442.94,204.17189
2021-07-14 07:00:00,3.4791000000000003,3.3846,445.6666666666667,387.0737983333333
2021-07-14 08:00:00,3.5096833333333333,3.4197833333333336,442.325,317.442125
2021-07-14 09:00:00,3.594866666666667,3.5108166666666665,441.98833333333334,279.32122
2021-07-14 10:00:00,3.683483333333333,3.5984,420.62166666666667,279.00601166666667
2021-07-14 11:00:00,3.658266666666667,3.590733333333333,174.94,311.4721083333333
2021-07-14 12:00:00,3.555333333333333,3.49195,175.58166666666665,291.80767833333334
2021-07-14 13:00:00,3.4415666666666667,3.3755499999999996,174.665,376.00429833333334
2021-07-14 14:00:00,3.2976,3.23585,174.95333333333335,343.94116166666663
2021-07-14 15:00:00,3.171316666666667,3.11195,175.2133333333333,328.3128566666667
2021-07-14 16:00:00,3.0452333333333335,2.985,174.62,369.0044716666667
2021-07-14 17:00:00,2.8753666666666664,2.8134666666666663,174.53333333333333,445.74436
2021-07-14 18:00:00,2.689833333333333,2.635066666666667,174.42333333333332,326.67178333333334
2021-07-14 19:00:00,2.59635,2.546,171.31333333333333,304.7537166666667
2021-07-14 20:00:00,2.4777,2.4285666666666668,174.32333333333332,331.82267833333333
2021-07-14 21:00:00,2.3686166666666666,2.3218666666666667,177.125,324.0859633333333
2021-07-14 22:00:00,2.2488666666666663,2.2045833333333333,177.27666666666667,319.62894666666665
2021-07-14 23:00:00,2.159683333333333,2.125783333333333,289.9683333333333,259.8675583333333
2021-07-15 00:00:00,2.2894666666666668,2.282966666666667,506.4566666666667,167.30973833333334
2021-07-15 01:00:00,2.5059,2.496183333333333,506.89500000000004,183.51088666666666
2021-07-15 02:00:00,2.73125,2.71055,507.59000000000003,125.76928
2021-07-15 03:00:00,2.96245,2.9439833333333336,507.2583333333333,161.83438333333334
2021-07-15 04:00:00,3.1894666666666667,3.160766666666667,581.2916666666666,176.53223833333334
2021-07-15 05:00:00,3.534766666666667,3.4772333333333334,760.8533333333332,189.83651166666667
2021-07-15 06:00:00,3.8391499999999996,3.773216666666667,493.01666666666665,245.56045166666667
2021-07-15 07:00:00,3.8468666666666667,3.768066666666667,293.9066666666667,393.48160666666666
2021-07-15 08:00:00,3.7589166666666665,3.677916666666667,293.815,379.50616833333333
2021-07-15 09:00:00,3.6994166666666666,3.6245166666666666,293.87833333333333,322.6114133333333
2021-07-15 10:00:00,3.645233333333333,3.566516666666667,295.31333333333333,390.55280166666665
2021-07-15 11:00:00,3.5807333333333333,3.5049333333333332,295.875,343.99350166666665
2021-07-15 12:00:00,3.5429833333333334,3.4709999999999996,295.365,285.1566916666667
2021-07-15 13:00:00,3.54645,3.4783833333333334,291.0433333333333,258.26799833333337
2021-07-15 14:00:00,3.5353166666666667,3.4626,288.72,332.69744
2021-07-15 15:00:00,3.4895333333333336,3.4157,291.94,340.9758483333334
2021-07-15 16:00:00,3.4335,3.357,296.64833333333337,358.86701166666666
2021-07-15 17:00:00,3.3765333333333336,3.3041,296.97666666666663,346.5262033333333
2021-07-15 18:00:00,3.328316666666667,3.2560000000000002,297.175,353.85137166666664
2021-07-15 19:00:00,3.2594333333333334,3.1851833333333333,295.97666666666663,390.6476616666667
2021-07-15 20:00:00,3.1914166666666666,3.12075,296.75333333333333,355.03211666666664
2021-07-15 21:00:00,3.1228333333333333,3.0500333333333334,296.6666666666667,395.7511916666666
2021-07-15 22:00:00,3.055266666666667,2.98795,295.34666666666664,324.0738533333333
2021-07-15 23:00:00,3.0373499999999996,2.977716666666667,285.7916666666667,265.59153333333336
2021-07-16 00:00:00,3.0600333333333336,3.00595,285.99666666666667,173.55361666666667
2021-07-16 01:00:00,3.1422666666666665,3.0906666666666665,288.0683333333333,136.474595
2021-07-16 02:00:00,3.2386666666666666,3.1877666666666666,288.5866666666667,124.8659
2021-07-16 03:00:00,3.343933333333333,3.29195,286.3683333333333,119.49526333333333
2021-07-16 04:00:00,3.428433333333333,3.3727666666666662,282.38666666666666,159.57389999999998
2021-07-16 05:00:00,3.5124833333333334,3.4580166666666665,307.71500000000003,164.58556333333334
2021-07-16 06:00:00,3.6061666666666667,3.5803833333333333,401.43,233.949545
2021-07-16 07:00:00,3.622716666666667,3.6217166666666665,363.935,380.65031999999997
2021-07-16 08:00:00,3.5554666666666668,3.5481666666666665,293.3933333333333,393.5201366666667
2021-07-16 09:00:00,3.49675,3.48285,296.87833333333333,342.72099333333335
2021-07-16 10:00:00,3.4418166666666665,3.4303000000000003,296.14166666666665,393.23439333333334
2021-07-16 11:00:00,3.36765,3.3564833333333337,304.60833333333335,328.23969
2021-07-16 12:00:00,3.3394,3.326533333333333,302.70166666666665,364.06800000000004
2021-07-16 13:00:00,3.291616666666667,3.2781333333333333,301.0416666666667,306.2884216666667
2021-07-16 14:00:00,3.2781333333333333,3.2603333333333335,294.7966666666667,287.82892166666664
2021-07-16 15:00:00,3.2729666666666666,3.25535,297.0316666666667,288.1416183333333
2021-07-16 16:00:00,3.2391833333333335,3.228016666666667,299.62666666666667,376.28807500000005
2021-07-16 17:00:00,3.1826166666666666,3.1704999999999997,301.47833333333335,309.22021666666666
2021-07-16 18:00:00,3.1781833333333336,3.1630666666666665,300.40166666666664,286.2449833333333
2021-07-16 19:00:00,3.1349,3.1081,138.49833333333333,327.20520666666664
2021-07-16 20:00:00,2.947666666666666,2.90575,24.626666666666665,306.0091916666667
2021-07-16 21:00:00,2.7446166666666665,2.7041833333333334,24.62,327.5501766666667
2021-07-16 22:00:00,2.5446666666666666,2.5090333333333334,24.71333333333333,262.04675000000003
2021-07-16 23:00:00,2.351783333333333,2.3184666666666667,24.675,336.490265
2021-07-17 00:00:00,2.18865,2.159966666666667,223.80166666666668,244.79437000000001
2021-07-17 01:00:00,2.2601999999999998,2.229416666666667,359.27166666666665,192.17228333333333
2021-07-17 02:00:00,2.3806333333333334,2.3500500000000004,358.1716666666667,133.30119833333333
2021-07-17 03:00:00,2.529433333333333,2.495766666666667,355.495,119.35521833333334
2021-07-17 04:00:00,2.6758,2.6419833333333336,355.12,131.30124666666669
2021-07-17 05:00:00,2.8093999999999997,2.791516666666667,410.56194444444446,208.60715
2021-07-17 06:00:00,3.0837999999999997,3.1401166666666667,587.3472222222223,257.33190833333333
2021-07-17 07:00:00,3.4341,3.4987666666666666,711.0138888888889,264.93760833333334
2021-07-17 08:00:00,3.6226833333333333,3.6180666666666665,242.42027777777778,307.27449333333334
2021-07-17 09:00:00,3.55635,3.5345,204.47666666666666,292.91777333333334
2021-07-17 10:00:00,3.4644,3.4467166666666667,204.225,355.53060999999997
2021-07-17 11:00:00,3.3057166666666666,3.29605,204.675,431.19110166666667
2021-07-17 12:00:00,3.1783833333333336,3.166733333333333,204.18333333333334,314.12640833333336
2021-07-17 13:00:00,3.0754333333333337,3.0658000000000003,203.92166666666665,353.8856366666667
2021-07-17 14:00:00,2.980033333333333,2.9686333333333335,204.84166666666667,297.69509833333336
2021-07-17 15:00:00,2.899583333333333,2.88985,205.76333333333332,320.26366333333334
2021-07-17 16:00:00,2.808066666666667,2.79915,206.09166666666667,326.10217833333337
2021-07-17 17:00:00,2.6957166666666668,2.6890333333333336,207.2866666666667,346.9921966666667
2021-07-17 18:00:00,2.5796166666666664,2.5732166666666667,208.35166666666666,394.1271033333333
2021-07-17 19:00:00,2.4387666666666665,2.4377833333333334,207.84666666666666,359.10920333333337
2021-07-17 20:00:00,2.320783333333333,2.3213999999999997,207.75666666666666,359.448695
2021-07-17 21:00:00,2.2295833333333333,2.228283333333333,209.29166666666666,268.3583233333333
2021-07-17 22:00:00,2.20955,2.2004,208.69666666666666,212.32188166666668
2021-07-17 23:00:00,2.2370500000000004,2.2376,400.46666666666664,232.53390833333333
2021-07-18 00:00:00,2.3683666666666667,2.376516666666667,475.48499999999996,231.43201
2021-07-18 01:00:00,2.5520333333333336,2.5456333333333334,476.595,152.43224833333335
2021-07-18 02:00:00,2.7640833333333332,2.75625,480.5833333333333,157.61887333333334
2021-07-18 03:00:00,2.9529666666666667,2.9461500000000003,480.0383333333333,190.49735166666667
2021-07-18 04:00:00,3.1410833333333334,3.12865,477.175,169.29162499999998
2021-07-18 05:00:00,3.3317166666666664,3.3186166666666663,470.01500000000004,188.43874499999998
2021-07-18 06:00:00,3.4826333333333332,3.4732,471.4483333333334,225.62672
2021-07-18 07:00:00,3.650383333333333,3.628333333333333,415.1383333333333,193.04522
2021-07-18 08:00:00,3.70945,3.685216666666667,268.1433333333333,263.80708500000003
2021-07-18 09:00:00,3.655466666666667,3.642233333333333,248.30499999999998,318.00178666666665
2021-07-18 10:00:00,3.5822833333333337,3.5711500000000003,247.475,374.10223333333334
2021-07-18 11:00:00,3.458883333333333,3.4551333333333334,248.31,394.3784866666667
2021-07-18 12:00:00,3.348,3.3444333333333334,246.66666666666666,403.661695
2021-07-18 13:00:00,3.226633333333333,3.22345,244.64333333333335,361.69493
2021-07-18 14:00:00,3.1550999999999996,3.1477166666666667,244.45333333333335,321.48847666666666
2021-07-18 15:00:00,3.094133333333333,3.0865333333333336,244.92000000000002,301.0736616666666
2021-07-18 16:00:00,3.0428333333333333,3.031566666666667,244.18833333333333,308.38567666666665
2021-07-18 17:00:00,2.991233333333333,2.9825500000000003,243.89,298.2247683333334
2021-07-18 18:00:00,2.9337999999999997,2.9300333333333333,244.32000000000002,352.31471500000004
2021-07-18 19:00:00,2.817266666666667,2.8230333333333335,243.745,464.17036666666667
2021-07-18 20:00:00,2.7005333333333335,2.702116666666667,243.45166666666668,340.4863616666667
2021-07-18 21:00:00,2.6498500000000003,2.6471500000000003,242.925,309.6437716666667
2021-07-18 22:00:00,2.6021666666666667,2.5990666666666664,242.785,311.76526
2021-07-18 23:00:00,2.5881166666666666,2.5807333333333333,324.96666666666664,252.43832833333332
2021-07-19 00:00:00,2.66885,2.663633333333333,379.67333333333335,232.35491666666667
2021-07-19 01:00:00,2.7878666666666665,2.7738666666666663,382.37333333333333,164.56942833333332
2021-07-19 02:00:00,2.9454833333333337,2.926283333333333,382.33,130.79515833333332
2021-07-19 03:00:00,3.113783333333333,3.09305,382.5416666666667,119.919895
2021-07-19 04:00:00,3.2829333333333333,3.2595,377.06666666666666,123.069965
2021-07-19 05:00:00,3.436383333333333,3.4141333333333335,379.52000000000004,174.15177833333334
2021-07-19 06:00:00,3.5268333333333333,3.5154,381.3066666666667,313.7777016666667
2021-07-19 07:00:00,3.5171166666666664,3.5172,381.89500000000004,410.73573500000003
2021-07-19 08:00:00,3.501333333333333,3.5005666666666664,378.23833333333334,395.988835
2021-07-19 09:00:00,3.4459999999999997,3.4528000000000003,379.5366666666667,483.2572
2021-07-19 10:00:00,3.4105,3.4109,379.68833333333333,380.741585
2021-07-19 11:00:00,3.43,3.4161833333333336,312.76166666666666,301.6765266666667
2021-07-19 12:00:00,3.3870833333333334,3.3515333333333337,113.92166666666667,281.2694466666666
2021-07-19 13:00:00,3.2415499999999997,3.2114166666666666,129.00666666666666,312.6241116666667
2021-07-19 14:00:00,3.1371666666666664,3.1342,228.14666666666665,354.2794866666666
2021-07-19 15:00:00,3.0403000000000002,3.040383333333333,230.27666666666667,356.06372833333336
2021-07-19 16:00:00,2.9760333333333335,2.9718166666666668,227.20499999999998,306.279445
2021-07-19 17:00:00,2.9247333333333336,2.9213999999999998,229.30833333333334,311.22198166666664
2021-07-19 18:00:00,2.8729333333333336,2.86725,227.33166666666665,314.25831666666664
2021-07-19 19:00:00,2.7690333333333332,2.7735833333333333,227.13833333333332,421.626265
2021-07-19 20:00:00,2.6195666666666666,2.6301833333333335,224.52833333333334,459.69387
2021-07-19 21:00:00,2.456166666666667,2.4711333333333334,223.43166666666667,439.4267533333333
2021-07-19 22:00:00,2.3491666666666666,2.3551166666666665,223.905,335.27342666666664
2021-07-19 23:00:00,2.2953666666666668,2.29485,276.7916666666667,276.89259166666665
2021-07-20 00:00:00,2.4283,2.3765833333333335,498.1816666666667,257.39603
2021-07-20 01:00:00,2.559083333333333,2.52305,415.3933333333333,167.09096
2021-07-20 02:00:00,2.740083333333333,2.7023333333333333,419.545,127.00479333333332
2021-07-20 03:00:00,2.934466666666667,2.8950166666666663,419.865,118.71343
2021-07-20 04:00:00,3.1300166666666667,3.0882666666666667,418.8016666666666,126.50161833333333
2021-07-20 05:00:00,3.3073833333333336,3.262916666666667,420.9866666666667,173.96220333333335
2021-07-20 06:00:00,3.476,3.4395333333333338,513.205,219.45326333333333
2021-07-20 07:00:00,3.64135,3.6096833333333334,514.755,323.7484333333333
2021-07-20 08:00:00,3.671583333333333,3.6431666666666667,345.5316666666667,413.41771
2021-07-20 09:00:00,3.5836333333333332,3.559266666666667,339.245,497.70014
2021-07-20 10:00:00,3.5130666666666666,3.4775,276.65,346.19809833333335
2021-07-20 11:00:00,3.4625666666666666,3.4085666666666667,217.86833333333334,331.23375666666664
2021-07-20 12:00:00,3.3581999999999996,3.301483333333333,217.55666666666667,389.18475166666667
2021-07-20 13:00:00,3.2495,3.1953,218.56,341.9324433333333
2021-07-20 14:00:00,3.18325,3.1327833333333333,219.37333333333333,304.593465
2021-07-20 15:00:00,3.1164,3.0677000000000003,239.59333333333333,328.980895
2021-07-20 16:00:00,3.07335,3.0381,297.06333333333333,329.9925866666666
2021-07-20 17:00:00,3.0388666666666664,3.0047,297.39000000000004,331.36884333333336
2021-07-20 18:00:00,3.0254333333333334,2.9921833333333336,294.9433333333333,327.23509
2021-07-20 19:00:00,2.9776833333333332,2.94435,294.27166666666665,397.4260366666667
2021-07-20 20:00:00,2.89045,2.8585166666666666,293.665,431.42537833333336
2021-07-20 21:00:00,2.8060166666666664,2.7753333333333337,292.26666666666665,363.59900333333337
2021-07-20 22:00:00,2.7790666666666666,2.7477,292.18333333333334,318.6758566666667
2021-07-20 23:00:00,2.74105,2.7111500000000004,290.75,333.374495
2021-07-21 00:00:00,2.767233333333333,2.7400499999999997,311.52166666666665,201.25768333333332
2021-07-21 01:00:00,2.8368166666666665,2.8080166666666666,309.59666666666664,199.926565
2021-07-21 02:00:00,2.890216666666667,2.8622666666666663,307.4583333333333,252.15953833333333
2021-07-21 03:00:00,2.9483666666666664,2.9175,304.99,172.78723166666666
2021-07-21 04:00:00,3.04085,3.009466666666667,306.0,139.46131333333332
2021-07-21 05:00:00,3.1531666666666665,3.1201,309.0466666666667,144.38614333333334
2021-07-21 06:00:00,3.2298666666666667,3.197666666666667,309.255,244.25067833333333
2021-07-21 07:00:00,3.2419333333333333,3.2114166666666666,310.5316666666667,326.75111333333336
2021-07-21 08:00:00,3.2147,3.1849166666666666,314.2366666666667,353.341105
2021-07-21 09:00:00,3.185366666666667,3.1546333333333334,312.7116666666667,353.37393833333334
2021-07-21 10:00:00,3.1548000000000003,3.1241,312.7933333333333,345.0483083333333
2021-07-21 11:00:00,3.1245166666666666,3.095466666666667,314.0516666666666,368.0391633333333
2021-07-21 12:00:00,3.1077333333333335,3.0770833333333334,314.8183333333333,285.1588116666666
2021-07-21 13:00:00,3.1067000000000005,3.0772,311.01666666666665,346.8543883333333
2021-07-21 14:00:00,3.0582,3.0302833333333337,315.9,426.84787500000004
2021-07-21 15:00:00,2.9664833333333336,2.94045,314.09833333333336,415.22801
2021-07-21 16:00:00,2.9260666666666664,2.8979833333333334,314.6816666666667,350.021945
2021-07-21 17:00:00,2.8703999999999996,2.8426,311.88666666666666,428.31208
2021-07-21 18:00:00,2.8148,2.7853666666666665,326.6066666666667,376.43967499999997
2021-07-21 19:00:00,2.7488,2.7205333333333335,327.02000000000004,464.77684500000004
2021-07-21 20:00:00,2.6492166666666668,2.62305,328.04833333333335,440.40149833333334
2021-07-21 21:00:00,2.6236,2.5968999999999998,327.26500000000004,288.86898
2021-07-21 22:00:00,2.647183333333333,2.6210999999999998,327.79,267.07029
2021-07-21 23:00:00,2.7157666666666667,2.697033333333333,402.0,222.02874333333332
2021-07-22 00:00:00,2.8507333333333333,2.8371500000000003,433.53333333333336,208.86402666666666
2021-07-22 01:00:00,2.9921833333333336,2.9768,433.40833333333336,216.63451166666667
2021-07-22 02:00:00,3.139416666666667,3.122333333333333,427.78499999999997,217.971015
2021-07-22 03:00:00,3.2497,3.2402666666666664,358.205,184.76069666666666
2021-07-22 04:00:00,3.3715333333333333,3.35845,358.12833333333333,163.04518666666667
2021-07-22 05:00:00,3.427,3.414,357.0,157.8758
2021-07-22 06:00:00,3.427,3.414,357.0,157.8758
2021-07-22 07:00:00,3.427,3.414,357.0,157.8758
2021-07-22 08:00:00,3.427,3.414,357.0,157.8758
2021-07-22 09:00:00,3.427,3.414,357.0,157.8758
2021-07-22 10:00:00,3.3661666666666665,3.3507000000000002,319.14166666666665,213.87032666666667
2021-07-22 11:00:00,3.2788166666666663,3.258283333333333,265.245,277.2132516666667
2021-07-22 12:00:00,3.238983333333333,3.2233333333333336,266.5866666666667,333.53042999999997
2021-07-22 13:00:00,3.198783333333333,3.1814833333333334,264.75333333333333,325.6379866666667
2021-07-22 14:00:00,3.1514,3.1369833333333332,262.1066666666667,334.2522866666667
2021-07-22 15:00:00,3.0909,3.078866666666667,267.95,350.173525
2021-07-22 16:00:00,3.0370166666666667,3.0261833333333334,270.53166666666664,401.5425133333334
2021-07-22 17:00:00,2.9002166666666667,2.8966166666666666,270.35499999999996,427.06883666666664
2021-07-22 18:00:00,2.8522333333333334,2.8406833333333332,269.97999999999996,298.3947616666667
2021-07-22 19:00:00,2.809066666666667,2.8001333333333336,269.7233333333333,384.3857016666667
2021-07-22 20:00:00,2.7008333333333336,2.7003333333333335,268.5233333333333,420.41330666666664
2021-07-22 21:00:00,2.621966666666667,2.6155666666666666,267.3516666666667,340.10491833333333
2021-07-22 22:00:00,2.5922833333333335,2.5683000000000002,299.15333333333336,360.557705
2021-07-22 23:00:00,2.55145,2.52075,294.44,309.4066016666667
2021-07-23 00:00:00,2.5793833333333334,2.5467333333333335,297.67,207.56776666666667
2021-07-23 01:00:00,2.6395,2.6077,299.7033333333333,198.06508166666666
2021-07-23 02:00:00,2.7117666666666667,2.677966666666667,300.2366666666667,192.538535
2021-07-23 03:00:00,2.776283333333333,2.7429333333333332,299.22,193.98143166666665
2021-07-23 04:00:00,2.8584166666666664,2.8251,296.5466666666667,138.32418833333335
2021-07-23 05:00:00,2.958966666666667,2.9255,295.2033333333333,157.86913166666668
2021-07-23 06:00:00,3.0496833333333333,3.008666666666667,362.21666666666664,203.95559999999998
2021-07-23 07:00:00,3.13215,3.076916666666667,412.3183333333333,363.06255500000003
2021-07-23 08:00:00,3.1655333333333333,3.1097166666666665,412.8433333333333,346.63555166666663
2021-07-23 09:00:00,3.1917,3.1322166666666664,414.76666666666665,372.2893383333333
2021-07-23 10:00:00,3.1881,3.1475166666666667,293.39666666666665,366.030915
2021-07-23 11:00:00,3.10305,3.0752499999999996,265.7883333333333,342.4734433333333
2021-07-23 12:00:00,3.0772,3.0488833333333334,267.245,275.34902
2021-07-23 13:00:00,3.04745,3.018866666666667,270.92,353.32258833333333
2021-07-23 14:00:00,2.9884333333333335,2.96145,274.12,366.927505
2021-07-23 15:00:00,2.9078666666666666,2.8837166666666665,276.72666666666663,402.358065
2021-07-23 16:00:00,2.8154833333333333,2.7912166666666667,276.18833333333333,410.2547383333333
2021-07-23 17:00:00,2.7111333333333336,2.6942333333333335,315.5883333333333,419.3661683333333
2021-07-23 18:00:00,2.7059333333333333,2.7050833333333335,391.25166666666667,338.64527999999996
2021-07-23 19:00:00,2.6721166666666667,2.684483333333333,387.87666666666667,478.77009
2021-07-23 20:00:00,2.6603166666666667,2.6612,387.3233333333334,320.80037
2021-07-23 21:00:00,2.7207999999999997,2.7146833333333333,389.44666666666666,293.722535
2021-07-23 22:00:00,2.7948833333333334,2.783583333333333,400.915,253.08560500000002
2021-07-23 23:00:00,2.9011,2.8847666666666667,389.68666666666667,225.67316833333334
2021-07-24 00:00:00,3.0084500000000003,2.987283333333333,384.85333333333335,202.53410833333334
2021-07-24 01:00:00,3.1425666666666667,3.1188333333333333,388.0866666666667,183.65060833333334
2021-07-24 02:00:00,3.2685,3.2441,388.76666666666665,191.405515
2021-07-24 03:00:00,3.3976166666666665,3.370816666666667,387.7366666666667,204.95000833333333
2021-07-24 04:00:00,3.508383333333333,3.481533333333333,386.12666666666667,204.05517166666667
2021-07-24 05:00:00,3.6526,3.6195999999999997,386.76666666666665,145.50238499999998
2021-07-24 06:00:00,3.7573333333333334,3.7218166666666668,235.12166666666664,182.54871333333332
2021-07-24 07:00:00,3.743933333333333,3.7131666666666665,206.17999999999998,286.86405666666667
2021-07-24 08:00:00,3.6476666666666664,3.6218999999999997,208.94166666666666,385.02609666666666
2021-07-24 09:00:00,3.49125,3.47085,207.05666666666667,503.8802866666667
2021-07-24 10:00:00,3.3022666666666667,3.28245,206.72166666666666,406.10441499999996
2021-07-24 11:00:00,3.190233333333333,3.1687,202.85333333333335,352.616865
2021-07-24 12:00:00,3.0976,3.077383333333333,203.215,336.51936666666666
2021-07-24 13:00:00,2.977333333333333,2.9631833333333333,205.56333333333333,433.54829666666666
2021-07-24 14:00:00,2.8163666666666667,2.80475,206.91,407.74336
2021-07-24 15:00:00,2.6932666666666667,2.6820666666666666,205.11166666666668,393.630345
2021-07-24 16:00:00,2.55495,2.5470333333333333,206.34,383.98855333333336
2021-07-24 17:00:00,2.4598500000000003,2.450283333333333,206.52333333333334,317.2416666666667
2021-07-24 18:00:00,2.3969666666666667,2.3868500000000004,205.57833333333335,296.16080666666664
2021-07-24 19:00:00,2.3037833333333335,2.2970166666666665,205.58166666666665,380.6330566666667
2021-07-24 20:00:00,2.1806,2.1747666666666663,203.97,362.29913
2021-07-24 21:00:00,2.06155,2.0587166666666668,222.98833333333332,397.3874916666666
2021-07-24 22:00:00,2.1829833333333335,2.19465,477.09000000000003,310.72421
2021-07-24 23:00:00,2.2685,2.2695,367.06166666666667,276.25418333333334
2021-07-25 00:00:00,2.355766666666667,2.3519833333333335,372.315,196.02784333333332
2021-07-25 01:00:00,2.4909666666666666,2.47925,371.65,155.30372833333334
2021-07-25 02:00:00,2.6373,2.6211166666666665,370.21500000000003,152.47138166666667
2021-07-25 03:00:00,2.7657666666666665,2.751183333333333,368.77333333333337,180.01855166666667
2021-07-25 04:00:00,2.885083333333333,2.86945,370.02166666666665,182.39339833333332
2021-07-25 05:00:00,3.003716666666667,2.986683333333333,399.0918279569893,213.68817333333334
2021-07-25 06:00:00,3.3660833333333335,3.338083333333333,634.8790322580645,207.85611333333333
2021-07-25 07:00:00,3.8358333333333334,3.804016666666667,380.8049731182795,262.2200933333333
2021-07-25 08:00:00,3.8322166666666666,3.7912666666666666,121.50166666666668,253.023225
2021-07-25 09:00:00,3.7107666666666663,3.6874833333333332,202.435,388.3311316666667
2021-07-25 10:00:00,3.5496333333333334,3.5528166666666667,255.19500000000002,473.7285966666667
2021-07-25 11:00:00,3.466016666666667,3.457133333333333,256.025,321.49503166666665
2021-07-25 12:00:00,3.43115,3.4194833333333334,255.66,284.36188166666665
2021-07-25 13:00:00,3.3947166666666666,3.3888000000000003,256.065,358.4087866666667
2021-07-25 14:00:00,3.2914666666666665,3.2946999999999997,255.82999999999998,401.2181233333333
2021-07-25 15:00:00,3.2072833333333337,3.207733333333333,254.89833333333334,370.26750999999996
2021-07-25 16:00:00,3.0912333333333333,3.1017333333333332,255.965,458.70839
2021-07-25 17:00:00,2.9783166666666667,2.983816666666667,255.11166666666668,363.03597333333335
2021-07-25 18:00:00,2.922083333333333,2.9224,251.76166666666668,346.08535
2021-07-25 19:00:00,2.8437833333333336,2.8474333333333335,251.125,379.34480666666667
2021-07-25 20:00:00,2.7357333333333336,2.7453166666666666,252.29833333333332,404.76251333333335
2021-07-25 21:00:00,2.6725333333333334,2.6691166666666666,284.9933333333333,321.5240916666667
2021-07-25 22:00:00,2.6862333333333335,2.647283333333333,342.9166666666667,294.9360683333333
2021-07-25 23:00:00,2.74125,2.7042,342.12333333333333,237.01625833333335
2021-07-26 00:00:00,2.823383333333333,2.7868333333333335,341.615,181.9474516666667
2021-07-26 01:00:00,2.940516666666667,2.9033666666666664,345.1333333333333,149.175265
2021-07-26 02:00:00,3.0776166666666667,3.03905,350.49666666666667,126.77174
2021-07-26 03:00:00,3.2247333333333335,3.1843500000000002,350.75333333333333,138.16007166666668
2021-07-26 04:00:00,3.34825,3.3059999999999996,352.5933333333333,179.5099383333333
2021-07-26 05:00:00,3.45395,3.41055,352.505,206.66671
2021-07-26 06:00:00,3.533983333333333,3.4887666666666663,352.90333333333336,259.0714683333333
2021-07-26 07:00:00,3.555833333333333,3.5077333333333334,351.2116666666667,393.5604216666667
2021-07-26 08:00:00,3.47845,3.428316666666667,351.375,490.472095
2021-07-26 09:00:00,3.4012000000000002,3.3531166666666667,353.50166666666667,436.4144316666667
2021-07-26 10:00:00,3.354716666666667,3.306633333333333,354.8016666666666,379.69262
2021-07-26 11:00:00,3.337083333333333,3.2896,355.9816666666667,363.23286833333333
2021-07-26 12:00:00,3.3512,3.3043166666666663,356.52000000000004,304.85183166666667
2021-07-26 13:00:00,3.373066666666667,3.327433333333333,355.6683333333333,334.9264866666666
2021-07-26 14:00:00,3.3908166666666664,3.3457999999999997,359.2366666666667,298.06466
2021-07-26 15:00:00,3.4215166666666668,3.3738666666666663,277.375,295.54672666666664
2021-07-26 16:00:00,3.3611666666666666,3.310016666666667,190.46833333333333,297.8978466666667
2021-07-26 17:00:00,3.2686166666666665,3.2170666666666667,190.47666666666666,378.33149
2021-07-26 18:00:00,3.08035,3.0231,187.3,546.9035700000001
2021-07-26 19:00:00,2.83385,2.7794000000000003,186.19500000000002,522.767295
2021-07-26 20:00:00,2.643533333333333,2.595666666666667,186.505,409.70672666666667
2021-07-26 21:00:00,2.5103,2.4666833333333336,186.185,358.131785
2021-07-26 22:00:00,2.3834166666666667,2.34085,186.22666666666666,388.266335
2021-07-26 23:00:00,2.2927833333333334,2.263316666666667,262.365,224.356065
2021-07-27 00:00:00,2.3987333333333334,2.3936833333333336,438.4266666666666,177.61492833333335
2021-07-27 01:00:00,2.5673833333333334,2.5595166666666667,441.14166666666665,204.720565
2021-07-27 02:00:00,2.727516666666667,2.717766666666667,441.9133333333333,155.98087666666666
2021-07-27 03:00:00,2.933,2.9181000000000004,441.475,126.86130333333334
2021-07-27 04:00:00,3.1302333333333334,3.1117666666666666,440.27000000000004,143.129589
2021-07-27 05:00:00,3.315116666666667,3.2953333333333332,433.805,174.95372166666667
2021-07-27 06:00:00,3.4631166666666666,3.44735,435.34666666666664,236.50240166666666
2021-07-27 07:00:00,3.567833333333333,3.5568999999999997,435.82,308.144385
2021-07-27 08:00:00,3.6088833333333334,3.60745,436.2933333333333,389.2898433333333
2021-07-27 09:00:00,3.6504,3.6218500000000002,308.60833333333335,304.511545
2021-07-27 10:00:00,3.590291666666667,3.5410416666666666,225.09166666666667,343.3794145833333
2021-07-27 11:00:00,3.4912666666666667,3.439433333333333,235.345,469.5262466666666
2021-07-27 12:00:00,3.347383333333333,3.2992500000000002,235.065,405.14116
2021-07-27 13:00:00,3.2226500000000002,3.176016666666667,235.52166666666665,405.43418333333335
2021-07-27 14:00:00,3.11045,3.0659,236.375,385.0322116666667
2021-07-27 15:00:00,3.0383166666666668,2.99535,237.62833333333336,321.24537
2021-07-27 16:00:00,2.9703999999999997,2.9288166666666666,237.57666666666668,325.3617883333333
2021-07-27 17:00:00,2.91945,2.87845,238.265,290.777615
2021-07-27 18:00:00,2.8680166666666667,2.826216666666667,236.79166666666666,359.9249483333333
2021-07-27 19:00:00,2.7470833333333333,2.7066000000000003,234.85833333333332,431.5036566666667
2021-07-27 20:00:00,2.6351166666666668,2.5963833333333333,234.78833333333333,347.2831133333333
2021-07-27 21:00:00,2.5798666666666668,2.5431833333333334,235.74166666666667,303.79030166666666
2021-07-27 22:00:00,2.520233333333333,2.4844,236.05499999999998,349.8653733333333
2021-07-27 23:00:00,2.4404833333333333,2.4062666666666668,239.52666666666667,327.12886833333334
2021-07-28 00:00:00,2.3975666666666666,2.3619,256.27166666666665,275.45568333333335
2021-07-28 01:00:00,2.41095,2.3735333333333335,409.37666666666667,297.2567516666667
2021-07-28 02:00:00,2.58205,2.5686000000000004,569.76,158.64959333333334
2021-07-28 03:00:00,2.8741,2.8533,569.2733333333333,120.81776666666666
2021-07-28 04:00:00,3.1630499999999997,3.1390000000000002,515.0849999999999,121.76822333333332
2021-07-28 05:00:00,3.3482666666666665,3.332,371.3366666666667,147.404205
2021-07-28 06:00:00,3.4576333333333333,3.4491500000000004,371.4633333333333,267.6156183333333
2021-07-28 07:00:00,3.4699166666666668,3.4766333333333335,371.2633333333333,394.2210383333333
2021-07-28 08:00:00,3.4377333333333335,3.44695,360.995,388.6323516666667
2021-07-28 09:00:00,3.4194999999999998,3.4037833333333336,276.10166666666663,328.58908499999995
2021-07-28 10:00:00,3.3939333333333335,3.373483333333333,277.7866666666667,298.9493816666666
2021-07-28 11:00:00,3.3753333333333333,3.3539666666666665,275.2116666666667,312.0924283333333
2021-07-28 12:00:00,3.3452333333333333,3.3270833333333334,277.90333333333336,334.96477
2021-07-28 13:00:00,3.277233333333333,3.2648,278.8366666666667,366.88003000000003
2021-07-28 14:00:00,3.2298666666666667,3.21445,276.5383333333333,359.37539000000004
2021-07-28 15:00:00,3.129183333333333,3.122466666666667,277.0066666666667,456.8485483333333
2021-07-28 16:00:00,3.0143,3.0048666666666666,275.74666666666667,402.4234133333333
2021-07-28 17:00:00,2.93555,2.92705,275.835,383.712685
2021-07-28 18:00:00,2.8842166666666667,2.8737833333333334,274.49,338.25260499999996
2021-07-28 19:00:00,2.8197833333333335,2.8112,275.885,374.837195
2021-07-28 20:00:00,2.74975,2.7417166666666666,274.05333333333334,379.8820083333333
2021-07-28 21:00:00,2.6681166666666667,2.662783333333333,274.85833333333335,365.1489833333333
2021-07-28 22:00:00,2.6476166666666665,2.6348,275.93833333333333,259.1822716666667
2021-07-28 23:00:00,2.6667,2.6489666666666665,302.6066666666667,235.90392500000002
2021-07-29 00:00:00,2.7662,2.7348166666666667,398.7433333333333,205.84778333333333
2021-07-29 01:00:00,2.889883333333333,2.8583,400.7066666666667,200.12187
2021-07-29 02:00:00,3.0206,2.9889,401.62333333333333,216.32244833333334
2021-07-29 03:00:00,3.124816666666667,3.0924833333333335,401.20166666666665,223.97591999999997
2021-07-29 04:00:00,3.2794166666666666,3.2424833333333334,401.085,126.59613666666668
2021-07-29 05:00:00,3.4566666666666666,3.4187833333333333,404.84166666666664,144.03665166666667
2021-07-29 06:00:00,3.6110666666666664,3.5721333333333334,409.99,215.53573833333334
2021-07-29 07:00:00,3.65795,3.62385,321.775,379.32192166666664
2021-07-29 08:00:00,3.571566666666667,3.5423166666666663,311.3366666666667,482.98529666666667
2021-07-29 09:00:00,3.4391000000000003,3.4109833333333333,313.245,486.864835
2021-07-29 10:00:00,3.3453166666666667,3.3164666666666665,309.89166666666665,397.0781183333333
2021-07-29 11:00:00,3.3263833333333332,3.2944833333333334,309.35833333333335,288.50278
2021-07-29 12:00:00,3.3178833333333335,3.286916666666667,310.78,344.429225
2021-07-29 13:00:00,3.2843999999999998,3.2561666666666667,309.87833333333333,355.023865
2021-07-29 14:00:00,3.2373,3.2094,310.93666666666667,400.03593
2021-07-29 15:00:00,3.1879166666666667,3.1605333333333334,311.39500000000004,344.8014933333333
2021-07-29 16:00:00,3.170933333333333,3.14355,313.075,334.8457016666667
2021-07-29 17:00:00,3.140333333333333,3.1104166666666666,306.45,356.73321666666664
2021-07-29 18:00:00,3.082466666666667,3.05575,307.44666666666666,429.45856166666664
2021-07-29 19:00:00,3.0205333333333333,2.9936166666666666,308.08,340.9711316666666
2021-07-29 20:00:00,3.0077833333333333,2.9794166666666664,311.61333333333334,330.6808066666666
2021-07-29 21:00:00,2.97305,2.9472666666666667,308.62833333333333,363.19102666666663
2021-07-29 22:00:00,2.953116666666667,2.9269833333333333,308.76,308.46896000000004
2021-07-29 23:00:00,2.9561333333333333,2.9304,302.38,276.4322
2021-07-30 00:00:00,2.94335,2.9179666666666666,302.48833333333334,345.2937033333334
2021-07-30 01:00:00,2.9616166666666666,2.934266666666667,303.62666666666667,202.09493333333333
2021-07-30 02:00:00,3.0368833333333334,3.0056333333333334,304.38,180.59579166666666
2021-07-30 03:00:00,3.121,3.089516666666667,304.5816666666667,161.52437550000002
2021-07-30 04:00:00,3.2063166666666665,3.17495,306.31,177.81897333333333
2021-07-30 05:00:00,3.3046833333333336,3.2712,308.90999999999997,146.29295
2021-07-30 06:00:00,3.5047833333333336,3.4045166666666664,548.7199999999999,204.88320333333334
2021-07-30 07:00:00,3.7079166666666667,3.5738166666666666,554.1116666666666,334.078605
2021-07-30 08:00:00,3.72945,3.6288166666666664,310.5416666666667,396.8531916666667
2021-07-30 09:00:00,3.665516666666667,3.580766666666667,308.71500000000003,338.4295733333333
2021-07-30 10:00:00,3.66485,3.587683333333333,309.17833333333334,271.474675
2021-07-30 11:00:00,3.64485,3.55695,300.05833333333334,414.47129666666666
2021-07-30 12:00:00,3.5981666666666667,3.519633333333333,302.0383333333333,296.57779666666664
2021-07-30 13:00:00,3.5740333333333334,3.488916666666667,304.59666666666664,373.7542733333333
2021-07-30 14:00:00,3.5433000000000003,3.4659833333333334,301.995,306.0853366666667
2021-07-30 15:00:00,3.5176333333333334,3.4358500000000003,303.12333333333333,375.51711666666665
2021-07-30 16:00:00,3.42635,3.3609999999999998,217.13333333333333,404.9974216666667
2021-07-30 17:00:00,3.287916666666667,3.2306833333333334,207.64666666666665,396.93992
2021-07-30 18:00:00,3.177316666666667,3.1243,207.07166666666666,356.87307500000003
2021-07-30 19:00:00,3.0337166666666664,2.9779666666666667,204.35666666666665,444.99354
2021-07-30 20:00:00,2.9046499999999997,2.8552833333333334,203.925,320.70216
2021-07-30 21:00:00,2.839,2.7911333333333332,204.89,304.69787
2021-07-30 22:00:00,2.7855,2.754966666666667,311.0183333333333,279.90722
2021-07-30 23:00:00,2.842233333333333,2.82485,367.37,240.19816666666665
2021-07-31 00:00:00,2.9302166666666665,2.9122,369.2183333333333,210.78482333333335
2021-07-31 01:00:00,3.0493666666666663,3.026116666666667,369.93333333333334,175.802315
2021-07-31 02:00:00,3.1673166666666663,3.1440333333333332,369.42,192.45875166666667
2021-07-31 03:00:00,3.2865333333333333,3.2610666666666663,368.99666666666667,182.80179333333334
2021-07-31 04:00:00,3.4084833333333338,3.3807833333333335,365.7883333333333,179.9512533333333
2021-07-31 05:00:00,3.5239,3.4959,367.35999999999996,189.24530166666668
2021-07-31 06:00:00,3.6493333333333333,3.6193999999999997,377.4183333333333,183.68085666666667
2021-07-31 07:00:00,3.727516666666667,3.692266666666667,300.4116666666667,292.42551
2021-07-31 08:00:00,3.677316666666667,3.6343,261.2266666666667,413.1896566666667
2021-07-31 09:00:00,3.5467500000000003,3.50435,259.42,473.8340166666667
2021-07-31 10:00:00,3.4064166666666664,3.3655,260.67,418.99104
2021-07-31 11:00:00,3.318366666666667,3.2787,259.84666666666664,354.88134333333335
2021-07-31 12:00:00,3.2647166666666667,3.225083333333333,260.95666666666665,349.3386433333333
2021-07-31 13:00:00,3.1978166666666668,3.158183333333333,261.26166666666666,343.74995
2021-07-31 14:00:00,3.1118333333333337,3.0738166666666666,260.71,435.48487166666666
2021-07-31 15:00:00,3.0112,2.9747666666666666,263.09166666666664,353.92243333333334
2021-07-31 16:00:00,2.954533333333333,2.9182333333333332,262.14666666666665,345.90560666666664
2021-07-31 17:00:00,2.8941166666666667,2.8589166666666666,260.95,321.92083166666663
2021-07-31 18:00:00,2.8476333333333335,2.815833333333333,291.33,353.9774066666667
2021-07-31 19:00:00,2.8182833333333335,2.7977666666666665,343.5866666666667,343.4584183333333
2021-07-31 20:00:00,2.8316666666666666,2.8087333333333335,342.2566666666667,303.545125
2021-07-31 21:00:00,2.829216666666667,2.8097333333333334,342.60499999999996,381.9921316666667
2021-07-31 22:00:00,2.8075833333333335,2.7847,358.09000000000003,353.18543666666665
2021-07-31 23:00:00,2.8412,2.8116833333333333,379.0933333333333,286.0992
2021-08-01 00:00:00,2.9240166666666667,2.8937833333333334,382.40833333333336,207.96952000000002
2021-08-01 01:00:00,3.069933333333333,3.0323833333333337,418.23333333333335,159.194515
2021-08-01 02:00:00,3.2318833333333337,3.1922833333333336,419.975,196.003025
2021-08-01 03:00:00,3.369666666666667,3.3280666666666665,420.045,215.89821500000002
2021-08-01 04:00:00,3.5124333333333335,3.46965,419.8016666666666,176.579775
2021-08-01 05:00:00,3.6699333333333333,3.6256166666666667,423.51666666666665,170.30523833333334
2021-08-01 06:00:00,3.8403666666666667,3.7942166666666663,409.335,171.15935666666667
2021-08-01 07:00:00,3.915233333333333,3.888233333333333,284.00166666666667,258.89221333333336
2021-08-01 08:00:00,3.9118,3.8874333333333335,281.94166666666666,277.05990166666663
2021-08-01 09:00:00,3.8940833333333336,3.874016666666667,282.57166666666666,347.0593666666667
2021-08-01 10:00:00,3.815716666666667,3.8028166666666667,281.1666666666667,421.26961166666666
2021-08-01 11:00:00,3.7519,3.7342999999999997,282.4916666666667,313.10893166666665
2021-08-01 12:00:00,3.7436333333333334,3.721983333333333,285.07666666666665,281.353905
2021-08-01 13:00:00,3.715433333333333,3.6988,282.47,362.0333566666667
2021-08-01 14:00:00,3.644633333333333,3.6328833333333335,286.07,378.4383583333334
2021-08-01 15:00:00,3.5818833333333333,3.5696999999999997,284.14833333333337,384.38729166666667
2021-08-01 16:00:00,3.5137666666666667,3.503633333333333,282.92833333333334,382.35736166666663
2021-08-01 17:00:00,3.414833333333333,3.4074999999999998,248.73833333333332,447.6541066666667
2021-08-01 18:00:00,3.2584500000000003,3.2100500000000003,97.46833333333333,397.93006333333335
2021-08-01 19:00:00,3.1125333333333334,3.0682666666666667,208.14,315.36589499999997
2021-08-01 20:00:00,3.0475833333333333,3.0043333333333333,209.56833333333333,308.226405
2021-08-01 21:00:00,2.9860666666666664,2.9442166666666667,209.40833333333333,277.9442866666667
2021-08-01 22:00:00,2.9587,2.93465,314.82166666666666,260.0353283333333
2021-08-01 23:00:00,2.99985,2.9917333333333334,353.3233333333334,295.2415883333333
2021-08-02 00:00:00,3.060483333333333,3.045,356.125,195.21663833333332
2021-08-02 01:00:00,3.1889333333333334,3.166433333333333,357.22333333333336,148.73480999999998
2021-08-02 02:00:00,3.3316500000000002,3.3061333333333334,358.2,131.39345333333333
2021-08-02 03:00:00,3.4814166666666666,3.4529,356.8433333333333,124.64891833333333
2021-08-02 04:00:00,3.6340833333333333,3.6045666666666665,357.795,126.96647833333333
2021-08-02 05:00:00,3.7767333333333335,3.7474333333333334,361.80333333333334,148.96684666666667
2021-08-02 06:00:00,3.8895166666666667,3.8676166666666663,323.77833333333336,223.90477
2021-08-02 07:00:00,3.85215,3.8600166666666667,289.58,442.5431483333333
2021-08-02 08:00:00,3.7064666666666666,3.729633333333333,287.77666666666664,507.2796333333333
2021-08-02 09:00:00,3.5687,3.5882,282.62833333333333,438.3100383333333
2021-08-02 10:00:00,3.5079333333333333,3.5155833333333333,284.87666666666667,339.577475
2021-08-02 11:00:00,3.440233333333333,3.454716666666667,284.505,421.8912
2021-08-02 12:00:00,3.3595333333333333,3.3722833333333333,285.0833333333333,364.52952
2021-08-02 13:00:00,3.334083333333333,3.3354333333333335,285.82666666666665,280.72838333333334
2021-08-02 14:00:00,3.3445166666666664,3.3435333333333332,287.81166666666667,271.1658366666667
2021-08-02 15:00:00,3.35655,3.3539833333333333,287.04,254.81159833333334
2021-08-02 16:00:00,3.377133333333333,3.3745,290.045,261.5583433333333
2021-08-02 17:00:00,3.35975,3.3461833333333337,216.86833333333334,301.70817999999997
2021-08-02 18:00:00,3.2861666666666665,3.2720166666666666,233.085,397.671105
2021-08-02 19:00:00,3.1212166666666668,3.11475,231.38500000000002,466.1379833333333
2021-08-02 20:00:00,3.0257833333333335,3.0124833333333334,231.54666666666665,323.229625
2021-08-02 21:00:00,2.940833333333333,2.931233333333333,234.24166666666667,397.2632433333334
2021-08-02 22:00:00,2.8198833333333337,2.8121500000000004,248.325,395.14538999999996
2021-08-02 23:00:00,2.790716666666667,2.7548000000000004,354.24,328.4656283333333
2021-08-03 00:00:00,2.8359333333333336,2.8034666666666666,378.28,240.08838333333333
2021-08-03 01:00:00,2.9473,2.914416666666667,397.2,212.55646333333334
2021-08-03 02:00:00,3.084216666666667,3.0490500000000003,399.0683333333333,156.56645500000002
2021-08-03 03:00:00,3.254833333333333,3.2168833333333335,399.2033333333333,123.98431000000001
2021-08-03 04:00:00,3.434483333333333,3.3951833333333337,398.805,124.35845333333333
2021-08-03 05:00:00,3.6244500000000004,3.5883333333333334,479.0066666666667,142.99914499999997
2021-08-03 06:00:00,3.8411166666666667,3.8163,478.0566666666667,203.29853666666668
2021-08-03 07:00:00,3.8853166666666668,3.895233333333333,326.87833333333333,336.59161666666665
2021-08-03 08:00:00,3.8684000000000003,3.8684,283.01,398.449645
2021-08-03 09:00:00,3.7729,3.7423,256.71666666666664,378.2305783333333
2021-08-03 10:00:00,3.7364,3.7013333333333334,255.86833333333334,271.26058666666665
2021-08-03 11:00:00,3.708666666666667,3.6752499999999997,255.17999999999998,310.60015833333335
2021-08-03 12:00:00,3.6705833333333335,3.6366,258.965,311.89748833333334
2021-08-03 13:00:00,3.6211833333333336,3.5894,258.91833333333335,353.0379316666667
2021-08-03 14:00:00,3.528316666666667,3.4999,260.52166666666665,424.144435
2021-08-03 15:00:00,3.4189000000000003,3.391033333333333,257.81,394.36046
2021-08-03 16:00:00,3.3282833333333333,3.301733333333333,258.6516666666667,396.08069166666667
2021-08-03 17:00:00,3.2363,3.2096333333333336,259.46,340.29697500000003
2021-08-03 18:00:00,3.21515,3.1854666666666662,261.115,295.851665
2021-08-03 19:00:00,3.14655,3.12305,258.155,399.35196833333333
2021-08-03 20:00:00,3.0582,3.035266666666667,261.985,391.83351000000005
2021-08-03 21:00:00,2.964183333333333,2.942333333333333,258.415,358.6934616666667
2021-08-03 22:00:00,2.9231833333333332,2.9010666666666665,259.15666666666664,288.27189833333335
2021-08-03 23:00:00,2.91955,2.895366666666667,261.54,224.19039833333332
2021-08-04 00:00:00,2.9617999999999998,2.9305666666666665,303.64833333333337,230.5284
2021-08-04 01:00:00,3.0107500000000003,2.9782,303.31166666666667,211.65516333333335
2021-08-04 02:00:00,3.0708833333333336,3.0386,305.89666666666665,209.94400166666668
2021-08-04 03:00:00,3.139216666666667,3.1064333333333334,305.73333333333335,177.13077333333334
2021-08-04 04:00:00,3.2447166666666667,3.2092666666666667,303.49833333333333,123.00381
2021-08-04 05:00:00,3.3577500000000002,3.3282499999999997,370.225,169.98213166666667
2021-08-04 06:00:00,3.4895,3.489833333333333,516.5383333333333,297.389735
2021-08-04 07:00:00,3.6118,3.61775,513.0683333333333,338.50674
2021-08-04 08:00:00,3.648616666666667,3.6487833333333333,340.88666666666666,414.19041833333335
2021-08-04 09:00:00,3.564716666666667,3.5675166666666667,333.3616666666667,451.8499566666667
2021-08-04 10:00:00,3.542466666666667,3.533083333333333,337.82,312.63191333333333
2021-08-04 11:00:00,3.5398666666666667,3.5322166666666663,337.38666666666666,337.87384833333334
2021-08-04 12:00:00,3.5332,3.5064166666666665,241.11166666666668,310.8628683333333
2021-08-04 13:00:00,3.4556,3.4255833333333334,229.52166666666665,359.7818833333333
2021-08-04 14:00:00,3.3804333333333334,3.3502500000000004,229.25,320.26339
2021-08-04 15:00:00,3.3163666666666667,3.2873,227.46166666666667,330.188715
2021-08-04 16:00:00,3.2308166666666667,3.203933333333333,229.27666666666667,363.56888499999997
2021-08-04 17:00:00,3.13655,3.111816666666667,227.80166666666668,385.11855166666663
2021-08-04 18:00:00,3.026933333333333,3.0037666666666665,226.27333333333334,367.216815
2021-08-04 19:00:00,2.9167166666666664,2.8947166666666666,224.37166666666664,396.838425
2021-08-04 20:00:00,2.7976666666666663,2.7764,224.43833333333333,392.3702333333333
2021-08-04 21:00:00,2.6975333333333333,2.6759333333333335,226.52666666666667,353.48744999999997
2021-08-04 22:00:00,2.6317999999999997,2.6349,354.88666666666666,375.99021999999997
2021-08-04 23:00:00,2.63205,2.6375499999999996,365.17,312.3690966666666
2021-08-05 00:00:00,2.715716666666667,2.706866666666667,366.4616666666667,190.99778833333332
2021-08-05 01:00:00,2.8420166666666664,2.8277833333333335,368.28333333333336,172.38371999999998
2021-08-05 02:00:00,2.9581999999999997,2.9452166666666666,368.3183333333333,192.10087166666665
2021-08-05 03:00:00,3.0810000000000004,3.064333333333333,368.85333333333335,177.69567833333335
2021-08-05 04:00:00,3.20565,3.1885499999999998,369.0366666666667,176.60252
2021-08-05 05:00:00,3.3296833333333336,3.3104333333333336,369.48333333333335,167.96659
2021-08-05 06:00:00,3.44675,3.4311166666666666,372.02833333333336,242.39350666666667
2021-08-05 07:00:00,3.473783333333333,3.4736166666666666,371.02833333333336,385.48128833333334
2021-08-05 08:00:00,3.4553333333333334,3.4564833333333334,372.815,343.4616383333333
2021-08-05 09:00:00,3.4983666666666666,3.4791833333333333,295.4933333333333,273.8879616666666
2021-08-05 10:00:00,3.4468,3.4149000000000003,228.39666666666665,396.48159833333335
2021-08-05 11:00:00,3.3528333333333333,3.321066666666667,228.25,297.62541
2021-08-05 12:00:00,3.3155666666666668,3.282433333333333,230.14333333333335,310.2515716666667
2021-08-05 13:00:00,3.2305166666666665,3.20065,233.0366666666667,387.711055
2021-08-05 14:00:00,3.1210333333333335,3.0925333333333334,236.57000000000002,374.66548
2021-08-05 15:00:00,3.0206166666666667,2.9943166666666667,235.63166666666666,376.4098466666667
2021-08-05 16:00:00,2.9291166666666664,2.9042499999999998,236.655,358.06982
2021-08-05 17:00:00,2.8621166666666666,2.835716666666667,236.26166666666668,340.9860483333333
2021-08-05 18:00:00,2.7352333333333334,2.7138833333333334,236.345,481.1585616666667
2021-08-05 19:00:00,2.6,2.5791,237.52,350.95481333333333
2021-08-05 20:00:00,2.5357666666666665,2.5166,242.23333333333332,339.204145
2021-08-05 21:00:00,2.484,2.4621666666666666,252.67333333333332,301.55151
2021-08-05 22:00:00,2.4620666666666664,2.440733333333333,252.19333333333333,258.6822916666667
2021-08-05 23:00:00,2.495233333333333,2.48185,398.745,282.85089
2021-08-06 00:00:00,2.5866,2.57225,406.27000000000004,217.98786833333332
2021-08-06 01:00:00,2.7095833333333332,2.6946333333333334,409.07666666666665,241.43877666666668
2021-08-06 02:00:00,2.83425,2.8123666666666667,408.835,156.87786333333332
2021-08-06 03:00:00,3.0187833333333334,2.99215,412.51166666666666,142.22243666666665
2021-08-06 04:00:00,3.1779333333333333,3.1525499999999997,410.15333333333336,178.47892666666667
2021-08-06 05:00:00,3.3213,3.2952,408.8833333333333,200.29156666666668
2021-08-06 06:00:00,3.433266666666667,3.4093333333333335,410.09000000000003,265.36436833333335
2021-08-06 07:00:00,3.5012666666666665,3.4821666666666666,405.5833333333333,370.1144316666667
2021-08-06 08:00:00,3.446166666666667,3.4029000000000003,250.88166666666666,438.20286666666664
2021-08-06 09:00:00,3.3384666666666667,3.2785,220.27333333333334,365.5498816666667
2021-08-06 10:00:00,3.2445999999999997,3.1864,219.27,327.58814
2021-08-06 11:00:00,3.155933333333333,3.0965833333333332,218.70833333333334,400.358705
2021-08-06 12:00:00,3.0256666666666665,2.96825,219.815,350.3844483333333
2021-08-06 13:00:00,2.95425,2.9007333333333336,221.435,340.308235
2021-08-06 14:00:00,2.878233333333333,2.825816666666667,222.38833333333332,297.57027833333336
2021-08-06 15:00:00,2.8263166666666666,2.776683333333333,222.85833333333332,290.98468833333334
2021-08-06 16:00:00,2.7869,2.736483333333333,224.245,280.77508666666665
2021-08-06 17:00:00,2.7191,2.6650833333333335,224.11666666666667,373.4412283333333
2021-08-06 18:00:00,2.59115,2.53565,225.18333333333334,437.7834516666666
2021-08-06 19:00:00,2.4441166666666665,2.3923,222.1616666666667,417.9839516666667
2021-08-06 20:00:00,2.3257499999999998,2.2798833333333333,222.53166666666667,369.7552333333333
2021-08-06 21:00:00,2.240866666666667,2.19875,221.965,323.4062083333334
2021-08-06 22:00:00,2.2248333333333337,2.2105,424.98499999999996,300.06361833333335
2021-08-06 23:00:00,2.3236166666666667,2.3137499999999998,442.26,281.6015433333333
2021-08-07 00:00:00,2.4131,2.4031833333333332,442.1566666666667,289.0258
2021-08-07 01:00:00,2.5397166666666666,2.5246500000000003,444.62166666666667,219.81089500000002
2021-08-07 02:00:00,2.7067833333333335,2.6843500000000002,445.72333333333336,167.51922333333331
2021-08-07 03:00:00,2.90715,2.8794666666666666,444.64833333333337,119.62005500000001
2021-08-07 04:00:00,3.11825,3.0877833333333333,443.9583333333333,127.06612
2021-08-07 05:00:00,3.31805,3.2871333333333337,441.8366666666667,143.364905
2021-08-07 06:00:00,3.50385,3.4728333333333334,444.1666666666667,175.562235
2021-08-07 07:00:00,3.667016666666667,3.6353999999999997,446.21500000000003,218.132435
2021-08-07 08:00:00,3.715316666666667,3.6812833333333335,325.06166666666667,425.112995
2021-08-07 09:00:00,3.6453333333333333,3.609366666666667,309.595,361.98543
2021-08-07 10:00:00,3.6058166666666667,3.5683333333333334,307.79833333333335,374.68602666666663
2021-08-07 11:00:00,3.55585,3.5187833333333334,308.745,391.21245999999996
2021-08-07 12:00:00,3.4864,3.449883333333333,309.2816666666667,410.79015833333335
2021-08-07 13:00:00,3.4098166666666665,3.3746,308.50333333333333,416.63000833333336
2021-08-07 14:00:00,3.337816666666667,3.3024,310.08,423.69978999999995
2021-08-07 15:00:00,3.2505333333333337,3.216666666666667,310.29,411.6825016666667
2021-08-07 16:00:00,3.2121166666666667,3.1771666666666665,310.12666666666667,325.8384016666667
2021-08-07 17:00:00,3.2049666666666665,3.1706999999999996,309.28,313.04833333333335
2021-08-07 18:00:00,3.17535,3.142233333333333,307.40333333333336,377.196705
2021-08-07 19:00:00,3.1473999999999998,3.1153666666666666,307.64166666666665,308.72809500000005
2021-08-07 20:00:00,3.1430333333333333,3.1105666666666667,305.79,322.22979666666663
2021-08-07 21:00:00,3.100216666666667,3.0697666666666668,305.4633333333333,371.8976033333333
2021-08-07 22:00:00,3.0863333333333336,3.0538499999999997,309.50333333333333,288.505705
2021-08-07 23:00:00,3.0882666666666667,3.0571833333333336,307.4866666666667,325.1161133333334
2021-08-08 00:00:00,3.0756666666666663,3.0439833333333337,306.10833333333335,286.394565
2021-08-08 01:00:00,3.10155,3.0706166666666665,307.1066666666667,266.1137533333333
2021-08-08 02:00:00,3.1308000000000002,3.0991,309.77333333333337,231.05677666666668
2021-08-08 03:00:00,3.19435,3.1602333333333332,309.2683333333333,197.74080833333335
2021-08-08 04:00:00,3.265533333333333,3.2316000000000003,308.0733333333334,194.19449166666666
2021-08-08 05:00:00,3.34785,3.3126166666666665,307.6,161.42589
2021-08-08 06:00:00,3.4301000000000004,3.3939666666666666,308.4816666666667,204.78331500000002
2021-08-08 07:00:00,3.4825166666666667,3.447483333333333,308.78333333333336,227.967975
2021-08-08 08:00:00,3.5043166666666665,3.4606,196.45833333333334,271.72305666666665
2021-08-08 09:00:00,3.396166666666667,3.344466666666667,168.1616666666667,396.85624333333334
2021-08-08 10:00:00,3.2365166666666667,3.1865,168.44166666666666,373.33710833333333
2021-08-08 11:00:00,3.1224333333333334,3.077516666666667,167.12,315.43611500000003
2021-08-08 12:00:00,3.005533333333333,2.9602500000000003,165.63,351.03862666666663
2021-08-08 13:00:00,2.887983333333333,2.8434000000000004,187.48666666666668,338.1014483333333
2021-08-08 14:00:00,2.8218,2.759583333333333,277.09833333333336,378.0323833333333
2021-08-08 15:00:00,2.7353333333333336,2.668766666666667,278.47166666666664,415.25987499999997
2021-08-08 16:00:00,2.610983333333333,2.5420666666666665,276.0933333333333,495.7761266666667
2021-08-08 17:00:00,2.468933333333333,2.40285,276.5133333333333,458.028365
2021-08-08 18:00:00,2.3612166666666665,2.3031,279.68833333333333,382.43022
2021-08-08 19:00:00,2.3099833333333333,2.257683333333333,278.84000000000003,321.1393516666667
2021-08-08 20:00:00,2.278233333333333,2.2288666666666668,276.72,316.48661
2021-08-08 21:00:00,2.24265,2.192,277.84833333333336,348.87161000000003
2021-08-08 22:00:00,2.2636499999999997,2.2030000000000003,526.5416666666666,329.27146
2021-08-08 23:00:00,2.399083333333333,2.3596333333333335,440.5883333333333,244.98035833333333
2021-08-09 00:00:00,2.510183333333333,2.4771666666666667,413.56,241.23895333333334
2021-08-09 01:00:00,2.6317833333333334,2.5990166666666665,413.445,186.07132166666668
2021-08-09 02:00:00,2.7948333333333335,2.758583333333333,414.815,150.97786833333333
2021-08-09 03:00:00,2.9703500000000003,2.933383333333333,414.77166666666665,143.98442333333332
2021-08-09 04:00:00,3.1485833333333333,3.1098333333333334,414.0516666666666,145.00955166666665
2021-08-09 05:00:00,3.3276666666666666,3.2843666666666667,446.65833333333336,166.01746166666666
2021-08-09 06:00:00,3.483766666666667,3.43145,456.19,337.16022
2021-08-09 07:00:00,3.4856833333333332,3.422483333333333,454.8283333333333,498.1850316666667
2021-08-09 08:00:00,3.4108666666666667,3.3820666666666668,310.315,450.1226533333333
2021-08-09 09:00:00,3.2802166666666666,3.271383333333333,281.64166666666665,472.1444
2021-08-09 10:00:00,3.1761,3.1638666666666664,281.57666666666665,369.34779499999996
2021-08-09 11:00:00,3.1329,3.1176166666666663,283.135,354.73575999999997
2021-08-09 12:00:00,3.0688666666666666,3.05505,282.775,367.4997716666667
2021-08-09 13:00:00,3.0137666666666667,2.9985666666666666,282.545,356.257705
2021-08-09 14:00:00,2.9745666666666666,2.9566999999999997,284.0816666666667,313.53765833333335
2021-08-09 15:00:00,2.9557833333333337,2.938683333333333,285.0433333333333,311.86462666666665
2021-08-09 16:00:00,2.9318999999999997,2.915633333333333,284.4866666666667,327.261535
2021-08-09 17:00:00,2.878816666666667,2.86705,284.89666666666665,362.640205
2021-08-09 18:00:00,2.8274,2.81405,281.04833333333335,377.26666
2021-08-09 19:00:00,2.7555666666666667,2.7444333333333333,281.01500000000004,355.869815
2021-08-09 20:00:00,2.6999333333333335,2.6899666666666664,281.6983333333334,407.7844966666667
2021-08-09 21:00:00,2.594266666666667,2.5894333333333335,292.0366666666667,414.9099
2021-08-09 22:00:00,2.55435,2.5671000000000004,386.69,373.84059333333335
2021-08-09 23:00:00,2.5500166666666666,2.5674,388.47333333333336,415.37362833333333
2021-08-10 00:00:00,2.5319,2.5490666666666666,390.0783333333333,342.037395
2021-08-10 01:00:00,2.61675,2.6138833333333333,391.28333333333336,229.13515166666667
2021-08-10 02:00:00,2.7479,2.739316666666667,391.745,152.09554
2021-08-10 03:00:00,2.9188166666666664,2.90705,392.98499999999996,122.47622333333334
2021-08-10 04:00:00,3.0965,3.08195,396.28333333333336,123.37499833333332
2021-08-10 05:00:00,3.2733833333333333,3.2574666666666667,399.15333333333336,140.70826666666665
2021-08-10 06:00:00,3.3997666666666664,3.3918666666666666,396.74666666666667,274.33693666666665
2021-08-10 07:00:00,3.4642166666666667,3.460366666666667,395.6316666666667,286.4781183333333
2021-08-10 08:00:00,3.51495,3.4994500000000004,315.23333333333335,292.1839
2021-08-10 09:00:00,3.5136499999999997,3.48795,263.9483333333333,278.9462716666667
2021-08-10 10:00:00,3.4804666666666666,3.4653,229.79833333333332,302.452455
2021-08-10 11:00:00,3.39515,3.3868,230.415,371.01120833333334
2021-08-10 12:00:00,3.3238,3.3104,229.66833333333335,301.9578916666667
2021-08-10 13:00:00,3.241833333333333,3.2370333333333337,230.87333333333333,391.70767666666666
2021-08-10 14:00:00,3.1387833333333335,3.133583333333333,225.53833333333333,364.76006333333333
2021-08-10 15:00:00,3.0278833333333335,3.0246666666666666,221.34,397.80531333333334
2021-08-10 16:00:00,2.9120500000000002,2.9111333333333334,226.38166666666666,388.4501916666667
2021-08-10 17:00:00,2.8114166666666667,2.8098666666666667,227.85166666666666,360.81847
2021-08-10 18:00:00,2.74235,2.7363666666666666,226.22833333333335,309.36611999999997
2021-08-10 19:00:00,2.6443999999999996,2.6491666666666664,228.06666666666666,399.3742316666667
2021-08-10 20:00:00,2.5414666666666665,2.5441,224.80499999999998,340.4975483333334
2021-08-10 21:00:00,2.486283333333333,2.4792666666666667,304.1383333333333,353.8764566666667
2021-08-10 22:00:00,2.5259,2.4790833333333335,450.2566666666667,325.3479683333333
2021-08-10 23:00:00,2.643266666666667,2.6087333333333333,478.54833333333335,228.46571833333334
2021-08-11 00:00:00,2.8192999999999997,2.7868166666666667,480.44166666666666,188.61325166666666
2021-08-11 01:00:00,3.00975,2.975416666666667,479.5816666666667,197.44876833333333
2021-08-11 02:00:00,3.191016666666667,3.1552166666666666,478.39666666666665,188.46385166666667
2021-08-11 03:00:00,3.3850333333333333,3.3482333333333334,478.275,177.970935
2021-08-11 04:00:00,3.578333333333333,3.5393,478.9683333333333,174.54862666666668
2021-08-11 05:00:00,3.7346333333333335,3.7084166666666665,329.76666666666665,178.29016166666668
2021-08-11 06:00:00,3.7828833333333334,3.771,297.14833333333337,255.37423833333332
2021-08-11 07:00:00,3.761883333333333,3.763716666666667,298.35,392.4952783333334
2021-08-11 08:00:00,3.662916666666667,3.6736333333333335,297.88666666666666,428.0179933333333
2021-08-11 09:00:00,3.5825166666666663,3.5896833333333333,291.35,389.5682083333333
2021-08-11 10:00:00,3.5459166666666664,3.544633333333333,291.71500000000003,323.40257333333335
2021-08-11 11:00:00,3.525716666666667,3.5227999999999997,292.39833333333337,327.0797416666667
2021-08-11 12:00:00,3.4762833333333334,3.47995,292.78,362.0163033333334
2021-08-11 13:00:00,3.4414333333333333,3.4406499999999998,295.725,329.10366
2021-08-11 14:00:00,3.4214166666666666,3.418433333333333,296.64166666666665,319.2384466666666
2021-08-11 15:00:00,3.3847,3.3870666666666667,293.95,355.18733499999996
2021-08-11 16:00:00,3.3287166666666668,3.3348166666666668,296.18,374.89056999999997
2021-08-11 17:00:00,3.29225,3.29495,297.5783333333333,329.61494500000003
2021-08-11 18:00:00,3.269433333333333,3.2707166666666665,293.81666666666666,330.1114616666666
2021-08-11 19:00:00,3.2379166666666666,3.241016666666667,294.17,340.0272283333333
2021-08-11 20:00:00,3.1721833333333334,3.1823166666666665,293.84833333333336,429.33009500000003
2021-08-11 21:00:00,3.0442166666666663,3.0660000000000003,292.44,491.89257333333336
2021-08-11 22:00:00,2.9286000000000003,2.9459500000000003,291.6633333333333,397.10216
2021-08-11 23:00:00,2.9176166666666665,2.9175833333333334,295.49666666666667,245.43834166666664
2021-08-12 00:00:00,2.9709166666666667,2.962683333333333,299.14000000000004,210.02660666666668
2021-08-12 01:00:00,3.02575,3.0175833333333335,299.675,209.58158999999998
2021-08-12 02:00:00,3.0942833333333337,3.0826166666666666,301.06166666666667,181.176285
2021-08-12 03:00:00,3.17335,3.1599333333333335,298.6183333333333,175.96200833333333
2021-08-12 04:00:00,3.2564,3.241633333333333,297.04,148.85674666666668
2021-08-12 05:00:00,3.358966666666667,3.3436833333333333,295.125,143.644625
2021-08-12 06:00:00,3.4291,3.4177666666666666,297.02333333333337,242.59321833333334
2021-08-12 07:00:00,3.4309,3.42835,295.98833333333334,300.652695
2021-08-12 08:00:00,3.4189833333333337,3.4177000000000004,294.905,314.37865500000004
2021-08-12 09:00:00,3.3764499999999997,3.3807166666666664,287.60499999999996,376.01096333333334
2021-08-12 10:00:00,3.3066666666666666,3.3125833333333334,292.8933333333333,372.6904333333333
2021-08-12 11:00:00,3.274016666666667,3.2755333333333336,295.84833333333336,349.48932333333335
2021-08-12 12:00:00,3.23165,3.2338999999999998,294.99833333333333,339.38168
2021-08-12 13:00:00,3.1944,3.196833333333333,296.02333333333337,355.77324000000004
2021-08-12 14:00:00,3.140633333333333,3.1483666666666665,296.15999999999997,377.17048166666666
2021-08-12 15:00:00,3.0955,3.1033166666666667,298.01500000000004,347.7513183333333
2021-08-12 16:00:00,3.0531,3.0613666666666663,295.86333333333334,365.75636000000003
2021-08-12 17:00:00,3.0088500000000002,3.017733333333333,298.0066666666667,348.6280133333333
2021-08-12 18:00:00,2.9648499999999998,2.9749666666666665,296.085,357.7607483333333
2021-08-12 19:00:00,2.9339166666666667,2.93995,296.0866666666667,312.76049333333333
2021-08-12 20:00:00,2.9039833333333336,2.9152833333333334,293.935,384.31426666666664
2021-08-12 21:00:00,2.8331166666666667,2.8462,295.39500000000004,357.54882
2021-08-12 22:00:00,2.8297000000000003,2.830966666666667,296.525,260.58088000000004
2021-08-12 23:00:00,2.8632666666666666,2.8614166666666665,293.52000000000004,240.8663083333333
2021-08-13 00:00:00,2.907525423728814,2.901322033898305,293.228813559322,197.51406101694914
2021-08-13 01:00:00,2.9754833333333335,2.9677166666666666,293.1766666666666,201.42240833333332
2021-08-13 02:00:00,3.030933333333333,3.021733333333333,293.80833333333334,170.44035
2021-08-13 03:00:00,3.1275166666666667,3.113916666666667,295.10833333333335,156.840295
2021-08-13 04:00:00,3.2664666666666666,3.23155,549.7333333333333,180.9001683333333
2021-08-13 05:00:00,3.5968166666666668,3.5351166666666667,703.2683333333333,212.638635
2021-08-13 06:00:00,3.8271,3.7584999999999997,452.53,315.26024666666666
2021-08-13 07:00:00,3.84525,3.771183333333333,370.97,396.64988
2021-08-13 08:00:00,3.773233333333333,3.726183333333333,250.63500000000002,353.07657166666667
2021-08-13 09:00:00,3.6989,3.65735,250.64166666666668,350.50928666666664
2021-08-13 10:00:00,3.6335333333333333,3.5913,249.87833333333336,376.26234833333336
2021-08-13 11:00:00,3.5448833333333334,3.5023833333333334,250.585,335.69272
2021-08-13 12:00:00,3.4669499999999998,3.4263,249.585,394.15585666666664
2021-08-13 13:00:00,3.4050000000000002,3.366033333333333,249.73833333333332,282.71066666666667
2021-08-13 14:00:00,3.3792833333333334,3.341016666666667,250.52166666666665,282.7665183333333
2021-08-13 15:00:00,3.353616666666667,3.315033333333333,250.75,277.07111833333335
2021-08-13 16:00:00,3.3297666666666665,3.290966666666667,251.62,292.7558216666667
2021-08-13 17:00:00,3.2971833333333334,3.258683333333333,249.76333333333332,312.0675033333334
2021-08-13 18:00:00,3.230366666666667,3.1927166666666666,250.24833333333333,359.8397316666667
2021-08-13 19:00:00,3.16095,3.1244666666666663,248.725,359.06013333333334
2021-08-13 20:00:00,3.0326166666666667,2.997466666666667,247.26000000000002,499.06968666666666
2021-08-13 21:00:00,2.8565833333333335,2.8242833333333333,246.03,465.89373166666667
2021-08-13 22:00:00,2.7479500000000003,2.7186333333333335,259.97166666666664,354.27898
2021-08-13 23:00:00,2.709683333333333,2.7283666666666666,372.31166666666667,322.29925333333335
2021-08-14 00:00:00,2.7707333333333333,2.780733333333333,373.5133333333333,220.72989
2021-08-14 01:00:00,2.89165,2.8953333333333333,380.56166666666667,191.43751500000002
2021-08-14 02:00:00,3.0297166666666664,3.0296833333333333,382.1383333333333,138.340685
2021-08-14 03:00:00,3.1959999999999997,3.1912833333333332,383.12,126.47867166666667
2021-08-14 04:00:00,3.3651666666666666,3.3576333333333332,381.85333333333335,122.86845833333334
2021-08-14 05:00:00,3.52895,3.5211333333333332,381.62833333333333,136.615355
2021-08-14 06:00:00,3.6615333333333333,3.6421,318.22999999999996,192.67672333333334
2021-08-14 07:00:00,3.71905,3.693566666666667,296.93,226.21965666666668
2021-08-14 08:00:00,3.7557666666666667,3.7320166666666665,294.7566666666667,261.31498666666664
2021-08-14 09:00:00,3.7313,3.7150333333333334,292.6333333333333,360.042775
2021-08-14 10:00:00,3.69925,3.68195,292.76666666666665,298.914395
2021-08-14 11:00:00,3.6790166666666666,3.6628166666666666,292.9816666666667,358.45641666666666
2021-08-14 12:00:00,3.5998333333333337,3.58865,293.32166666666666,404.2204233333333
2021-08-14 13:00:00,3.5484333333333336,3.534583333333333,294.4066666666667,373.81980833333336
2021-08-14 14:00:00,3.454133333333333,3.4475333333333333,292.02333333333337,428.10778
2021-08-14 15:00:00,3.3644499999999997,3.3600833333333333,299.31666666666666,440.83866333333333
2021-08-14 16:00:00,3.2632833333333333,3.2591666666666668,298.9316666666667,415.83655999999996
2021-08-14 17:00:00,3.21895,3.2072333333333334,295.14833333333337,311.2495083333333
2021-08-14 18:00:00,3.22495,3.2098500000000003,294.97333333333336,271.1675616666667
2021-08-14 19:00:00,3.232966666666667,3.2182166666666663,295.27166666666665,272.72859666666665
2021-08-14 20:00:00,3.2553666666666667,3.236966666666667,294.57166666666666,247.163805
2021-08-14 21:00:00,3.2700666666666667,3.25555,296.6766666666666,313.24690833333335
2021-08-14 22:00:00,3.2133499999999997,3.2033833333333335,256.255,399.04647666666665
2021-08-14 23:00:00,3.129566666666667,3.0995,171.48333333333332,238.99637166666665
2021-08-15 00:00:00,3.1088,3.0761333333333334,173.92333333333332,190.10418666666666
2021-08-15 01:00:00,3.1016833333333333,3.068233333333333,174.35666666666665,180.05467833333333
2021-08-15 02:00:00,3.0835999999999997,3.0515499999999998,174.57333333333332,196.142145
2021-08-15 03:00:00,3.0867833333333334,3.0524833333333334,174.14333333333335,150.44372
2021-08-15 04:00:00,3.105433333333333,3.0719333333333334,173.345,154.36815333333334
2021-08-15 05:00:00,3.0993833333333334,3.0667833333333334,172.085,204.94748666666666
2021-08-15 06:00:00,3.0888666666666666,3.0837833333333333,374.79833333333335,229.336445
2021-08-15 07:00:00,3.2243166666666667,3.2501499999999997,492.14000000000004,250.889655
2021-08-15 08:00:00,3.3574166666666665,3.384866666666667,493.7316666666667,309.87631166666665
2021-08-15 09:00:00,3.4569833333333335,3.492,498.975,363.94643
2021-08-15 10:00:00,3.5310833333333336,3.5704,489.74,375.9545083333333
2021-08-15 11:00:00,3.55435,3.55695,312.0866666666667,379.8982833333333
2021-08-15 12:00:00,3.5255666666666667,3.517533333333333,312.635,356.7578383333333
2021-08-15 13:00:00,3.4913833333333333,3.4827333333333335,306.46500000000003,323.77548
2021-08-15 14:00:00,3.4721166666666665,3.469133333333333,264.265,294.1211466666667
2021-08-15 15:00:00,3.4252499999999997,3.4288666666666665,266.7733333333333,348.1187533333333
2021-08-15 16:00:00,3.37565,3.379366666666667,263.3566666666667,331.99870166666665
2021-08-15 17:00:00,3.3285833333333334,3.3306666666666667,261.22999999999996,320.5818583333333
2021-08-15 18:00:00,3.2741666666666664,3.2796333333333334,259.185,368.81659666666667
2021-08-15 19:00:00,3.1792166666666666,3.1911666666666667,258.79,387.0272033333333
2021-08-15 20:00:00,3.1087166666666666,3.1165499999999997,257.26,338.209735
2021-08-15 21:00:00,3.0532,3.061183333333333,257.39500000000004,363.52840833333335
2021-08-15 22:00:00,2.9689166666666664,2.9799333333333333,272.95,358.3699766666667
2021-08-15 23:00:00,2.9791833333333333,2.9592,359.26,280.94673500000005
2021-08-16 00:00:00,3.053033333333333,3.0286,360.77833333333336,215.66113666666666
2021-08-16 01:00:00,3.1629333333333336,3.133966666666667,358.365,169.10569166666667
2021-08-16 02:00:00,3.29075,3.260283333333333,360.10499999999996,152.32878
2021-08-16 03:00:00,3.435016666666667,3.4011833333333334,359.54833333333335,125.83917500000001
2021-08-16 04:00:00,3.5697666666666668,3.5374666666666665,359.5866666666667,189.19555
2021-08-16 05:00:00,3.690433333333333,3.653583333333333,359.99666666666667,142.79422333333332
2021-08-16 06:00:00,3.7940166666666664,3.7630666666666666,270.18333333333334,214.64738666666665
2021-08-16 07:00:00,3.772,3.7456,231.18333333333334,292.9472266666667
2021-08-16 08:00:00,3.72655,3.7040166666666665,250.38333333333333,315.3284733333333
2021-08-16 09:00:00,3.6687999999999996,3.6513666666666666,252.81166666666667,343.37943666666666
2021-08-16 10:00:00,3.591333333333333,3.5764,252.67666666666668,380.02629333333334
2021-08-16 11:00:00,3.498066666666667,3.4857,252.76000000000002,399.3558316666667
2021-08-16 12:00:00,3.3657,3.358683333333333,252.255,455.80812833333334
2021-08-16 13:00:00,3.2537000000000003,3.2457,253.12,381.7400883333333
2021-08-16 14:00:00,3.1800333333333333,3.16875,253.8,328.34228833333333
2021-08-16 15:00:00,3.1364666666666663,3.1241666666666665,251.30833333333334,315.0711866666667
2021-08-16 16:00:00,3.0783666666666667,3.06895,253.54,345.22471666666667
2021-08-16 17:00:00,3.00895,3.0012333333333334,252.475,359.31470666666667
2021-08-16 18:00:00,2.9568833333333333,2.9451166666666664,251.18666666666667,310.59354
2021-08-16 19:00:00,2.88035,2.8753666666666664,251.26666666666668,371.31324166666667
2021-08-16 20:00:00,2.8146666666666667,2.8068999999999997,250.86,349.07442333333336
2021-08-16 21:00:00,2.714583333333333,2.71515,250.29,404.92051
2021-08-16 22:00:00,2.6483333333333334,2.6419166666666665,249.05333333333334,288.809675
2021-08-16 23:00:00,2.6545833333333335,2.64005,357.5883333333333,279.41983999999997
2021-08-17 00:00:00,2.735183333333333,2.7209166666666667,392.3066666666667,236.93327333333335
2021-08-17 01:00:00,2.8472333333333335,2.828866666666667,395.0683333333333,198.84503666666666
2021-08-17 02:00:00,2.9972333333333334,2.9736166666666666,397.26500000000004,146.3645083333333
2021-08-17 03:00:00,3.1654833333333334,3.140016666666667,398.22999999999996,138.64530000000002
2021-08-17 04:00:00,3.3282666666666665,3.301533333333333,397.09000000000003,162.36483833333335
2021-08-17 05:00:00,3.4482,3.42625,402.72,263.31655
2021-08-17 06:00:00,3.5368333333333335,3.5153666666666665,401.82,255.10620666666668
2021-08-17 07:00:00,3.5968666666666667,3.5799333333333334,402.2916666666667,361.0164833333334
2021-08-17 08:00:00,3.59965,3.573583333333333,307.62666666666667,331.4803583333333
2021-08-17 09:00:00,3.584366666666667,3.5473166666666667,248.1,257.9124283333333
2021-08-17 10:00:00,3.56735,3.5292000000000003,247.90333333333334,308.5046383333334
2021-08-17 11:00:00,3.49765,3.4617166666666668,248.91833333333335,340.16005666666666
2021-08-17 12:00:00,3.4417,3.4048000000000003,249.17166666666665,360.381435
2021-08-17 13:00:00,3.3326833333333337,3.29965,248.225,397.6734833333333
2021-08-17 14:00:00,3.2640000000000002,3.2288,248.15333333333334,312.5191083333333
2021-08-17 15:00:00,3.2075,3.17255,248.44666666666666,335.8771483333333
2021-08-17 16:00:00,3.1480166666666665,3.1142833333333333,248.10333333333335,326.3509066666667
2021-08-17 17:00:00,3.1008,3.0661,246.23833333333332,315.9440916666666
2021-08-17 18:00:00,3.0374,3.0043166666666665,246.14833333333334,362.29533833333335
2021-08-17 19:00:00,2.9359166666666665,2.905266666666667,245.41,405.36523500000004
2021-08-17 20:00:00,2.788483333333333,2.7615333333333334,244.05166666666668,523.6302783333333
2021-08-17 21:00:00,2.6233500000000003,2.598883333333333,250.17333333333332,389.4054766666667
2021-08-17 22:00:00,2.5851333333333333,2.5593166666666667,287.18666666666667,254.25773666666666
2021-08-17 23:00:00,2.6759166666666667,2.6585666666666667,432.17833333333334,207.72410499999998
2021-08-18 00:00:00,2.8312999999999997,2.81205,436.37833333333333,183.09361666666666
2021-08-18 01:00:00,3.0066333333333333,2.9842500000000003,437.5066666666667,158.65000999999998
2021-08-18 02:00:00,3.1739,3.1496166666666667,412.93,193.32480166666667
2021-08-18 03:00:00,3.2975833333333333,3.27425,369.60833333333335,191.39555666666666
2021-08-18 04:00:00,3.40765,3.383166666666667,368.56666666666666,195.01021333333335
2021-08-18 05:00:00,3.5222166666666666,3.4960666666666667,372.26166666666666,191.71735166666667
2021-08-18 06:00:00,3.6414833333333334,3.6142833333333333,375.60333333333335,195.43228499999998
2021-08-18 07:00:00,3.73345,3.7089166666666666,373.4866666666667,269.5300516666667
2021-08-18 08:00:00,3.7242666666666664,3.6759666666666666,222.39,369.6824383333333
2021-08-18 09:00:00,3.6318333333333332,3.5782499999999997,245.27166666666665,345.65702500000003
2021-08-18 10:00:00,3.5386,3.4894000000000003,225.59,395.71191333333337
2021-08-18 11:00:00,3.4555000000000002,3.411783333333333,225.00833333333333,315.94011666666665
2021-08-18 12:00:00,3.3611999999999997,3.317833333333333,228.26666666666668,384.504355
2021-08-18 13:00:00,3.2636833333333333,3.2226333333333335,228.7,356.58657000000005
2021-08-18 14:00:00,3.1735666666666664,3.133,229.23333333333332,339.748635
2021-08-18 15:00:00,3.1140333333333334,3.0762833333333335,226.47166666666666,297.99901000000006
2021-08-18 16:00:00,3.0486,3.0107,227.575,346.9207983333333
2021-08-18 17:00:00,2.9505,2.913,227.93666666666667,392.69175666666666
2021-08-18 18:00:00,2.8412833333333336,2.80595,226.74833333333333,352.41193000000004
2021-08-18 19:00:00,2.7736666666666663,2.7386333333333335,227.58666666666667,300.2471083333333
2021-08-18 20:00:00,2.6951166666666664,2.6597999999999997,226.69166666666666,369.9220466666667
2021-08-18 21:00:00,2.6081166666666666,2.575283333333333,226.54,306.9140116666667
2021-08-18 22:00:00,2.5414000000000003,2.5101999999999998,226.42166666666665,369.83072333333337
2021-08-18 23:00:00,2.4952833333333335,2.4549666666666665,303.12166666666667,240.24627333333333
2021-08-19 00:00:00,2.5538499999999997,2.5101166666666668,313.26,236.81078333333335
2021-08-19 01:00:00,2.604,2.5593333333333335,313.60333333333335,231.80341166666668
2021-08-19 02:00:00,2.6627,2.619133333333333,313.94666666666666,191.25243666666665
2021-08-19 03:00:00,2.7668000000000004,2.7248666666666663,315.9433333333333,123.77061833333333
2021-08-19 04:00:00,2.8903000000000003,2.8478833333333333,316.0683333333333,126.52326333333333
2021-08-19 05:00:00,3.01,2.9678666666666667,362.415,144.08568166666666
2021-08-19 06:00:00,3.2579333333333333,3.2786166666666667,793.8808333333333,231.19474666666665
2021-08-19 07:00:00,3.552783333333333,3.5662499999999997,623.1316666666667,372.023135
2021-08-19 08:00:00,3.5998,3.5671833333333334,302.04833333333335,361.5883083333334
2021-08-19 09:00:00,3.545466666666667,3.5230333333333332,269.635,342.0693533333333
2021-08-19 10:00:00,3.4564166666666667,3.4389833333333333,269.72833333333335,444.3366383333333
2021-08-19 11:00:00,3.3555833333333336,3.3377333333333334,268.68666666666667,349.46295
2021-08-19 12:00:00,3.308333333333333,3.2864999999999998,268.4866666666667,326.31253333333336
2021-08-19 13:00:00,3.2703166666666665,3.249816666666667,267.62833333333333,332.23401
2021-08-19 14:00:00,3.221033333333333,3.2005166666666667,254.08666666666667,314.26097000000004
2021-08-19 15:00:00,3.1953666666666667,3.172283333333333,256.9816666666667,260.17039166666666
2021-08-19 16:00:00,3.191933333333333,3.1693166666666666,260.775,280.1300966666667
2021-08-19 17:00:00,3.1626,3.14305,260.64,316.689785
2021-08-19 18:00:00,3.103533333333333,3.0871333333333335,258.0,364.3718016666666
2021-08-19 19:00:00,3.0031833333333333,2.9917333333333334,258.37833333333333,422.6803483333333
2021-08-19 20:00:00,2.8989,2.8886166666666666,257.87,393.2477416666667
2021-08-19 21:00:00,2.8032666666666666,2.7928833333333336,257.2316666666667,390.3062983333333
2021-08-19 22:00:00,2.7377833333333332,2.7247,256.81,311.08334666666667
2021-08-19 23:00:00,2.7626166666666667,2.7147333333333337,361.59666666666664,280.66348
2021-08-20 00:00:00,2.8124666666666664,2.7471166666666664,360.64166666666665,282.259195
2021-08-20 01:00:00,2.88155,2.8262,361.82166666666666,215.08115666666666
2021-08-20 02:00:00,2.9997666666666665,2.9503666666666666,364.1816666666667,135.40452833333333
2021-08-20 03:00:00,3.153633333333333,3.1051833333333336,364.5133333333333,120.68004333333333
2021-08-20 04:00:00,3.3122,3.2615666666666665,363.8316666666667,126.48085666666665
2021-08-20 05:00:00,3.4528666666666665,3.3949166666666666,364.24666666666667,176.47338499999998
2021-08-20 06:00:00,3.56865,3.5055166666666664,367.68,228.86137333333332
2021-08-20 07:00:00,3.635183333333333,3.5803833333333333,417.685,341.7733
2021-08-20 08:00:00,3.6235166666666667,3.5945166666666664,296.69666666666666,333.0971016666666
2021-08-20 09:00:00,3.564783333333333,3.5434666666666668,278.49666666666667,402.58505333333335
2021-08-20 10:00:00,3.471166666666667,3.45185,277.64166666666665,381.1259816666667
2021-08-20 11:00:00,3.42265,3.4012499999999997,278.6766666666666,340.69595166666664
2021-08-20 12:00:00,3.3762833333333333,3.3563833333333335,279.475,340.6155816666667
2021-08-20 13:00:00,3.3257499999999998,3.3066833333333334,280.31,354.21272000000005
2021-08-20 14:00:00,3.2596833333333333,3.2427333333333332,280.17833333333334,386.41941833333334
2021-08-20 15:00:00,3.1950833333333337,3.1774,275.6316666666667,353.0880066666667
2021-08-20 16:00:00,3.143533333333333,3.1262,276.97333333333336,336.23689333333334
2021-08-20 17:00:00,3.0986166666666666,3.0812166666666667,277.39000000000004,340.12540666666666
2021-08-20 18:00:00,3.0747166666666668,3.0546333333333333,278.1,293.85631166666667
2021-08-20 19:00:00,3.0411,3.02465,277.6933333333333,352.03853
2021-08-20 20:00:00,2.9765666666666664,2.9617166666666668,274.365,364.64802833333334
2021-08-20 21:00:00,2.911216666666667,2.8973,274.0466666666667,367.26436666666666
2021-08-20 22:00:00,2.879233333333333,2.8528499999999997,341.43833333333333,324.40911500000004
2021-08-20 23:00:00,2.9078333333333335,2.8753333333333333,347.64833333333337,279.71065333333337
2021-08-21 00:00:00,2.959883333333333,2.9271666666666665,347.39000000000004,234.78360333333333
2021-08-21 01:00:00,3.0470333333333333,3.0130833333333333,351.9483333333334,206.59221666666664
2021-08-21 02:00:00,3.1449333333333334,3.1096833333333334,356.2866666666667,195.81667666666667
2021-08-21 03:00:00,3.2468,3.2096,356.67333333333335,192.25467500000002
2021-08-21 04:00:00,3.3593166666666665,3.32105,358.24,170.28723
2021-08-21 05:00:00,3.492166666666667,3.4520333333333335,356.56666666666666,151.19694166666667
2021-08-21 06:00:00,3.60885,3.5672833333333336,353.1183333333333,189.45348166666665
2021-08-21 07:00:00,3.70515,3.6626499999999997,356.74833333333333,230.79234666666667
2021-08-21 08:00:00,3.75245,3.7148666666666665,325.1933333333333,298.76763833333337
2021-08-21 09:00:00,3.7648333333333333,3.730416666666667,317.78499999999997,281.41169833333333
2021-08-21 10:00:00,3.7604333333333333,3.7273833333333335,317.725,363.57705999999996
2021-08-21 11:00:00,3.7190166666666666,3.685166666666667,318.03499999999997,345.0630983333333
2021-08-21 12:00:00,3.7127833333333333,3.679483333333333,315.5183333333333,319.64843333333334
2021-08-21 13:00:00,3.6941,3.661,315.02166666666665,347.2552766666667
2021-08-21 14:00:00,3.641033333333333,3.6048166666666663,199.50333333333336,348.4669216666667
2021-08-21 15:00:00,3.5263166666666668,3.49,189.65833333333333,355.229205
2021-08-21 16:00:00,3.40675,3.3718833333333333,189.55499999999998,378.68523999999996
2021-08-21 17:00:00,3.2626,3.22775,181.74333333333334,408.35189833333334
2021-08-21 18:00:00,3.1127499999999997,3.081033333333333,180.02333333333334,360.7731616666667
2021-08-21 19:00:00,3.0215666666666667,2.9913000000000003,177.51000000000002,309.56147
2021-08-21 20:00:00,2.8987,2.8697666666666666,176.96666666666667,359.74559166666666
2021-08-21 21:00:00,2.8064666666666667,2.778966666666667,177.11166666666668,279.84542
2021-08-21 22:00:00,2.7412666666666667,2.7137333333333333,184.89666666666665,266.3278966666667
2021-08-21 23:00:00,2.742833333333333,2.7388,391.4566666666667,253.412095
2021-08-22 00:00:00,2.8508166666666668,2.8426,392.03333333333336,221.63690833333334
2021-08-22 01:00:00,2.9510333333333336,2.9438,393.00166666666667,211.90207
2021-08-22 02:00:00,3.094,3.0784666666666665,389.07,156.35183666666666
2021-08-22 03:00:00,3.2517333333333336,3.2312166666666666,385.64166666666665,133.82430166666666
2021-08-22 04:00:00,3.4183000000000003,3.394566666666667,385.42,130.308875
2021-08-22 05:00:00,3.5811833333333336,3.555266666666667,381.57166666666666,139.05245000000002
2021-08-22 06:00:00,3.6942666666666666,3.656066666666667,239.28,165.18737000000002
2021-08-22 07:00:00,3.722766666666667,3.683866666666667,235.88,219.83083166666665
2021-08-22 08:00:00,3.7056166666666663,3.6800833333333336,307.55333333333334,350.33217333333334
2021-08-22 09:00:00,3.6496666666666666,3.629183333333333,306.30833333333334,392.7861166666667
2021-08-22 10:00:00,3.57035,3.55325,305.44166666666666,473.6284083333333
2021-08-22 11:00:00,3.4349333333333334,3.4223166666666667,307.3333333333333,493.51145166666663
2021-08-22 12:00:00,3.3230500000000003,3.3091,307.56666666666666,409.65825666666666
2021-08-22 13:00:00,3.2813833333333333,3.2634833333333333,306.79,350.5914
2021-08-22 14:00:00,3.242,3.22655,308.65333333333336,362.189305
2021-08-22 15:00:00,3.2252500000000004,3.2045000000000003,308.31666666666666,287.8571283333333
2021-08-22 16:00:00,3.2502166666666668,3.2266833333333333,308.375,257.99363999999997
2021-08-22 17:00:00,3.2651666666666666,3.245366666666667,309.695,300.923145
2021-08-22 18:00:00,3.2481333333333335,3.2296833333333335,305.97999999999996,345.9997633333333
2021-08-22 19:00:00,3.205033333333333,3.1894833333333334,309.10499999999996,378.24028833333335
2021-08-22 20:00:00,3.1327,3.1209333333333333,307.2316666666667,430.6276183333333
2021-08-22 21:00:00,3.0772,3.06275,309.7183333333333,352.3967016666667
2021-08-22 22:00:00,3.0486833333333334,3.033583333333333,307.0316666666667,333.94390500000003
2021-08-22 23:00:00,3.0213666666666663,3.0071166666666667,299.31666666666666,337.3215333333334
2021-08-23 00:00:00,3.0042666666666666,2.987816666666667,300.3283333333333,307.2018683333333
2021-08-23 01:00:00,3.020283333333333,2.99915,302.92,228.96788833333332
2021-08-23 02:00:00,3.0914,3.066416666666667,310.03333333333336,153.671095
2021-08-23 03:00:00,3.2060666666666666,3.1772,309.39666666666665,133.665345
2021-08-23 04:00:00,3.316216666666667,3.2866166666666667,310.2433333333333,141.892395
2021-08-23 05:00:00,3.42135,3.3918000000000004,310.84000000000003,157.93062666666668
2021-08-23 06:00:00,3.5074833333333335,3.4787833333333333,311.97833333333335,196.92455
2021-08-23 07:00:00,3.55445,3.5297666666666667,312.47666666666663,284.65310666666664
2021-08-23 08:00:00,3.53485,3.50645,263.03333333333336,331.92315666666667
2021-08-23 09:00:00,3.4688666666666665,3.4397,253.32000000000002,349.75089166666663
2021-08-23 10:00:00,3.417333333333333,3.3859500000000002,248.21833333333333,316.19733
2021-08-23 11:00:00,3.3817,3.3510333333333335,248.35,278.50838166666665
2021-08-23 12:00:00,3.33475,3.304666666666667,247.40166666666667,342.5500083333333
2021-08-23 13:00:00,3.2813999999999997,3.2514333333333334,248.80666666666667,306.5029216666666
2021-08-23 14:00:00,3.2410833333333335,3.211116666666667,249.64,299.57244166666663
2021-08-23 15:00:00,3.19415,3.1658833333333334,252.125,351.5527216666667
2021-08-23 16:00:00,3.09715,3.0728666666666666,251.73666666666668,386.8732066666667
2021-08-23 17:00:00,3.01965,2.99575,248.29333333333335,369.69176
2021-08-23 18:00:00,2.9239,2.9013166666666668,248.06666666666666,383.54209166666664
2021-08-23 19:00:00,2.8209833333333334,2.7997500000000004,245.96166666666667,419.23552666666666
2021-08-23 20:00:00,2.7059166666666665,2.6860333333333335,245.935,362.76307166666663
2021-08-23 21:00:00,2.6580333333333335,2.6365,245.535,292.89400666666666
2021-08-23 22:00:00,2.617433333333333,2.598466666666667,282.5933333333333,290.54820666666666
2021-08-23 23:00:00,2.6566833333333335,2.64,340.1816666666667,224.89438
2021-08-24 00:00:00,2.747466666666667,2.7261,340.4216666666667,182.60784
2021-08-24 01:00:00,2.86025,2.83705,344.51666666666665,160.302015
2021-08-24 02:00:00,2.9811666666666667,2.9566000000000003,345.37333333333333,144.68558333333334
2021-08-24 03:00:00,3.1239666666666666,3.0951833333333334,344.59666666666664,122.42710166666667
2021-08-24 04:00:00,3.2690166666666665,3.2381499999999996,342.0316666666667,122.10858333333334
2021-08-24 05:00:00,3.4078166666666667,3.3757333333333337,339.7066666666667,135.18916166666665
2021-08-24 06:00:00,3.5144666666666664,3.48545,343.2183333333333,230.70964666666666
2021-08-24 07:00:00,3.5374,3.5142,343.58,365.7459116666667
2021-08-24 08:00:00,3.4916166666666664,3.471616666666667,342.445,436.20914166666665
2021-08-24 09:00:00,3.4203166666666664,3.4032666666666667,345.3816666666667,426.51837666666665
2021-08-24 10:00:00,3.3801833333333335,3.3604333333333334,343.40333333333336,366.3166283333333
2021-08-24 11:00:00,3.3701,3.3497666666666666,343.92833333333334,334.0220516666667
2021-08-24 12:00:00,3.393733333333333,3.368666666666667,339.82166666666666,295.68476833333335
2021-08-24 13:00:00,3.3934333333333333,3.3695666666666666,339.69,337.26685333333336
2021-08-24 14:00:00,3.4078999999999997,3.3817999999999997,340.64000000000004,306.42842333333334
2021-08-24 15:00:00,3.4033666666666664,3.3898,269.92333333333335,286.8787166666667
2021-08-24 16:00:00,3.3941666666666666,3.38185,267.555,265.51262333333335
2021-08-24 17:00:00,3.3722,3.3659833333333333,273.6816666666667,334.923315
2021-08-24 18:00:00,3.3179166666666666,3.314433333333333,272.31,339.343075
2021-08-24 19:00:00,3.2523333333333335,3.2547,274.90333333333336,405.82164666666665
2021-08-24 20:00:00,3.1560333333333332,3.1618666666666666,273.68666666666667,385.0253516666667
2021-08-24 21:00:00,3.0944,3.097583333333333,273.375,377.53978
2021-08-24 22:00:00,2.99975,3.009,273.77833333333336,409.8413883333333
2021-08-24 23:00:00,2.914016666666667,2.92105,269.4866666666666,361.047715
2021-08-25 00:00:00,2.85325,2.8581833333333333,270.365,341.6479933333333
2021-08-25 01:00:00,2.8549166666666665,2.845266666666667,270.59333333333336,202.23538833333333
2021-08-25 02:00:00,2.9280666666666666,2.9109166666666666,271.25,135.75448666666665
2021-08-25 03:00:00,3.021533333333333,3.00195,269.935,124.71941333333332
2021-08-25 04:00:00,3.1146666666666665,3.0954333333333333,269.2633333333333,133.95772333333332
2021-08-25 05:00:00,3.1914333333333333,3.1733333333333333,271.5183333333333,156.85925666666665
2021-08-25 06:00:00,3.2616333333333336,3.2509,344.38,189.06603666666666
2021-08-25 07:00:00,3.3892,3.4257666666666666,534.81,278.90853
2021-08-25 08:00:00,3.50655,3.5160666666666667,359.47166666666664,314.098725
2021-08-25 09:00:00,3.4864666666666664,3.4845333333333333,315.435,369.97377
2021-08-25 10:00:00,3.47465,3.4672,314.5433333333333,315.51441166666666
2021-08-25 11:00:00,3.4617666666666667,3.4557166666666665,315.81,315.87262333333337
2021-08-25 12:00:00,3.4576833333333337,3.452116666666667,315.1,319.9397933333333
2021-08-25 13:00:00,3.4408000000000003,3.437,317.05333333333334,347.25232500000004
2021-08-25 14:00:00,3.4191333333333334,3.4162666666666666,316.2633333333333,334.79534333333334
2021-08-25 15:00:00,3.3798166666666662,3.38175,316.40833333333336,405.388415
2021-08-25 16:00:00,3.3369833333333334,3.33685,315.4866666666667,348.992595
2021-08-25 17:00:00,3.3016333333333336,3.3011166666666667,316.9066666666667,360.43606
2021-08-25 18:00:00,3.2943833333333337,3.2883666666666667,314.04,299.911235
2021-08-25 19:00:00,3.2360666666666664,3.2439999999999998,314.665,468.2967033333333
2021-08-25 20:00:00,3.1587666666666667,3.1623333333333337,312.99666666666667,346.50182333333333
2021-08-25 21:00:00,3.1592,3.1549,313.12,302.63995
2021-08-25 22:00:00,3.17105,3.1645833333333333,307.9266666666666,276.10633666666666
2021-08-25 23:00:00,3.181233333333333,3.1603333333333334,238.125,227.912635
2021-08-26 00:00:00,3.215533333333333,3.193566666666667,276.15833333333336,197.22785000000002
2021-08-26 01:00:00,3.2613,3.2390666666666665,276.30333333333334,197.982915
2021-08-26 02:00:00,3.3154833333333333,3.292133333333333,278.39833333333337,195.14688833333332
2021-08-26 03:00:00,3.3680166666666667,3.3434666666666666,279.12666666666667,183.3226183333333
2021-08-26 04:00:00,3.4423666666666666,3.4136499999999996,278.0883333333333,141.866575
2021-08-26 05:00:00,3.5119333333333334,3.4858666666666664,280.76666666666665,209.48438666666667
2021-08-26 06:00:00,3.55245,3.5282,279.10999999999996,242.58333166666668
2021-08-26 07:00:00,3.5128,3.4975666666666663,278.2566666666667,399.016295
2021-08-26 08:00:00,3.43295,3.41765,274.31333333333333,377.291365
2021-08-26 09:00:00,3.3496333333333337,3.3384833333333335,273.7233333333333,387.9465666666667
2021-08-26 10:00:00,3.2848166666666665,3.269233333333333,273.6816666666667,338.98096333333336
2021-08-26 11:00:00,3.2479500000000003,3.2313166666666664,272.725,309.68758333333335
2021-08-26 12:00:00,3.226783333333333,3.2086166666666665,274.2133333333333,288.73277666666667
2021-08-26 13:00:00,3.1881333333333335,3.1750833333333333,275.49833333333333,362.6456366666667
2021-08-26 14:00:00,3.1290833333333334,3.117566666666667,276.27166666666665,347.1090766666667
2021-08-26 15:00:00,3.070266666666667,3.0589500000000003,274.5366666666667,354.82116
2021-08-26 16:00:00,3.0244833333333334,3.0122,274.4116666666667,323.3681066666667
2021-08-26 17:00:00,2.972583333333333,2.9610833333333333,275.65333333333336,394.50713833333333
2021-08-26 18:00:00,2.9060166666666665,2.8947166666666666,274.22999999999996,337.23126666666667
2021-08-26 19:00:00,2.834416666666667,2.8275,276.64833333333337,384.7671183333333
2021-08-26 20:00:00,2.7908833333333334,2.77985,275.81333333333333,302.6530616666667
2021-08-26 21:00:00,2.721566666666667,2.718433333333333,272.9316666666667,424.36491666666666
2021-08-26 22:00:00,2.6427833333333335,2.6306166666666666,296.85166666666663,356.979195
2021-08-26 23:00:00,2.636016666666667,2.6125666666666665,303.21666666666664,277.4707266666667
2021-08-27 00:00:00,2.672483333333333,2.6471999999999998,306.4316666666667,207.75544666666667
2021-08-27 01:00:00,2.734466666666667,2.7101333333333333,307.74666666666667,217.54324
2021-08-27 02:00:00,2.804116666666667,2.777716666666667,309.045,183.36915166666668
2021-08-27 03:00:00,2.8898,2.8611999999999997,309.93833333333333,173.13248666666667
2021-08-27 04:00:00,2.9794166666666664,2.9499833333333334,310.4533333333333,153.65408166666666
2021-08-27 05:00:00,3.0876,3.0564999999999998,308.1933333333333,147.02191333333334
2021-08-27 06:00:00,3.2701166666666666,3.2000666666666664,576.885,210.45190333333332
2021-08-27 07:00:00,3.5155833333333333,3.4233333333333333,604.2216666666667,302.59046166666667
2021-08-27 08:00:00,3.63145,3.5435666666666665,484.4133333333333,400.70970666666665
2021-08-27 09:00:00,3.67105,3.597866666666667,458.27333333333337,346.217675
2021-08-27 10:00:00,3.7338333333333336,3.676616666666667,351.225,272.918945
2021-08-27 11:00:00,3.709366666666667,3.6599999999999997,138.69666666666666,244.20443166666666
2021-08-27 12:00:00,3.625916666666667,3.5759833333333333,138.31833333333333,284.0948916666667
2021-08-27 13:00:00,3.5131,3.4633166666666666,133.87,315.5643616666667
2021-08-27 14:00:00,3.39495,3.34715,135.44666666666666,309.53877
2021-08-27 15:00:00,3.269566666666667,3.225016666666667,137.275,332.57004666666666
2021-08-27 16:00:00,3.1300833333333333,3.0848166666666668,136.41333333333333,352.0856333333333
2021-08-27 17:00:00,2.97865,2.935483333333333,135.69,369.5695733333333
2021-08-27 18:00:00,2.7981833333333332,2.7555,131.89333333333335,425.4861383333334
2021-08-27 19:00:00,2.5869833333333334,2.5456833333333337,181.00666666666666,447.76149833333335
2021-08-27 20:00:00,2.498066666666667,2.4634833333333335,316.6383333333333,355.59829833333333
2021-08-27 21:00:00,2.47975,2.4465833333333333,315.385,286.0881866666667
2021-08-27 22:00:00,2.518266666666667,2.4871833333333333,313.79833333333335,222.8496933333333
2021-08-27 23:00:00,2.5909833333333334,2.56075,386.72833333333335,218.88899166666667
2021-08-28 00:00:00,2.7234,2.6936166666666663,441.42833333333334,212.14729166666666
2021-08-28 01:00:00,2.8871166666666666,2.8542666666666667,441.0516666666666,176.33740833333334
2021-08-28 02:00:00,3.05315,3.0185999999999997,439.51,175.02714166666667
2021-08-28 03:00:00,3.2423333333333333,3.20625,438.5183333333333,126.26567
2021-08-28 04:00:00,3.4467333333333334,3.4087666666666667,438.36333333333334,131.13276166666665
2021-08-28 05:00:00,3.6452,3.60465,439.1066666666667,140.20171333333334
2021-08-28 06:00:00,3.8243333333333336,3.78125,422.6566666666667,210.34525833333333
2021-08-28 07:00:00,3.9251833333333335,3.879966666666667,353.5783333333333,249.47332999999998
2021-08-28 08:00:00,3.8840500000000002,3.84435,135.58333333333334,319.6006733333333
2021-08-28 09:00:00,3.738316666666667,3.7178833333333334,213.45833333333334,430.85440166666666
2021-08-28 10:00:00,3.602133333333333,3.5990166666666665,327.96666666666664,486.76655500000004
2021-08-28 11:00:00,3.4811166666666664,3.4840166666666668,326.9216666666667,482.14176000000003
2021-08-28 12:00:00,3.3869,3.387183333333333,324.7033333333333,423.8796
2021-08-28 13:00:00,3.338083333333333,3.3340166666666664,327.4683333333333,359.15117666666663
2021-08-28 14:00:00,3.3286000000000002,3.3219833333333333,327.44166666666666,329.591805
2021-08-28 15:00:00,3.3226999999999998,3.3145000000000002,320.40333333333336,302.04372
2021-08-28 16:00:00,3.3128333333333333,3.2855666666666665,204.35,273.03069500000004
2021-08-28 17:00:00,3.2765,3.2462333333333335,202.57999999999998,245.922585
2021-08-28 18:00:00,3.2205833333333334,3.19175,200.595,322.08399833333334
2021-08-28 19:00:00,3.1103666666666667,3.084683333333333,201.565,370.1128166666667
2021-08-28 20:00:00,3.0114666666666663,2.9857333333333336,199.21833333333333,291.30314333333337
2021-08-28 21:00:00,2.9437166666666665,2.9204333333333334,200.415,334.5848833333333
2021-08-28 22:00:00,2.8317666666666668,2.8089333333333335,236.565,367.15436666666665
2021-08-28 23:00:00,2.792133333333333,2.779433333333333,337.38,313.11717500000003
2021-08-29 00:00:00,2.8111166666666665,2.7977666666666665,336.44666666666666,267.26819166666667
2021-08-29 01:00:00,2.876,2.8571999999999997,338.45,210.53296833333334
2021-08-29 02:00:00,2.9650000000000003,2.9451666666666667,338.68,178.58799499999998
2021-08-29 03:00:00,3.0890333333333335,3.0637666666666665,340.51500000000004,129.45914666666667
2021-08-29 04:00:00,3.21825,3.193,339.7916666666667,142.154335
2021-08-29 05:00:00,3.3522499999999997,3.3239666666666663,338.6616666666667,129.514515
2021-08-29 06:00:00,3.4804000000000004,3.4515833333333332,344.89000000000004,160.15540666666666
2021-08-29 07:00:00,3.588083333333333,3.561,351.22166666666664,194.51659
2021-08-29 08:00:00,3.64195,3.6270000000000002,283.6933333333333,255.12825333333333
2021-08-29 09:00:00,3.607466666666667,3.6126,276.1816666666667,356.26618833333333
2021-08-29 10:00:00,3.5498166666666666,3.55515,274.87,298.26163166666663
2021-08-29 11:00:00,3.556233333333333,3.5513333333333335,267.635,248.37159000000003
2021-08-29 12:00:00,3.5452166666666667,3.5432333333333332,263.1983333333333,293.429485
2021-08-29 13:00:00,3.48975,3.4947166666666667,259.96833333333336,379.8630333333333
2021-08-29 14:00:00,3.3920000000000003,3.4000333333333335,258.7633333333333,387.34806166666664
2021-08-29 15:00:00,3.2805000000000004,3.2937166666666666,259.17,405.5318716666667
2021-08-29 16:00:00,3.182366666666667,3.1948166666666666,260.375,393.67164833333334
2021-08-29 17:00:00,3.0801166666666666,3.0961833333333333,260.84666666666664,409.73993333333334
2021-08-29 18:00:00,2.960366666666667,2.9793666666666665,259.35,415.1557183333333
2021-08-29 19:00:00,2.8727,2.8858666666666664,258.19,346.56707833333337
2021-08-29 20:00:00,2.8235333333333332,2.83075,257.685,311.92715000000004
2021-08-29 21:00:00,2.7758499999999997,2.7847500000000003,259.3016666666667,301.119295
2021-08-29 22:00:00,2.765916666666667,2.75275,276.1,286.01059999999995
2021-08-29 23:00:00,2.7743333333333333,2.7393666666666667,289.10499999999996,259.72761
2021-08-30 00:00:00,2.8132499999999996,2.7805666666666666,289.7933333333333,172.17057833333334
2021-08-30 01:00:00,2.89655,2.86265,291.6666666666667,152.95712833333334
2021-08-30 02:00:00,2.9896833333333332,2.9535,290.18333333333334,137.020285
2021-08-30 03:00:00,3.0883,3.0515333333333334,291.31,133.86045166666665
2021-08-30 04:00:00,3.1879666666666666,3.1497666666666664,289.52166666666665,137.53334
2021-08-30 05:00:00,3.2829166666666665,3.244066666666667,287.8316666666667,141.24219499999998
2021-08-30 06:00:00,3.3604166666666666,3.3197833333333335,286.25333333333333,218.90677833333334
2021-08-30 07:00:00,3.3319666666666667,3.287583333333333,283.8316666666667,426.79786499999994
2021-08-30 08:00:00,3.1893666666666665,3.1446666666666667,280.93666666666667,502.4454366666667
2021-08-30 09:00:00,3.0480333333333336,3.0061833333333334,281.905,406.03748333333334
2021-08-30 10:00:00,2.9859,2.949183333333333,283.39500000000004,337.02887166666665
2021-08-30 11:00:00,2.94095,2.902066666666667,283.8283333333333,319.03483500000004
2021-08-30 12:00:00,2.9103166666666667,2.871983333333333,284.47333333333336,330.68230500000004
2021-08-30 13:00:00,2.8827333333333334,2.8466,288.95166666666665,282.30494166666665
2021-08-30 14:00:00,2.88245,2.84485,289.47999999999996,290.7408483333333
2021-08-30 15:00:00,2.8655833333333334,2.8281,290.505,306.6721366666667
2021-08-30 16:00:00,2.858433333333333,2.8211833333333334,292.34833333333336,259.22271
2021-08-30 17:00:00,2.8778333333333332,2.8406666666666665,289.8316666666667,289.47030333333333
2021-08-30 18:00:00,2.829533333333333,2.79135,293.93,391.33222666666666
2021-08-30 19:00:00,2.75365,2.7168666666666668,291.905,367.3701766666666
2021-08-30 20:00:00,2.7206166666666665,2.6862500000000002,294.2066666666667,321.61504499999995
2021-08-30 21:00:00,2.6746666666666665,2.6404666666666667,292.76666666666665,369.740695
2021-08-30 22:00:00,2.6113833333333334,2.5772833333333334,291.5683333333333,367.3164183333334
2021-08-30 23:00:00,2.6121166666666666,2.5462166666666666,463.34166666666664,373.8413366666667
2021-08-31 00:00:00,2.7228333333333334,2.6537333333333333,491.8816666666667,232.29398333333333
2021-08-31 01:00:00,2.8970166666666666,2.8320999999999996,492.21500000000003,199.78617166666666
2021-08-31 02:00:00,3.1024666666666665,3.041633333333333,493.25333333333333,144.21355666666665
2021-08-31 03:00:00,3.3315166666666665,3.27055,495.5933333333333,122.61766333333334
2021-08-31 04:00:00,3.528566666666667,3.4810833333333333,321.2566666666667,119.15101666666666
2021-08-31 05:00:00,3.6111,3.573183333333333,253.065,132.91880166666667
2021-08-31 06:00:00,3.65725,3.6205333333333334,255.36666666666667,260.09247
2021-08-31 07:00:00,3.61435,3.5783,249.32833333333335,324.85491833333333
2021-08-31 08:00:00,3.540033333333333,3.50535,252.84833333333333,348.559935
2021-08-31 09:00:00,3.49605,3.4602,252.875,277.842015
2021-08-31 10:00:00,3.467316666666667,3.4311,254.485,276.2098316666667
2021-08-31 11:00:00,3.43345,3.3988500000000004,253.72333333333333,321.00887166666666
2021-08-31 12:00:00,3.3867833333333333,3.352816666666667,253.64333333333335,302.83715
2021-08-31 13:00:00,3.3276333333333334,3.2939833333333337,254.40833333333333,354.9480683333333
2021-08-31 14:00:00,3.2471166666666664,3.2150666666666665,251.30333333333334,347.60827166666667
2021-08-31 15:00:00,3.1808,3.1478166666666665,252.70499999999998,336.212515
2021-08-31 16:00:00,3.1116333333333333,3.0808833333333334,254.07666666666668,344.36456999999996
2021-08-31 17:00:00,3.04235,3.011816666666667,250.17333333333332,348.0544566666667
2021-08-31 18:00:00,2.9433166666666666,2.9149333333333334,248.24833333333333,420.3382966666667
2021-08-31 19:00:00,2.80685,2.78065,244.97666666666666,419.67876
2021-08-31 20:00:00,2.7096500000000003,2.6851833333333333,246.44666666666666,337.87881166666665
2021-08-31 21:00:00,2.6480333333333332,2.6240333333333337,247.06333333333333,318.066125
2021-08-31 22:00:00,2.6284833333333335,2.5993833333333334,329.67333333333335,252.40691999999999
2021-08-31 23:00:00,2.7227,2.6802166666666665,367.75,213.64784333333333
2021-09-01 00:00:00,2.8304833333333335,2.7803833333333334,369.55333333333334,181.41244166666667
2021-09-01 01:00:00,2.9593333333333334,2.909583333333333,371.55833333333334,159.1864566666667
2021-09-01 02:00:00,3.0958166666666664,3.0463333333333336,372.4583333333333,143.00997999999998
2021-09-01 03:00:00,3.2472333333333334,3.1963,369.59666666666664,150.51647999999997
2021-09-01 04:00:00,3.370816666666667,3.3135333333333334,368.72333333333336,196.9459633333333
2021-09-01 05:00:00,3.4790666666666668,3.4223666666666666,369.8683333333333,191.50798500000002
2021-09-01 06:00:00,3.585583333333333,3.5222333333333333,372.73833333333334,229.39494333333332
2021-09-01 07:00:00,3.617033333333333,3.5420833333333333,353.92,431.15904333333333
2021-09-01 08:00:00,3.5210999999999997,3.445466666666667,314.255,454.1605816666667
2021-09-01 09:00:00,3.4402333333333335,3.372383333333333,312.7133333333333,346.40715166666666
2021-09-01 10:00:00,3.4200166666666667,3.356866666666667,311.52166666666665,304.1219183333333
2021-09-01 11:00:00,3.4397666666666664,3.38145,313.2683333333333,241.0719
2021-09-01 12:00:00,3.4629,3.4010499999999997,311.30333333333334,289.49898
2021-09-01 13:00:00,3.4762333333333335,3.4144833333333335,309.2916666666667,285.33579833333334
2021-09-01 14:00:00,3.4876666666666667,3.4268,308.79,252.62817166666667
2021-09-01 15:00:00,3.5130333333333335,3.4523,312.35833333333335,267.2072533333333
2021-09-01 16:00:00,3.530466666666667,3.466733333333333,312.59833333333336,311.09659
2021-09-01 17:00:00,3.4953166666666666,3.4255666666666666,315.07666666666665,377.57599
2021-09-01 18:00:00,3.4563166666666665,3.3907833333333333,311.5816666666667,337.25959666666665
2021-09-01 19:00:00,3.4123499999999996,3.3435833333333336,309.5133333333333,395.8275033333333
2021-09-01 20:00:00,3.34415,3.2773,306.71666666666664,379.3564533333334
2021-09-01 21:00:00,3.2679666666666667,3.1983166666666665,306.5816666666667,428.6853883333333
2021-09-01 22:00:00,3.14835,3.0999166666666667,210.88166666666666,409.9488533333333
2021-09-01 23:00:00,2.99805,2.968566666666667,170.39,313.466415
2021-09-02 00:00:00,2.935566666666667,2.9058,171.72333333333333,192.07946333333334
2021-09-02 01:00:00,2.935983333333333,2.9057999999999997,174.69500000000002,152.30904666666666
2021-09-02 02:00:00,2.9557166666666665,2.9250499999999997,175.54333333333335,128.83201666666668
2021-09-02 03:00:00,2.9879666666666664,2.9563333333333333,174.925,118.83311666666667
2021-09-02 04:00:00,3.0213166666666664,2.9894499999999997,175.40166666666667,120.40535
2021-09-02 05:00:00,3.06495,3.0528,344.5816666666667,135.16575333333333
2021-09-02 06:00:00,3.2563166666666663,3.298016666666667,553.6,191.50455666666667
2021-09-02 07:00:00,3.4379666666666666,3.4896000000000003,542.7583333333333,313.77791666666667
2021-09-02 08:00:00,3.549316666666667,3.608566666666667,542.3133333333333,391.01156833333334
2021-09-02 09:00:00,3.621666666666667,3.6221166666666664,315.99,317.25530833333335
2021-09-02 10:00:00,3.5959333333333334,3.5314,215.86833333333334,348.53595333333334
2021-09-02 11:00:00,3.510383333333333,3.446566666666667,218.39666666666665,320.1322616666667
2021-09-02 12:00:00,3.4131,3.3487500000000003,218.04333333333335,358.79784666666666
2021-09-02 13:00:00,3.3196166666666667,3.2588166666666667,210.07166666666666,336.348525
2021-09-02 14:00:00,3.22165,3.1615333333333333,209.48166666666665,336.36161
2021-09-02 15:00:00,3.124016666666667,3.0630666666666664,217.62833333333336,365.53848166666666
2021-09-02 16:00:00,3.061316666666667,3.0194666666666667,322.52000000000004,297.49988
2021-09-02 17:00:00,3.0638833333333335,3.0265833333333334,320.2416666666667,304.10046500000004
2021-09-02 18:00:00,3.06765,3.0305666666666666,320.10499999999996,310.017125
2021-09-02 19:00:00,3.0217666666666667,2.9856833333333332,319.79,438.94311666666664
2021-09-02 20:00:00,2.9513833333333332,2.9170833333333333,316.995,337.302295
2021-09-02 21:00:00,2.9543000000000004,2.920733333333333,314.09833333333336,277.70022
2021-09-02 22:00:00,2.9703999999999997,2.9374333333333333,312.3666666666667,283.72687833333333
2021-09-02 23:00:00,2.971166666666667,2.93715,319.0366666666667,320.6021583333333
2021-09-03 00:00:00,2.9844500000000003,2.953416666666667,335.40333333333336,237.65939333333333
2021-09-03 01:00:00,3.061516666666667,3.0360666666666662,361.94166666666666,206.85419166666668
2021-09-03 02:00:00,3.1704833333333338,3.142333333333333,362.73833333333334,166.32281999999998
2021-09-03 03:00:00,3.31425,3.2826,361.0866666666667,120.67021666666666
2021-09-03 04:00:00,3.46895,3.435416666666667,360.6333333333333,121.903065
2021-09-03 05:00:00,3.6166833333333335,3.5816333333333334,362.51500000000004,144.62859833333331
2021-09-03 06:00:00,3.727933333333333,3.69795,345.85499999999996,227.73397333333332
2021-09-03 07:00:00,3.7464500000000003,3.724683333333333,335.35,379.18163333333337
2021-09-03 08:00:00,3.6745333333333337,3.6563999999999997,328.73833333333334,425.3781833333333
2021-09-03 09:00:00,3.6059,3.587216666666667,326.5133333333333,373.8534833333333
2021-09-03 10:00:00,3.5801000000000003,3.54795,273.50166666666667,334.72227166666664
2021-09-03 11:00:00,3.54535,3.503133333333333,249.55666666666667,273.34406666666666
2021-09-03 12:00:00,3.507566666666667,3.4659333333333335,248.76166666666668,313.70212999999995
2021-09-03 13:00:00,3.43325,3.3912666666666667,249.05,385.54366166666665
2021-09-03 14:00:00,3.3194666666666666,3.2803,249.37333333333333,381.64557499999995
2021-09-03 15:00:00,3.2365166666666667,3.1992166666666666,248.75833333333333,368.3367783333333
2021-09-03 16:00:00,3.1492833333333334,3.113,248.22666666666666,339.6501866666667
2021-09-03 17:00:00,3.0665666666666667,3.0298333333333334,246.93833333333333,405.626875
2021-09-03 18:00:00,2.9489666666666663,2.9152833333333334,246.36333333333332,362.949635
2021-09-03 19:00:00,2.8699166666666667,2.8366833333333332,246.7,372.22672
2021-09-03 20:00:00,2.7665333333333333,2.735316666666667,247.66333333333333,373.5914616666667
2021-09-03 21:00:00,2.6826333333333334,2.6513833333333334,288.38666666666666,372.33825333333334
2021-09-03 22:00:00,2.6388666666666665,2.6255,319.925,319.4645233333333
2021-09-03 23:00:00,2.6079999999999997,2.597283333333333,319.4433333333333,388.64817666666664
2021-09-04 00:00:00,2.5923000000000003,2.577933333333333,320.47166666666664,261.9846166666667
2021-09-04 01:00:00,2.6290166666666663,2.6142333333333334,321.35999999999996,245.10162833333334
2021-09-04 02:00:00,2.6942333333333335,2.6771666666666665,323.955,190.34944
2021-09-04 03:00:00,2.7903333333333333,2.76955,325.47166666666664,164.05782166666668
2021-09-04 04:00:00,2.890416666666667,2.8695999999999997,324.73499999999996,171.54449166666666
2021-09-04 05:00:00,2.9843333333333333,2.9620166666666665,323.03499999999997,184.07140333333334
2021-09-04 06:00:00,3.0780666666666665,3.0519166666666666,507.7383783783784,267.59641
2021-09-04 07:00:00,3.376116666666667,3.3312999999999997,684.629954954955,356.34938500000004
2021-09-04 08:00:00,3.4127500000000004,3.3860333333333332,232.05166666666668,375.3735666666667
2021-09-04 09:00:00,3.2988500000000003,3.2746333333333335,230.3,402.2715716666667
2021-09-04 10:00:00,3.152716666666667,3.1307166666666664,228.76833333333335,465.44974833333333
2021-09-04 11:00:00,2.9698166666666665,2.949883333333333,236.07833333333335,477.22767999999996
2021-09-04 12:00:00,2.8546,2.83045,253.87666666666667,329.10643999999996
2021-09-04 13:00:00,2.7971,2.7728666666666664,253.6616666666667,343.74451666666664
2021-09-04 14:00:00,2.7098999999999998,2.6874,253.94500000000002,403.32251833333333
2021-09-04 15:00:00,2.5890333333333335,2.5684666666666667,254.01166666666668,417.95410166666665
2021-09-04 16:00:00,2.4818,2.4622333333333333,253.4116666666667,377.1919483333333
2021-09-04 17:00:00,2.4046833333333333,2.3885833333333335,253.45666666666665,329.96260333333333
2021-09-04 18:00:00,2.3157666666666668,2.300683333333333,253.26333333333332,415.05691666666667
2021-09-04 19:00:00,2.2000666666666664,2.1861333333333333,252.07666666666668,394.4840883333334
2021-09-04 20:00:00,2.0958833333333335,2.083466666666667,253.90833333333333,383.3743966666667
2021-09-04 21:00:00,2.0113666666666665,1.9991166666666667,251.6616666666667,367.73825833333336
2021-09-04 22:00:00,1.9529500000000002,1.9404333333333335,355.47666666666663,319.79553000000004
2021-09-04 23:00:00,2.0571,2.0158,466.97833333333335,287.13108666666665
2021-09-05 00:00:00,2.16955,2.12955,471.6066666666667,279.10328000000004
2021-09-05 01:00:00,2.297966666666667,2.257433333333333,476.415,234.16223833333333
2021-09-05 02:00:00,2.47065,2.4309166666666666,474.925,200.70486166666666
2021-09-05 03:00:00,2.6483,2.60515,477.48499999999996,179.13260833333334
2021-09-05 04:00:00,2.8574333333333333,2.815116666666667,481.14666666666665,130.58139833333334
2021-09-05 05:00:00,3.087683333333333,3.0430166666666665,479.1816666666667,134.66105333333334
2021-09-05 06:00:00,3.2760333333333334,3.2258166666666668,473.6633333333333,224.44068666666666
2021-09-05 07:00:00,3.4445666666666668,3.3933000000000004,475.0683333333333,209.71714500000002
2021-09-05 08:00:00,3.57875,3.519433333333333,471.54833333333335,318.250135
2021-09-05 09:00:00,3.6491166666666666,3.58425,474.96666666666664,384.37133
2021-09-05 10:00:00,3.7011499999999997,3.633366666666667,461.72333333333336,367.37791333333337
2021-09-05 11:00:00,3.7527166666666667,3.68455,459.13666666666666,331.8471766666667
2021-09-05 12:00:00,3.8316000000000003,3.7641333333333336,461.065,374.0889133333333
2021-09-05 13:00:00,3.822,3.7679166666666664,349.42333333333335,384.60559
2021-09-05 14:00:00,3.7824,3.7501499999999997,294.5316666666667,308.6144116666666
2021-09-05 15:00:00,3.766966666666667,3.7263,233.45833333333334,294.83982333333336
2021-09-05 16:00:00,3.68195,3.6264166666666666,171.81833333333333,333.10226500000005
2021-09-05 17:00:00,3.5639,3.5096166666666666,171.825,333.5804933333333
2021-09-05 18:00:00,3.452516666666667,3.4,172.32999999999998,310.47270166666664
2021-09-05 19:00:00,3.3153,3.2611666666666665,170.99833333333333,468.8434966666666
2021-09-05 20:00:00,3.1055,3.0541666666666667,170.77,382.6221733333333
2021-09-05 21:00:00,2.9883499999999996,2.9435833333333337,172.68166666666667,323.31649666666664
2021-09-05 22:00:00,2.8788666666666667,2.834416666666667,173.57333333333332,326.158975
2021-09-05 23:00:00,2.7952999999999997,2.755866666666667,174.48833333333332,220.98731
2021-09-06 00:00:00,2.7801833333333335,2.7453999999999996,174.09166666666667,173.52378666666667
2021-09-06 01:00:00,2.7822833333333334,2.7468999999999997,174.59833333333333,153.38704833333335
2021-09-06 02:00:00,2.7971833333333334,2.7615833333333333,175.08666666666667,138.30425
2021-09-06 03:00:00,2.8194166666666667,2.7858333333333336,173.77,125.50158666666667
2021-09-06 04:00:00,2.8415833333333333,2.8053000000000003,173.85166666666666,161.9474
2021-09-06 05:00:00,2.8325,2.796133333333333,176.90833333333333,203.37221666666667
2021-09-06 06:00:00,3.0545166666666663,3.0419833333333335,626.775,247.36509833333332
2021-09-06 07:00:00,3.60995,3.6149,578.4333333333333,403.97411166666666
2021-09-06 08:00:00,3.7714333333333334,3.72525,323.63666666666666,424.5208333333333
2021-09-06 09:00:00,3.7105333333333332,3.6495,316.40333333333336,385.92280166666666
2021-09-06 10:00:00,3.6813166666666666,3.6235333333333335,317.76666666666665,298.779555
2021-09-06 11:00:00,3.6904,3.6409499999999997,265.34333333333336,249.80271333333334
2021-09-06 12:00:00,3.644566666666667,3.6123833333333333,195.05166666666668,277.916465
2021-09-06 13:00:00,3.5744166666666666,3.5440666666666667,193.64,310.4209
2021-09-06 14:00:00,3.477416666666667,3.4488833333333333,193.12,327.78843666666666
2021-09-06 15:00:00,3.3764,3.3499666666666665,194.82166666666666,336.3295533333333
2021-09-06 16:00:00,3.2808333333333333,3.254833333333333,194.76666666666668,326.195
2021-09-06 17:00:00,3.19045,3.164816666666667,193.52833333333334,290.5439133333333
2021-09-06 18:00:00,3.128016666666667,3.1032333333333333,189.625,286.29361666666665
2021-09-06 19:00:00,3.0313333333333334,3.0093166666666664,188.75666666666666,365.730345
2021-09-06 20:00:00,2.8888833333333332,2.8703333333333334,189.93666666666667,389.212995
2021-09-06 21:00:00,2.7567666666666666,2.7379166666666666,224.47833333333335,381.36569833333334
2021-09-06 22:00:00,2.660883333333333,2.6462999999999997,307.745,382.79606500000006
2021-09-06 23:00:00,2.6540833333333333,2.6376,305.7816666666667,243.92047833333334
2021-09-07 00:00:00,2.695866666666667,2.6778,307.62166666666667,217.72999333333334
2021-09-07 01:00:00,2.7757666666666667,2.752283333333333,309.0566666666667,153.67884
2021-09-07 02:00:00,2.875183333333333,2.8515666666666664,309.0566666666667,159.41891166666667
2021-09-07 03:00:00,2.97735,2.9504499999999996,308.49833333333333,124.48586833333334
2021-09-07 04:00:00,3.097983333333333,3.0688833333333334,307.6,122.125825
2021-09-07 05:00:00,3.2102999999999997,3.1815333333333333,307.89000000000004,147.77859666666666
2021-09-07 06:00:00,3.280066666666667,3.2558,317.5933333333333,261.44132666666667
2021-09-07 07:00:00,3.2814833333333335,3.2599666666666667,316.01,329.0434016666667
2021-09-07 08:00:00,3.249416666666667,3.229833333333333,310.10833333333335,359.5334266666667
2021-09-07 09:00:00,3.2094333333333336,3.187316666666667,307.78,341.6083683333334
2021-09-07 10:00:00,3.1550833333333332,3.1366333333333336,311.71,402.03455833333334
2021-09-07 11:00:00,3.144966666666667,3.1217833333333336,313.095,238.57985833333333
2021-09-07 12:00:00,3.16995,3.149016666666667,312.53333333333336,314.25122666666664
2021-09-07 13:00:00,3.1373499999999996,3.119333333333333,314.455,344.907465
2021-09-07 14:00:00,3.1203333333333334,3.1006,314.82,313.0880883333333
2021-09-07 15:00:00,3.1099666666666668,3.090533333333333,316.685,315.8908333333333
2021-09-07 16:00:00,3.1142,3.0919833333333333,316.44666666666666,282.3278383333334
2021-09-07 17:00:00,3.11755,3.0975166666666665,319.06333333333333,322.8432133333333
2021-09-07 18:00:00,3.1007666666666664,3.08145,313.69166666666666,306.8254283333334
2021-09-07 19:00:00,3.086566666666667,3.068,312.20166666666665,367.3597383333333
2021-09-07 20:00:00,3.0103333333333335,2.9941166666666663,309.13,429.9858883333333
2021-09-07 21:00:00,2.9411666666666667,2.9233333333333333,305.26666666666665,338.61692000000005
2021-09-07 22:00:00,2.92435,2.90725,303.15833333333336,320.5746233333333
2021-09-07 23:00:00,2.9004333333333334,2.88415,304.5866666666667,304.23626666666667
2021-09-08 00:00:00,2.9323166666666665,2.9097333333333335,305.71,200.27991500000002
2021-09-08 01:00:00,3.0141333333333336,2.99,306.6433333333333,155.746615
2021-09-08 02:00:00,3.1171166666666665,3.09205,313.53333333333336,134.46759166666666
2021-09-08 03:00:00,3.2414,3.2123666666666666,314.8833333333333,117.37057666666666
2021-09-08 04:00:00,3.361816666666667,3.3326,313.92333333333335,147.98530166666666
2021-09-08 05:00:00,3.446966666666667,3.4193333333333333,313.02000000000004,197.070775
2021-09-08 06:00:00,3.5107166666666667,3.4836833333333335,325.155,240.72994500000001
2021-09-08 07:00:00,3.495233333333333,3.4743666666666666,315.6183333333333,412.96273
2021-09-08 08:00:00,3.4052166666666666,3.38785,314.02666666666664,432.5226033333333
2021-09-08 09:00:00,3.3562166666666666,3.3346333333333336,312.9583333333333,314.54177999999996
2021-09-08 10:00:00,3.3065833333333337,3.2643833333333334,165.32166666666666,320.89941166666665
2021-09-08 11:00:00,3.2246333333333337,3.1826333333333334,208.92333333333332,263.24389833333333
2021-09-08 12:00:00,3.1746833333333333,3.1336166666666667,213.38333333333333,297.5278466666667
2021-09-08 13:00:00,3.1093333333333333,3.0683166666666666,214.42000000000002,303.8817866666667
2021-09-08 14:00:00,3.0287833333333336,2.987016666666667,212.95333333333335,331.0475433333333
2021-09-08 15:00:00,2.9508333333333336,2.9119,209.54,309.170605
2021-09-08 16:00:00,2.848116666666667,2.80845,250.85666666666665,393.96008
2021-09-08 17:00:00,2.8257,2.8005333333333335,406.06333333333333,298.38360833333337
2021-09-08 18:00:00,2.8981833333333333,2.8728,401.97999999999996,283.0730433333334
2021-09-08 19:00:00,2.9203333333333332,2.8951333333333333,398.695,415.67852000000005
2021-09-08 20:00:00,2.8986333333333336,2.8748666666666667,399.64833333333337,399.8487083333333
2021-09-08 21:00:00,2.8830666666666667,2.8611500000000003,396.7583333333333,403.28133499999996
2021-09-08 22:00:00,2.8802166666666666,2.8559666666666668,397.42833333333334,347.1224683333333
2021-09-08 23:00:00,2.92975,2.90335,384.0783333333333,277.4268583333333
2021-09-09 00:00:00,2.9975333333333336,2.9755499999999997,359.04833333333335,228.96585
2021-09-09 01:00:00,3.0859,3.0613666666666663,362.0416666666667,186.57181666666665
2021-09-09 02:00:00,3.2188166666666667,3.191866666666667,362.93666666666667,142.37474666666668
2021-09-09 03:00:00,3.3627333333333334,3.3329666666666666,361.38666666666666,135.71462666666667
2021-09-09 04:00:00,3.5096833333333333,3.47775,361.17833333333334,128.62685
2021-09-09 05:00:00,3.64255,3.6109333333333336,370.96666666666664,189.58214166666667
2021-09-09 06:00:00,3.7367333333333335,3.70775,370.37666666666667,260.705835
2021-09-09 07:00:00,3.7493666666666665,3.707533333333333,268.0,342.40088833333334
2021-09-09 08:00:00,3.673483333333333,3.6214166666666667,239.73666666666668,371.20411499999994
2021-09-09 09:00:00,3.560766666666667,3.508,242.47833333333335,425.763835
2021-09-09 10:00:00,3.43275,3.382433333333333,242.235,353.60099333333335
2021-09-09 11:00:00,3.38705,3.341666666666667,240.43666666666667,251.73913166666668
2021-09-09 12:00:00,3.3664666666666667,3.3202333333333334,240.94500000000002,277.30272499999995
2021-09-09 13:00:00,3.301816666666667,3.2530833333333335,240.12166666666664,376.18420499999996
2021-09-09 14:00:00,3.2135000000000002,3.168,241.38333333333333,324.09981
2021-09-09 15:00:00,3.1568666666666667,3.111066666666667,241.065,310.84449333333333
2021-09-09 16:00:00,3.1054000000000004,3.0611,242.14166666666668,297.39336166666664
2021-09-09 17:00:00,3.0628499999999996,3.016183333333333,241.89666666666665,309.4168933333333
2021-09-09 18:00:00,2.9945666666666666,2.948983333333333,241.92000000000002,367.24505666666664
2021-09-09 19:00:00,2.879566666666667,2.8334333333333332,239.73999999999998,401.16227833333335
2021-09-09 20:00:00,2.7521666666666667,2.707533333333333,240.05333333333334,452.40557
2021-09-09 21:00:00,2.604633333333333,2.56345,242.42166666666665,385.05725333333334
2021-09-09 22:00:00,2.5521666666666665,2.5292166666666662,335.2133333333333,290.50013666666666
2021-09-09 23:00:00,2.605433333333333,2.5876,355.725,224.81448333333336
2021-09-10 00:00:00,2.69735,2.677016666666667,360.34666666666664,189.83027833333333
2021-09-10 01:00:00,2.800483333333333,2.7786666666666666,360.57666666666665,207.600555
2021-09-10 02:00:00,2.904433333333333,2.880333333333333,358.8816666666667,180.65535333333335
2021-09-10 03:00:00,3.0200166666666663,2.9931166666666664,358.4616666666667,176.043665
2021-09-10 04:00:00,3.1331166666666665,3.105433333333333,358.9683333333333,181.56562166666666
2021-09-10 05:00:00,3.2406,3.21215,364.18666666666667,178.70203166666667
2021-09-10 06:00:00,3.3635333333333337,3.333583333333333,364.97166666666664,196.58669999999998
2021-09-10 07:00:00,3.4287666666666667,3.4029666666666665,362.3066666666667,304.2582966666667
2021-09-10 08:00:00,3.4252166666666666,3.3901833333333333,296.06666666666666,354.72058166666665
2021-09-10 09:00:00,3.383383333333333,3.3377166666666667,252.66,291.47052333333335
2021-09-10 10:00:00,3.3382833333333335,3.2905333333333333,255.67000000000002,346.84564166666667
2021-09-10 11:00:00,3.2897166666666666,3.2449500000000002,258.1766666666667,295.6889466666667
2021-09-10 12:00:00,3.2152000000000003,3.169433333333333,258.18333333333334,390.7196433333333
2021-09-10 13:00:00,3.1189833333333334,3.073916666666667,258.7683333333333,401.44512833333334
2021-09-10 14:00:00,3.0098333333333334,2.9657,259.34166666666664,384.9928233333333
2021-09-10 15:00:00,2.9275,2.8864,251.80333333333334,335.078015
2021-09-10 16:00:00,2.8731166666666668,2.8335500000000002,242.92000000000002,306.33044
2021-09-10 17:00:00,2.816933333333333,2.7767166666666667,252.0366666666667,330.59418999999997
2021-09-10 18:00:00,2.7617499999999997,2.7237,251.99666666666664,300.4595066666667
2021-09-10 19:00:00,2.72295,2.68455,251.48,315.3429316666667
2021-09-10 20:00:00,2.620366666666667,2.579333333333333,254.44500000000002,452.89585999999997
2021-09-10 21:00:00,2.517233333333333,2.4822166666666665,254.51000000000002,297.6885733333333
2021-09-10 22:00:00,2.5256166666666666,2.4893833333333335,306.19666666666666,228.28829666666667
2021-09-10 23:00:00,2.5679833333333333,2.5256499999999997,314.7683333333333,273.61484333333334
2021-09-11 00:00:00,2.6067666666666667,2.565833333333333,314.2433333333333,203.12185833333334
2021-09-11 01:00:00,2.6782666666666666,2.63965,323.18833333333333,187.42907666666667
2021-09-11 02:00:00,2.7605833333333334,2.7191666666666667,323.345,204.98138
2021-09-11 03:00:00,2.835566666666667,2.79375,322.15333333333336,192.29298
2021-09-11 04:00:00,2.9218666666666664,2.8808166666666666,321.585,162.11777666666666
2021-09-11 05:00:00,3.0702333333333334,3.05295,547.0666666666667,158.34631666666667
2021-09-11 06:00:00,3.34315,3.3382333333333336,616.7816666666666,211.83157833333334
2021-09-11 07:00:00,3.5489666666666664,3.529316666666667,395.93666666666667,282.87283833333333
2021-09-11 08:00:00,3.50835,3.4583500000000003,196.15833333333333,364.3209683333333
2021-09-11 09:00:00,3.3591333333333333,3.3106500000000003,196.74166666666667,429.22088833333333
2021-09-11 10:00:00,3.19485,3.14625,196.145,421.57563500000003
2021-09-11 11:00:00,3.041733333333333,2.9957166666666666,196.55333333333334,367.63135
2021-09-11 12:00:00,2.936516666666667,2.8934333333333333,195.35833333333332,319.9204383333333
2021-09-11 13:00:00,2.85805,2.814916666666667,195.57000000000002,320.09633
2021-09-11 14:00:00,2.7257666666666664,2.6836333333333333,195.63500000000002,385.50705
2021-09-11 15:00:00,2.6024666666666665,2.5611,197.53833333333333,378.57671
2021-09-11 16:00:00,2.4635499999999997,2.4263,198.025,365.3844633333334
2021-09-11 17:00:00,2.3693666666666666,2.3354,198.16833333333335,308.37280833333335
2021-09-11 18:00:00,2.3541833333333333,2.3106999999999998,422.97999999999996,286.12002
2021-09-11 19:00:00,2.4742,2.425116666666667,476.8933333333333,303.0337283333334
2021-09-11 20:00:00,2.559166666666667,2.5046666666666666,478.0366666666667,360.89216000000005
2021-09-11 21:00:00,2.620166666666667,2.5630666666666664,484.5083333333333,374.76835833333337
2021-09-11 22:00:00,2.6884,2.6329,479.34000000000003,321.23680333333334
2021-09-11 23:00:00,2.80395,2.75265,475.60833333333335,262.269855
2021-09-12 00:00:00,2.939728813559322,2.8885762711864404,479.006779661017,260.58783389830506
2021-09-12 01:00:00,3.08265,3.033916666666667,456.32,196.98648333333333
2021-09-12 02:00:00,3.2539333333333333,3.2053000000000003,454.315,194.86315000000002
2021-09-12 03:00:00,3.4357666666666664,3.387916666666667,456.22666666666663,129.433725
2021-09-12 04:00:00,3.6492833333333334,3.598883333333333,456.93,125.95112166666667
2021-09-12 05:00:00,3.828233333333334,3.7858500000000004,311.0866666666667,134.92233333333334
2021-09-12 06:00:00,3.848566666666667,3.7974166666666664,99.66333333333334,177.39119833333334
2021-09-12 07:00:00,3.7760499999999997,3.7230666666666665,99.62666666666668,228.43870166666665
2021-09-12 08:00:00,3.6817333333333333,3.6371666666666664,171.2133333333333,272.9497333333333
2021-09-12 09:00:00,3.602316666666667,3.5860166666666666,266.575,350.2576933333333
2021-09-12 10:00:00,3.50455,3.49485,264.87,461.8364383333334
2021-09-12 11:00:00,3.3528499999999997,3.3466333333333336,265.47,435.6874966666667
2021-09-12 12:00:00,3.253633333333333,3.24275,265.535,376.65486500000003
2021-09-12 13:00:00,3.19405,3.179733333333333,264.97,320.64009833333336
2021-09-12 14:00:00,3.1450833333333335,3.133383333333333,265.6716666666667,334.81777500000004
2021-09-12 15:00:00,3.07105,3.062116666666667,266.035,357.595855
2021-09-12 16:00:00,3.01205,3.0004666666666666,261.7633333333333,360.4581783333333
2021-09-12 17:00:00,2.91775,2.91215,263.7916666666667,386.0570666666666
2021-09-12 18:00:00,2.83515,2.8297166666666667,261.63,364.1250166666667
2021-09-12 19:00:00,2.75815,2.7541,259.005,350.8990366666667
2021-09-12 20:00:00,2.7076166666666666,2.70245,262.09,307.25002333333333
2021-09-12 21:00:00,2.66295,2.6519833333333334,300.4916666666667,362.22428
2021-09-12 22:00:00,2.620566666666667,2.6014,330.6933333333333,366.2177916666667
2021-09-12 23:00:00,2.6235,2.5997166666666667,330.00166666666667,266.61686833333334
2021-09-13 00:00:00,2.68295,2.6576,331.92833333333334,185.79352500000002
2021-09-13 01:00:00,2.7613499999999997,2.7352333333333334,334.8233333333334,234.410445
2021-09-13 02:00:00,2.852883333333333,2.823983333333333,335.43833333333333,134.22430500000002
2021-09-13 03:00:00,2.9890166666666667,2.9585333333333335,335.48333333333335,120.16093666666667
2021-09-13 04:00:00,3.126816666666667,3.0951333333333335,334.1716666666667,126.59028333333335
2021-09-13 05:00:00,3.2375,3.2059166666666665,333.8066666666667,189.955595
2021-09-13 06:00:00,3.312816666666667,3.2813333333333334,335.4133333333333,242.63163833333334
2021-09-13 07:00:00,3.3345,3.3040166666666666,335.01,349.05813166666667
2021-09-13 08:00:00,3.2743666666666664,3.246466666666667,337.35166666666663,461.07107
2021-09-13 09:00:00,3.1845166666666667,3.1566666666666667,331.87166666666667,398.73908666666665
2021-09-13 10:00:00,3.1563333333333334,3.1283499999999997,339.15333333333336,326.13402666666667
2021-09-13 11:00:00,3.1863,3.1557166666666663,320.2566666666667,259.44183499999997
2021-09-13 12:00:00,3.17535,3.1504499999999998,279.1116666666667,325.1865183333333
2021-09-13 13:00:00,3.1331333333333333,3.1089166666666666,280.07166666666666,321.3508916666667
2021-09-13 14:00:00,3.101783333333333,3.0781333333333336,279.475,301.23729166666664
2021-09-13 15:00:00,3.0796833333333336,3.054933333333333,280.5416666666667,290.1008683333333
2021-09-13 16:00:00,3.066933333333333,3.0428333333333333,279.17833333333334,319.95226166666663
2021-09-13 17:00:00,3.007566666666667,2.9852166666666666,279.43,323.484535
2021-09-13 18:00:00,3.0018000000000002,2.9771666666666667,279.87,278.21788000000004
2021-09-13 19:00:00,2.9516666666666667,2.9309333333333334,281.445,421.68534999999997
2021-09-13 20:00:00,2.8291,2.8124666666666664,276.42333333333335,422.2944683333333
2021-09-13 21:00:00,2.7446833333333336,2.7279166666666668,274.13666666666666,340.82431166666663
2021-09-13 22:00:00,2.7200166666666665,2.7030833333333333,303.18666666666667,296.40149166666663
2021-09-13 23:00:00,2.7165833333333333,2.699883333333333,303.8233333333334,282.799785
2021-09-14 00:00:00,2.7421,2.7237333333333336,305.20166666666665,229.05656
2021-09-14 01:00:00,2.8023499999999997,2.7795166666666664,306.89166666666665,174.38832
2021-09-14 02:00:00,2.9063333333333334,2.881266666666667,309.03,129.68068166666666
2021-09-14 03:00:00,3.02185,2.9942833333333336,309.4583333333333,129.735765
2021-09-14 04:00:00,3.1410666666666667,3.1122,307.31166666666667,121.83156000000001
2021-09-14 05:00:00,3.2501333333333333,3.2205833333333334,305.87333333333333,144.95392666666666
2021-09-14 06:00:00,3.3136333333333337,3.28795,331.79833333333335,290.9682383333333
2021-09-14 07:00:00,3.3337999999999997,3.3527666666666667,526.8816666666667,411.68625833333334
2021-09-14 08:00:00,3.38455,3.4074999999999998,526.105,394.46818666666667
2021-09-14 09:00:00,3.4764,3.4909666666666666,514.5516666666666,379.12888166666664
2021-09-14 10:00:00,3.5664833333333332,3.5765333333333333,517.4533333333334,314.43258
2021-09-14 11:00:00,3.7250333333333336,3.7217166666666666,517.5483333333334,258.271595
2021-09-14 12:00:00,3.85745,3.83625,345.2316666666667,280.9711516666667
2021-09-14 13:00:00,3.80835,3.7571166666666667,192.15833333333333,371.577735
2021-09-14 14:00:00,3.6706999999999996,3.6199999999999997,194.93333333333334,355.36253833333336
2021-09-14 15:00:00,3.567266666666667,3.51825,198.61833333333334,324.87786500000004
2021-09-14 16:00:00,3.4865,3.4401333333333333,200.83166666666665,315.6843733333333
2021-09-14 17:00:00,3.3942833333333335,3.348466666666667,200.29500000000002,307.87137
2021-09-14 18:00:00,3.3297666666666665,3.2869666666666664,200.26333333333332,284.11387
2021-09-14 19:00:00,3.255866666666667,3.21225,200.43666666666667,309.33968166666665
2021-09-14 20:00:00,3.145566666666667,3.1022166666666666,192.16,428.6672066666667
2021-09-14 21:00:00,2.9467,2.903433333333333,194.50833333333333,435.09120666666666
2021-09-14 22:00:00,2.831566666666667,2.79215,205.86,313.81049333333334
2021-09-14 23:00:00,2.7874666666666665,2.751,330.7,285.0484916666667
2021-09-15 00:00:00,2.8518166666666667,2.8282666666666665,377.4183333333333,200.3185333333333
2021-09-15 01:00:00,2.97255,2.9647833333333335,383.745,180.02716
2021-09-15 02:00:00,3.09605,3.0876499999999996,383.135,183.50855833333333
2021-09-15 03:00:00,3.2260333333333335,3.214633333333333,381.9166666666667,184.479145
2021-09-15 04:00:00,3.3419666666666665,3.3316166666666667,380.0866666666667,191.38163333333333
2021-09-15 05:00:00,3.4830166666666664,3.4669666666666665,382.49,147.17289833333334
2021-09-15 06:00:00,3.610983333333333,3.5991,378.43833333333333,220.91415833333335
2021-09-15 07:00:00,3.66075,3.659783333333333,364.7183333333333,324.17602999999997
2021-09-15 08:00:00,3.6531499999999997,3.6357500000000003,306.75,383.3586633333333
2021-09-15 09:00:00,3.591533333333333,3.5694500000000002,309.78499999999997,349.73861166666666
2021-09-15 10:00:00,3.5807833333333337,3.5540833333333333,311.2,305.302225
2021-09-15 11:00:00,3.5531333333333333,3.529433333333333,310.67833333333334,365.97002
2021-09-15 12:00:00,3.5230666666666663,3.497716666666667,310.71,291.47753166666666
2021-09-15 13:00:00,3.5296166666666666,3.503533333333333,309.55333333333334,299.55145166666665
2021-09-15 14:00:00,3.50785,3.484483333333333,310.06666666666666,336.735745
2021-09-15 15:00:00,3.480116666666667,3.4539833333333334,247.40166666666667,342.74888
2021-09-15 16:00:00,3.3563,3.3306166666666663,196.11499999999998,393.55778166666664
2021-09-15 17:00:00,3.2152000000000003,3.1909833333333335,195.79,394.187275
2021-09-15 18:00:00,3.06745,3.0467,195.63,413.5527533333333
2021-09-15 19:00:00,2.9103333333333334,2.8912833333333334,194.17000000000002,375.9638616666667
2021-09-15 20:00:00,2.8072666666666666,2.7879,193.42000000000002,323.79533999999995
2021-09-15 21:00:00,2.7361166666666668,2.711516666666667,266.77833333333336,302.316705
2021-09-15 22:00:00,2.725983333333333,2.691016666666667,330.045,348.32478499999996
2021-09-15 23:00:00,2.7211333333333334,2.68615,329.52166666666665,264.49251833333335
2021-09-16 00:00:00,2.786583333333333,2.7537333333333334,331.86333333333334,189.21589666666665
2021-09-16 01:00:00,2.887383333333333,2.853916666666667,332.5383333333333,157.0921
2021-09-16 02:00:00,2.9966999999999997,2.960566666666667,333.24,186.56184166666665
2021-09-16 03:00:00,3.0844,3.04835,334.02000000000004,156.90766683333334
2021-09-16 04:00:00,3.2143333333333333,3.1775333333333333,331.7,124.27275833333333
2021-09-16 05:00:00,3.346366666666667,3.3119,389.4066666666667,139.12688
2021-09-16 06:00:00,3.5667666666666666,3.5678666666666667,546.4233333333334,203.54855
2021-09-16 07:00:00,3.6376,3.5990666666666664,331.21666666666664,407.88354833333335
2021-09-16 08:00:00,3.5330333333333335,3.51045,270.8333333333333,438.9288583333334
2021-09-16 09:00:00,3.4051833333333335,3.3874833333333334,258.9433333333333,405.271955
2021-09-16 10:00:00,3.3186666666666667,3.2986333333333335,258.21833333333336,347.45290666666665
2021-09-16 11:00:00,3.2274333333333334,3.209483333333333,262.725,422.9438016666666
2021-09-16 12:00:00,3.1122,3.097766666666667,262.325,409.40105666666665
2021-09-16 13:00:00,3.0376833333333333,3.0187666666666666,263.72,288.7998883333333
2021-09-16 14:00:00,3.0208,3.000716666666667,265.39666666666665,289.94052999999997
2021-09-16 15:00:00,2.9860333333333333,2.9698833333333337,266.69166666666666,347.32423166666666
2021-09-16 16:00:00,2.9236166666666668,2.9088,268.95,284.0268
2021-09-16 17:00:00,2.9237166666666665,2.90655,265.03,260.88801666666666
2021-09-16 18:00:00,2.9185833333333333,2.9016333333333333,267.34333333333336,269.6734833333333
2021-09-16 19:00:00,2.8834166666666667,2.8683166666666664,262.67,362.4939816666667
2021-09-16 20:00:00,2.7939,2.7816666666666667,261.61,351.90765333333337
2021-09-16 21:00:00,2.716533333333333,2.7059166666666665,257.52000000000004,409.203365
2021-09-16 22:00:00,2.6118333333333337,2.594266666666667,304.27000000000004,392.096345
2021-09-16 23:00:00,2.5809833333333336,2.5584333333333333,315.90999999999997,323.391745
2021-09-17 00:00:00,2.5856,2.561783333333333,318.2083333333333,254.39477
2021-09-17 01:00:00,2.6423666666666668,2.616983333333333,319.2066666666667,204.13492
2021-09-17 02:00:00,2.7304166666666663,2.7036666666666664,314.625,142.45033999999998
2021-09-17 03:00:00,2.8445833333333335,2.8158833333333333,318.2316666666667,134.38016000000002
2021-09-17 04:00:00,2.965333333333333,2.9358833333333334,317.8366666666667,134.09534166666668
2021-09-17 05:00:00,3.0786000000000002,3.0476,318.25166666666667,153.29662833333333
2021-09-17 06:00:00,3.1852,3.156,466.03499999999997,212.31074666666666
2021-09-17 07:00:00,3.3750666666666667,3.3528333333333333,658.015,379.99416333333335
2021-09-17 08:00:00,3.5341,3.5099,657.7316666666667,373.89578
2021-09-17 09:00:00,3.7407666666666666,3.7115333333333336,645.2216666666667,266.53188166666666
2021-09-17 10:00:00,3.9673999999999996,3.942,511.12166666666667,268.96026
2021-09-17 11:00:00,3.9205666666666668,3.87545,18.188333333333333,346.92113166666667
2021-09-17 12:00:00,3.702366666666667,3.6558333333333333,0.0,325.3925966666667
2021-09-17 13:00:00,3.4860333333333333,3.4407,0.0,338.53033
2021-09-17 14:00:00,3.2580999999999998,3.2196,64.49499999999999,341.77953333333335
2021-09-17 15:00:00,3.1243833333333333,3.1300666666666666,284.62,367.75760333333335
2021-09-17 16:00:00,3.0582833333333337,3.0674333333333332,285.3316666666667,360.96723833333334
2021-09-17 17:00:00,2.9875,2.997583333333333,282.34166666666664,390.71757499999995
2021-09-17 18:00:00,2.90155,2.91445,284.30833333333334,385.32120833333335
2021-09-17 19:00:00,2.8438833333333333,2.852116666666667,287.2866666666667,349.3083316666667
2021-09-17 20:00:00,2.8056666666666668,2.809816666666667,286.6983333333334,298.44357
2021-09-17 21:00:00,2.7767666666666666,2.785883333333333,287.87333333333333,328.1152716666667
2021-09-17 22:00:00,2.7693,2.7724333333333333,286.69,255.22706333333332
2021-09-17 23:00:00,2.79025,2.7898666666666667,284.7116666666667,246.35574833333334
2021-09-18 00:00:00,2.8243333333333336,2.8167,284.57,195.91151
2021-09-18 01:00:00,2.8641833333333335,2.8596,285.1433333333333,234.47536499999998
2021-09-18 02:00:00,2.9248666666666665,2.9113166666666666,282.47666666666663,149.47311333333334
2021-09-18 03:00:00,3.01235,2.9951999999999996,282.37166666666667,138.02614
2021-09-18 04:00:00,3.1072833333333336,3.0909833333333334,283.8683333333333,125.02957666666666
2021-09-18 05:00:00,3.2062166666666667,3.1885333333333334,280.97666666666663,135.67385000000002
2021-09-18 06:00:00,3.2691999999999997,3.2573,277.61333333333334,218.49991166666666
2021-09-18 07:00:00,3.270683333333333,3.2672833333333333,276.2183333333333,306.1003216666667
2021-09-18 08:00:00,3.219533333333333,3.2142,354.68666666666667,383.5559666666667
2021-09-18 09:00:00,3.2371166666666666,3.1997166666666668,450.3383333333333,420.17394666666667
2021-09-18 10:00:00,3.2155333333333336,3.1773666666666665,454.15166666666664,519.9421566666666
2021-09-18 11:00:00,3.14695,3.10885,454.10999999999996,514.5870466666667
2021-09-18 12:00:00,3.1239500000000002,3.085083333333333,355.115,355.89304999999996
2021-09-18 13:00:00,3.098866666666667,3.0595,285.50166666666667,313.0307166666667
2021-09-18 14:00:00,3.0757,3.0377666666666667,287.05833333333334,283.26679500000006
2021-09-18 15:00:00,3.0737333333333337,3.0349666666666666,283.90833333333336,277.5954333333333
2021-09-18 16:00:00,3.075083333333333,3.03625,285.835,257.132325
2021-09-18 17:00:00,3.0822166666666666,3.0440666666666667,284.8183333333333,296.96090499999997
2021-09-18 18:00:00,3.0415666666666668,3.002683333333333,284.595,326.535975
2021-09-18 19:00:00,3.0373499999999996,2.9986,286.7316666666667,258.53389833333335
2021-09-18 20:00:00,3.01355,2.9740333333333333,285.26,401.68987500000003
2021-09-18 21:00:00,2.89105,2.8512,284.83,424.5185616666667
2021-09-18 22:00:00,2.8215500000000002,2.78445,281.05333333333334,341.64191666666665
2021-09-18 23:00:00,2.7727166666666667,2.7376666666666667,280.2066666666667,334.4402283333333
2021-09-19 00:00:00,2.7305166666666665,2.693966666666667,280.9116666666667,315.36005166666666
2021-09-19 01:00:00,2.7354333333333334,2.7007166666666667,284.6816666666667,197.61090333333334
2021-09-19 02:00:00,2.8122,2.7778833333333335,284.0833333333333,137.41208333333333
2021-09-19 03:00:00,2.9095166666666668,2.8757333333333337,285.1316666666667,124.29940333333334
2021-09-19 04:00:00,3.01235,2.977516666666667,283.5933333333333,122.68342666666666
2021-09-19 05:00:00,3.1115666666666666,3.0755,283.89500000000004,138.75937000000002
2021-09-19 06:00:00,3.2314833333333337,3.208833333333333,509.1383333333333,192.42306166666668
2021-09-19 07:00:00,3.4604333333333335,3.4411,495.3383333333333,217.082845
2021-09-19 08:00:00,3.5428166666666665,3.496966666666667,281.7633333333333,265.51933833333334
2021-09-19 09:00:00,3.5318166666666664,3.4859500000000003,279.87333333333333,303.97166666666664
2021-09-19 10:00:00,3.49275,3.445983333333333,280.26166666666666,380.05342833333333
2021-09-19 11:00:00,3.36525,3.315116666666667,284.78,482.8679133333333
2021-09-19 12:00:00,3.2788166666666663,3.234866666666667,284.22833333333335,316.4165816666667
2021-09-19 13:00:00,3.2311666666666667,3.1874166666666666,283.68833333333333,378.29228666666666
2021-09-19 14:00:00,3.1365166666666666,3.0898833333333333,284.9916666666667,411.968385
2021-09-19 15:00:00,3.050883333333333,3.0069500000000002,283.37666666666667,388.6166
2021-09-19 16:00:00,2.9767,2.9358833333333334,283.0883333333333,341.78945
2021-09-19 17:00:00,2.940316666666667,2.90075,280.48833333333334,316.17161500000003
2021-09-19 18:00:00,2.9239166666666665,2.8842333333333334,281.8616666666667,281.158745
2021-09-19 19:00:00,2.9034833333333334,2.8648000000000002,280.385,299.94535666666667
2021-09-19 20:00:00,2.8701166666666666,2.83065,281.8566666666667,355.14995333333337
2021-09-19 21:00:00,2.8001666666666667,2.76265,281.25333333333333,341.0981933333333
2021-09-19 22:00:00,2.8026333333333335,2.7687,332.60166666666663,235.54604166666667
2021-09-19 23:00:00,2.8988666666666663,2.878316666666667,447.6666666666667,218.73209666666668
2021-09-20 00:00:00,3.0134166666666666,2.9828833333333336,332.1066666666667,207.20288666666664
2021-09-20 01:00:00,3.1079833333333338,3.074116666666667,331.0933333333333,156.34912166666666
2021-09-20 02:00:00,3.2239166666666668,3.1893666666666665,330.8016666666666,145.41313
2021-09-20 03:00:00,3.33215,3.2963333333333336,334.39666666666665,173.22343666666666
2021-09-20 04:00:00,3.4348,3.397366666666666,334.5133333333333,172.7244233333333
2021-09-20 05:00:00,3.5338333333333334,3.4954833333333335,335.0133333333333,183.86584666666667
2021-09-20 06:00:00,3.61015,3.5715999999999997,331.72,240.97876
2021-09-20 07:00:00,3.6307166666666664,3.59055,340.07,352.0134683333334
2021-09-20 08:00:00,3.6126666666666667,3.572283333333333,335.22333333333336,348.0121383333333
2021-09-20 09:00:00,3.5747166666666668,3.551,269.73833333333334,282.93260333333336
2021-09-20 10:00:00,3.54445,3.5247333333333333,264.655,346.54298833333337
2021-09-20 11:00:00,3.4540833333333336,3.438683333333333,267.99666666666667,374.7326283333333
2021-09-20 12:00:00,3.4114166666666668,3.39175,266.9633333333333,290.11500166666667
2021-09-20 13:00:00,3.3557333333333332,3.3396,264.64666666666665,390.07564
2021-09-20 14:00:00,3.266966666666667,3.2509,265.3566666666667,345.935555
2021-09-20 15:00:00,3.2199166666666668,3.2022166666666667,264.04,298.14855
2021-09-20 16:00:00,3.2005166666666667,3.1804,261.64500000000004,273.0951366666667
2021-09-20 17:00:00,3.18425,3.1650666666666667,263.755,285.28366833333337
2021-09-20 18:00:00,3.1467666666666667,3.1309833333333335,264.9766666666667,317.33327
2021-09-20 19:00:00,3.1191166666666663,3.1022333333333334,264.68,286.03121833333336
2021-09-20 20:00:00,3.0928666666666667,3.0765000000000002,262.12,288.37318
2021-09-20 21:00:00,3.0074666666666667,2.9988,264.5866666666667,475.19601666666665
2021-09-20 22:00:00,2.8857666666666666,2.8765833333333335,265.20166666666665,305.4854383333333
2021-09-20 23:00:00,2.91415,2.9,307.97166666666664,205.92709166666666
2021-09-21 00:00:00,2.9704166666666665,2.9540333333333333,297.0066666666667,199.17185166666667
2021-09-21 01:00:00,3.0500166666666666,3.0502833333333332,356.6633333333333,170.9178
2021-09-21 02:00:00,3.1867666666666663,3.1837,357.4866666666667,127.838045
2021-09-21 03:00:00,3.337683333333333,3.33065,355.4816666666667,121.11445333333333
2021-09-21 04:00:00,3.4858833333333332,3.4718666666666667,303.19,123.81035333333332
2021-09-21 05:00:00,3.5676833333333335,3.5404,228.46,141.20079833333332
2021-09-21 06:00:00,3.6103666666666667,3.5858833333333333,228.43166666666667,172.37094333333334
2021-09-21 07:00:00,3.6249333333333333,3.6031833333333334,227.01666666666668,219.29841166666665
2021-09-21 08:00:00,3.5992333333333333,3.5829666666666666,228.335,286.1184333333333
2021-09-21 09:00:00,3.54555,3.5306333333333333,228.65,293.09140666666667
2021-09-21 10:00:00,3.49445,3.4809166666666664,228.61499999999998,312.38567666666665
2021-09-21 11:00:00,3.396066666666667,3.3886333333333334,227.45,397.6738016666667
2021-09-21 12:00:00,3.2863333333333333,3.2805666666666666,227.93666666666667,364.2765633333333
2021-09-21 13:00:00,3.1722166666666665,3.1665,228.65666666666667,352.68193333333335
2021-09-21 14:00:00,3.133166666666667,3.1203833333333337,228.67999999999998,256.06085833333333
2021-09-21 15:00:00,3.0905666666666667,3.081166666666667,230.075,297.2911566666667
2021-09-21 16:00:00,3.0374166666666667,3.0258666666666665,226.65666666666667,292.2223566666667
2021-09-21 17:00:00,2.9862166666666665,2.9749666666666665,226.50333333333336,276.60001666666665
2021-09-21 18:00:00,2.968366666666667,2.9546666666666668,226.49833333333333,237.2604433333333
2021-09-21 19:00:00,2.9136,2.908866666666667,224.61166666666668,330.44617999999997
2021-09-21 20:00:00,2.8670166666666668,2.8568166666666666,223.99166666666667,248.71804333333333
2021-09-21 21:00:00,2.8406499999999997,2.829416666666667,262.77000000000004,297.20046
2021-09-21 22:00:00,2.791933333333333,2.78235,285.68666666666667,365.58843833333333
2021-09-21 23:00:00,2.7370333333333337,2.7289833333333333,288.0566666666667,309.8000016666667
2021-09-22 00:00:00,2.754033333333333,2.7389666666666668,287.5183333333333,217.27012000000002
2021-09-22 01:00:00,2.7990166666666667,2.782583333333333,290.27333333333337,212.72809
2021-09-22 02:00:00,2.8750500000000003,2.8519666666666668,292.075,128.22484500000002
2021-09-22 03:00:00,2.9822333333333333,2.959216666666667,291.255,120.95699666666665
2021-09-22 04:00:00,3.0921833333333333,3.066666666666667,290.6683333333333,122.52422499999999
2021-09-22 05:00:00,3.3968333333333334,3.3762166666666666,452.38169590643275,141.58130333333332
2021-09-22 06:00:00,3.85625,3.814016666666667,327.2133040935672,160.4580183333333
2021-09-22 07:00:00,3.902933333333333,3.8613833333333334,200.285,179.57896166666666
2021-09-22 08:00:00,3.8848333333333334,3.84495,228.04666666666665,282.60767833333335
2021-09-22 09:00:00,3.8297000000000003,3.777233333333333,291.87166666666667,380.5140016666667
2021-09-22 10:00:00,3.7727666666666666,3.722766666666667,291.5066666666667,339.6383383333333
2021-09-22 11:00:00,3.7290833333333335,3.678733333333333,288.9433333333333,337.64941333333337
2021-09-22 12:00:00,3.6763666666666666,3.6250333333333336,289.37166666666667,392.7486666666667
2021-09-22 13:00:00,3.5798833333333335,3.528383333333333,287.4566666666667,418.89852333333334
2021-09-22 14:00:00,3.4869666666666665,3.435583333333333,289.705,400.9951333333333
2021-09-22 15:00:00,3.427966666666667,3.380333333333333,288.8333333333333,317.13037833333334
2021-09-22 16:00:00,3.390016666666667,3.3439166666666664,287.39833333333337,335.84036833333334
2021-09-22 17:00:00,3.35885,3.3133,287.125,323.77343833333333
2021-09-22 18:00:00,3.3152666666666666,3.27045,287.09166666666664,338.3080816666667
2021-09-22 19:00:00,3.2649,3.2297833333333332,226.15166666666667,306.574325
2021-09-22 20:00:00,3.1647833333333333,3.1437833333333334,188.56333333333333,371.4906683333333
2021-09-22 21:00:00,3.014683333333333,2.99395,213.4,397.46394
2021-09-22 22:00:00,2.933683333333333,2.9010833333333332,251.25666666666666,340.0605233333333
2021-09-22 23:00:00,2.8592166666666667,2.8277666666666668,254.76833333333335,320.51139500000005
2021-09-23 00:00:00,2.8526833333333332,2.8225,258.1766666666667,195.09402333333335
2021-09-23 01:00:00,2.9045666666666667,2.8737666666666666,258.9216666666667,154.74540166666665
2021-09-23 02:00:00,2.9732333333333334,2.9417166666666663,256.21,137.77613166666666
2021-09-23 03:00:00,3.0536666666666665,3.020366666666667,257.1516666666667,124.82262833333333
2021-09-23 04:00:00,3.139683333333333,3.1060666666666665,258.1816666666667,118.91701833333333
2021-09-23 05:00:00,3.223116666666667,3.188683333333333,257.8066666666667,140.40446333333333
2021-09-23 06:00:00,3.2794000000000003,3.2442333333333333,256.9766666666667,222.640875
2021-09-23 07:00:00,3.2493666666666665,3.2139333333333338,255.23166666666665,330.16824166666663
2021-09-23 08:00:00,3.1699333333333333,3.1337166666666665,257.43833333333333,401.6785066666667
2021-09-23 09:00:00,3.0549000000000004,3.0212833333333333,259.85,409.409425
2021-09-23 10:00:00,2.96405,2.9304166666666664,261.81166666666667,369.03145
2021-09-23 11:00:00,2.8754166666666667,2.841216666666667,260.3233333333333,393.5808133333333
2021-09-23 12:00:00,2.791233333333333,2.759516666666667,261.21666666666664,331.0279933333333
2021-09-23 13:00:00,2.7493,2.7182166666666663,261.6816666666667,314.31974333333335
2021-09-23 14:00:00,2.6688833333333335,2.638183333333333,251.76166666666668,370.4661483333333
2021-09-23 15:00:00,2.6020166666666666,2.572966666666667,255.07333333333332,320.30407833333334
2021-09-23 16:00:00,2.5623333333333336,2.534266666666667,263.4533333333333,273.447325
2021-09-23 17:00:00,2.5626333333333333,2.53465,263.32,267.94863
2021-09-23 18:00:00,2.5198833333333335,2.4907,261.39666666666665,325.54216833333334
2021-09-23 19:00:00,2.4781666666666666,2.4512666666666667,254.11166666666668,295.8369
2021-09-23 20:00:00,2.4411,2.416433333333333,254.57166666666666,310.29151
2021-09-23 21:00:00,2.358483333333333,2.3338166666666664,254.00166666666667,392.5930233333333
2021-09-23 22:00:00,2.2786833333333334,2.2559833333333335,254.78,330.17042166666664
2021-09-23 23:00:00,2.22155,2.1988333333333334,257.525,302.432035
2021-09-24 00:00:00,2.2152333333333334,2.191866666666667,265.44166666666666,227.82161
2021-09-24 01:00:00,2.2429,2.2189166666666664,267.005,203.44108333333332
2021-09-24 02:00:00,2.296483333333333,2.2737166666666666,268.97833333333335,144.41085166666667
2021-09-24 03:00:00,2.3891,2.3638166666666667,267.93333333333334,120.33956333333334
2021-09-24 04:00:00,2.4833166666666666,2.4566666666666666,267.3233333333333,129.04694166666667
2021-09-24 05:00:00,2.7592833333333333,2.745483333333333,621.8643847874721,145.95987666666667
2021-09-24 06:00:00,3.30735,3.3136333333333337,577.1251677852349,294.41717
2021-09-24 07:00:00,3.7421166666666665,3.75285,461.0621140939597,364.13474833333333
2021-09-24 08:00:00,3.795266666666667,3.800483333333333,312.35833333333335,418.95091833333333
2021-09-24 09:00:00,3.747466666666667,3.73475,255.59666666666666,287.062615
2021-09-24 10:00:00,3.6958166666666665,3.6835333333333335,230.25,337.196715
2021-09-24 11:00:00,3.6075,3.5983500000000004,229.32833333333335,358.29298666666665
2021-09-24 12:00:00,3.520166666666667,3.50875,230.43166666666667,306.531925
2021-09-24 13:00:00,3.4488666666666665,3.4425499999999998,230.86166666666668,357.71042833333337
2021-09-24 14:00:00,3.369133333333333,3.3617500000000002,233.685,308.63712000000004
2021-09-24 15:00:00,3.32295,3.3132,235.5883333333333,283.36265333333336
2021-09-24 16:00:00,3.2722333333333333,3.26465,228.85833333333332,317.86823499999997
2021-09-24 17:00:00,3.20605,3.198,228.09166666666667,299.79896333333335
2021-09-24 18:00:00,3.1513166666666668,3.1441833333333333,227.67333333333332,313.042605
2021-09-24 19:00:00,3.03295,3.0360500000000004,220.74666666666664,426.9479516666667
2021-09-24 20:00:00,2.9069999999999996,2.9082833333333338,219.07166666666666,348.3143633333333
2021-09-24 21:00:00,2.8141666666666665,2.81385,231.315,360.83932166666665
2021-09-24 22:00:00,2.7754,2.768666666666667,344.6,306.499105
2021-09-24 23:00:00,2.8073833333333336,2.7990500000000003,348.2683333333333,251.325795
2021-09-25 00:00:00,2.8934833333333336,2.8794666666666666,350.52166666666665,199.48164833333334
2021-09-25 01:00:00,2.98995,2.9736666666666665,352.425,188.99003
2021-09-25 02:00:00,3.101316666666667,3.0799000000000003,352.07666666666665,161.848795
2021-09-25 03:00:00,3.221433333333333,3.1995833333333334,351.97333333333336,174.62422166666664
2021-09-25 04:00:00,3.33305,3.3108,352.77833333333336,175.78125
2021-09-25 05:00:00,3.4385333333333334,3.4163166666666664,345.86333333333334,187.2229966666667
2021-09-25 06:00:00,3.5304,3.508566666666667,355.40166666666664,210.55772333333334
2021-09-25 07:00:00,3.6023666666666667,3.5801166666666666,310.18,264.7460683333333
2021-09-25 08:00:00,3.5871666666666666,3.5683833333333337,284.6383333333333,296.41132333333337
2021-09-25 09:00:00,3.58095,3.5599166666666666,280.2083333333333,276.6213333333333
2021-09-25 10:00:00,3.5529333333333333,3.53465,276.35,345.8402066666667
2021-09-25 11:00:00,3.4809,3.46515,275.35833333333335,372.8989216666667
2021-09-25 12:00:00,3.412316666666667,3.396866666666667,275.2116666666667,339.720405
2021-09-25 13:00:00,3.3744333333333336,3.35625,276.0566666666667,353.33236166666666
2021-09-25 14:00:00,3.2739666666666665,3.2637333333333336,278.09166666666664,399.2115416666667
2021-09-25 15:00:00,3.19555,3.1833,280.22166666666664,379.053825
2021-09-25 16:00:00,3.1252833333333334,3.113833333333333,278.68833333333333,358.1777716666667
2021-09-25 17:00:00,3.07465,3.0631,278.155,334.982445
2021-09-25 18:00:00,3.0304999999999995,3.0165166666666665,275.60166666666663,317.4456816666667
2021-09-25 19:00:00,3.0151,2.9995,273.1933333333333,259.49913333333336
2021-09-25 20:00:00,2.9879333333333333,2.9768333333333334,271.29333333333335,364.86028833333336
2021-09-25 21:00:00,2.894433333333333,2.8866,270.9433333333333,369.43859333333336
2021-09-25 22:00:00,2.8611999999999997,2.8471333333333333,277.365,256.8524483333333
2021-09-25 23:00:00,2.8864,2.8693833333333334,274.9183333333333,220.62009
2021-09-26 00:00:00,2.9157333333333333,2.8988500000000004,273.455,203.14008666666666
2021-09-26 01:00:00,2.971766666666667,2.9517666666666664,277.51500000000004,169.02407666666667
2021-09-26 02:00:00,3.0482,3.0247333333333333,277.14000000000004,141.66356666666667
2021-09-26 03:00:00,3.1407666666666665,3.1141333333333336,279.915,128.45479666666668
2021-09-26 04:00:00,3.239,3.2106333333333335,280.6983333333334,124.19788666666666
2021-09-26 05:00:00,3.3380666666666667,3.3091333333333335,283.01666666666665,130.296365
2021-09-26 06:00:00,3.4268666666666667,3.3985,282.8,154.20129333333335
2021-09-26 07:00:00,3.4907666666666666,3.4649,289.03499999999997,215.79326666666665
2021-09-26 08:00:00,3.48195,3.4644,284.39166666666665,364.2607683333334
2021-09-26 09:00:00,3.396166666666667,3.3835333333333333,281.085,400.2828733333333
2021-09-26 10:00:00,3.2987166666666665,3.2864,280.89166666666665,400.93163166666665
2021-09-26 11:00:00,3.2115500000000003,3.1999166666666667,281.61333333333334,413.12202333333335
2021-09-26 12:00:00,3.098716666666667,3.0906666666666665,281.50166666666667,417.5058866666667
2021-09-26 13:00:00,3.0177666666666667,3.008,281.97333333333336,375.49259166666667
2021-09-26 14:00:00,2.9618666666666664,2.9507666666666665,278.97666666666663,335.7558183333333
2021-09-26 15:00:00,2.9269499999999997,2.9143499999999998,279.56,280.82982499999997
2021-09-26 16:00:00,2.9049833333333335,2.89395,279.8433333333333,331.8376983333334
2021-09-26 17:00:00,2.87305,2.8603,280.05,287.77090000000004
2021-09-26 18:00:00,2.8598833333333338,2.8482,280.7583333333333,296.15118666666666
2021-09-26 19:00:00,2.83685,2.8263833333333332,279.7,328.8091316666667
2021-09-26 20:00:00,2.7647166666666667,2.75795,279.2883333333333,387.309375
2021-09-26 21:00:00,2.671,2.6682166666666665,282.69166666666666,434.027035
2021-09-26 22:00:00,2.564416666666667,2.5629833333333334,283.63666666666666,399.80206
2021-09-26 23:00:00,2.5372833333333333,2.515233333333333,381.915,302.27616333333333
2021-09-27 00:00:00,2.625516666666667,2.59445,393.7916666666667,228.394175
2021-09-27 01:00:00,2.7384166666666667,2.7081500000000003,406.8816666666667,199.64664333333334
2021-09-27 02:00:00,2.8956500000000003,2.86495,412.96,136.05817433333334
2021-09-27 03:00:00,3.0811833333333336,3.047566666666667,414.4,120.09089166666666
2021-09-27 04:00:00,3.2655833333333333,3.23025,415.28499999999997,144.65117999999998
2021-09-27 05:00:00,3.4432666666666667,3.405533333333333,424.935,141.75078166666665
2021-09-27 06:00:00,3.609266666666667,3.5692,425.7133333333333,197.00723666666667
2021-09-27 07:00:00,3.7220166666666668,3.6817333333333333,429.85999999999996,308.41239
2021-09-27 08:00:00,3.7392166666666666,3.6949166666666664,269.86,316.74058499999995
2021-09-27 09:00:00,3.65505,3.6079333333333334,244.36833333333334,418.684195
2021-09-27 10:00:00,3.5475333333333334,3.5001,244.665,322.001975
2021-09-27 11:00:00,3.520766666666667,3.47675,244.56833333333333,259.32704333333334
2021-09-27 12:00:00,3.4817666666666667,3.436583333333333,244.20166666666668,315.7492966666667
2021-09-27 13:00:00,3.414733333333333,3.3695999999999997,243.645,366.63926999999995
2021-09-27 14:00:00,3.304933333333333,3.2611333333333334,244.12666666666667,390.36859333333337
2021-09-27 15:00:00,3.214716666666667,3.1725333333333334,245.82166666666666,342.2435633333333
2021-09-27 16:00:00,3.1352166666666665,3.0923833333333333,247.34833333333333,376.62671500000005
2021-09-27 17:00:00,3.0559166666666666,3.0158666666666667,248.19500000000002,288.4060783333333
2021-09-27 18:00:00,3.0161666666666664,2.9768833333333333,252.20499999999998,350.73086500000005
2021-09-27 19:00:00,2.921066666666667,2.8817333333333335,246.485,390.89784
2021-09-27 20:00:00,2.81685,2.778516666666667,241.02833333333334,353.21012499999995
2021-09-27 21:00:00,2.763316666666667,2.73495,276.505,263.423425
2021-09-27 22:00:00,2.7895499999999998,2.791233333333333,355.3883333333333,245.77277
2021-09-27 23:00:00,2.855033333333333,2.8553166666666665,355.44166666666666,237.00193333333334
2021-09-28 00:00:00,2.9451833333333335,2.939233333333333,357.5366666666667,186.37079833333334
2021-09-28 01:00:00,3.0515499999999998,3.0446166666666667,361.455,212.45727833333333
2021-09-28 02:00:00,3.128133333333333,3.1247,361.3833333333333,229.98966833333333
2021-09-28 03:00:00,3.2167666666666666,3.2100500000000003,360.05333333333334,225.093785
2021-09-28 04:00:00,3.3008499999999996,3.293133333333333,361.0183333333333,204.51534333333333
2021-09-28 05:00:00,3.4139333333333335,3.400116666666667,361.55333333333334,168.32236666666668
2021-09-28 06:00:00,3.5355166666666666,3.523816666666667,370.74,201.94397500000002
2021-09-28 07:00:00,3.5915166666666667,3.5879499999999998,328.5316666666667,337.02120333333335
2021-09-28 08:00:00,3.5357666666666665,3.5179833333333335,258.92333333333335,334.11334
2021-09-28 09:00:00,3.4928166666666667,3.47445,260.41833333333335,307.32977666666665
2021-09-28 10:00:00,3.457533333333333,3.4371666666666667,259.87666666666667,287.278
2021-09-28 11:00:00,3.4304333333333332,3.4111166666666666,259.52166666666665,320.8055233333333
2021-09-28 12:00:00,3.3457999999999997,3.332733333333333,259.14,374.56758833333333
2021-09-28 13:00:00,3.2974666666666668,3.2788166666666663,255.56833333333333,276.883685
2021-09-28 14:00:00,3.279433333333333,3.2624333333333335,256.335,278.78385833333334
2021-09-28 15:00:00,3.2528,3.2359333333333336,259.02166666666665,279.37306
2021-09-28 16:00:00,3.2291499999999997,3.2119166666666668,260.49333333333334,298.0641316666667
2021-09-28 17:00:00,3.174316666666667,3.1614833333333334,264.0083333333333,365.0226383333333
2021-09-28 18:00:00,3.0809333333333333,3.0719,262.545,403.333385
2021-09-28 19:00:00,2.95205,2.9478999999999997,258.56,478.3848816666667
2021-09-28 20:00:00,2.7749,2.7752,255.68166666666667,502.79029833333334
2021-09-28 21:00:00,2.6613333333333333,2.6540166666666662,254.96166666666667,286.6771083333333
2021-09-28 22:00:00,2.6940833333333334,2.6675,358.9483333333334,232.98460333333333
2021-09-28 23:00:00,2.7883666666666667,2.7532,399.4816666666667,249.37877833333332
2021-09-29 00:00:00,2.8959166666666665,2.8618,404.12166666666667,208.0187916666667
2021-09-29 01:00:00,3.03505,2.99975,402.96500000000003,159.02874166666666
2021-09-29 02:00:00,3.1957666666666666,3.158266666666667,397.81,145.29833333333332
2021-09-29 03:00:00,3.36085,3.3215,401.2416666666667,133.01454833333335
2021-09-29 04:00:00,3.54195,3.5015,406.97166666666664,123.42380499999999
2021-09-29 05:00:00,3.7177833333333337,3.6742,403.60833333333335,139.51865833333335
2021-09-29 06:00:00,3.87595,3.8292,404.35333333333335,191.53306333333333
2021-09-29 07:00:00,3.963916666666667,3.926533333333333,318.75166666666667,287.463145
2021-09-29 08:00:00,3.863383333333333,3.8539000000000003,244.02333333333334,452.74169
2021-09-29 09:00:00,3.747783333333333,3.7367333333333335,241.575,349.8800516666667
2021-09-29 10:00:00,3.6608,3.6496,242.10166666666666,364.11467999999996
2021-09-29 11:00:00,3.58015,3.5694,241.56,352.11340666666666
2021-09-29 12:00:00,3.4743666666666666,3.4686833333333333,242.50333333333336,400.5120816666667
2021-09-29 13:00:00,3.3738333333333332,3.3672166666666663,243.3,342.2787083333333
2021-09-29 14:00:00,3.3241666666666663,3.3128333333333333,245.47166666666666,267.07099
2021-09-29 15:00:00,3.31655,3.30095,248.605,247.11133999999998
2021-09-29 16:00:00,3.2908833333333334,3.2782666666666667,250.81666666666666,300.2976583333333
2021-09-29 17:00:00,3.252816666666667,3.240933333333333,250.75,299.99063666666666
2021-09-29 18:00:00,3.1988833333333333,3.18885,250.81833333333333,316.88682166666666
2021-09-29 19:00:00,3.1473333333333335,3.1377666666666664,250.52666666666667,329.72513833333335
2021-09-29 20:00:00,3.05975,3.0560166666666664,250.80833333333334,386.1442216666667
2021-09-29 21:00:00,2.9825166666666667,2.9733,285.5,329.09268333333335
2021-09-29 22:00:00,2.984983333333333,2.966666666666667,327.88,300.896235
2021-09-29 23:00:00,2.9709999999999996,2.955,328.72333333333336,366.1124883333333
2021-09-30 00:00:00,2.9427833333333333,2.9289666666666667,333.125,326.69343000000003
2021-09-30 01:00:00,2.9707,2.9511333333333334,335.255,233.95168833333335
2021-09-30 02:00:00,3.066683333333333,3.04105,334.02666666666664,136.412675
2021-09-30 03:00:00,3.2007833333333333,3.172083333333333,334.6166666666667,130.89528833333333
2021-09-30 04:00:00,3.328516666666667,3.2993666666666663,335.45,129.08391333333333
2021-09-30 05:00:00,3.4605,3.4296833333333336,334.55333333333334,139.26599333333334
2021-09-30 06:00:00,3.5698166666666666,3.5394,335.07166666666666,198.41022333333333
2021-09-30 07:00:00,3.6024333333333334,3.57735,335.7066666666667,345.38568166666664
2021-09-30 08:00:00,3.5595,3.54575,287.26666666666665,348.5266633333333
2021-09-30 09:00:00,3.5025833333333334,3.49325,272.00166666666667,353.4537916666667
2021-09-30 10:00:00,3.41815,3.414083333333333,273.43833333333333,390.6062866666667
2021-09-30 11:00:00,3.358616666666667,3.349283333333333,275.185,305.33283666666665
2021-09-30 12:00:00,3.3451333333333335,3.3330333333333333,276.45,304.4737833333333
2021-09-30 13:00:00,3.2965166666666668,3.28965,276.3933333333333,337.60083166666664
2021-09-30 14:00:00,3.247266666666667,3.2413499999999997,276.73499999999996,318.52808166666665
2021-09-30 15:00:00,3.2272333333333334,3.2182833333333334,279.21666666666664,297.4181233333333
2021-09-30 16:00:00,3.1785,3.174316666666667,283.76666666666665,379.10686333333337
2021-09-30 17:00:00,3.110316666666667,3.10685,283.70166666666665,326.8206983333333
2021-09-30 18:00:00,3.0793000000000004,3.0738,282.90999999999997,335.90254833333336
2021-09-30 19:00:00,3.00915,3.008966666666667,279.67833333333334,388.953805
2021-09-30 20:00:00,2.9134666666666664,2.9164666666666665,276.79,412.033455
2021-09-30 21:00:00,2.8402499999999997,2.8369500000000003,285.7933333333333,313.7760016666667
2021-09-30 22:00:00,2.8588833333333334,2.8353166666666665,321.3616666666667,277.3690883333333
2021-09-30 23:00:00,2.8838,2.85995,321.02166666666665,265.6734216666667
2021-10-01 00:00:00,2.9215333333333335,2.8971333333333336,324.53499999999997,235.4320483333333
2021-10-01 01:00:00,2.98875,2.9612666666666665,325.675,198.20737833333334
2021-10-01 02:00:00,3.065116666666667,3.0377,327.15999999999997,206.58167333333333
2021-10-01 03:00:00,3.1557166666666663,3.1239833333333333,327.005,145.80323333333334
2021-10-01 04:00:00,3.278583333333333,3.2476166666666666,326.0466666666667,138.19325333333333
2021-10-01 05:00:00,3.3979166666666667,3.3646666666666665,326.185,137.06022166666668
2021-10-01 06:00:00,3.5046166666666663,3.46995,328.325,204.82822333333334
2021-10-01 07:00:00,3.4996666666666667,3.4688000000000003,328.7,433.739365
2021-10-01 08:00:00,3.41655,3.389683333333333,313.26666666666665,389.6276966666667
2021-10-01 09:00:00,3.3420666666666667,3.328033333333333,256.79833333333335,352.31306666666666
2021-10-01 10:00:00,3.2601500000000003,3.2492500000000004,253.19166666666666,385.4213983333333
2021-10-01 11:00:00,3.1691,3.15855,253.7866666666667,329.50132666666667
2021-10-01 12:00:00,3.136216666666667,3.12225,252.69,286.40326
2021-10-01 13:00:00,3.0947833333333334,3.08325,252.965,317.8370666666667
2021-10-01 14:00:00,3.0405666666666664,3.0291,253.17000000000002,314.3613266666667
2021-10-01 15:00:00,2.9884833333333334,2.9792833333333335,250.50166666666667,321.37385
2021-10-01 16:00:00,2.9362,2.9261833333333334,250.29333333333335,323.98283
2021-10-01 17:00:00,2.858816666666667,2.85235,251.78166666666667,348.4369
2021-10-01 18:00:00,2.8073333333333332,2.796266666666667,251.79333333333335,303.59083333333336
2021-10-01 19:00:00,2.7510166666666667,2.7445333333333335,251.905,340.60178666666667
2021-10-01 20:00:00,2.6869,2.6791666666666667,256.13,327.859435
2021-10-01 21:00:00,2.61885,2.61365,257.01,351.1697666666667
2021-10-01 22:00:00,2.5648,2.5532666666666666,294.575,347.15484166666664
2021-10-01 23:00:00,2.5284666666666666,2.5113166666666666,306.4916666666667,316.59301166666665
2021-10-02 00:00:00,2.5446166666666667,2.5257,307.35833333333335,235.81950833333335
2021-10-02 01:00:00,2.611816666666667,2.5894,307.23333333333335,163.27356999999998
2021-10-02 02:00:00,2.710183333333333,2.6853666666666665,308.24833333333333,141.42884166666667
2021-10-02 03:00:00,2.81635,2.791033333333333,307.55333333333334,157.59483666666668
2021-10-02 04:00:00,2.9014499999999996,2.8758833333333333,307.4483333333334,173.95357166666665
2021-10-02 05:00:00,2.9797833333333332,2.9539833333333334,308.73499999999996,197.738155
2021-10-02 06:00:00,3.0301666666666667,3.0050833333333333,336.455,245.92770333333334
2021-10-02 07:00:00,3.141633333333333,3.12675,533.8966666666666,249.186955
2021-10-02 08:00:00,3.328683333333333,3.3126166666666665,558.0849999999999,269.33108166666665
2021-10-02 09:00:00,3.4571833333333335,3.4233,377.43833333333333,310.456575
2021-10-02 10:00:00,3.4491,3.4090833333333332,355.37,418.26304
2021-10-02 11:00:00,3.371966666666667,3.335783333333333,325.35333333333335,423.1428966666666
2021-10-02 12:00:00,3.296866666666667,3.2795,271.5566666666667,326.01705000000004
2021-10-02 13:00:00,3.2573333333333334,3.2393,272.285,310.56766
2021-10-02 14:00:00,3.2034666666666665,3.1882499999999996,277.44166666666666,370.5077866666667
2021-10-02 15:00:00,3.1414,3.128216666666667,279.80833333333334,344.9942633333333
2021-10-02 16:00:00,3.0810000000000004,3.0675833333333333,280.045,364.9285483333333
2021-10-02 17:00:00,3.0167833333333336,3.0065666666666666,304.135,357.50611000000004
2021-10-02 18:00:00,2.961316666666667,2.96795,349.52333333333337,397.30945333333335
2021-10-02 19:00:00,2.977,2.9714666666666667,348.555,272.59853333333336
2021-10-02 20:00:00,2.9987666666666666,2.9949166666666667,349.05333333333334,321.3368566666667
2021-10-02 21:00:00,3.0143166666666668,3.0084666666666666,350.24,291.2729766666667
2021-10-02 22:00:00,3.040583333333333,3.035283333333333,347.6633333333333,308.00065
2021-10-02 23:00:00,3.0713333333333335,3.0625,349.3233333333334,250.85991166666665
2021-10-03 00:00:00,3.1600166666666665,3.1439666666666666,349.9866666666667,179.89983833333332
2021-10-03 01:00:00,3.2696666666666667,3.2499,351.0683333333333,174.8415016666667
2021-10-03 02:00:00,3.3604166666666666,3.3444333333333334,350.65999999999997,222.76407666666668
2021-10-03 03:00:00,3.467016666666667,3.4434833333333335,351.0183333333333,158.32599
2021-10-03 04:00:00,3.59715,3.569,349.175,131.74712333333335
2021-10-03 05:00:00,3.7358333333333333,3.707533333333333,344.25166666666667,131.50503666666665
2021-10-03 06:00:00,3.8429166666666665,3.80465,234.13,156.96234166666667
2021-10-03 07:00:00,3.8604333333333334,3.8183333333333334,204.15833333333333,201.05425333333332
2021-10-03 08:00:00,3.8175666666666666,3.7771833333333333,204.46666666666667,349.31508833333334
2021-10-03 09:00:00,3.6763833333333333,3.6400833333333336,204.4116666666667,410.015215
2021-10-03 10:00:00,3.5349500000000003,3.498483333333333,204.48,396.89850666666666
2021-10-03 11:00:00,3.371583333333333,3.338216666666667,203.24166666666667,468.5022
2021-10-03 12:00:00,3.1918833333333336,3.1608500000000004,202.9116666666667,407.10507666666666
2021-10-03 13:00:00,3.0608500000000003,3.0310333333333332,203.87333333333333,362.69106999999997
2021-10-03 14:00:00,2.9552166666666664,2.9284166666666667,204.69333333333333,351.97889166666664
2021-10-03 15:00:00,2.85575,2.8295000000000003,219.715,305.21137166666665
2021-10-03 16:00:00,2.841066666666667,2.8363333333333336,367.76666666666665,287.09789166666667
2021-10-03 17:00:00,2.8840999999999997,2.881266666666667,364.63666666666666,272.29563833333333
2021-10-03 18:00:00,2.937183333333333,2.933466666666667,361.3316666666667,288.03355
2021-10-03 19:00:00,2.9634833333333335,2.959866666666667,344.1983333333334,331.6741583333333
2021-10-03 20:00:00,2.91975,2.88875,188.315,323.44104
2021-10-03 21:00:00,2.809066666666667,2.7798333333333334,223.32166666666666,362.6820833333333
2021-10-03 22:00:00,2.7484666666666664,2.7406,306.90833333333336,312.5923033333333
2021-10-03 23:00:00,2.7376500000000004,2.7284333333333337,304.03,301.770725
2021-10-04 00:00:00,2.7323999999999997,2.722866666666667,303.1566666666667,288.441575
2021-10-04 01:00:00,2.75765,2.7443833333333334,308.6933333333333,218.25643333333335
2021-10-04 02:00:00,2.829833333333333,2.8101166666666666,309.0466666666667,178.51517666666666
2021-10-04 03:00:00,2.9225333333333334,2.9005333333333336,308.70166666666665,139.74705166666666
2021-10-04 04:00:00,3.0308833333333336,3.00745,312.85166666666663,152.0811833333333
2021-10-04 05:00:00,3.1321999999999997,3.10855,313.01500000000004,152.13499666666667
2021-10-04 06:00:00,3.383966666666667,3.3331166666666667,629.1233333333333,164.41782999999998
2021-10-04 07:00:00,3.5769333333333337,3.54365,275.8066666666667,234.62000666666665
2021-10-04 08:00:00,3.5569333333333333,3.529233333333333,272.75333333333333,326.06383999999997
2021-10-04 09:00:00,3.513316666666667,3.48585,269.13,315.6258583333334
2021-10-04 10:00:00,3.47655,3.4493333333333336,267.72,305.247055
2021-10-04 11:00:00,3.4056333333333333,3.3806833333333333,265.535,404.6530466666666
2021-10-04 12:00:00,3.3136333333333337,3.29065,265.22,360.87053333333336
2021-10-04 13:00:00,3.2356333333333334,3.2119833333333334,265.57666666666665,393.4155416666666
2021-10-04 14:00:00,3.13105,3.110183333333333,265.63666666666666,404.9219233333333
2021-10-04 15:00:00,3.0186833333333336,3.0,266.55833333333334,405.673715
2021-10-04 16:00:00,2.9373666666666667,2.919033333333333,276.045,350.70797500000003
2021-10-04 17:00:00,2.900516666666667,2.880733333333333,275.69166666666666,310.1795666666667
2021-10-04 18:00:00,2.8560000000000003,2.83805,277.9216666666667,339.04425333333336
2021-10-04 19:00:00,2.7913833333333335,2.7763333333333335,275.9066666666667,387.67678333333333
2021-10-04 20:00:00,2.6884666666666663,2.6759333333333335,273.7966666666667,416.7322783333333
2021-10-04 21:00:00,2.617833333333333,2.6007333333333333,280.07166666666666,306.020365
2021-10-04 22:00:00,2.6215166666666665,2.5953500000000003,306.975,259.34738
2021-10-04 23:00:00,2.66555,2.6386833333333333,306.9216666666667,206.31375166666666
2021-10-05 00:00:00,2.74175,2.7140333333333335,308.2583333333333,167.98289166666666
2021-10-05 01:00:00,2.832733333333333,2.803166666666667,309.31333333333333,153.080205
2021-10-05 02:00:00,2.943166666666667,2.9128333333333334,308.89000000000004,126.56587833333333
2021-10-05 03:00:00,3.05325,3.021083333333333,308.7866666666667,163.52159833333332
2021-10-05 04:00:00,3.1452,3.110766666666667,309.385,160.128625
2021-10-05 05:00:00,3.22215,3.1882499999999996,309.71500000000003,207.40973
2021-10-05 06:00:00,3.248166666666667,3.215316666666667,310.89500000000004,321.6240466666667
2021-10-05 07:00:00,3.2,3.166,309.02666666666664,427.17413500000004
2021-10-05 08:00:00,3.0826166666666666,3.0504166666666666,307.6766666666666,481.8358283333333
2021-10-05 09:00:00,2.984583333333333,2.9541833333333334,307.90999999999997,371.75743
2021-10-05 10:00:00,2.9508,2.9201833333333336,308.80833333333334,318.6662883333333
2021-10-05 11:00:00,2.9485,2.91765,309.27333333333337,296.3918266666667
2021-10-05 12:00:00,2.9377833333333334,2.9077333333333333,311.38,329.4748016666666
2021-10-05 13:00:00,2.9197833333333336,2.8893666666666666,312.8666666666667,302.9748633333333
2021-10-05 14:00:00,2.935466666666667,2.9041333333333332,312.34833333333336,253.51571166666665
2021-10-05 15:00:00,2.95705,2.9246499999999997,309.72,276.96972833333336
2021-10-05 16:00:00,2.9688666666666665,2.9364166666666667,310.55833333333334,298.30484666666666
2021-10-05 17:00:00,2.9648499999999998,2.9324500000000002,311.1633333333333,309.0468166666667
2021-10-05 18:00:00,2.935366666666667,2.9034166666666663,309.70166666666665,382.176405
2021-10-05 19:00:00,2.8779166666666667,2.8478166666666667,309.7866666666667,385.218455
2021-10-05 20:00:00,2.77835,2.747516666666667,313.3683333333333,469.85675499999996
2021-10-05 21:00:00,2.6911833333333335,2.6634499999999997,314.68666666666667,364.59514333333334
2021-10-05 22:00:00,2.6789833333333335,2.6522666666666668,321.87833333333333,288.38438333333335
2021-10-05 23:00:00,2.690183333333333,2.6627666666666667,318.9633333333333,286.2793833333333
2021-10-06 00:00:00,2.7166333333333332,2.6880333333333337,321.80333333333334,255.61467
2021-10-06 01:00:00,2.7845,2.7558333333333334,321.35499999999996,163.797
2021-10-06 02:00:00,2.889866666666667,2.8603,322.44166666666666,134.90476999999998
2021-10-06 03:00:00,3.0149166666666667,2.9838333333333336,324.51,138.13621
2021-10-06 04:00:00,3.1389833333333335,3.10495,319.0133333333333,116.95535833333334
2021-10-06 05:00:00,3.2619666666666665,3.2282333333333333,322.545,133.98691833333334
2021-10-06 06:00:00,3.372916666666667,3.336883333333333,323.08,193.2091
2021-10-06 07:00:00,3.381533333333333,3.3458166666666664,310.1066666666667,381.7608266666667
2021-10-06 08:00:00,3.3228333333333335,3.28815,317.51,369.9927183333333
2021-10-06 09:00:00,3.2675166666666664,3.2326833333333336,313.4583333333333,402.72033
2021-10-06 10:00:00,3.2011666666666665,3.16725,313.72666666666663,373.12192
2021-10-06 11:00:00,3.1781,3.1441833333333333,314.49833333333333,317.95983333333334
2021-10-06 12:00:00,3.16715,3.1340500000000002,316.24666666666667,298.11865833333337
2021-10-06 13:00:00,3.1677166666666663,3.13605,316.10999999999996,296.32222333333334
2021-10-06 14:00:00,3.178033333333333,3.140516666666667,257.39666666666665,265.04342333333335
2021-10-06 15:00:00,3.128633333333333,3.08535,226.835,327.33653
2021-10-06 16:00:00,3.0312333333333332,2.988383333333333,229.71,382.6808233333333
2021-10-06 17:00:00,2.9488,2.9076166666666667,227.09833333333333,288.0883316666667
2021-10-06 18:00:00,2.9077166666666665,2.8686166666666666,225.16833333333335,295.13467
2021-10-06 19:00:00,2.8316999999999997,2.7914833333333333,224.84166666666667,363.6700683333333
2021-10-06 20:00:00,2.7082166666666665,2.6687333333333334,224.76833333333335,415.2920033333333
2021-10-06 21:00:00,2.5769,2.5483666666666664,284.255,380.70189166666665
2021-10-06 22:00:00,2.5277499999999997,2.517033333333333,332.92833333333334,344.28778166666666
2021-10-06 23:00:00,2.5403499999999997,2.5263,335.6666666666667,268.1887483333333
2021-10-07 00:00:00,2.5940833333333333,2.5770666666666666,337.795,218.91169333333335
2021-10-07 01:00:00,2.6945333333333332,2.6729666666666665,340.6683333333333,153.73288833333334
2021-10-07 02:00:00,2.8263333333333334,2.8013833333333333,341.42333333333335,120.70882166666667
2021-10-07 03:00:00,2.9685833333333336,2.942816666666667,340.33,129.76645
2021-10-07 04:00:00,3.0971166666666665,3.0694500000000002,343.39833333333337,130.1910055
2021-10-07 05:00:00,3.23645,3.208066666666667,342.67833333333334,133.92607833333332
2021-10-07 06:00:00,3.348583333333333,3.3219333333333334,344.675,231.41784666666666
2021-10-07 07:00:00,3.3646333333333334,3.3609999999999998,333.5366666666667,392.074455
2021-10-07 08:00:00,3.2674333333333334,3.2761,282.85333333333335,395.3660283333333
2021-10-07 09:00:00,3.1911666666666667,3.1983166666666665,281.56666666666666,392.84199
2021-10-07 10:00:00,3.1105666666666667,3.117833333333333,282.40999999999997,361.4792
2021-10-07 11:00:00,3.0439333333333334,3.0518333333333336,284.2933333333333,364.84939
2021-10-07 12:00:00,3.0025833333333334,3.0052499999999998,285.3616666666667,313.627665
2021-10-07 13:00:00,2.9725333333333332,2.9754833333333335,284.10833333333335,313.9312933333333
2021-10-07 14:00:00,2.9520666666666666,2.9539,283.69666666666666,300.69190499999996
2021-10-07 15:00:00,2.9343833333333333,2.9366499999999998,287.31666666666666,274.4667766666667
2021-10-07 16:00:00,2.944666666666667,2.94455,286.40833333333336,259.8709616666667
2021-10-07 17:00:00,2.96165,2.960083333333333,286.47666666666663,250.25109833333332
2021-10-07 18:00:00,2.960366666666667,2.9605333333333332,286.755,283.05694166666666
2021-10-07 19:00:00,2.94605,2.9509,284.71500000000003,314.66109666666665
2021-10-07 20:00:00,2.9154166666666668,2.9218333333333333,283.94166666666666,321.9132133333333
2021-10-07 21:00:00,2.849283333333333,2.8620500000000004,284.365,408.7850433333333
2021-10-07 22:00:00,2.7560000000000002,2.7697166666666666,293.22,382.3830433333333
2021-10-07 23:00:00,2.7249166666666667,2.7276666666666665,310.72166666666664,311.39112666666665
2021-10-08 00:00:00,2.7394000000000003,2.734933333333333,315.6633333333333,252.58601
2021-10-08 01:00:00,2.7912666666666666,2.78185,317.19,196.34234
2021-10-08 02:00:00,2.892866666666667,2.8764499999999997,317.0733333333334,138.92109
2021-10-08 03:00:00,3.0153166666666666,2.9957,317.7133333333333,115.84211
2021-10-08 04:00:00,3.1492166666666668,3.124,358.805,118.31053166666668
2021-10-08 05:00:00,3.3617500000000002,3.31895,501.505,144.49292
2021-10-08 06:00:00,3.5757833333333333,3.5323166666666665,455.35999999999996,188.616595
2021-10-08 07:00:00,3.64675,3.6198333333333332,359.93,341.05617666666666
2021-10-08 08:00:00,3.646466666666667,3.6205166666666666,358.15166666666664,311.15772833333335
2021-10-08 09:00:00,3.665516666666667,3.6307833333333335,256.7083333333333,286.36998000000006
2021-10-08 10:00:00,3.60385,3.56825,240.89833333333334,350.01067500000005
2021-10-08 11:00:00,3.5008666666666666,3.4676166666666663,241.07000000000002,394.5948016666667
2021-10-08 12:00:00,3.4044666666666665,3.3710666666666667,241.17666666666668,338.63333666666665
2021-10-08 13:00:00,3.3304833333333335,3.2990666666666666,240.49833333333333,352.01318166666664
2021-10-08 14:00:00,3.2290666666666668,3.1988833333333333,239.88,366.7881533333333
2021-10-08 15:00:00,3.15355,3.1231500000000003,241.87166666666664,326.24593999999996
2021-10-08 16:00:00,3.0899833333333335,3.06345,241.565,323.04744166666666
2021-10-08 17:00:00,3.0296666666666665,2.9991833333333333,240.96,313.79238833333335
2021-10-08 18:00:00,2.9713,2.9437833333333336,253.535,313.92498666666665
2021-10-08 19:00:00,2.941033333333333,2.9291,339.92,335.99269666666663
2021-10-08 20:00:00,2.94055,2.92965,337.65999999999997,301.08097333333336
2021-10-08 21:00:00,2.9389166666666666,2.9277666666666664,337.0783333333333,328.7282533333333
2021-10-08 22:00:00,2.9561333333333333,2.9440833333333334,339.14000000000004,295.23772
2021-10-08 23:00:00,2.9757333333333333,2.9632,341.65333333333336,277.5026516666667
2021-10-09 00:00:00,3.0162,3.0006333333333335,337.7183333333333,259.10844833333334
2021-10-09 01:00:00,3.0622166666666666,3.04475,336.34000000000003,255.29194833333335
2021-10-09 02:00:00,3.1342333333333334,3.1132333333333335,336.4133333333333,169.613565
2021-10-09 03:00:00,3.2605999999999997,3.2340333333333335,337.7633333333333,126.082545
2021-10-09 04:00:00,3.3988500000000004,3.37045,338.5683333333333,122.74369666666666
2021-10-09 05:00:00,3.528316666666667,3.500316666666667,339.52333333333337,156.70404166666668
2021-10-09 06:00:00,3.6143833333333335,3.5901333333333336,345.585,231.10240833333333
2021-10-09 07:00:00,3.6870333333333334,3.65985,342.37833333333333,219.64132666666669
2021-10-09 08:00:00,3.7215166666666666,3.6891000000000003,268.77166666666665,306.8799416666667
2021-10-09 09:00:00,3.6603,3.6250166666666668,256.06,370.2507683333333
2021-10-09 10:00:00,3.56095,3.527933333333333,254.74833333333333,402.9702966666666
2021-10-09 11:00:00,3.4266333333333336,3.3934166666666665,253.96833333333333,466.15282833333333
2021-10-09 12:00:00,3.288,3.2575833333333337,254.285,377.07272166666667
2021-10-09 13:00:00,3.203333333333333,3.1738666666666666,252.94500000000002,370.72076
2021-10-09 14:00:00,3.1374166666666667,3.1080166666666664,254.72166666666666,304.48567
2021-10-09 15:00:00,3.0922,3.0637499999999998,254.10666666666665,312.17515166666664
2021-10-09 16:00:00,3.043766666666667,3.01505,254.98833333333332,325.456235
2021-10-09 17:00:00,2.98975,2.96075,252.04,306.5579333333333
2021-10-09 18:00:00,2.9482,2.9206999999999996,250.36166666666668,289.3166233333333
2021-10-09 19:00:00,2.9285,2.9011,252.59166666666667,263.50351
2021-10-09 20:00:00,2.908266666666667,2.88135,253.65,274.7772766666667
2021-10-09 21:00:00,2.85195,2.829733333333333,280.76,374.6013033333333
2021-10-09 22:00:00,2.793766666666667,2.7882333333333333,331.99666666666667,355.4344866666667
2021-10-09 23:00:00,2.778766666666667,2.7737333333333334,331.03,325.118995
2021-10-10 00:00:00,2.7727166666666667,2.7680166666666666,329.94166666666666,330.634185
2021-10-10 01:00:00,2.7986999999999997,2.7872833333333333,337.53,222.51115833333333
2021-10-10 02:00:00,2.891016666666667,2.8737833333333334,334.9316666666667,154.2839316666667
2021-10-10 03:00:00,3.01525,2.9942166666666665,335.6333333333333,137.10042
2021-10-10 04:00:00,3.15055,3.1250666666666667,334.925,123.24409666666666
2021-10-10 05:00:00,3.2827166666666665,3.2577,334.38666666666666,130.78503166666667
2021-10-10 06:00:00,3.434266666666667,3.432866666666667,504.65999999999997,151.14907833333334
2021-10-10 07:00:00,3.6078,3.5835333333333335,283.11333333333334,227.42189666666667
2021-10-10 08:00:00,3.58975,3.5502499999999997,242.275,328.1045833333334
2021-10-10 09:00:00,3.5191333333333334,3.4792833333333335,240.01833333333335,317.12720333333334
2021-10-10 10:00:00,3.4581833333333334,3.41855,238.895,299.86633166666667
2021-10-10 11:00:00,3.4110500000000004,3.3716333333333335,238.81,328.80897999999996
2021-10-10 12:00:00,3.3018333333333336,3.2641833333333334,241.66833333333335,434.31482500000004
2021-10-10 13:00:00,3.1988166666666666,3.1624499999999998,242.03,324.19160999999997
2021-10-10 14:00:00,3.1204666666666667,3.0846999999999998,245.93333333333334,361.793675
2021-10-10 15:00:00,3.036983333333333,2.997916666666667,253.25,386.06539833333335
2021-10-10 16:00:00,2.9407,2.9033333333333333,254.16,354.74493
2021-10-10 17:00:00,2.8752166666666668,2.8380500000000004,254.425,326.91786666666667
2021-10-10 18:00:00,2.82205,2.7859333333333334,254.86,328.3282
2021-10-10 19:00:00,2.7560166666666666,2.7216666666666667,252.73999999999998,312.274495
2021-10-10 20:00:00,2.7279666666666667,2.6944666666666666,253.31166666666667,270.19038166666667
2021-10-10 21:00:00,2.68685,2.653433333333333,252.95499999999998,348.23585833333334
2021-10-10 22:00:00,2.621566666666667,2.587216666666667,268.9483333333333,312.8748616666666
2021-10-10 23:00:00,2.5975333333333332,2.5626666666666664,273.18,279.02063999999996
2021-10-11 00:00:00,2.5996,2.5667166666666663,274.52666666666664,239.36484166666665
2021-10-11 01:00:00,2.624483333333333,2.5884,275.97999999999996,224.29094166666667
2021-10-11 02:00:00,2.671266666666667,2.6389666666666667,287.50166666666667,146.2106116666667
2021-10-11 03:00:00,2.8528000000000002,2.8502,571.2,125.5281
2021-10-11 04:00:00,3.1402833333333335,3.1363166666666666,570.8666666666667,129.54636833333333
2021-10-11 05:00:00,3.4156166666666667,3.4091666666666667,569.8066666666667,154.85658666666666
2021-10-11 06:00:00,3.685683333333333,3.678166666666667,566.7933333333333,164.73398333333336
2021-10-11 07:00:00,3.8852166666666665,3.8526666666666665,343.83,229.4641266666667
2021-10-11 08:00:00,3.8908833333333335,3.8407833333333334,254.63333333333333,290.6230616666666
2021-10-11 09:00:00,3.84265,3.7909333333333333,253.28333333333333,360.63369
2021-10-11 10:00:00,3.7403,3.6887666666666665,253.43166666666667,393.5718183333333
2021-10-11 11:00:00,3.6372166666666668,3.587483333333333,253.13833333333332,362.4416983333333
2021-10-11 12:00:00,3.559683333333333,3.5115,253.42666666666668,384.61377333333337
2021-10-11 13:00:00,3.4610333333333334,3.4145,253.50833333333333,377.97275333333334
2021-10-11 14:00:00,3.366216666666667,3.3194666666666666,252.60666666666665,373.4498966666667
2021-10-11 15:00:00,3.2808833333333336,3.2377333333333334,253.41333333333333,340.99373833333334
2021-10-11 16:00:00,3.228016666666667,3.1851,248.00666666666666,305.56238666666667
2021-10-11 17:00:00,3.1853166666666666,3.145233333333333,252.98999999999998,289.25295166666666
2021-10-11 18:00:00,3.1514,3.11085,254.66666666666666,304.56509
2021-10-11 19:00:00,3.1074166666666665,3.067266666666667,254.45833333333334,314.65153166666664
2021-10-11 20:00:00,3.0383833333333334,2.9955333333333334,256.8066666666667,405.7022816666667
2021-10-11 21:00:00,2.9071333333333333,2.8650333333333333,253.29500000000002,432.1611516666666
2021-10-11 22:00:00,2.8214333333333332,2.78375,258.9433333333333,303.19920833333333
2021-10-11 23:00:00,2.7851,2.7480166666666666,255.01333333333332,273.7791316666666
2021-10-12 00:00:00,2.7866779661016947,2.751508474576271,258.5440677966102,228.05985254237288
2021-10-12 01:00:00,2.79055,2.754033333333333,259.51166666666666,240.18285666666668
2021-10-12 02:00:00,2.8300833333333335,2.796483333333333,257.2116666666667,137.72179833333334
2021-10-12 03:00:00,2.908166666666667,2.87415,255.905,132.35893833333333
2021-10-12 04:00:00,2.988716666666667,2.95375,255.525,127.659005
2021-10-12 05:00:00,3.083766666666667,3.0511666666666666,267.1933615819209,143.817105
2021-10-12 06:00:00,3.5491,3.5301166666666663,446.4233050847458,198.85628833333334
2021-10-12 07:00:00,3.7347333333333332,3.68495,246.03333333333333,316.168075
2021-10-12 08:00:00,3.6569166666666666,3.6046833333333335,243.61833333333334,366.29463166666665
2021-10-12 09:00:00,3.5612333333333335,3.5115833333333333,243.57000000000002,368.06065333333333
2021-10-12 10:00:00,3.485866666666667,3.4377333333333335,244.53833333333333,300.76966166666665
2021-10-12 11:00:00,3.41855,3.3706833333333335,245.13,379.5257383333334
2021-10-12 12:00:00,3.305966666666667,3.2578666666666667,243.52,398.59420166666666
2021-10-12 13:00:00,3.202916666666667,3.155533333333333,248.52666666666667,376.3988816666667
2021-10-12 14:00:00,3.1044,3.0590333333333333,247.275,377.6310583333333
2021-10-12 15:00:00,3.007833333333333,2.9632,247.39166666666668,375.62213833333334
2021-10-12 16:00:00,2.9243333333333337,2.8821,248.125,347.18814000000003
2021-10-12 17:00:00,2.8284499999999997,2.785083333333333,250.92333333333332,424.90072
2021-10-12 18:00:00,2.7044833333333336,2.6617333333333333,250.23833333333332,364.2787416666667
2021-10-12 19:00:00,2.6373333333333333,2.5991166666666667,249.76166666666668,350.24643166666664
2021-10-12 20:00:00,2.553733333333333,2.5163,248.30166666666668,342.0944633333333
2021-10-12 21:00:00,2.49125,2.4652833333333333,324.9166666666667,357.16605833333335
2021-10-12 22:00:00,2.4519,2.4358166666666667,352.89000000000004,380.9098583333333
2021-10-12 23:00:00,2.46805,2.4492666666666665,353.325,262.9946933333333
2021-10-13 00:00:00,2.5682833333333335,2.545533333333333,353.13,125.16005
2021-10-13 01:00:00,2.7135000000000002,2.6879166666666667,355.17333333333335,161.052681
2021-10-13 02:00:00,2.8276166666666667,2.8009333333333335,354.665,173.03854
2021-10-13 03:00:00,2.9471,2.9196999999999997,354.90999999999997,160.0373316666667
2021-10-13 04:00:00,3.0757333333333334,3.0463333333333336,355.77666666666664,147.74877999999998
2021-10-13 05:00:00,3.2054166666666664,3.17445,355.97666666666663,166.812385
2021-10-13 06:00:00,3.3425833333333332,3.33825,550.505,232.5371033333333
2021-10-13 07:00:00,3.4885666666666664,3.4650000000000003,342.6566666666667,335.98884833333335
2021-10-13 08:00:00,3.4168333333333334,3.3727500000000004,280.28499999999997,407.1288983333333
2021-10-13 09:00:00,3.327383333333333,3.2843666666666667,280.48333333333335,399.59273666666667
2021-10-13 10:00:00,3.2545,3.2146666666666666,280.92,315.76025833333335
2021-10-13 11:00:00,3.2524333333333333,3.2140166666666667,280.705,267.19224
2021-10-13 12:00:00,3.2356166666666666,3.1960333333333333,280.865,289.871175
2021-10-13 13:00:00,3.2286,3.1895000000000002,275.635,277.65302333333335
2021-10-13 14:00:00,3.2085999999999997,3.1680333333333333,273.25,296.7483183333333
2021-10-13 15:00:00,3.1976999999999998,3.159483333333333,277.87166666666667,265.4410183333333
2021-10-13 16:00:00,3.171983333333333,3.1328833333333335,275.47166666666664,342.0041366666667
2021-10-13 17:00:00,3.129116666666667,3.090616666666667,274.26666666666665,322.1096
2021-10-13 18:00:00,3.0906000000000002,3.0513666666666666,274.37666666666667,292.49042833333334
2021-10-13 19:00:00,3.037583333333333,2.9989500000000002,273.84833333333336,421.1905816666667
2021-10-13 20:00:00,2.934683333333333,2.8954833333333334,273.8183333333333,373.21220999999997
2021-10-13 21:00:00,2.8707833333333337,2.8350333333333335,273.025,330.4481133333333
2021-10-13 22:00:00,2.821833333333333,2.78675,271.8666666666667,309.3315383333333
2021-10-13 23:00:00,2.8137166666666666,2.78085,273.205,252.79239833333335
2021-10-14 00:00:00,2.829066666666667,2.7970166666666665,275.93333333333334,220.11847166666666
2021-10-14 01:00:00,2.873083333333333,2.8402499999999997,279.425,193.24071999999998
2021-10-14 02:00:00,2.933,2.9005333333333336,280.52333333333337,158.84562833333334
2021-10-14 03:00:00,3.0241833333333332,2.9908333333333332,281.325,121.58227333333333
2021-10-14 04:00:00,3.1264166666666666,3.0920833333333335,279.15833333333336,121.27682833333333
2021-10-14 05:00:00,3.22275,3.186383333333333,279.825,137.27839333333336
2021-10-14 06:00:00,3.2992833333333333,3.2617333333333334,271.73833333333334,192.66192833333335
2021-10-14 07:00:00,3.2726333333333333,3.2303,271.77166666666665,404.08339
2021-10-14 08:00:00,3.1913,3.1507,273.30833333333334,341.90116
2021-10-14 09:00:00,3.1143833333333335,3.07165,270.9733333333333,397.88703999999996
2021-10-14 10:00:00,3.0261333333333336,2.9868,270.7033333333333,359.37723166666666
2021-10-14 11:00:00,2.9774833333333333,2.939716666666667,311.885,350.40128999999996
2021-10-14 12:00:00,2.9399666666666664,2.9026,316.17333333333335,360.25426
2021-10-14 13:00:00,2.901116666666667,2.8629333333333333,317.565,367.41648
2021-10-14 14:00:00,2.8703999999999996,2.83725,314.78333333333336,296.92088333333334
2021-10-14 15:00:00,2.88265,2.848666666666667,318.02166666666665,310.41060833333336
2021-10-14 16:00:00,2.887016666666667,2.85405,318.89166666666665,249.60701333333333
2021-10-14 17:00:00,2.9362,2.901033333333333,319.30833333333334,236.80809
2021-10-14 18:00:00,2.9701333333333335,2.934683333333333,318.7066666666667,287.7949566666667
2021-10-14 19:00:00,2.9364500000000002,2.898233333333333,317.825,412.9628016666667
2021-10-14 20:00:00,2.873066666666667,2.836583333333333,317.02166666666665,364.0511383333333
2021-10-14 21:00:00,2.84315,2.80925,317.94666666666666,358.8691216666667
2021-10-14 22:00:00,2.7886,2.7550166666666667,324.14166666666665,385.54748333333333
2021-10-14 23:00:00,2.7205999999999997,2.736083333333333,350.4616666666667,371.511345
2021-10-15 00:00:00,2.7534666666666667,2.7562833333333336,351.97166666666664,232.3428133333333
2021-10-15 01:00:00,2.8260333333333336,2.8247,348.35166666666663,214.25226166666667
2021-10-15 02:00:00,2.9448166666666666,2.9342333333333332,349.26666666666665,128.54164666666668
2021-10-15 03:00:00,3.0904666666666665,3.078866666666667,349.03,119.917215
2021-10-15 04:00:00,3.2379666666666664,3.2221166666666665,347.995,121.67142
2021-10-15 05:00:00,3.3796166666666667,3.3647833333333335,352.93333333333334,136.364945
2021-10-15 06:00:00,3.498483333333333,3.4863500000000003,354.36333333333334,231.91102333333336
2021-10-15 07:00:00,3.5383,3.536016666666667,352.5866666666667,283.8575016666667
2021-10-15 08:00:00,3.5414499999999998,3.5255333333333336,249.41833333333335,321.73868666666664
2021-10-15 09:00:00,3.45915,3.440833333333333,243.37,363.6909783333333
2021-10-15 10:00:00,3.3830833333333334,3.3655166666666667,244.20333333333335,316.992215
2021-10-15 11:00:00,3.3476166666666667,3.3268333333333335,244.12666666666667,270.59076166666665
2021-10-15 12:00:00,3.2993666666666663,3.282583333333333,243.905,337.95273333333336
2021-10-15 13:00:00,3.23235,3.215716666666667,244.38500000000002,330.8006033333333
2021-10-15 14:00:00,3.1435999999999997,3.1317333333333335,243.89333333333335,383.9651733333333
2021-10-15 15:00:00,3.046,3.0334333333333334,244.60666666666665,371.1815666666667
2021-10-15 16:00:00,2.9475166666666666,2.9367666666666663,245.36333333333332,346.261645
2021-10-15 17:00:00,2.9196666666666666,2.9025166666666666,245.255,248.69341166666666
2021-10-15 18:00:00,2.8912833333333334,2.8779166666666667,246.06166666666667,312.7649666666667
2021-10-15 19:00:00,2.827116666666667,2.8140833333333335,244.04500000000002,309.7450183333333
2021-10-15 20:00:00,2.779166666666667,2.7667,245.42333333333332,321.44478333333336
2021-10-15 21:00:00,2.7163833333333334,2.7102999999999997,300.68333333333334,327.484225
2021-10-15 22:00:00,2.7411833333333333,2.7396666666666665,362.37333333333333,269.54827
2021-10-15 23:00:00,2.7947833333333336,2.788433333333333,363.76500000000004,253.75657166666667
2021-10-16 00:00:00,2.8637666666666663,2.8574166666666665,365.15333333333336,248.30446333333333
2021-10-16 01:00:00,2.9442999999999997,2.9343166666666667,366.80833333333334,215.68535
2021-10-16 02:00:00,3.0615666666666663,3.0439833333333337,368.555,150.86711333333332
2021-10-16 03:00:00,3.1918833333333336,3.175883333333333,367.19166666666666,188.217815
2021-10-16 04:00:00,3.3070666666666666,3.2903499999999997,366.56166666666667,175.083975
2021-10-16 05:00:00,3.4313333333333333,3.4120333333333335,369.50333333333333,161.285845
2021-10-16 06:00:00,3.5660499999999997,3.5437166666666666,361.98333333333335,186.11146166666668
2021-10-16 07:00:00,3.6401666666666666,3.6233166666666667,333.65833333333336,244.22812833333333
2021-10-16 08:00:00,3.6414833333333334,3.6229,251.30499999999998,312.13390999999996
2021-10-16 09:00:00,3.60465,3.585266666666667,256.0783333333333,285.7695566666667
2021-10-16 10:00:00,3.5496166666666666,3.53375,258.6816666666667,356.73870999999997
2021-10-16 11:00:00,3.4710166666666664,3.456866666666667,258.62,379.41831
2021-10-16 12:00:00,3.375383333333333,3.3635333333333337,259.18333333333334,389.1012083333333
2021-10-16 13:00:00,3.2753,3.2657499999999997,259.25666666666666,368.4345783333334
2021-10-16 14:00:00,3.2122,3.2005833333333333,259.2033333333333,340.7221
2021-10-16 15:00:00,3.137783333333333,3.128,259.995,352.74306333333334
2021-10-16 16:00:00,3.065733333333333,3.0560666666666667,260.8616666666667,359.29738333333336
2021-10-16 17:00:00,2.9912,2.9841166666666665,261.12166666666667,347.10253
2021-10-16 18:00:00,2.94175,2.9321166666666665,262.71833333333336,294.58575666666667
2021-10-16 19:00:00,2.92935,2.9163,256.5833333333333,279.47251
2021-10-16 20:00:00,2.8688999999999996,2.8620666666666663,251.90166666666667,351.67466333333334
2021-10-16 21:00:00,2.8069833333333336,2.797066666666667,253.79333333333335,298.57825833333334
2021-10-16 22:00:00,2.7943833333333337,2.782566666666667,263.92833333333334,241.14600333333334
2021-10-16 23:00:00,2.7984666666666667,2.785283333333333,278.92,279.43773
2021-10-17 00:00:00,2.7950999999999997,2.7806333333333333,270.98833333333334,258.40557333333334
2021-10-17 01:00:00,2.8104999999999998,2.7944833333333334,276.06333333333333,210.41170666666667
2021-10-17 02:00:00,2.8630166666666668,2.8437666666666668,279.3366666666667,172.23009033333335
2021-10-17 03:00:00,2.9393833333333332,2.91935,280.1316666666667,147.24068666666665
2021-10-17 04:00:00,3.0276,3.0048000000000004,281.0083333333333,141.14137666666664
2021-10-17 05:00:00,3.1138666666666666,3.0907833333333334,282.00333333333333,143.10783166666667
2021-10-17 06:00:00,3.2017499999999997,3.17855,282.4866666666667,144.77089166666667
2021-10-17 07:00:00,3.2744166666666668,3.252083333333333,275.065,186.55212833333334
2021-10-17 08:00:00,3.2851333333333335,3.2682,279.24666666666667,326.2192833333333
2021-10-17 09:00:00,3.2148666666666665,3.2022166666666667,279.72833333333335,366.0140216666667
2021-10-17 10:00:00,3.1614999999999998,3.149016666666667,279.51166666666666,338.79241833333333
2021-10-17 11:00:00,3.0939666666666668,3.0839,280.63,429.11456333333336
2021-10-17 12:00:00,2.9754,2.9687166666666664,281.98499999999996,397.46516333333335
2021-10-17 13:00:00,2.916116666666667,2.9058166666666665,280.8883333333333,334.8029416666667
2021-10-17 14:00:00,2.8699999999999997,2.8597166666666665,281.47666666666663,348.8368466666667
2021-10-17 15:00:00,2.8062666666666667,2.7971333333333335,281.135,351.0988183333333
2021-10-17 16:00:00,2.7630666666666666,2.7524666666666664,270.7883333333333,297.6304583333333
2021-10-17 17:00:00,2.7501,2.7374333333333336,269.2633333333333,293.3403816666667
2021-10-17 18:00:00,2.711183333333333,2.7014833333333335,273.47833333333335,309.838165
2021-10-17 19:00:00,2.6457333333333333,2.6401166666666667,272.4533333333333,400.50878833333337
2021-10-17 20:00:00,2.5502499999999997,2.54625,281.0383333333333,387.35061333333334
2021-10-17 21:00:00,2.4714666666666667,2.4701833333333334,282.7633333333333,397.3532383333333
2021-10-17 22:00:00,2.410283333333333,2.4069833333333337,283.17333333333335,308.4125266666667
2021-10-17 23:00:00,2.3888000000000003,2.3840166666666667,282.82166666666666,283.35795666666667
2021-10-18 00:00:00,2.412383333333333,2.4048166666666666,285.5733333333334,214.04231166666668
2021-10-18 01:00:00,2.4653333333333336,2.4535,288.23499999999996,178.54354333333333
2021-10-18 02:00:00,2.5568666666666666,2.5395833333333333,285.3433333333333,123.56296
2021-10-18 03:00:00,2.6725166666666667,2.654216666666667,462.07666666666665,147.53291833333333
2021-10-18 04:00:00,3.0309833333333334,3.0024666666666664,777.0516666666666,126.54419666666666
2021-10-18 05:00:00,3.4487,3.417266666666667,779.9449999999999,145.19925
2021-10-18 06:00:00,3.83515,3.799783333333333,673.5066666666667,205.77138000000002
2021-10-18 07:00:00,3.91855,3.8966833333333333,251.20166666666668,362.7569666666667
2021-10-18 08:00:00,3.8137666666666665,3.7981166666666666,255.52333333333334,374.030125
2021-10-18 09:00:00,3.728133333333333,3.7134833333333335,256.13166666666666,362.61521999999997
2021-10-18 10:00:00,3.6638499999999996,3.6464,256.2416666666667,338.0169783333333
2021-10-18 11:00:00,3.61305,3.594333333333333,255.825,308.740355
2021-10-18 12:00:00,3.524383333333333,3.5113333333333334,256.68666666666667,402.3220283333333
2021-10-18 13:00:00,3.4099999999999997,3.3994166666666668,256.80833333333334,436.82910166666665
2021-10-18 14:00:00,3.2950833333333334,3.2848166666666665,255.17333333333332,363.81209333333334
2021-10-18 15:00:00,3.2509333333333337,3.2356833333333332,255.81166666666667,260.68064166666665
2021-10-18 16:00:00,3.2308166666666667,3.215233333333333,256.1383333333333,291.620965
2021-10-18 17:00:00,3.2177833333333337,3.2006333333333337,256.62833333333333,254.60542833333332
2021-10-18 18:00:00,3.191216666666667,3.177216666666667,254.21833333333333,307.1919583333334
2021-10-18 19:00:00,3.1149,3.107133333333333,252.78833333333333,398.62413833333335
2021-10-18 20:00:00,3.012,3.0056166666666666,253.52,367.4432066666667
2021-10-18 21:00:00,2.9588166666666664,2.9469166666666666,268.3616666666667,327.02258333333333
2021-10-18 22:00:00,2.908383333333333,2.8945999999999996,277.72166666666664,315.49453
2021-10-18 23:00:00,2.8753666666666664,2.8612333333333333,282.615,313.38477
2021-10-19 00:00:00,2.86195,2.847283333333333,287.6,271.82567
2021-10-19 01:00:00,2.8815000000000004,2.8644666666666665,288.68666666666667,205.26130999999998
2021-10-19 02:00:00,2.9687166666666664,2.946366666666667,288.4116666666667,123.32276166666666
2021-10-19 03:00:00,3.0677333333333334,3.044033333333333,287.96500000000003,159.34975500000002
2021-10-19 04:00:00,3.1495333333333333,3.1254,286.10999999999996,131.55948833333335
2021-10-19 05:00:00,3.2461166666666665,3.2206166666666665,288.74666666666667,150.032485
2021-10-19 06:00:00,3.3196,3.2953833333333336,292.3833333333333,210.53913
2021-10-19 07:00:00,3.3296666666666668,3.3108833333333334,291.575,308.6018016666667
2021-10-19 08:00:00,3.2986333333333335,3.2802333333333333,291.2,316.09727166666664
2021-10-19 09:00:00,3.2866500000000003,3.26755,291.0866666666667,333.14804
2021-10-19 10:00:00,3.228216666666667,3.2122666666666664,290.69,335.9083933333333
2021-10-19 11:00:00,3.2233666666666667,3.2026166666666667,289.26666666666665,268.9219683333333
2021-10-19 12:00:00,3.1950999999999996,3.177333333333333,286.97,345.06406499999997
2021-10-19 13:00:00,3.139133333333333,3.1233166666666667,287.01666666666665,347.81131166666665
2021-10-19 14:00:00,3.1065166666666664,3.0888166666666668,289.73333333333335,344.0665933333333
2021-10-19 15:00:00,3.0527666666666664,3.0373666666666663,291.0816666666667,331.38657166666667
2021-10-19 16:00:00,3.03035,3.013916666666667,292.37,323.745205
2021-10-19 17:00:00,2.9562666666666666,2.944666666666667,291.93,424.6186983333334
2021-10-19 18:00:00,2.877283333333333,2.8643333333333336,291.185,350.4472216666666
2021-10-19 19:00:00,2.8467,2.8325166666666663,290.94166666666666,307.09702500000003
2021-10-19 20:00:00,2.8097,2.797566666666667,291.98333333333335,362.1409216666667
2021-10-19 21:00:00,2.758383333333333,2.7470166666666667,303.75166666666667,311.15166000000005
2021-10-19 22:00:00,2.8115333333333337,2.7789166666666665,377.275,255.16534166666668
2021-10-19 23:00:00,2.87005,2.834883333333333,381.0,281.30765333333335
2021-10-20 00:00:00,2.9551166666666666,2.9206166666666666,387.2933333333333,216.40417166666666
2021-10-20 01:00:00,3.0698833333333337,3.0352333333333332,392.43833333333333,190.08380166666666
2021-10-20 02:00:00,3.190516666666667,3.153316666666667,392.495,197.15668666666667
2021-10-20 03:00:00,3.344733333333333,3.3074833333333333,394.77666666666664,121.61024833333335
2021-10-20 04:00:00,3.518066666666667,3.4799166666666665,393.64166666666665,126.24577833333333
2021-10-20 05:00:00,3.6852500000000004,3.64445,394.89500000000004,140.67607
2021-10-20 06:00:00,3.832533333333333,3.7883333333333336,390.25166666666667,213.351725
2021-10-20 07:00:00,3.8891833333333334,3.84135,385.51,380.5968916666667
2021-10-20 08:00:00,3.821633333333333,3.7708166666666667,382.99666666666667,497.1387583333333
2021-10-20 09:00:00,3.77485,3.7266,321.4133333333333,370.93072666666666
2021-10-20 10:00:00,3.68455,3.6303833333333335,197.78333333333333,344.2502733333333
2021-10-20 11:00:00,3.609583333333333,3.5601833333333333,197.29,261.56502
2021-10-20 12:00:00,3.5343166666666668,3.4815833333333335,197.43666666666667,332.0559216666667
2021-10-20 13:00:00,3.4617166666666668,3.4132333333333333,197.30833333333334,254.10079333333334
2021-10-20 14:00:00,3.402016666666667,3.35855,155.05333333333334,281.69437
2021-10-20 15:00:00,3.2769166666666667,3.243733333333333,119.51,303.29053333333337
2021-10-20 16:00:00,3.1681833333333334,3.1368333333333336,124.75666666666666,242.41334999999998
2021-10-20 17:00:00,3.109933333333333,3.0905833333333335,236.84166666666667,307.3458983333333
2021-10-20 18:00:00,3.0330166666666667,3.012383333333333,203.51666666666668,301.0620016666666
2021-10-20 19:00:00,2.9639666666666664,2.9442333333333335,202.72166666666666,321.3395116666667
2021-10-20 20:00:00,2.81055,2.7959666666666667,201.25,464.8094983333333
2021-10-20 21:00:00,2.6492999999999998,2.6348166666666666,200.55333333333334,389.36035
2021-10-20 22:00:00,2.5386,2.52505,201.23166666666665,331.946235
2021-10-20 23:00:00,2.47385,2.4662833333333336,328.10333333333335,260.3001083333333
2021-10-21 00:00:00,2.60555,2.59845,469.1566666666667,185.548655
2021-10-21 01:00:00,2.8116833333333333,2.7959166666666664,503.005,157.02500666666668
2021-10-21 02:00:00,3.0501500000000004,3.03005,504.79,126.70526833333334
2021-10-21 03:00:00,3.1976166666666668,3.1684,502.65500000000003,118.30496166666667
2021-10-21 04:00:00,3.199,3.169,502.6,117.9274
2021-10-21 05:00:00,3.199,3.169,502.6,117.9274
2021-10-21 06:00:00,3.199,3.169,502.6,117.9274
2021-10-21 07:00:00,3.199,3.169,502.6,117.9274
2021-10-21 08:00:00,3.199,3.169,502.6,117.9274
2021-10-21 09:00:00,3.199,3.169,502.6,117.9274
2021-10-21 10:00:00,3.199,3.169,502.6,117.9274
2021-10-21 11:00:00,3.1915833333333334,3.1631,375.43333333333334,209.71407
2021-10-21 12:00:00,3.0736333333333334,3.0479,139.5366666666667,345.30128833333333
2021-10-21 13:00:00,2.925616666666667,2.9011333333333336,139.79333333333335,367.3105883333334
2021-10-21 14:00:00,2.789283333333333,2.773683333333333,238.91666666666666,329.53528
2021-10-21 15:00:00,2.749483333333333,2.7453,318.94166666666666,338.966
2021-10-21 16:00:00,2.7330833333333335,2.7281833333333334,318.7683333333333,347.4373166666667
2021-10-21 17:00:00,2.71475,2.7101166666666665,318.165,291.77186333333333
2021-10-21 18:00:00,2.7067833333333335,2.704733333333333,318.575,343.11521833333336
2021-10-21 19:00:00,2.6626333333333334,2.664083333333333,314.89000000000004,397.3043216666667
2021-10-21 20:00:00,2.5767,2.5816833333333333,312.97999999999996,417.93158166666666
2021-10-21 21:00:00,2.5255,2.5248,312.96666666666664,312.44076
2021-10-21 22:00:00,2.5421,2.5322999999999998,343.29,285.61573500000003
2021-10-21 23:00:00,2.599416666666667,2.5852999999999997,344.78,222.19804166666665
2021-10-22 00:00:00,2.6838166666666665,2.668766666666667,347.52000000000004,216.72147833333335
2021-10-22 01:00:00,2.7645,2.745966666666667,349.90999999999997,211.19874333333334
2021-10-22 02:00:00,2.86035,2.8395,350.06166666666667,179.321245
2021-10-22 03:00:00,2.9914,2.9662,348.3666666666667,125.49362833333333
2021-10-22 04:00:00,3.1366,3.109483333333333,348.64666666666665,125.46807333333332
2021-10-22 05:00:00,3.26505,3.2392833333333333,356.4,187.95470166666667
2021-10-22 06:00:00,3.3655833333333334,3.341133333333333,357.4916666666667,187.8054766666667
2021-10-22 07:00:00,3.4112,3.3918666666666666,357.73499999999996,372.5966933333333
2021-10-22 08:00:00,3.388383333333333,3.3671833333333336,326.43333333333334,328.22788
2021-10-22 09:00:00,3.3904833333333335,3.3695999999999997,302.9133333333333,288.6554666666667
2021-10-22 10:00:00,3.3652,3.345766666666667,301.4566666666667,332.05070333333333
2021-10-22 11:00:00,3.344333333333333,3.325216666666667,302.79,341.39442333333335
2021-10-22 12:00:00,3.2990833333333334,3.2813166666666667,303.37666666666667,346.794275
2021-10-22 13:00:00,3.2566333333333333,3.2392,302.6066666666667,359.50621666666666
2021-10-22 14:00:00,3.218033333333333,3.2012833333333335,304.02833333333336,336.3584016666666
2021-10-22 15:00:00,3.1810833333333335,3.163883333333333,303.505,374.0041283333333
2021-10-22 16:00:00,3.11145,3.0959333333333334,305.78499999999997,369.88973999999996
2021-10-22 17:00:00,3.0649,3.049783333333333,305.78499999999997,389.4450316666667
2021-10-22 18:00:00,3.002016666666667,2.9866666666666664,303.31,345.310025
2021-10-22 19:00:00,2.9458833333333336,2.934266666666667,304.38666666666666,413.20772
2021-10-22 20:00:00,2.861883333333333,2.851116666666667,305.375,398.12991500000004
2021-10-22 21:00:00,2.822366666666667,2.8084,305.84833333333336,306.45699666666667
2021-10-22 22:00:00,2.803816666666667,2.789283333333333,303.49833333333333,311.3807716666667
2021-10-22 23:00:00,2.8242,2.8053833333333333,300.96,223.30788166666667
2021-10-23 00:00:00,2.8808833333333337,2.8606333333333334,305.76500000000004,200.50033
2021-10-23 01:00:00,2.9484666666666666,2.9270666666666667,307.43,179.112675
2021-10-23 02:00:00,3.041616666666667,3.0189999999999997,306.71,141.93183666666667
2021-10-23 03:00:00,3.1536666666666666,3.128816666666667,309.0133333333333,129.21055166666667
2021-10-23 04:00:00,3.2695999999999996,3.2441833333333334,309.51666666666665,122.47026333333334
2021-10-23 05:00:00,3.3861166666666667,3.3594666666666666,307.87166666666667,135.460575
2021-10-23 06:00:00,3.486883333333333,3.4589333333333334,305.70166666666665,158.828735
2021-10-23 07:00:00,3.5399499999999997,3.51655,305.7933333333333,303.1727333333334
2021-10-23 08:00:00,3.511283333333333,3.4911666666666665,301.6816666666667,324.1098666666667
2021-10-23 09:00:00,3.4494,3.432733333333333,302.44666666666666,452.643515
2021-10-23 10:00:00,3.31155,3.299516666666667,303.585,512.456445
2021-10-23 11:00:00,3.1813166666666666,3.1687833333333333,303.35999999999996,410.63388166666664
2021-10-23 12:00:00,3.1373666666666664,3.121083333333333,303.14000000000004,331.83132666666666
2021-10-23 13:00:00,3.1003833333333333,3.0849333333333333,304.81,360.18064
2021-10-23 14:00:00,3.079266666666667,3.062116666666667,302.75,276.5447966666667
2021-10-23 15:00:00,3.0884833333333335,3.0697833333333335,304.375,281.1799866666667
2021-10-23 16:00:00,3.0947666666666667,3.0749500000000003,304.09666666666664,276.93579500000004
2021-10-23 17:00:00,3.0885333333333334,3.0709500000000003,301.7133333333333,343.5980216666667
2021-10-23 18:00:00,3.04755,3.0325166666666665,303.495,312.80544833333335
2021-10-23 19:00:00,3.0299166666666664,3.01485,307.48499999999996,359.93172500000003
2021-10-23 20:00:00,2.9230500000000004,2.9156833333333334,308.1566666666667,522.812315
2021-10-23 21:00:00,2.7979,2.7895,310.3666666666667,391.96511833333335
2021-10-23 22:00:00,2.7704166666666667,2.757283333333333,306.84666666666664,293.5417116666667
2021-10-23 23:00:00,2.7885333333333335,2.774083333333333,306.56166666666667,261.35627166666666
2021-10-24 00:00:00,2.8247833333333334,2.8077166666666664,308.94166666666666,206.86091166666665
2021-10-24 01:00:00,2.903016666666667,2.88375,310.5133333333333,168.04170833333333
2021-10-24 02:00:00,2.99975,2.9772833333333333,307.925,149.89394833333333
2021-10-24 03:00:00,3.09525,3.072483333333333,296.705,170.82285666666667
2021-10-24 04:00:00,3.18115,3.15655,298.0466666666667,127.99880333333334
2021-10-24 05:00:00,3.2917,3.2664833333333334,307.8233333333334,133.53052333333332
2021-10-24 06:00:00,3.402816666666667,3.377033333333333,309.83438596491226,146.21702333333332
2021-10-24 07:00:00,3.7715666666666667,3.740666666666667,250.06394736842105,202.22300833333333
2021-10-24 08:00:00,3.8119666666666663,3.7602333333333333,192.11166666666668,285.2678916666666
2021-10-24 09:00:00,3.740216666666667,3.6948166666666666,217.66,316.33379499999995
2021-10-24 10:00:00,3.6672000000000002,3.622316666666667,217.10166666666666,306.54715000000004
2021-10-24 11:00:00,3.5850999999999997,3.5394833333333335,219.38500000000002,369.007595
2021-10-24 12:00:00,3.4444833333333333,3.3976166666666665,220.67166666666665,461.98641166666664
2021-10-24 13:00:00,3.2815333333333334,3.2371333333333334,219.96666666666667,417.88750833333336
2021-10-24 14:00:00,3.145,3.10235,218.50333333333336,393.87072333333333
2021-10-24 15:00:00,3.0243333333333333,2.9855666666666667,219.40166666666667,361.771435
2021-10-24 16:00:00,2.9287,2.8915,219.68666666666667,329.05490000000003
2021-10-24 17:00:00,2.85505,2.82045,219.23333333333332,315.890225
2021-10-24 18:00:00,2.77865,2.7444833333333336,217.68666666666667,349.561805
2021-10-24 19:00:00,2.6724666666666668,2.6612500000000003,340.29,399.982705
2021-10-24 20:00:00,2.666933333333333,2.6660833333333334,366.78499999999997,300.1606233333333
2021-10-24 21:00:00,2.69045,2.690816666666667,348.0683333333333,357.30587166666663
2021-10-24 22:00:00,2.6807166666666666,2.678833333333333,326.11333333333334,275.54455333333334
2021-10-24 23:00:00,2.717016666666667,2.7127666666666665,330.02833333333336,252.49758
2021-10-25 00:00:00,2.7595666666666663,2.7564333333333333,333.87666666666667,265.69859333333335
2021-10-25 01:00:00,2.8041666666666667,2.79745,330.0783333333333,244.17568333333332
2021-10-25 02:00:00,2.871783333333333,2.8623333333333334,330.6183333333333,194.73447
2021-10-25 03:00:00,2.9656000000000002,2.9516833333333334,331.575,165.72648666666666
2021-10-25 04:00:00,3.1198833333333336,3.1250333333333336,482.7933333333333,133.86358166666668
2021-10-25 05:00:00,3.3494666666666664,3.3596999999999997,500.195,146.41894666666667
2021-10-25 06:00:00,3.504,3.4828333333333332,277.6066666666667,244.03323666666665
2021-10-25 07:00:00,3.4882166666666667,3.46325,260.31333333333333,301.1504933333334
2021-10-25 08:00:00,3.4383833333333333,3.414283333333333,260.72833333333335,352.41544
2021-10-25 09:00:00,3.3421166666666666,3.3213166666666667,259.13666666666666,388.64393
2021-10-25 10:00:00,3.2926,3.2697333333333334,258.88666666666666,272.50283833333333
2021-10-25 11:00:00,3.275933333333333,3.251516666666667,259.87666666666667,278.4384933333333
2021-10-25 12:00:00,3.2554166666666666,3.2313166666666664,259.64500000000004,271.42731
2021-10-25 13:00:00,3.2017499999999997,3.180066666666667,259.93666666666667,361.1790066666666
2021-10-25 14:00:00,3.140833333333333,3.1194833333333336,259.5683333333333,329.477165
2021-10-25 15:00:00,3.0718392857142858,3.05225,253.17499999999998,343.12420000000003
2021-10-25 16:00:00,3.0001666666666664,2.9803833333333336,262.31333333333333,363.0128633333333
2021-10-25 17:00:00,2.9304666666666668,2.91025,260.635,343.7860033333333
2021-10-25 18:00:00,2.8522166666666666,2.8336833333333336,257.43,335.4822666666667
2021-10-25 19:00:00,2.8070166666666667,2.78905,258.985,346.8634533333333
2021-10-25 20:00:00,2.7176,2.7019333333333337,257.48833333333334,382.99153666666666
2021-10-25 21:00:00,2.66405,2.6471,257.47999999999996,262.686035
2021-10-25 22:00:00,2.68425,2.6574666666666666,319.35166666666663,246.15669333333332
2021-10-25 23:00:00,2.7388333333333335,2.7087999999999997,329.55333333333334,214.91115833333333
2021-10-26 00:00:00,2.81675,2.7859833333333333,332.34666666666664,207.884645
2021-10-26 01:00:00,2.909266666666667,2.8770666666666664,333.0416666666667,152.38814166666668
2021-10-26 02:00:00,3.0275833333333333,2.9945666666666666,332.51,139.06480833333333
2021-10-26 03:00:00,3.1531666666666665,3.1188833333333337,336.22166666666664,145.94719166666667
2021-10-26 04:00:00,3.2609333333333335,3.2262333333333335,336.68333333333334,164.85613999999998
2021-10-26 05:00:00,3.3825166666666666,3.346483333333333,336.0816666666667,142.24963833333334
2021-10-26 06:00:00,3.4958666666666667,3.4577999999999998,335.075,192.087735
2021-10-26 07:00:00,3.524583333333333,3.4852333333333334,333.72166666666664,383.99459666666667
2021-10-26 08:00:00,3.42975,3.3901,329.61333333333334,484.25731
2021-10-26 09:00:00,3.3432833333333334,3.3060833333333335,329.7033333333333,412.90855833333336
2021-10-26 10:00:00,3.2913,3.253833333333333,331.09833333333336,368.06136499999997
2021-10-26 11:00:00,3.2723333333333335,3.2350833333333333,332.71666666666664,331.5034366666667
2021-10-26 12:00:00,3.2496,3.213983333333333,333.8,333.59395166666667
2021-10-26 13:00:00,3.2665166666666665,3.229966666666667,333.14000000000004,288.26931833333333
2021-10-26 14:00:00,3.2801166666666663,3.2478333333333333,295.32666666666665,277.17340666666666
2021-10-26 15:00:00,3.2871,3.2552666666666665,294.365,265.1091783333333
2021-10-26 16:00:00,3.29995,3.2677666666666667,294.6616666666667,256.66732833333333
2021-10-26 17:00:00,3.2939166666666666,3.2636333333333334,294.7183333333333,339.08479
2021-10-26 18:00:00,3.2511,3.220833333333333,290.9316666666667,320.8777083333333
2021-10-26 19:00:00,3.231933333333333,3.2028000000000003,293.3333333333333,327.0083333333333
2021-10-26 20:00:00,3.1744166666666667,3.1465166666666664,292.675,369.9093733333333
2021-10-26 21:00:00,3.1189666666666667,3.09095,292.14166666666665,339.99395166666665
2021-10-26 22:00:00,3.08055,3.052633333333333,292.475,344.48420999999996
2021-10-26 23:00:00,3.0591999999999997,3.032766666666667,302.6566666666667,273.32740666666666
2021-10-27 00:00:00,3.0929333333333333,3.0656499999999998,311.825,226.50969166666667
2021-10-27 01:00:00,3.158066666666667,3.12865,312.03333333333336,182.94219333333334
2021-10-27 02:00:00,3.25305,3.22145,311.4183333333333,141.610785
2021-10-27 03:00:00,3.36565,3.333483333333333,309.23499999999996,136.94577833333332
2021-10-27 04:00:00,3.4713,3.4371,307.365,140.36297166666665
2021-10-27 05:00:00,3.5837,3.5483166666666666,308.94166666666666,134.69395
2021-10-27 06:00:00,3.6811,3.6461333333333332,312.635,191.58440833333333
2021-10-27 07:00:00,3.6892833333333335,3.6563,311.0883333333333,400.92565333333334
2021-10-27 08:00:00,3.6130666666666666,3.575416666666667,245.81166666666667,332.9708733333334
2021-10-27 09:00:00,3.549316666666667,3.5107,233.25833333333333,298.77573
2021-10-27 10:00:00,3.4808833333333333,3.4412333333333334,233.52333333333334,382.5044766666667
2021-10-27 11:00:00,3.3912166666666663,3.353466666666667,234.1,293.54248
2021-10-27 12:00:00,3.3531333333333335,3.3160666666666665,234.05499999999998,266.53201
2021-10-27 13:00:00,3.3135499999999998,3.27615,235.47333333333333,308.01938666666666
2021-10-27 14:00:00,3.2566,3.2191666666666667,233.32999999999998,300.8221183333333
2021-10-27 15:00:00,3.20385,3.1686666666666667,232.97666666666666,299.460715
2021-10-27 16:00:00,3.1334333333333335,3.0970166666666668,238.6616666666667,373.163805
2021-10-27 17:00:00,3.0386,3.0044833333333334,237.91666666666666,350.5341416666667
2021-10-27 18:00:00,2.959,2.9261166666666667,230.6616666666667,309.96986000000004
2021-10-27 19:00:00,2.8901499999999998,2.8590666666666666,232.23999999999998,353.66068333333334
2021-10-27 20:00:00,2.8028666666666666,2.7723500000000003,232.525,345.816215
2021-10-27 21:00:00,2.730366666666667,2.70145,262.4266666666667,317.712775
2021-10-27 22:00:00,2.6828999999999996,2.6618833333333334,324.1566666666667,356.2735383333333
2021-10-27 23:00:00,2.7061166666666665,2.6817333333333333,327.1616666666667,208.91693500000002
2021-10-28 00:00:00,2.7906666666666666,2.7646333333333333,332.4566666666667,192.28556833333332
2021-10-28 01:00:00,2.889866666666667,2.8640166666666667,335.1383333333333,156.04743
2021-10-28 02:00:00,3.0094833333333333,2.981666666666667,334.8933333333333,141.10497333333333
2021-10-28 03:00:00,3.139483333333333,3.1094,333.49,124.480155
2021-10-28 04:00:00,3.2723999999999998,3.241333333333333,332.0816666666667,138.703195
2021-10-28 05:00:00,3.3736666666666664,3.341816666666667,329.255,185.67153333333331
2021-10-28 06:00:00,3.44885,3.4175166666666663,335.7066666666667,249.33805666666666
2021-10-28 07:00:00,3.432933333333333,3.4039833333333336,332.4066666666667,447.1998316666667
2021-10-28 08:00:00,3.3522499999999997,3.325416666666667,309.54833333333335,357.1639383333333
2021-10-28 09:00:00,3.317216666666667,3.2918333333333334,299.5516666666666,357.32280166666663
2021-10-28 10:00:00,3.2195166666666664,3.1971166666666666,296.17,478.67331666666666
2021-10-28 11:00:00,3.1123166666666666,3.090883333333333,298.135,400.3303433333333
2021-10-28 12:00:00,3.080032786885246,3.0571967213114757,289.79344262295086,265.6635573770492
2021-10-28 13:00:00,3.0877666666666665,3.0629166666666667,299.07,271.3816683333333
2021-10-28 14:00:00,3.106266666666667,3.0799833333333333,299.655,266.64402666666666
2021-10-28 15:00:00,3.0770666666666666,3.0532833333333333,300.62166666666667,399.74534166666666
2021-10-28 16:00:00,2.9992333333333336,2.9766166666666667,298.43333333333334,378.0192533333333
2021-10-28 17:00:00,2.9495999999999998,2.926816666666667,296.00333333333333,355.4523466666667
2021-10-28 18:00:00,2.89025,2.8693000000000004,295.905,353.16210666666666
2021-10-28 19:00:00,2.8546833333333335,2.8328333333333333,296.82166666666666,345.23613
2021-10-28 20:00:00,2.8004666666666664,2.7800000000000002,295.44,391.34053666666665
2021-10-28 21:00:00,2.7271,2.70745,295.13666666666666,389.47855833333335
2021-10-28 22:00:00,2.6715500000000003,2.651483333333333,298.045,324.9976883333333
2021-10-28 23:00:00,2.65635,2.6355999999999997,297.0833333333333,287.67089000000004
2021-10-29 00:00:00,2.672616666666667,2.6510000000000002,298.2866666666667,235.42526
2021-10-29 01:00:00,2.7322166666666665,2.70795,300.47,164.15888166666667
2021-10-29 02:00:00,2.8297666666666665,2.8030833333333334,300.46666666666664,139.90025
2021-10-29 03:00:00,2.9374666666666664,2.910816666666667,300.8666666666667,122.67466166666667
2021-10-29 04:00:00,3.05295,3.024,301.37833333333333,130.04546166666668
2021-10-29 05:00:00,3.1588333333333334,3.1293,301.0383333333333,137.90113166666666
2021-10-29 06:00:00,3.2468166666666667,3.21805,302.42833333333334,212.60889833333334
2021-10-29 07:00:00,3.2302833333333334,3.2043833333333334,299.28333333333336,394.67470833333334
2021-10-29 08:00:00,3.1632833333333332,3.139016666666667,296.9216666666667,369.1207033333333
2021-10-29 09:00:00,3.0976333333333335,3.0746166666666666,297.35166666666663,386.40465166666667
2021-10-29 10:00:00,3.0200666666666667,2.99905,301.8316666666667,415.35839833333335
2021-10-29 11:00:00,2.9341999999999997,2.9133833333333334,304.25,400.7310683333333
2021-10-29 12:00:00,2.9031833333333332,2.8819666666666666,305.185,294.28312166666666
2021-10-29 13:00:00,2.8876833333333334,2.86685,304.89000000000004,328.8397833333333
2021-10-29 14:00:00,2.862083333333333,2.8406499999999997,305.90333333333336,338.16033
2021-10-29 15:00:00,2.8205999999999998,2.7999333333333336,305.99666666666667,371.46596500000004
2021-10-29 16:00:00,2.779033333333333,2.7573,307.87,358.38410666666664
2021-10-29 17:00:00,2.73035,2.7115,311.7916666666667,345.26819
2021-10-29 18:00:00,2.7040333333333333,2.684633333333333,307.8316666666667,333.72673833333334
2021-10-29 19:00:00,2.6810166666666664,2.6594333333333333,310.1766666666666,341.788905
2021-10-29 20:00:00,2.6460333333333335,2.6268666666666665,309.95,346.4597383333333
2021-10-29 21:00:00,2.6208666666666667,2.6012833333333334,310.14666666666665,288.3375516666667
2021-10-29 22:00:00,2.6475666666666666,2.625516666666667,304.89500000000004,260.62560833333333
2021-10-29 23:00:00,2.681366666666667,2.6583166666666664,302.6633333333333,225.37139
2021-10-30 00:00:00,2.7377833333333332,2.7141333333333337,305.5083333333333,191.431615
2021-10-30 01:00:00,2.8141166666666666,2.789283333333333,304.8883333333333,185.46899166666665
2021-10-30 02:00:00,2.8754666666666666,2.8510833333333334,306.3833333333333,226.31675666666666
2021-10-30 03:00:00,2.9186166666666664,2.89405,305.595,230.84549833333332
2021-10-30 04:00:00,2.9644333333333335,2.9391499999999997,304.81666666666666,210.94646833333334
2021-10-30 05:00:00,3.0252,2.999016666666667,303.9316666666667,210.48394833333333
2021-10-30 06:00:00,3.0923166666666666,3.06525,302.1983333333334,177.33269333333334
2021-10-30 07:00:00,3.1526666666666667,3.1271666666666667,300.1383333333333,246.64175333333333
2021-10-30 08:00:00,3.1542833333333333,3.12955,301.72999999999996,283.837455
2021-10-30 09:00:00,3.15925,3.13485,303.9,311.800175
2021-10-30 10:00:00,3.1186833333333337,3.0949666666666666,302.275,422.8692433333333
2021-10-30 11:00:00,3.0233333333333334,3.001533333333333,302.85333333333335,382.8734383333333
2021-10-30 12:00:00,2.9895666666666667,2.9675166666666666,303.4433333333333,299.13243500000004
2021-10-30 13:00:00,2.9760333333333335,2.953733333333333,305.325,368.3796966666667
2021-10-30 14:00:00,2.91865,2.8967,306.06166666666667,332.883405
2021-10-30 15:00:00,2.914266666666667,2.8926333333333334,306.615,293.81309166666665
2021-10-30 16:00:00,2.9013,2.880333333333333,309.6716666666667,340.52675166666666
2021-10-30 17:00:00,2.848883333333333,2.8282000000000003,306.10999999999996,419.41026500000004
2021-10-30 18:00:00,2.759,2.740483333333333,297.02666666666664,367.1619
2021-10-30 19:00:00,2.735716666666667,2.714716666666667,298.2866666666667,315.6147516666667
2021-10-30 20:00:00,2.6972333333333336,2.6792666666666665,296.43666666666667,373.76341666666667
2021-10-30 21:00:00,2.625316666666667,2.6063666666666667,296.67333333333335,356.3440583333333
2021-10-30 22:00:00,2.6235500000000003,2.60495,297.60499999999996,240.16126500000001
2021-10-30 23:00:00,2.67135,2.6510833333333332,298.62166666666667,202.42063000000002
2021-10-31 00:00:00,2.7371333333333334,2.7140333333333335,300.6066666666667,185.78273666666666
2021-10-31 01:00:00,2.8103333333333333,2.7868166666666667,299.82,171.50560333333334
2021-10-31 02:00:00,2.888516666666667,2.8642499999999997,298.865,169.93287666666666
2021-10-31 03:00:00,2.9902,2.964716666666667,301.5683333333333,127.03379666666666
2021-10-31 04:00:00,3.10255,3.0753833333333334,300.7033333333333,120.00632333333333
2021-10-31 05:00:00,3.2060000000000004,3.178716666666667,299.935,158.08363833333334
2021-10-31 06:00:00,3.2943333333333333,3.2656833333333335,301.2416666666667,168.73198833333333
2021-10-31 07:00:00,3.367633333333333,3.3389666666666664,301.5366666666667,197.97181
2021-10-31 08:00:00,3.4063333333333334,3.3775833333333334,300.58,291.1097933333333
2021-10-31 09:00:00,3.3626666666666667,3.3367999999999998,297.2433333333333,403.80674999999997
2021-10-31 10:00:00,3.2921666666666667,3.265733333333333,297.81666666666666,361.606715
2021-10-31 11:00:00,3.2268833333333333,3.201516666666667,297.7933333333333,419.7355733333333
2021-10-31 12:00:00,3.1088666666666667,3.0852666666666666,297.75,453.0680566666667
2021-10-31 13:00:00,3.030933333333333,3.0084500000000003,299.3683333333333,366.29715833333336
2021-10-31 14:00:00,2.972933333333333,2.9510666666666667,297.175,370.0037333333333
2021-10-31 15:00:00,2.9027000000000003,2.88045,296.5066666666667,395.47625166666666
2021-10-31 16:00:00,2.8646666666666665,2.841666666666667,295.8566666666667,292.8182116666667
2021-10-31 17:00:00,2.869133333333333,2.8457500000000002,294.64500000000004,273.69322666666665
2021-10-31 18:00:00,2.8436666666666666,2.8227333333333333,294.445,368.39168333333333
2021-10-31 19:00:00,2.8003666666666667,2.7792499999999998,294.78333333333336,309.1487433333333
2021-10-31 20:00:00,2.7724166666666665,2.751733333333333,295.7433333333333,385.31336
2021-10-31 21:00:00,2.6824333333333334,2.664333333333333,295.9066666666667,378.639375
2021-10-31 22:00:00,2.658916666666667,2.639816666666667,296.99,284.5975383333333
2021-10-31 23:00:00,2.6665166666666664,2.64535,300.2116666666667,274.91019
2021-11-01 00:00:00,2.689,2.6681833333333334,303.52333333333337,244.57451
2021-11-01 01:00:00,2.726766666666667,2.7062833333333334,308.095,224.56628166666667
2021-11-01 02:00:00,2.8075166666666664,2.78385,305.29,142.7103283333333
2021-11-01 03:00:00,2.9105666666666665,2.886016666666667,304.65166666666664,135.75149333333334
2021-11-01 04:00:00,3.0202999999999998,2.99395,303.2083333333333,141.29490666666666
2021-11-01 05:00:00,3.1259666666666663,3.1029833333333334,382.475,140.60432666666665
2021-11-01 06:00:00,3.3343,3.3359666666666663,612.9050000000001,219.06616833333334
2021-11-01 07:00:00,3.55515,3.6077833333333333,556.4883333333333,302.2072783333333
2021-11-01 08:00:00,3.5619333333333336,3.5879166666666666,263.2416666666667,412.62926
2021-11-01 09:00:00,3.4682166666666663,3.4913833333333333,263.13166666666666,378.9039016666667
2021-11-01 10:00:00,3.345883333333333,3.3804666666666665,263.02166666666665,458.92750666666666
2021-11-01 11:00:00,3.2557,3.275716666666667,264.9616666666667,297.3763233333333
2021-11-01 12:00:00,3.2196166666666666,3.241016666666667,266.57,368.93903500000005
2021-11-01 13:00:00,3.1431666666666667,3.1668166666666666,265.8483333333333,339.713925
2021-11-01 14:00:00,3.0862166666666666,3.109366666666667,267.10333333333335,331.90064333333333
2021-11-01 15:00:00,3.0469,3.0662666666666665,267.10499999999996,327.7066016666667
2021-11-01 16:00:00,3.0105999999999997,3.0264666666666664,267.2733333333333,297.6915266666667
2021-11-01 17:00:00,2.9896499999999997,3.001833333333333,317.875,312.31662500000004
2021-11-01 18:00:00,3.007833333333333,3.0096,340.96500000000003,281.41001666666665
2021-11-01 19:00:00,3.0463999999999998,3.0484,337.64833333333337,305.831425
2021-11-01 20:00:00,3.004183333333333,3.0189333333333335,337.025,424.32372166666664
2021-11-01 21:00:00,2.9819666666666667,2.987016666666667,337.98833333333334,283.2991333333333
2021-11-01 22:00:00,3.0345,3.0321,340.77000000000004,249.746555
2021-11-01 23:00:00,3.0595,3.0655833333333335,342.71500000000003,325.5495583333333
2021-11-02 00:00:00,3.086566666666667,3.0873166666666667,341.155,263.85835833333334
2021-11-02 01:00:00,3.128316666666667,3.12755,338.53499999999997,260.61796
2021-11-02 02:00:00,3.1893000000000002,3.184266666666667,339.0833333333333,228.244505
2021-11-02 03:00:00,3.27485,3.2636166666666666,340.02666666666664,172.83043833333335
2021-11-02 04:00:00,3.4004166666666666,3.3853500000000003,340.4,124.17589833333334
2021-11-02 05:00:00,3.534966666666667,3.516033333333333,340.87,146.60521166666666
2021-11-02 06:00:00,3.6515,3.6342166666666667,340.60166666666663,176.26998
2021-11-02 07:00:00,3.7132333333333336,3.7057833333333337,334.33,314.4662816666667
2021-11-02 08:00:00,3.6678166666666665,3.66065,265.95166666666665,343.81963333333334
2021-11-02 09:00:00,3.6098166666666667,3.5995,264.505,344.1782333333333
2021-11-02 10:00:00,3.56,3.5496833333333333,264.555,332.0296366666667
2021-11-02 11:00:00,3.521333333333333,3.5100333333333333,264.05833333333334,297.9025633333333
2021-11-02 12:00:00,3.4726500000000002,3.463983333333333,264.8283333333333,339.93496666666664
2021-11-02 13:00:00,3.4409833333333335,3.4299166666666663,264.755,290.08520166666665
2021-11-02 14:00:00,3.3978333333333333,3.389483333333333,264.92333333333335,337.64155666666665
2021-11-02 15:00:00,3.3351333333333333,3.3290333333333333,265.1483333333333,342.3364116666666
2021-11-02 16:00:00,3.298583333333333,3.2897666666666665,267.21666666666664,282.84393166666666
2021-11-02 17:00:00,3.2535499999999997,3.2500166666666668,267.56,400.71855
2021-11-02 18:00:00,3.1533,3.1521166666666667,265.77000000000004,362.5459116666667
2021-11-02 19:00:00,3.0842666666666667,3.0820333333333334,263.87166666666667,362.8145283333333
2021-11-02 20:00:00,2.9662833333333336,2.9718166666666668,262.865,468.6836583333333
2021-11-02 21:00:00,2.8300666666666667,2.8355333333333332,268.5466666666667,399.6853366666667
2021-11-02 22:00:00,2.798783333333333,2.7979833333333333,291.5366666666667,280.97106333333335
2021-11-02 23:00:00,2.8214333333333332,2.8166,297.09000000000003,209.69016666666667
2021-11-03 00:00:00,2.880133333333333,2.87235,298.09666666666664,199.45715166666665
2021-11-03 01:00:00,2.960166666666667,2.94815,299.795,153.7599383333333
2021-11-03 02:00:00,3.05945,3.0428833333333336,295.6683333333333,137.05144166666665
2021-11-03 03:00:00,3.1668000000000003,3.1491833333333332,295.37,119.83658666666666
2021-11-03 04:00:00,3.27285,3.2544166666666663,296.7,138.086515
2021-11-03 05:00:00,3.3777666666666666,3.359566666666667,301.21666666666664,147.5871766666667
2021-11-03 06:00:00,3.452716666666667,3.4398,304.67,221.97456
2021-11-03 07:00:00,3.4525,3.4509166666666666,304.71666666666664,380.6513783333333
2021-11-03 08:00:00,3.3643833333333335,3.3710166666666668,303.17,382.78775666666667
2021-11-03 09:00:00,3.3236166666666667,3.3252,298.84833333333336,359.62575833333335
2021-11-03 10:00:00,3.2678000000000003,3.2727999999999997,300.1633333333333,397.6414066666667
2021-11-03 11:00:00,3.190316666666667,3.1945666666666668,300.10833333333335,364.03717500000005
2021-11-03 12:00:00,3.1644666666666668,3.1630333333333334,301.10833333333335,306.340765
2021-11-03 13:00:00,3.1687166666666666,3.1650833333333335,302.1716666666667,281.22652166666666
2021-11-03 14:00:00,3.1712166666666666,3.1698,299.74833333333333,281.7734916666667
2021-11-03 15:00:00,3.1866333333333334,3.1803833333333333,298.845,253.14322833333333
2021-11-03 16:00:00,3.17015,3.172283333333333,297.18,365.30037
2021-11-03 17:00:00,3.1217166666666665,3.1247833333333332,295.95166666666665,338.49508
2021-11-03 18:00:00,3.0844,3.0866833333333332,294.15333333333336,345.15785500000004
2021-11-03 19:00:00,3.01315,3.022666666666667,294.27666666666664,440.05915666666664
2021-11-03 20:00:00,2.9271000000000003,2.9345,293.23499999999996,358.8178933333333
2021-11-03 21:00:00,2.8706666666666667,2.88035,294.425,383.31211
2021-11-03 22:00:00,2.8467333333333333,2.8376666666666663,335.86333333333334,311.86541666666665
2021-11-03 23:00:00,2.8653666666666666,2.850616666666667,325.7183333333333,266.63596666666666
2021-11-04 00:00:00,2.918,2.9003,327.315,219.9536116666667
2021-11-04 01:00:00,2.99505,2.9738666666666664,328.99,178.68265000000002
2021-11-04 02:00:00,3.1102333333333334,3.08605,329.7866666666667,128.05387166666665
2021-11-04 03:00:00,3.2409666666666666,3.215116666666667,331.17333333333335,125.24379333333333
2021-11-04 04:00:00,3.372666666666667,3.344733333333333,330.46,133.17203166666667
2021-11-04 05:00:00,3.4890833333333333,3.4616166666666666,331.24,152.41916166666667
2021-11-04 06:00:00,3.590516666666667,3.562883333333333,330.49,230.9658716666667
2021-11-04 07:00:00,3.611483333333333,3.5873666666666666,328.09833333333336,329.2877
2021-11-04 08:00:00,3.5901,3.568366666666667,327.0516666666666,328.750825
2021-11-04 09:00:00,3.5724666666666667,3.5513666666666666,328.0133333333333,353.08356166666664
2021-11-04 10:00:00,3.54295,3.522183333333333,327.97666666666663,394.2489283333333
2021-11-04 11:00:00,3.4691666666666667,3.45145,327.575,419.21315500000003
2021-11-04 12:00:00,3.4267166666666666,3.4077166666666665,329.94666666666666,349.09184666666664
2021-11-04 13:00:00,3.4084333333333334,3.3876666666666666,332.47,358.244245
2021-11-04 14:00:00,3.3803666666666667,3.3608166666666666,333.42333333333335,331.7308116666666
2021-11-04 15:00:00,3.4005,3.3775833333333334,336.53,286.6654416666667
2021-11-04 16:00:00,3.353666666666667,3.3141666666666665,135.52833333333334,342.2173066666667
2021-11-04 17:00:00,3.218433333333333,3.1776,131.595,291.82459666666665
2021-11-04 18:00:00,3.1138666666666666,3.0753333333333335,129.46833333333333,297.31386166666664
2021-11-04 19:00:00,2.9906333333333333,2.9534666666666665,128.71166666666667,312.19586
2021-11-04 20:00:00,2.847766666666667,2.8093166666666667,128.665,366.07099
2021-11-04 21:00:00,2.668066666666667,2.63145,127.95333333333333,360.14800333333335
2021-11-04 22:00:00,2.552233333333333,2.521,128.46,253.258225
2021-11-04 23:00:00,2.4643,2.4339999999999997,128.685,245.75259
2021-11-05 00:00:00,2.3932999999999995,2.371,217.62166666666664,208.62516166666668
2021-11-05 01:00:00,2.4805833333333336,2.4808166666666667,388.0883333333333,170.11067999999997
2021-11-05 02:00:00,2.61525,2.6134166666666667,391.7066666666667,180.55782
2021-11-05 03:00:00,2.721083333333333,2.72735,392.1316666666667,253.95581333333334
2021-11-05 04:00:00,2.8135166666666667,2.8158000000000003,392.03333333333336,236.17559333333332
2021-11-05 05:00:00,2.9271499999999997,2.926616666666667,402.35,202.110695
2021-11-05 06:00:00,3.0481833333333332,3.0480666666666663,401.915,227.13166666666666
2021-11-05 07:00:00,3.109666666666667,3.1177,448.3433333333333,346.58291166666663
2021-11-05 08:00:00,3.2448333333333332,3.2044833333333336,480.5416666666667,362.00928
2021-11-05 09:00:00,3.251533333333333,3.227616666666667,348.01666666666665,291.96516499999996
2021-11-05 10:00:00,3.2868,3.2621166666666666,343.72166666666664,290.33554
2021-11-05 11:00:00,3.2926999999999995,3.2731666666666666,326.10333333333335,326.707155
2021-11-05 12:00:00,3.261883333333333,3.2460666666666667,318.57666666666665,378.075295
2021-11-05 13:00:00,3.242233333333333,3.2225166666666665,309.84666666666664,302.1739283333334
2021-11-05 14:00:00,3.2068333333333334,3.195466666666667,265.8333333333333,329.78962666666666
2021-11-05 15:00:00,3.1663833333333335,3.1546499999999997,266.68333333333334,312.494935
2021-11-05 16:00:00,3.1262833333333333,3.116016666666667,269.49333333333334,308.62106166666666
2021-11-05 17:00:00,3.0936333333333335,3.08295,265.56166666666667,351.0747583333333
2021-11-05 18:00:00,2.9952833333333335,2.9904333333333333,262.3833333333333,369.0285866666666
2021-11-05 19:00:00,2.92855,2.9239666666666664,261.13,363.36611833333336
2021-11-05 20:00:00,2.85795,2.8526499999999997,263.70166666666665,361.83741333333336
2021-11-05 21:00:00,2.790433333333333,2.787783333333333,311.7633333333333,357.8411033333333
2021-11-05 22:00:00,2.773,2.7700166666666663,329.2916666666667,312.4891283333333
2021-11-05 23:00:00,2.8034833333333333,2.7941833333333337,329.6433333333333,241.44812166666668
2021-11-06 00:00:00,2.8748333333333336,2.862016666666667,330.25333333333333,191.86745666666667
2021-11-06 01:00:00,2.9417166666666668,2.9312,332.69166666666666,234.87756166666668
2021-11-06 02:00:00,3.034566666666667,3.0172499999999998,333.7816666666667,151.997645
2021-11-06 03:00:00,3.1627,3.1418833333333334,334.67,135.563725
2021-11-06 04:00:00,3.2927666666666666,3.2698166666666664,334.8883333333333,130.4944583333333
2021-11-06 05:00:00,3.4221,3.3989666666666665,335.72666666666663,143.41754333333336
2021-11-06 06:00:00,3.5359666666666665,3.514283333333333,340.77000000000004,174.46187833333335
2021-11-06 07:00:00,3.5859666666666667,3.5794833333333336,291.24833333333333,280.8148983333333
2021-11-06 08:00:00,3.565366666666667,3.56675,285.4316666666667,317.2106483333334
2021-11-06 09:00:00,3.4890833333333333,3.5020000000000002,283.80333333333334,437.6822383333334
2021-11-06 10:00:00,3.3777666666666666,3.393733333333333,283.01,423.5043083333333
2021-11-06 11:00:00,3.282766666666667,3.2984166666666668,283.5816666666667,417.88266333333337
2021-11-06 12:00:00,3.165433333333333,3.1843333333333335,281.51166666666666,428.36606666666665
2021-11-06 13:00:00,3.10525,3.1123833333333333,281.5316666666667,322.04759333333334
2021-11-06 14:00:00,3.0904666666666665,3.0933166666666665,283.3,290.35611166666666
2021-11-06 15:00:00,3.0673666666666666,3.073,281.4566666666667,325.09312000000006
2021-11-06 16:00:00,3.011216666666667,3.0230666666666663,281.6066666666667,347.22610499999996
2021-11-06 17:00:00,2.954333333333333,2.9684833333333334,282.955,396.62895000000003
2021-11-06 18:00:00,2.8928166666666666,2.902633333333333,282.83,301.87066
2021-11-06 19:00:00,2.8836,2.8884833333333333,282.3933333333333,286.70382166666667
2021-11-06 20:00:00,2.8767833333333335,2.8838166666666667,285.33,308.27516
2021-11-06 21:00:00,2.8173666666666666,2.83215,282.9066666666667,380.9526833333333
2021-11-06 22:00:00,2.7751,2.7801666666666667,313.72833333333335,334.87546833333334
2021-11-06 23:00:00,2.7819833333333337,2.777416666666667,315.56166666666667,258.41638
2021-11-07 00:00:00,2.825083333333333,2.81845,319.94,235.037585
2021-11-07 01:00:00,2.875783333333333,2.868733333333333,321.76500000000004,230.57028666666668
2021-11-07 02:00:00,2.9654666666666665,2.951416666666667,324.80833333333334,143.26064
2021-11-07 03:00:00,3.0885000000000002,3.070683333333333,323.30333333333334,131.40767666666667
2021-11-07 04:00:00,3.2129333333333334,3.1925000000000003,323.1183333333333,128.82141
2021-11-07 05:00:00,3.3345166666666666,3.3148166666666667,325.8816666666667,138.51542999999998
2021-11-07 06:00:00,3.4510666666666667,3.4304666666666668,323.2816666666667,154.78524833333333
2021-11-07 07:00:00,3.5383666666666667,3.523683333333333,330.26666666666665,232.56965
2021-11-07 08:00:00,3.5547833333333334,3.5500333333333334,325.09833333333336,325.3515766666667
2021-11-07 09:00:00,3.5478,3.5426166666666665,323.7966666666667,317.14904666666666
2021-11-07 10:00:00,3.5505,3.542733333333333,320.6166666666667,324.16453
2021-11-07 11:00:00,3.490216666666667,3.4931166666666664,321.7066666666667,458.211895
2021-11-07 12:00:00,3.377616666666667,3.385,318.675,473.43348499999996
2021-11-07 13:00:00,3.2803833333333334,3.2853333333333334,310.4616666666667,425.0113283333333
2021-11-07 14:00:00,3.2133499999999997,3.2138,309.4633333333333,360.6307816666667
2021-11-07 15:00:00,3.197983333333333,3.191416666666667,309.4683333333333,300.84024166666666
2021-11-07 16:00:00,3.19155,3.1874666666666664,312.05833333333334,314.5553433333333
2021-11-07 17:00:00,3.1514666666666664,3.1537333333333333,312.5566666666667,388.84509499999996
2021-11-07 18:00:00,3.119666666666667,3.1175,310.8333333333333,317.43568500000003
2021-11-07 19:00:00,3.1021333333333336,3.1009499999999997,311.275,349.1276066666667
2021-11-07 20:00:00,3.061516666666667,3.062883333333333,309.915,349.5236966666667
2021-11-07 21:00:00,3.0351166666666667,3.032983333333333,310.0733333333334,316.6859333333333
2021-11-07 22:00:00,3.02185,3.0192166666666664,311.71,329.10770333333335
2021-11-07 23:00:00,3.04085,3.0301166666666663,316.6166666666667,226.93762166666664
2021-11-08 00:00:00,3.13415,3.1070833333333336,339.76666666666665,167.66991166666668
2021-11-08 01:00:00,3.2525666666666666,3.22235,343.96666666666664,149.90194333333332
2021-11-08 02:00:00,3.3848333333333334,3.3524333333333334,342.98333333333335,134.237225
2021-11-08 03:00:00,3.5210166666666667,3.485383333333333,342.87666666666667,127.50326333333334
2021-11-08 04:00:00,3.65595,3.6198166666666665,349.9933333333333,163.378215
2021-11-08 05:00:00,3.75665,3.7218166666666668,355.68333333333334,230.92490666666666
2021-11-08 06:00:00,3.806033333333333,3.7727,358.0133333333333,310.91324499999996
2021-11-08 07:00:00,3.79215,3.7619333333333334,363.225,430.09962
2021-11-08 08:00:00,3.7171166666666666,3.7014333333333336,285.40333333333336,372.313225
2021-11-08 09:00:00,3.6629833333333335,3.651533333333333,273.90999999999997,336.7762716666667
2021-11-08 10:00:00,3.651283333333333,3.6404,273.04333333333335,344.37503666666663
2021-11-08 11:00:00,3.5193333333333334,3.51065,270.93,331.1793083333333
2021-11-08 12:00:00,3.4947333333333335,3.4819166666666663,267.375,292.70142833333335
2021-11-08 13:00:00,3.4465333333333334,3.4385,265.95166666666665,342.4346083333333
2021-11-08 14:00:00,3.4100166666666665,3.3977999999999997,253.37666666666667,276.707395
2021-11-08 15:00:00,3.3949,3.3809833333333335,255.8,265.01708666666667
2021-11-08 16:00:00,3.3691833333333334,3.3574166666666665,255.4633333333333,288.04966666666667
2021-11-08 17:00:00,3.3616333333333333,3.3491333333333335,255.475,244.49163666666666
2021-11-08 18:00:00,3.3406499999999997,3.3279833333333335,220.97,290.377095
2021-11-08 19:00:00,3.2537000000000003,3.2468166666666667,222.63833333333332,385.15465333333333
2021-11-08 20:00:00,3.1163666666666665,3.1147666666666667,224.625,437.77018000000004
2021-11-08 21:00:00,2.98585,2.989,266.8066666666667,385.32212833333335
2021-11-08 22:00:00,2.9030833333333335,2.911216666666667,274.3233333333334,381.3090733333333
2021-11-08 23:00:00,2.8430000000000004,2.8487333333333336,276.12166666666667,328.4558916666667
2021-11-09 00:00:00,2.834983333333333,2.8324,282.3616666666667,239.87888333333333
2021-11-09 01:00:00,2.89275,2.882166666666667,282.06166666666667,153.16833166666666
2021-11-09 02:00:00,2.98365,2.969666666666667,281.775,131.41071833333334
2021-11-09 03:00:00,3.086383333333333,3.0695333333333332,281.32166666666666,123.58116333333334
2021-11-09 04:00:00,3.187683333333333,3.1729166666666666,283.5383333333333,127.25324833333335
2021-11-09 05:00:00,3.2812166666666664,3.265433333333333,283.09666666666664,159.98782833333334
2021-11-09 06:00:00,3.3292,3.32055,286.94,226.076435
2021-11-09 07:00:00,3.3226166666666668,3.3250666666666664,284.455,361.37128333333334
2021-11-09 08:00:00,3.2584666666666666,3.2619333333333334,282.165,334.19790333333333
2021-11-09 09:00:00,3.2550166666666667,3.2493666666666665,281.5783333333333,248.87127
2021-11-09 10:00:00,3.26045,3.25765,278.4933333333333,296.3438366666667
2021-11-09 11:00:00,3.2078833333333336,3.2117333333333336,278.24666666666667,360.47959166666664
2021-11-09 12:00:00,3.161783333333333,3.1653666666666664,284.47333333333336,320.927035
2021-11-09 13:00:00,3.147483333333333,3.1488500000000004,285.7583333333333,298.8442216666666
2021-11-09 14:00:00,3.1217166666666665,3.12415,280.2083333333333,307.52629666666667
2021-11-09 15:00:00,3.1084666666666667,3.1067000000000005,273.60833333333335,271.77496333333335
2021-11-09 16:00:00,3.1092,3.0242,146.71833333333333,333.10007666666667
2021-11-09 17:00:00,3.173983333333333,2.5879666666666665,57.48833333333334,347.44423166666667
2021-11-09 18:00:00,3.2509333333333337,2.1434,79.68333333333334,333.68726833333335
2021-11-09 19:00:00,3.3996,1.6030166666666665,136.95166666666668,466.332605
2021-11-09 20:00:00,3.5639833333333333,2.0999166666666667,257.15833333333336,408.620555
2021-11-09 21:00:00,3.5192666666666668,3.062,224.80499999999998,353.29998666666665
2021-11-09 22:00:00,3.4827,3.062,128.25666666666666,281.4450183333333
2021-11-09 23:00:00,3.6010833333333334,3.062,88.05,199.23924
2021-11-10 00:00:00,3.703116666666667,3.062,89.77,168.00212333333332
2021-11-10 01:00:00,3.6633333333333336,3.062,93.61666666666666,152.5549783333333
2021-11-10 02:00:00,3.560416666666667,3.062,94.01666666666667,177.17187333333334
2021-11-10 03:00:00,3.4419833333333334,3.062,94.39,187.455615
2021-11-10 04:00:00,3.3217333333333334,3.062,94.53833333333334,171.43913166666667
2021-11-10 05:00:00,3.2246333333333337,3.062,100.66833333333334,150.31075666666666
2021-11-10 06:00:00,3.2642666666666664,3.062,280.57,184.89210166666666
2021-11-10 07:00:00,3.288616666666667,3.062,279.72833333333335,349.646875
2021-11-10 08:00:00,3.1531499999999997,3.062,277.22,336.1230433333333
2021-11-10 09:00:00,3.11675,3.062,275.81166666666667,252.19069333333334
2021-11-10 10:00:00,3.1315833333333334,3.062,277.045,299.8966633333333
2021-11-10 11:00:00,2.99885,3.062,279.47833333333335,403.07399
2021-11-10 12:00:00,2.887,3.062,282.69666666666666,323.2132683333333
2021-11-10 13:00:00,2.81825,3.062,284.14833333333337,313.97836333333333
2021-11-10 14:00:00,2.7642333333333338,3.062,282.25333333333333,320.49539333333337
2021-11-10 15:00:00,2.6804166666666664,3.062,284.55,349.83346
2021-11-10 16:00:00,2.5693333333333332,3.029583333333333,283.095,372.78973
2021-11-10 17:00:00,2.4423000000000004,3.062,435.7,350.459635
2021-11-10 18:00:00,2.309083333333333,3.062,511.7966666666667,376.8049916666667
2021-11-10 19:00:00,2.17055,3.062,537.5883333333334,372.7282216666666
2021-11-10 20:00:00,2.0512,1.4155666666666666,550.0583333333333,339.8369583333333
2021-11-10 21:00:00,1.76165,1.5814333333333332,311.7183333333333,317.51675166666666
2021-11-10 22:00:00,1.6408833333333335,1.6077666666666668,228.40833333333333,276.5787383333334
2021-11-10 23:00:00,1.5803833333333335,1.60285,230.04833333333332,231.79188166666665
2021-11-11 00:00:00,1.6365084745762712,1.6374406779661017,389.8271186440678,175.81400847457627
2021-11-11 01:00:00,1.8470666666666666,1.8628333333333333,543.78,158.26392666666666
2021-11-11 02:00:00,2.1022666666666665,2.1134833333333334,548.0416666666666,143.3769
2021-11-11 03:00:00,2.364833333333334,2.3727,549.7233333333334,149.89726333333334
2021-11-11 04:00:00,2.6342166666666667,2.6365833333333333,553.6983333333334,125.16430999999999
2021-11-11 05:00:00,2.904733333333333,2.9062666666666668,551.27,137.87880666666666
2021-11-11 06:00:00,3.1526833333333335,3.159116666666667,545.8216666666666,206.54360833333334
2021-11-11 07:00:00,3.4108500000000004,3.49525,644.7616666666667,375.73768
2021-11-11 08:00:00,3.65715,3.7108666666666665,298.5416666666667,366.4188616666667
2021-11-11 09:00:00,3.6228333333333333,3.5754,238.92833333333334,399.027045
2021-11-11 10:00:00,3.487016666666667,3.4375833333333334,237.45,431.5568616666667
2021-11-11 11:00:00,3.3440333333333334,3.2977833333333333,238.32666666666668,421.1248616666666
2021-11-11 12:00:00,3.2194999999999996,3.1792000000000002,213.56,379.593065
2021-11-11 13:00:00,3.1078166666666664,3.0783666666666667,189.42333333333332,314.41082166666666
2021-11-11 14:00:00,3.0057166666666664,2.9779833333333334,185.01166666666668,341.13965333333334
2021-11-11 15:00:00,2.8193166666666665,3.002866666666667,158.98,248.77096833333334
2021-11-11 16:00:00,2.4937166666666664,3.1183666666666667,29.898333333333333,244.204725
2021-11-11 17:00:00,2.1658,3.116516666666667,0.0,252.41998833333335
2021-11-11 18:00:00,1.7901833333333335,3.1114,0.0,335.69424
2021-11-11 19:00:00,1.3197833333333333,3.1058166666666667,0.0,312.511375
2021-11-11 20:00:00,2.4343333333333335,3.1002666666666667,0.0,309.32819333333333
2021-11-11 21:00:00,3.071,3.0883166666666666,0.0,425.2672616666667
2021-11-11 22:00:00,3.071,2.872583333333333,186.55166666666668,332.46855
2021-11-11 23:00:00,3.071,2.7762000000000002,232.95333333333335,256.82532833333335
2021-11-12 00:00:00,3.071,2.753016666666667,235.39666666666665,228.55339666666666
2021-11-12 01:00:00,3.071,2.7734,237.215,193.89497500000002
2021-11-12 02:00:00,3.071,2.8184,237.57000000000002,204.3322
2021-11-12 03:00:00,3.071,2.8495,237.14666666666665,216.85842333333332
2021-11-12 04:00:00,3.071,2.8724166666666666,237.48666666666668,187.2645816666667
2021-11-12 05:00:00,3.071,2.9389833333333333,237.88500000000002,168.44271833333332
2021-11-12 06:00:00,3.071,3.1111833333333334,402.5933333333333,181.07388333333336
2021-11-12 07:00:00,3.071,3.3790833333333334,443.72166666666664,273.98703166666667
2021-11-12 08:00:00,3.071,3.50045,446.0133333333333,396.66392833333333
2021-11-12 09:00:00,3.071,3.53595,341.68666666666667,334.66038833333334
2021-11-12 10:00:00,3.071,3.4555333333333333,226.57999999999998,288.9977816666667
2021-11-12 11:00:00,3.071,3.3326833333333337,227.49333333333334,349.32485166666663
2021-11-12 12:00:00,3.071,3.156633333333333,225.08166666666665,338.92094333333335
2021-11-12 13:00:00,3.071,2.96825,226.10166666666666,377.5052266666667
2021-11-12 14:00:00,3.071,2.7860500000000004,225.01333333333332,309.27528333333333
2021-11-12 15:00:00,3.071,2.691133333333333,426.87666666666667,292.11018499999994
2021-11-12 16:00:00,2.8670666666666667,2.5566,709.3983333333333,311.62211833333333
2021-11-12 17:00:00,1.5443166666666668,2.1813833333333337,636.7433333333333,381.5300633333334
2021-11-12 18:00:00,2.046883333333333,1.9958500000000001,617.5183333333333,324.41355166666665
2021-11-12 19:00:00,2.2441666666666666,2.1787833333333335,615.9716666666667,315.8167066666667
2021-11-12 20:00:00,2.4191833333333337,2.3444999999999996,619.52,388.19983833333333
2021-11-12 21:00:00,2.535816666666667,2.4797166666666666,500.345,326.71961166666665
2021-11-12 22:00:00,2.6088333333333336,2.5778499999999998,390.8316666666667,276.50158833333336
2021-11-12 23:00:00,2.65365,2.6397666666666666,309.9116666666667,212.51681333333332
2021-11-13 00:00:00,2.7072,2.693566666666667,311.8833333333333,224.81516833333336
2021-11-13 01:00:00,2.780933333333333,2.765133333333333,314.665,167.6878966666667
2021-11-13 02:00:00,2.883366666666667,2.8640333333333334,314.92333333333335,145.23522833333334
2021-11-13 03:00:00,2.9961833333333336,2.9756833333333335,316.6383333333333,133.49552666666668
2021-11-13 04:00:00,3.1161666666666665,3.09485,316.1716666666667,125.64586
2021-11-13 05:00:00,3.2770333333333337,3.2651,463.62166666666667,136.02663
2021-11-13 06:00:00,3.4807333333333332,3.46895,468.27166666666665,175.891865
2021-11-13 07:00:00,3.6078833333333336,3.609766666666667,465.4916666666667,323.68604166666665
2021-11-13 08:00:00,3.6872666666666665,3.6889499999999997,441.40333333333336,329.35505166666667
2021-11-13 09:00:00,3.6435166666666663,3.6137,137.4,370.76583833333336
2021-11-13 10:00:00,3.5049166666666665,3.470966666666667,137.29166666666666,331.8132
2021-11-13 11:00:00,3.3474500000000003,3.3143499999999997,137.0,413.8901833333333
2021-11-13 12:00:00,3.1523833333333333,3.1204833333333335,135.415,401.72277833333334
2021-11-13 13:00:00,2.9846166666666667,2.9558666666666666,136.04333333333335,324.632395
2021-11-13 14:00:00,2.8697999999999997,2.8416833333333336,136.625,308.38615500000003
2021-11-13 15:00:00,2.7264,2.6997166666666668,135.89833333333334,357.61762833333336
2021-11-13 16:00:00,2.585183333333333,2.56015,136.34666666666666,318.19492333333335
2021-11-13 17:00:00,2.4552833333333335,2.432466666666667,135.29,350.40045333333336
2021-11-13 18:00:00,2.2849999999999997,2.2632166666666667,133.75333333333333,394.5236683333333
2021-11-13 19:00:00,2.16165,2.1404833333333335,327.40333333333336,338.1343833333333
2021-11-13 20:00:00,2.216933333333333,2.2062166666666667,417.97,257.4891783333333
2021-11-13 21:00:00,2.3185000000000002,2.306166666666667,419.85833333333335,284.9752016666667
2021-11-13 22:00:00,2.365083333333333,2.354966666666667,422.51666666666665,344.9726816666667
2021-11-13 23:00:00,2.430066666666667,2.4176833333333336,418.3316666666667,290.23311
2021-11-14 00:00:00,2.523816666666667,2.5076166666666664,431.155,247.954295
2021-11-14 01:00:00,2.6595999999999997,2.6399666666666666,443.06666666666666,194.92293166666667
2021-11-14 02:00:00,2.840416666666667,2.816866666666667,443.22,138.525325
2021-11-14 03:00:00,3.0355166666666666,3.010683333333333,440.87833333333333,137.78061333333335
2021-11-14 04:00:00,3.2298,3.20315,443.79,136.39489333333333
2021-11-14 05:00:00,3.4197166666666665,3.3905000000000003,443.89000000000004,174.446315
2021-11-14 06:00:00,3.59525,3.5641499999999997,451.3,161.44745999999998
2021-11-14 07:00:00,3.7639666666666667,3.73225,457.685,236.82546333333332
2021-11-14 08:00:00,3.829833333333333,3.80565,223.48833333333332,243.74199
2021-11-14 09:00:00,3.7491,3.7320833333333336,159.7866666666667,328.9465333333334
2021-11-14 10:00:00,3.609,3.5966,157.60833333333332,376.38065
2021-11-14 11:00:00,3.443033333333333,3.4326333333333334,158.35166666666666,376.25069333333334
2021-11-14 12:00:00,3.315233333333333,3.3040333333333334,156.95166666666668,336.89313000000004
2021-11-14 13:00:00,3.1506666666666665,3.1439833333333334,156.84166666666667,473.381575
2021-11-14 14:00:00,2.9261833333333334,2.92685,194.75666666666666,424.21472166666666
2021-11-14 15:00:00,2.830366666666667,2.8418833333333335,258.81166666666667,328.99732666666665
2021-11-14 16:00:00,2.7623499999999996,2.7772,259.43,364.9342966666666
2021-11-14 17:00:00,2.6900833333333334,2.707466666666667,268.96666666666664,359.9501266666667
2021-11-14 18:00:00,2.629433333333333,2.6437000000000004,259.935,329.90235
2021-11-14 19:00:00,2.5716666666666668,2.5864666666666665,258.5866666666667,366.995725
2021-11-14 20:00:00,2.4802166666666663,2.4971666666666668,256.5083333333333,341.4158133333333
2021-11-14 21:00:00,2.4676666666666667,2.4825500000000003,345.20166666666665,290.5442366666667
2021-11-14 22:00:00,2.5075833333333337,2.5271666666666666,362.32,282.3502766666667
2021-11-14 23:00:00,2.5854166666666667,2.5931,364.27333333333337,201.05106833333332
2021-11-15 00:00:00,2.69665,2.7015666666666664,364.7933333333333,178.89038166666666
2021-11-15 01:00:00,2.8015499999999998,2.808866666666667,369.60833333333335,216.58104166666666
2021-11-15 02:00:00,2.900183333333333,2.9066833333333335,367.97166666666664,214.81059166666668
2021-11-15 03:00:00,2.9859333333333336,2.9926166666666663,368.6683333333333,228.60748
2021-11-15 04:00:00,3.075483333333333,3.0800166666666664,370.1333333333333,211.24920666666668
2021-11-15 05:00:00,3.187883333333333,3.1872833333333332,367.90166666666664,184.22691
2021-11-15 06:00:00,3.290633333333333,3.2935666666666665,368.4633333333333,235.72481666666667
2021-11-15 07:00:00,3.3335999999999997,3.3499166666666667,369.4216666666667,351.03693000000004
2021-11-15 08:00:00,3.3135499999999998,3.336316666666667,367.86333333333334,361.738905
2021-11-15 09:00:00,3.341066666666667,3.3521666666666667,367.1983333333334,289.5436966666667
2021-11-15 10:00:00,3.3689833333333334,3.3839333333333332,358.58,354.21825
2021-11-15 11:00:00,3.32965,3.3537666666666666,353.3066666666667,393.5306516666667
2021-11-15 12:00:00,3.339383333333333,3.351766666666667,364.6683333333333,295.209045
2021-11-15 13:00:00,3.3753,3.3862333333333337,363.27166666666665,308.47462
2021-11-15 14:00:00,3.3869499999999997,3.4015666666666666,364.6333333333333,341.51497333333333
2021-11-15 15:00:00,3.4074833333333334,3.4196666666666666,366.225,329.1066133333333
2021-11-15 16:00:00,3.4126166666666666,3.427716666666667,368.2366666666667,329.6369666666667
2021-11-15 17:00:00,3.4465,3.456033333333333,367.27000000000004,297.26050833333335
2021-11-15 18:00:00,3.4513666666666665,3.4712666666666667,363.80333333333334,400.44821333333334
2021-11-15 19:00:00,3.401483333333333,3.4271833333333332,363.1566666666667,399.80566999999996
2021-11-15 20:00:00,3.3927,3.41165,361.04833333333335,353.044165
2021-11-15 21:00:00,3.3800000000000003,3.401416666666667,360.9916666666667,387.22984
2021-11-15 22:00:00,3.370833333333333,3.3689000000000004,281.77833333333336,282.9378033333333
2021-11-15 23:00:00,3.365083333333333,3.3508,268.92833333333334,261.93868
2021-11-16 00:00:00,3.3883,3.3703833333333337,270.45166666666665,205.152735
2021-11-16 01:00:00,3.443433333333333,3.4206833333333333,268.0,151.91694999999999
2021-11-16 02:00:00,3.5221999999999998,3.4974833333333333,266.32,129.98538166666668
2021-11-16 03:00:00,3.6110666666666664,3.584483333333333,264.19166666666666,126.37524166666667
2021-11-16 04:00:00,3.6922833333333336,3.6664666666666665,239.58166666666665,129.94585
2021-11-16 05:00:00,3.739733333333333,3.7183333333333333,217.61333333333332,149.58171333333334
2021-11-16 06:00:00,3.748166666666667,3.7349,220.84666666666666,253.26967833333336
2021-11-16 07:00:00,3.6594166666666665,3.6605,218.04333333333335,390.78355166666665
2021-11-16 08:00:00,3.545,3.54645,215.79,368.0878266666667
2021-11-16 09:00:00,3.42955,3.4337,215.21833333333333,408.7435316666667
2021-11-16 10:00:00,3.2889333333333335,3.2969,216.34666666666666,408.1920283333333
2021-11-16 11:00:00,3.1393166666666668,3.1504,216.65666666666667,435.24604
2021-11-16 12:00:00,3.004833333333333,3.0135,216.675,361.52253333333334
2021-11-16 13:00:00,2.907033333333333,2.915833333333333,215.77666666666667,372.2090816666667
2021-11-16 14:00:00,2.811583333333333,2.81785,217.34166666666667,330.97904
2021-11-16 15:00:00,2.7398833333333332,2.74425,217.19166666666666,298.84457166666664
2021-11-16 16:00:00,2.6682333333333332,2.676816666666667,216.50333333333336,346.16083833333334
2021-11-16 17:00:00,2.5425666666666666,2.5593500000000002,213.89166666666668,421.17395500000003
2021-11-16 18:00:00,2.404033333333333,2.4202333333333335,209.245,399.1003533333333
2021-11-16 19:00:00,2.270033333333333,2.2862333333333336,209.81,369.57531833333337
2021-11-16 20:00:00,2.1941833333333336,2.1990833333333333,302.47833333333335,313.64861
2021-11-16 21:00:00,2.2797,2.2407833333333333,496.4583333333333,337.663285
2021-11-16 22:00:00,2.397966666666667,2.3575666666666666,500.96,288.7021516666666
2021-11-16 23:00:00,2.5368500000000003,2.4947666666666666,512.535,278.37009666666665
2021-11-17 00:00:00,2.6963166666666667,2.65605,505.775,224.06799166666667
2021-11-17 01:00:00,2.8758166666666667,2.839566666666667,452.34000000000003,177.04416333333333
2021-11-17 02:00:00,3.0442000000000005,3.01155,409.53,137.0674
2021-11-17 03:00:00,3.2215833333333332,3.1875666666666667,411.99666666666667,128.78974333333335
2021-11-17 04:00:00,3.4029666666666665,3.3675166666666665,410.2916666666667,140.576875
2021-11-17 05:00:00,3.564216666666667,3.5256,407.1316666666667,193.62900666666667
2021-11-17 06:00:00,3.6555666666666666,3.630333333333333,289.2916666666667,199.69411666666667
2021-11-17 07:00:00,3.62745,3.6193166666666667,266.985,395.60940833333336
2021-11-17 08:00:00,3.5273,3.5221500000000003,264.9916666666667,387.60161
2021-11-17 09:00:00,3.4609,3.45165,265.34,308.9952333333333
2021-11-17 10:00:00,3.4318999999999997,3.4221833333333334,267.8933333333333,337.45425166666666
2021-11-17 11:00:00,3.3495500000000002,3.3457333333333334,269.3566666666667,379.99449333333337
2021-11-17 12:00:00,3.2824166666666668,3.2772,269.65333333333336,353.71030666666667
2021-11-17 13:00:00,3.1953833333333335,3.1954166666666666,275.1633333333333,447.0756566666667
2021-11-17 14:00:00,3.0841166666666666,3.0843,277.865,372.65649833333333
2021-11-17 15:00:00,3.0386666666666664,3.03445,275.17,323.08349499999997
2021-11-17 16:00:00,2.992,2.9877833333333332,266.34,338.858265
2021-11-17 17:00:00,2.933783333333333,2.931166666666667,260.0833333333333,353.14707333333337
2021-11-17 18:00:00,2.8557333333333332,2.8548166666666663,259.91833333333335,349.8631016666667
2021-11-17 19:00:00,2.7894833333333335,2.789533333333333,259.9816666666667,398.5106416666667
2021-11-17 20:00:00,2.67835,2.684633333333333,266.45,392.4162083333333
2021-11-17 21:00:00,2.6212666666666666,2.620233333333333,266.50333333333333,294.9049033333333
2021-11-17 22:00:00,2.6146000000000003,2.607266666666667,295.40333333333336,253.35942333333332
2021-11-17 23:00:00,2.6737666666666664,2.6613666666666664,355.1566666666667,242.80795
2021-11-18 00:00:00,2.753233333333333,2.7377,361.15333333333336,204.247955
2021-11-18 01:00:00,2.8523666666666667,2.8362666666666665,365.8433333333333,199.92521833333333
2021-11-18 02:00:00,2.9624666666666664,2.9442166666666667,367.14833333333337,189.85657166666667
2021-11-18 03:00:00,3.05455,3.0383,370.74,241.23914166666665
2021-11-18 04:00:00,3.153833333333333,3.133683333333333,371.14166666666665,188.63780833333334
2021-11-18 05:00:00,3.2758333333333334,3.2479666666666662,448.29833333333335,202.13080833333333
2021-11-18 06:00:00,3.48095,3.4428,459.81333333333333,236.32066500000002
2021-11-18 07:00:00,3.4983666666666666,3.4940166666666665,291.9916666666667,305.8852783333333
2021-11-18 08:00:00,3.44345,3.4468666666666667,288.495,384.828075
2021-11-18 09:00:00,3.3914666666666666,3.391566666666667,290.2033333333333,322.53662333333335
2021-11-18 10:00:00,3.3682000000000003,3.3690166666666665,289.4566666666667,324.43512499999997
2021-11-18 11:00:00,3.3112166666666667,3.31815,289.7083333333333,413.396135
2021-11-18 12:00:00,3.2305,3.2354833333333333,290.89833333333337,340.6187116666667
2021-11-18 13:00:00,3.2102,3.2098166666666668,292.9933333333333,314.152265
2021-11-18 14:00:00,3.16545,3.17135,291.4616666666667,358.43760166666664
2021-11-18 15:00:00,3.134333333333333,3.1358166666666665,289.23499999999996,301.58608833333335
2021-11-18 16:00:00,3.1280666666666668,3.1269833333333334,290.81666666666666,293.5089016666667
2021-11-18 17:00:00,3.0997833333333333,3.10405,288.54,364.1531266666667
2021-11-18 18:00:00,3.0371,3.0429833333333334,287.9566666666667,369.095345
2021-11-18 19:00:00,2.9550833333333335,2.9665833333333333,289.5516666666666,400.78702833333335
2021-11-18 20:00:00,2.883766666666667,2.8930333333333333,287.7866666666667,362.81793166666665
2021-11-18 21:00:00,2.8356,2.84385,289.20166666666665,346.5371283333333
2021-11-18 22:00:00,2.798083333333333,2.8050166666666665,289.52333333333337,332.771995
2021-11-18 23:00:00,2.78335,2.783666666666667,284.1716666666667,268.86997333333335
2021-11-19 00:00:00,2.79895,2.7967166666666667,285.8183333333333,219.9717916666667
2021-11-19 01:00:00,2.8622666666666663,2.8555833333333336,286.1433333333333,180.97384833333334
2021-11-19 02:00:00,2.9200999999999997,2.914283333333333,288.45166666666665,194.20349
2021-11-19 03:00:00,2.9721166666666665,2.9672833333333335,290.10833333333335,194.00425333333334
2021-11-19 04:00:00,3.0295666666666667,3.0227833333333334,291.34166666666664,202.10358666666667
2021-11-19 05:00:00,3.100083333333333,3.0885833333333332,291.6066666666667,164.9818
2021-11-19 06:00:00,3.174183333333333,3.1616166666666667,334.07166666666666,207.48542666666665
2021-11-19 07:00:00,3.24295,3.2200833333333336,397.88,364.038595
2021-11-19 08:00:00,3.2450666666666668,3.223,395.8333333333333,340.2828166666667
2021-11-19 09:00:00,3.2903333333333333,3.26675,391.205,303.8291583333333
2021-11-19 10:00:00,3.33145,3.306833333333333,362.51,337.5527583333333
2021-11-19 11:00:00,3.296483333333333,3.2569666666666666,221.81166666666667,323.1776316666666
2021-11-19 12:00:00,3.224483333333333,3.18465,222.55333333333334,333.95627499999995
2021-11-19 13:00:00,3.146733333333333,3.107266666666667,220.91333333333333,310.04660499999994
2021-11-19 14:00:00,3.0816666666666666,3.043833333333333,221.66333333333333,311.15800666666667
2021-11-19 15:00:00,3.0197833333333337,2.9814999999999996,221.405,326.49287333333336
2021-11-19 16:00:00,2.9196166666666667,2.8802833333333333,220.82833333333335,398.8018866666667
2021-11-19 17:00:00,2.7926333333333333,2.75605,214.72333333333333,393.9865983333333
2021-11-19 18:00:00,2.6361666666666665,2.5978666666666665,218.98166666666665,458.75423666666666
2021-11-19 19:00:00,2.517233333333333,2.4890666666666665,318.6933333333333,396.29462166666667
2021-11-19 20:00:00,2.5138666666666665,2.4952666666666667,420.5816666666667,302.33720999999997
2021-11-19 21:00:00,2.6096166666666667,2.5884,420.30333333333334,248.13911666666667
2021-11-19 22:00:00,2.7206333333333332,2.6980333333333335,421.31166666666667,261.17946
2021-11-19 23:00:00,2.790133333333333,2.7685999999999997,421.3683333333333,313.87900833333333
2021-11-20 00:00:00,2.891633333333333,2.868333333333333,414.40833333333336,209.53656833333335
2021-11-20 01:00:00,3.02335,3.0001333333333333,391.23833333333334,166.566395
2021-11-20 02:00:00,3.1761166666666667,3.1502166666666667,391.8666666666667,140.32255833333332
2021-11-20 03:00:00,3.3415666666666666,3.3133333333333335,390.995,131.14474666666666
2021-11-20 04:00:00,3.5065999999999997,3.4769,383.435,131.331615
2021-11-20 05:00:00,3.66315,3.633016666666667,385.935,151.49927166666666
2021-11-20 06:00:00,3.7975333333333334,3.7625333333333333,343.7433333333333,168.88286000000002
2021-11-20 07:00:00,3.8217,3.7824999999999998,140.42666666666668,304.08696
2021-11-20 08:00:00,3.6546666666666665,3.6412666666666667,217.475,376.42543
2021-11-20 09:00:00,3.5739500000000004,3.583383333333333,255.18166666666667,341.78525833333333
2021-11-20 10:00:00,3.4595166666666666,3.483883333333333,257.06333333333333,486.2856933333333
2021-11-20 11:00:00,3.3135833333333333,3.3378,256.29333333333335,403.29600166666665
2021-11-20 12:00:00,3.2227333333333332,3.2413000000000003,252.74166666666667,380.7706716666667
2021-11-20 13:00:00,3.1304333333333334,3.1506833333333333,253.715,396.15297166666664
2021-11-20 14:00:00,3.022383333333333,3.0447166666666665,252.93333333333334,381.89239499999996
2021-11-20 15:00:00,2.9537833333333334,2.9695833333333335,251.42166666666665,323.0725966666667
2021-11-20 16:00:00,2.914933333333333,2.927216666666667,251.72333333333333,307.3444066666667
2021-11-20 17:00:00,2.8492166666666665,2.8686333333333334,251.98333333333332,370.8992783333333
2021-11-20 18:00:00,2.75485,2.7758,252.05333333333334,340.648905
2021-11-20 19:00:00,2.7358,2.7452166666666664,250.62666666666667,258.3152
2021-11-20 20:00:00,2.7107,2.7249333333333334,250.54166666666666,298.2376716666667
2021-11-20 21:00:00,2.669966666666667,2.681033333333333,292.47166666666664,330.4334
2021-11-20 22:00:00,2.6651666666666665,2.66875,301.13,283.8281666666666
2021-11-20 23:00:00,2.6571166666666666,2.6636333333333337,299.745,336.1366766666667
2021-11-21 00:00:00,2.645166666666667,2.6493166666666665,301.1766666666666,255.56701
2021-11-21 01:00:00,2.686383333333333,2.6847,304.32166666666666,213.02801833333334
2021-11-21 02:00:00,2.7648333333333333,2.756,305.44,154.79960166666666
2021-11-21 03:00:00,2.8693,2.8568833333333337,305.48499999999996,131.420115
2021-11-21 04:00:00,2.967233333333333,2.9568333333333334,303.85833333333335,165.46298
2021-11-21 05:00:00,3.0614666666666666,3.048783333333333,306.37833333333333,151.53472000000002
2021-11-21 06:00:00,3.15595,3.1434166666666665,311.7416666666667,164.21958166666667
2021-11-21 07:00:00,3.3035666666666668,3.3389666666666664,552.495,191.152755
2021-11-21 08:00:00,3.4522666666666666,3.4266666666666667,302.93333333333334,314.89960333333335
2021-11-21 09:00:00,3.4095500000000003,3.3830666666666667,298.80833333333334,374.20856
2021-11-21 10:00:00,3.327116666666667,3.3011166666666667,298.31166666666667,433.27744
2021-11-21 11:00:00,3.2429166666666664,3.2173000000000003,299.7366666666667,396.390125
2021-11-21 12:00:00,3.1795,3.15415,298.3933333333333,382.1965216666667
2021-11-21 13:00:00,3.1109333333333336,3.08705,299.97666666666663,377.2501633333333
2021-11-21 14:00:00,3.0692,3.04625,298.29,346.6445816666667
2021-11-21 15:00:00,3.0376333333333334,3.0146666666666664,299.68,324.5303616666667
2021-11-21 16:00:00,2.9869666666666665,2.963916666666667,303.4183333333333,429.3896516666667
2021-11-21 17:00:00,2.8935999999999997,2.8722333333333334,301.6716666666667,413.01216666666664
2021-11-21 18:00:00,2.816683333333333,2.7969999999999997,300.06166666666667,403.1682083333333
2021-11-21 19:00:00,2.7693,2.7497333333333334,304.59666666666664,315.58226333333334
2021-11-21 20:00:00,2.7528,2.7318833333333337,305.03,329.18157833333333
2021-11-21 21:00:00,2.707333333333333,2.6878333333333333,300.9483333333334,363.16683666666665
2021-11-21 22:00:00,2.698983333333333,2.6739666666666664,331.52000000000004,301.15819999999997
2021-11-21 23:00:00,2.7333166666666666,2.70215,350.22833333333335,275.7621383333333
2021-11-22 00:00:00,2.7890333333333333,2.758383333333333,354.745,230.134085
2021-11-22 01:00:00,2.87945,2.8488333333333333,356.4483333333334,172.19666666666666
2021-11-22 02:00:00,3.007833333333333,2.97645,358.195,162.92585416666668
2021-11-22 03:00:00,3.1359833333333333,3.1038833333333335,359.4566666666667,135.973785
2021-11-22 04:00:00,3.2846333333333333,3.2509,360.045,121.92647333333333
2021-11-22 05:00:00,3.4638166666666668,3.433683333333333,537.8941666666667,137.86104166666667
2021-11-22 06:00:00,3.6961999999999997,3.6541,310.77166666666665,184.51266333333334
2021-11-22 07:00:00,3.699883333333333,3.636416666666667,239.50833333333333,341.58421333333337
2021-11-22 08:00:00,3.585066666666667,3.512516666666667,235.80333333333334,462.1095383333333
2021-11-22 09:00:00,3.447583333333333,3.3813999999999997,236.31333333333333,370.6208466666667
2021-11-22 10:00:00,3.3634333333333335,3.303433333333333,235.73333333333332,327.5756416666666
2021-11-22 11:00:00,3.284766666666667,3.221966666666667,238.27833333333334,392.8535233333333
2021-11-22 12:00:00,3.177233333333333,3.11555,238.31666666666666,351.1103966666667
2021-11-22 13:00:00,3.121983333333333,3.0688166666666663,237.22166666666666,267.95561833333335
2021-11-22 14:00:00,3.08745,3.03155,237.785,303.3946066666667
2021-11-22 15:00:00,3.04465,2.99185,238.07166666666666,269.907215
2021-11-22 16:00:00,3.004,2.948566666666667,240.22666666666666,308.8293966666667
2021-11-22 17:00:00,2.9646166666666667,2.9109833333333333,235.29333333333335,308.18260333333336
2021-11-22 18:00:00,2.9008166666666666,2.8461166666666666,233.93333333333334,322.5872
2021-11-22 19:00:00,2.81295,2.7552333333333334,234.30833333333334,404.768
2021-11-22 20:00:00,2.6885666666666665,2.628233333333333,234.42166666666665,408.1888983333334
2021-11-22 21:00:00,2.558783333333333,2.4972333333333334,235.30499999999998,420.099755
2021-11-22 22:00:00,2.4583500000000003,2.4058,235.48666666666668,346.6965816666667
2021-11-22 23:00:00,2.3832,2.33385,237.57333333333332,316.0989833333333
2021-11-23 00:00:00,2.3364333333333334,2.2904166666666668,232.85666666666665,270.51417833333335
2021-11-23 01:00:00,2.3141166666666666,2.2718333333333334,232.265,220.804025
2021-11-23 02:00:00,2.3453666666666666,2.310283333333333,231.31666666666666,133.61234166666665
2021-11-23 03:00:00,2.4122166666666667,2.3782666666666668,234.04333333333335,119.98374833333334
2021-11-23 04:00:00,2.483816666666667,2.4497666666666666,235.00666666666666,119.04429333333334
2021-11-23 05:00:00,2.5492666666666666,2.5134,232.495,139.25874666666667
2021-11-23 06:00:00,2.6544833333333333,2.6181666666666668,538.3183333333333,183.11920999999998
2021-11-23 07:00:00,2.9631333333333334,2.9186,767.4449999999999,329.0088316666667
2021-11-23 08:00:00,3.2302833333333334,3.1795,773.38,353.97316166666667
2021-11-23 09:00:00,3.4291666666666667,3.3980666666666663,444.20166666666665,316.12318500000003
2021-11-23 10:00:00,3.4061333333333335,3.39315,247.40666666666667,266.40279166666664
2021-11-23 11:00:00,3.3855833333333334,3.373883333333333,246.64166666666668,297.64438666666666
2021-11-23 12:00:00,3.353616666666667,3.3409,244.89166666666668,260.96499166666666
2021-11-23 13:00:00,3.3274,3.3161,246.465,288.4323216666666
2021-11-23 14:00:00,3.2619666666666665,3.25625,255.80666666666667,387.6655533333333
2021-11-23 15:00:00,3.1805666666666665,3.1759833333333334,257.77000000000004,352.77883
2021-11-23 16:00:00,3.1042,3.1011,256.5833333333333,408.45735833333333
2021-11-23 17:00:00,2.956033333333333,2.9608833333333333,259.815,459.08031166666666
2021-11-23 18:00:00,2.8501333333333334,2.8527833333333334,260.03166666666664,403.89278
2021-11-23 19:00:00,2.773483333333333,2.7742166666666668,260.60833333333335,335.55306666666667
2021-11-23 20:00:00,2.7125666666666666,2.7124,259.66833333333335,333.4765133333333
2021-11-23 21:00:00,2.66095,2.6603666666666665,259.52833333333336,312.59821
2021-11-23 22:00:00,2.63355,2.6343666666666667,297.52666666666664,277.1723666666667
2021-11-23 23:00:00,2.7013833333333332,2.7106833333333333,378.57,200.28724
2021-11-24 00:00:00,2.8232666666666666,2.827433333333333,380.4433333333333,185.88433833333335
2021-11-24 01:00:00,2.9477666666666664,2.9509,377.78499999999997,180.34268500000002
2021-11-24 02:00:00,3.0716666666666668,3.0750333333333333,378.48499999999996,172.722955
2021-11-24 03:00:00,3.2131,3.2150000000000003,381.19166666666666,144.0174966666667
2021-11-24 04:00:00,3.3742,3.3724166666666666,384.2183333333333,130.486855
2021-11-24 05:00:00,3.5246500000000003,3.523283333333333,382.6,152.95954833333332
2021-11-24 06:00:00,3.6458500000000003,3.6317999999999997,281.78,173.11641
2021-11-24 07:00:00,3.643066666666667,3.6388333333333334,266.0266666666667,360.0679066666667
2021-11-24 08:00:00,3.5257333333333336,3.53195,264.3566666666667,478.2748516666667
2021-11-24 09:00:00,3.383,3.391033333333333,263.215,429.19871333333333
2021-11-24 10:00:00,3.266383333333333,3.2750166666666667,264.4816666666667,428.8174933333333
2021-11-24 11:00:00,3.158066666666667,3.1644666666666668,263.76166666666666,409.77615499999996
2021-11-24 12:00:00,3.060483333333333,3.066016666666667,263.265,371.54744833333336
2021-11-24 13:00:00,3.026133333333333,3.0244166666666668,264.68833333333333,276.53529333333336
2021-11-24 14:00:00,3.0087166666666665,3.0077,264.255,269.84225499999997
2021-11-24 15:00:00,3.0170666666666666,3.013116666666667,266.1616666666667,258.6273683333333
2021-11-24 16:00:00,2.987983333333333,2.9901666666666666,264.96666666666664,328.32949833333333
2021-11-24 17:00:00,2.9487,2.9499666666666666,266.21666666666664,278.381785
2021-11-24 18:00:00,2.94235,2.942016666666667,261.76166666666666,286.10542499999997
2021-11-24 19:00:00,2.8834999999999997,2.8907833333333333,265.03,357.07784499999997
2021-11-24 20:00:00,2.84435,2.8475166666666665,264.4016666666667,293.519485
2021-11-24 21:00:00,2.7583166666666665,2.7723333333333335,264.8933333333333,476.303755
2021-11-24 22:00:00,2.6637833333333334,2.6689333333333334,309.88,330.4886016666667
2021-11-24 23:00:00,2.7032666666666665,2.68795,370.2633333333333,268.65287
2021-11-25 00:00:00,2.7686333333333333,2.7510833333333333,369.60166666666663,277.76851
2021-11-25 01:00:00,2.816516666666667,2.799316666666667,369.8833333333333,260.20531666666665
2021-11-25 02:00:00,2.908866666666667,2.8888833333333332,366.8066666666667,195.85893166666668
2021-11-25 03:00:00,3.02165,2.9992333333333336,365.365,173.05656666666667
2021-11-25 04:00:00,3.23955,3.2553,693.0400000000001,131.35319166666667
2021-11-25 05:00:00,3.58865,3.5875833333333333,523.6783333333334,146.80654833333335
2021-11-25 06:00:00,3.7475333333333336,3.72345,375.87,242.95269000000002
2021-11-25 07:00:00,3.7478,3.747583333333333,283.7566666666667,325.82207666666665
2021-11-25 08:00:00,3.70605,3.7100500000000003,281.115,356.57268166666665
2021-11-25 09:00:00,3.634383333333333,3.6418833333333334,280.67333333333335,364.7358266666667
2021-11-25 10:00:00,3.6062166666666666,3.6041499999999997,255.95666666666665,280.80940166666664
2021-11-25 11:00:00,3.5591500000000003,3.531966666666667,128.01666666666668,254.90350166666667
2021-11-25 12:00:00,3.469866666666667,3.4429833333333333,127.595,265.25844333333333
2021-11-25 13:00:00,3.3461333333333334,3.321466666666667,127.695,375.95482833333335
2021-11-25 14:00:00,3.16715,3.1389,178.81166666666667,388.8132116666667
2021-11-25 15:00:00,3.063283333333333,3.0306333333333333,248.65333333333334,336.09400166666666
2021-11-25 16:00:00,3.029333333333333,3.0193166666666666,318.795,336.39870833333333
2021-11-25 17:00:00,3.00535,2.995366666666667,314.27166666666665,313.7209916666667
2021-11-25 18:00:00,2.99995,2.9919000000000002,337.0366666666667,362.6931983333333
2021-11-25 19:00:00,2.9841166666666665,2.9935,391.6816666666667,360.8810266666667
2021-11-25 20:00:00,2.9945666666666666,3.004366666666667,391.085,363.5499983333333
2021-11-25 21:00:00,2.972066666666667,2.9889,392.9166666666667,424.37422499999997
2021-11-25 22:00:00,2.9925333333333333,2.99175,352.2583333333333,290.2466
2021-11-25 23:00:00,3.0466166666666665,3.0322,328.34666666666664,208.739095
2021-11-26 00:00:00,3.125316666666667,3.11,330.42,225.84667833333333
2021-11-26 01:00:00,3.1695333333333333,3.1593333333333335,352.62,251.61766666666665
2021-11-26 02:00:00,3.2424833333333334,3.2364333333333333,376.245,239.68669833333334
2021-11-26 03:00:00,3.3500666666666663,3.3386833333333334,375.5383333333333,185.05697999999998
2021-11-26 04:00:00,3.4865833333333334,3.4687833333333336,375.0566666666667,134.91432166666667
2021-11-26 05:00:00,3.64205,3.6230333333333333,373.9133333333333,149.3812133333333
2021-11-26 06:00:00,3.724683333333333,3.7049333333333334,232.785,247.37867833333334
2021-11-26 07:00:00,3.6660166666666667,3.6432333333333333,173.07666666666668,282.43966
2021-11-26 08:00:00,3.551016666666667,3.5324166666666668,167.50833333333333,392.7198416666667
2021-11-26 09:00:00,3.4317333333333333,3.4196999999999997,214.23999999999998,303.5377966666667
2021-11-26 10:00:00,3.365933333333333,3.3558666666666666,216.61333333333332,303.35994833333336
2021-11-26 11:00:00,3.309633333333333,3.2986833333333334,216.44333333333333,279.26148
2021-11-26 12:00:00,3.2594,3.2487166666666667,216.54166666666666,305.81206000000003
2021-11-26 13:00:00,3.1799166666666663,3.170166666666667,216.44,313.1130383333333
2021-11-26 14:00:00,3.1068166666666666,3.0996333333333337,216.145,345.42225833333333
2021-11-26 15:00:00,3.0137333333333336,3.0079833333333332,217.35666666666665,330.8485483333333
2021-11-26 16:00:00,2.9071333333333333,2.90605,213.19,416.91267
2021-11-26 17:00:00,2.7664833333333334,2.7689,219.92999999999998,425.21501333333333
2021-11-26 18:00:00,2.6285833333333333,2.6319666666666666,220.105,397.25724333333335
2021-11-26 19:00:00,2.50945,2.5106166666666665,239.39833333333334,383.73125833333336
2021-11-26 20:00:00,2.4355666666666664,2.42815,275.7816666666667,318.44276333333335
2021-11-26 21:00:00,2.45275,2.471883333333333,396.60166666666663,301.77743499999997
2021-11-26 22:00:00,2.5115166666666666,2.528316666666667,395.95166666666665,275.93135166666667
2021-11-26 23:00:00,2.5953500000000003,2.6079,402.5466666666667,254.06863166666665
2021-11-27 00:00:00,2.7091833333333333,2.71865,402.65999999999997,181.554905
2021-11-27 01:00:00,2.8640166666666667,2.868133333333333,405.39166666666665,154.538525
2021-11-27 02:00:00,3.0310333333333332,3.0310166666666665,406.595,142.20111666666668
2021-11-27 03:00:00,3.20465,3.20295,404.64833333333337,140.657525
2021-11-27 04:00:00,3.365866666666667,3.3627499999999997,405.3833333333333,159.5626
2021-11-27 05:00:00,3.5234666666666663,3.5193166666666666,406.49833333333333,161.76140833333332
2021-11-27 06:00:00,3.644233333333333,3.6266666666666665,251.55333333333334,192.267535
2021-11-27 07:00:00,3.6372,3.6163833333333333,209.91666666666666,254.18975166666667
2021-11-27 08:00:00,3.56865,3.5528833333333334,210.24166666666667,370.33183833333334
2021-11-27 09:00:00,3.4139333333333335,3.405133333333333,205.975,451.9200816666667
2021-11-27 10:00:00,3.23995,3.233283333333333,206.00833333333333,444.9935083333333
2021-11-27 11:00:00,3.1133666666666664,3.1044666666666667,205.82166666666666,364.93844333333334
2021-11-27 12:00:00,2.9785833333333334,2.972083333333333,204.875,406.88801500000005
2021-11-27 13:00:00,2.84465,2.8399666666666668,205.29166666666666,375.08658166666663
2021-11-27 14:00:00,2.74675,2.740533333333333,207.48666666666668,333.847835
2021-11-27 15:00:00,2.6547833333333335,2.639683333333333,266.22,387.90257333333335
2021-11-27 16:00:00,2.6259333333333337,2.60155,289.495,276.5251983333334
2021-11-27 17:00:00,2.6187,2.5944333333333334,286.0083333333333,290.343255
2021-11-27 18:00:00,2.6031666666666666,2.579416666666667,288.43833333333333,316.59105999999997
2021-11-27 19:00:00,2.57885,2.5556,288.88666666666666,314.75092166666667
2021-11-27 20:00:00,2.5606500000000003,2.5386,286.97333333333336,287.006975
2021-11-27 21:00:00,2.53145,2.509183333333333,285.155,388.77040500000004
2021-11-27 22:00:00,2.4813,2.4495666666666667,349.01,332.63353166666667
2021-11-27 23:00:00,2.520033333333333,2.4832166666666664,375.87666666666667,275.33554499999997
2021-11-28 00:00:00,2.5987,2.5641166666666666,381.5516666666666,230.26073666666667
2021-11-28 01:00:00,2.703133333333333,2.668633333333333,381.2683333333333,190.46595
2021-11-28 02:00:00,2.8337999999999997,2.799983333333333,380.775,167.92925333333332
2021-11-28 03:00:00,2.978666666666667,2.9454833333333337,375.82166666666666,131.50805
2021-11-28 04:00:00,3.1369833333333332,3.1029,378.18,131.33478833333334
2021-11-28 05:00:00,3.2931833333333334,3.25705,378.37,140.81813833333334
2021-11-28 06:00:00,3.4427833333333333,3.4061333333333335,379.7883333333333,147.47458333333333
2021-11-28 07:00:00,3.5700333333333334,3.5260499999999997,381.87333333333333,244.69568333333333
2021-11-28 08:00:00,3.646,3.6018666666666665,374.26666666666665,239.91142833333333
2021-11-28 09:00:00,3.6998666666666664,3.6470333333333333,307.85,339.159965
2021-11-28 10:00:00,3.6006,3.5271333333333335,242.90833333333333,470.7185166666667
2021-11-28 11:00:00,3.4606,3.3924666666666665,241.37333333333333,399.0435816666667
2021-11-28 12:00:00,3.3465166666666666,3.2799666666666667,241.81333333333333,396.983335
2021-11-28 13:00:00,3.229416666666667,3.16115,242.99833333333333,435.7736883333334
2021-11-28 14:00:00,3.1161499999999998,3.05415,242.59166666666667,353.33693166666666
2021-11-28 15:00:00,3.0347500000000003,2.9748,246.25333333333336,358.45363499999996
2021-11-28 16:00:00,2.957,2.89635,242.725,389.2662916666667
2021-11-28 17:00:00,2.848383333333333,2.7876166666666666,239.925,362.76089666666667
2021-11-28 18:00:00,2.7926166666666665,2.7429166666666664,240.21,259.7834016666667
2021-11-28 19:00:00,2.7475,2.6907666666666668,240.73333333333332,367.18416833333333
2021-11-28 20:00:00,2.6557666666666666,2.6002,240.11,327.30125000000004
2021-11-28 21:00:00,2.5996333333333337,2.546966666666667,236.22,346.2905416666666
2021-11-28 22:00:00,2.5463999999999998,2.4986166666666665,237.20333333333335,246.42906499999998
2021-11-28 23:00:00,2.519683333333333,2.4716666666666667,239.74666666666664,273.17256166666664
2021-11-29 00:00:00,2.5067999999999997,2.462483333333333,249.75166666666667,226.92928166666667
2021-11-29 01:00:00,2.53185,2.4947666666666666,302.06333333333333,245.74387833333333
2021-11-29 02:00:00,2.56875,2.5319833333333337,301.9866666666667,208.593425
2021-11-29 03:00:00,2.6298666666666666,2.5936666666666666,300.12666666666667,197.33778333333333
2021-11-29 04:00:00,2.6915166666666663,2.6574833333333334,297.97333333333336,176.68220166666666
2021-11-29 05:00:00,2.783066666666667,2.7502166666666668,297.1683333333333,139.284705
2021-11-29 06:00:00,2.930833333333333,2.910366666666667,314.50333333333333,229.17460666666665
2021-11-29 07:00:00,3.4053166666666663,3.4187333333333334,401.51075268817203,391.16478333333333
2021-11-29 08:00:00,3.668633333333333,3.6646,250.77591397849463,329.50056333333333
2021-11-29 09:00:00,3.5943,3.5833500000000003,218.61,339.168745
2021-11-29 10:00:00,3.5214,3.5086166666666667,216.65,296.2479716666667
2021-11-29 11:00:00,3.4612333333333334,3.4488333333333334,217.66333333333333,291.1615116666666
2021-11-29 12:00:00,3.4162833333333333,3.4037166666666665,221.30333333333334,303.81571833333334
2021-11-29 13:00:00,3.3160499999999997,3.3105333333333333,220.39666666666665,391.637855
2021-11-29 14:00:00,3.2062166666666667,3.1999666666666666,221.39333333333335,335.37437166666666
2021-11-29 15:00:00,3.14765,3.13915,216.35166666666666,297.82556
2021-11-29 16:00:00,3.076516666666667,3.0685333333333333,217.5366666666667,317.64252500000003
2021-11-29 17:00:00,2.9978166666666666,2.9930666666666665,217.89333333333335,340.2870683333333
2021-11-29 18:00:00,2.8855166666666667,2.885483333333333,215.81333333333333,416.699745
2021-11-29 19:00:00,2.7408,2.7432,215.86166666666668,437.24553833333334
2021-11-29 20:00:00,2.6026499999999997,2.61,264.2633333333333,376.8164666666667
2021-11-29 21:00:00,2.5555666666666665,2.5777833333333335,333.77833333333336,336.3740066666667
2021-11-29 22:00:00,2.5734833333333333,2.58865,333.7683333333333,270.87208666666663
2021-11-29 23:00:00,2.6417333333333333,2.647,334.67,195.56424333333334
2021-11-30 00:00:00,2.7271333333333336,2.7325,335.85833333333335,217.72220000000002
2021-11-30 01:00:00,2.80735,2.81165,338.43,189.94784666666666
2021-11-30 02:00:00,2.9105333333333334,2.91065,338.7,165.99174333333335
2021-11-30 03:00:00,3.0308166666666665,3.028433333333333,340.82666666666665,125.74996166666666
2021-11-30 04:00:00,3.1670000000000003,3.1623666666666663,341.9866666666667,133.13984
2021-11-30 05:00:00,3.3001833333333335,3.29575,340.075,135.09259333333333
2021-11-30 06:00:00,3.403516666666667,3.4044833333333333,339.21,263.2884416666667
2021-11-30 07:00:00,3.3904,3.4055666666666666,332.53333333333336,341.23397666666665
2021-11-30 08:00:00,3.3764166666666666,3.3897666666666666,317.15,355.86588333333333
2021-11-30 09:00:00,3.3355166666666665,3.346616666666667,306.53,362.81672499999996
2021-11-30 10:00:00,3.2983666666666664,3.3087333333333335,308.6983333333334,339.20097333333337
2021-11-30 11:00:00,3.2679666666666667,3.2788833333333334,308.68,357.69527999999997
2021-11-30 12:00:00,3.252933333333333,3.2594666666666665,307.125,305.8834233333334
2021-11-30 13:00:00,3.22045,3.2317666666666667,308.255,346.2001916666667
2021-11-30 14:00:00,3.230933333333333,3.2293333333333334,303.62666666666667,239.29032
2021-11-30 15:00:00,3.27325,3.271183333333333,303.1333333333333,226.44465166666666
2021-11-30 16:00:00,3.2950500000000003,3.299716666666667,302.6433333333333,297.8254166666667
2021-11-30 17:00:00,3.2742,3.2830333333333335,304.34166666666664,339.34420500000004
2021-11-30 18:00:00,3.1915,3.2138,304.23333333333335,463.60046500000004
2021-11-30 19:00:00,3.1091833333333336,3.1263833333333335,303.0183333333333,371.406615
2021-11-30 20:00:00,3.0927000000000002,3.0907,238.48166666666665,321.9838933333333
2021-11-30 21:00:00,2.975283333333333,2.951016666666667,129.89166666666668,336.8643916666667
2021-11-30 22:00:00,2.868933333333333,2.8688833333333337,277.9066666666667,314.45538500000004
2021-11-30 23:00:00,2.8638333333333335,2.870633333333333,302.07,268.23268666666667
2021-12-01 00:00:00,2.8437166666666664,2.838,146.11,294.9796533333334
2021-12-01 01:00:00,2.7429,2.734383333333333,210.79333333333335,232.751495
2021-12-01 02:00:00,2.8166333333333333,2.8177166666666666,338.0566666666667,131.61187833333332
2021-12-01 03:00:00,2.9554833333333335,2.9577833333333334,347.8066666666667,127.22831500000001
2021-12-01 04:00:00,3.0986,3.0990333333333333,348.12166666666667,121.52382833333333
2021-12-01 05:00:00,3.240733333333333,3.2386,346.35,135.76514166666666
2021-12-01 06:00:00,3.362816666666667,3.3584666666666667,308.77000000000004,175.476585
2021-12-01 07:00:00,3.3859333333333335,3.372333333333333,219.69500000000002,283.55351666666667
2021-12-01 08:00:00,3.277333333333333,3.2725500000000003,219.19,410.43169
2021-12-01 09:00:00,3.1867,3.1786833333333333,219.63,285.043955
2021-12-01 10:00:00,3.1264166666666666,3.118333333333333,216.66833333333335,330.2102766666667
2021-12-01 11:00:00,3.0495500000000004,3.0424833333333337,215.87,341.3633233333333
2021-12-01 12:00:00,2.9345333333333334,2.9315333333333333,217.07000000000002,393.620565
2021-12-01 13:00:00,2.8339166666666666,2.8282499999999997,217.37666666666667,344.72540833333335
2021-12-01 14:00:00,2.7361333333333335,2.734466666666667,218.34666666666666,357.4488566666667
2021-12-01 15:00:00,2.6532833333333334,2.6495666666666664,220.06666666666666,316.50061833333336
2021-12-01 16:00:00,2.589716666666667,2.5852,220.28833333333333,303.87459
2021-12-01 17:00:00,2.5037666666666665,2.5039000000000002,220.02166666666665,375.05796833333335
2021-12-01 18:00:00,2.42285,2.4186833333333335,345.64833333333337,347.25580833333333
2021-12-01 19:00:00,2.4662833333333336,2.45775,370.67,316.9806633333334
2021-12-01 20:00:00,2.472583333333333,2.4595166666666666,350.52000000000004,317.7387233333333
2021-12-01 21:00:00,2.50495,2.49395,351.9116666666667,273.90296
2021-12-01 22:00:00,2.5417166666666664,2.530133333333333,353.10333333333335,339.96643
2021-12-01 23:00:00,2.5804666666666667,2.5735666666666663,410.4683333333333,216.43696333333335
2021-12-02 00:00:00,2.7252,2.715116666666667,421.89666666666665,184.31357166666666
2021-12-02 01:00:00,2.8857666666666666,2.871483333333333,426.00333333333333,161.07020833333334
2021-12-02 02:00:00,3.0619333333333336,3.0466333333333333,427.94,145.46201666666667
2021-12-02 03:00:00,3.25135,3.2325666666666666,428.37333333333333,124.58590166666666
2021-12-02 04:00:00,3.4482,3.4265,418.6066666666667,123.15417166666666
2021-12-02 05:00:00,3.6249333333333333,3.6022666666666665,392.39000000000004,137.99465666666666
2021-12-02 06:00:00,3.754,3.7364166666666665,391.3383333333333,258.87389333333334
2021-12-02 07:00:00,3.76785,3.762,395.9066666666667,460.4540883333333
2021-12-02 08:00:00,3.6636499999999996,3.66175,261.6816666666667,441.259965
2021-12-02 09:00:00,3.5387,3.532766666666667,220.19500000000002,414.80640500000004
2021-12-02 10:00:00,3.420666666666667,3.4133166666666668,217.62333333333333,345.3390816666667
2021-12-02 11:00:00,3.3324833333333337,3.3257333333333334,217.27,352.9802283333333
2021-12-02 12:00:00,3.2476833333333333,3.2388666666666666,217.54666666666665,311.3897316666667
2021-12-02 13:00:00,3.1880666666666664,3.1793666666666667,218.55666666666667,284.34750333333335
2021-12-02 14:00:00,3.1417166666666665,3.1319166666666667,218.80833333333334,281.01949666666667
2021-12-02 15:00:00,3.097166666666667,3.0869333333333335,221.06833333333333,270.566735
2021-12-02 16:00:00,3.07085,3.0610833333333334,221.67166666666665,245.25060333333334
2021-12-02 17:00:00,2.9996666666666667,2.995233333333333,220.30166666666668,368.1733316666667
2021-12-02 18:00:00,2.911283333333333,2.9069833333333337,217.12833333333336,351.90589833333337
2021-12-02 19:00:00,2.8179166666666666,2.814533333333333,217.61166666666668,327.07988
2021-12-02 20:00:00,2.7220999999999997,2.7223666666666664,219.89833333333334,358.67574833333333
2021-12-02 21:00:00,2.6502333333333334,2.653316666666667,284.7816666666667,355.92581666666666
2021-12-02 22:00:00,2.5925000000000002,2.5984,292.72333333333336,348.3150266666667
2021-12-02 23:00:00,2.57055,2.5725333333333333,297.32166666666666,307.48398499999996
2021-12-03 00:00:00,2.5552166666666665,2.5589,299.45,311.3268083333333
2021-12-03 01:00:00,2.575216666666667,2.571566666666667,299.81,216.52085833333334
2021-12-03 02:00:00,2.635,2.6275666666666666,302.615,180.72184000000001
2021-12-03 03:00:00,2.7358333333333333,2.7236166666666666,304.18,125.20092666666666
2021-12-03 04:00:00,2.8503666666666665,2.837,301.97166666666664,123.12203833333334
2021-12-03 05:00:00,2.9519499999999996,2.94005,301.84833333333336,164.03750499999998
2021-12-03 06:00:00,3.1050666666666666,3.0946,557.1666666666666,178.12542333333334
2021-12-03 07:00:00,3.3321666666666667,3.3281666666666667,590.9033333333333,312.523555
2021-12-03 08:00:00,3.4282833333333333,3.41445,278.46,333.6108733333333
2021-12-03 09:00:00,3.2930333333333333,3.264283333333333,128.32166666666666,370.23647
2021-12-03 10:00:00,3.1521,3.1244,128.13500000000002,328.5646883333333
2021-12-03 11:00:00,3.0370666666666666,3.0269666666666666,250.36166666666668,300.68708833333335
2021-12-03 12:00:00,3.0046000000000004,3.006066666666667,279.7183333333333,326.08680166666664
2021-12-03 13:00:00,2.9671833333333333,2.9695166666666664,279.9583333333333,309.51293833333335
2021-12-03 14:00:00,2.93235,2.93535,276.2866666666667,336.64980833333334
2021-12-03 15:00:00,2.8998666666666666,2.89835,276.49,294.6465716666667
2021-12-03 16:00:00,2.847166666666667,2.8524833333333333,276.4216666666667,392.79881166666667
2021-12-03 17:00:00,2.7695999999999996,2.7747666666666664,276.1983333333334,348.8388116666667
2021-12-03 18:00:00,2.7129,2.7191666666666667,275.925,348.8102833333333
2021-12-03 19:00:00,2.6612500000000003,2.6671,276.745,362.29914333333335
2021-12-03 20:00:00,2.5948333333333333,2.601316666666667,276.72999999999996,349.2106333333333
2021-12-03 21:00:00,2.5279833333333332,2.5379666666666667,283.38,381.60147666666666
2021-12-03 22:00:00,2.51265,2.5059666666666667,353.135,305.52820833333334
2021-12-03 23:00:00,2.56075,2.5481166666666666,351.93666666666667,245.20783833333334
2021-12-04 00:00:00,2.6387666666666667,2.62435,351.635,206.76594166666666
2021-12-04 01:00:00,2.7448333333333332,2.7277,356.18833333333333,171.450535
2021-12-04 02:00:00,2.8680333333333334,2.8495333333333335,354.6633333333333,146.767335
2021-12-04 03:00:00,3.0071166666666667,2.9863500000000003,356.28333333333336,130.43180666666666
2021-12-04 04:00:00,3.1504666666666665,3.128,357.9566666666667,135.66232666666667
2021-12-04 05:00:00,3.287183333333333,3.2640833333333332,353.0566666666667,144.43672833333332
2021-12-04 06:00:00,3.4139,3.38985,355.8683333333333,163.07312833333333
2021-12-04 07:00:00,3.503033333333333,3.4808833333333333,353.15999999999997,286.68947166666663
2021-12-04 08:00:00,3.4876833333333335,3.470666666666667,351.84166666666664,384.5612933333333
2021-12-04 09:00:00,3.4652666666666665,3.447983333333333,349.68666666666667,375.32437166666665
2021-12-04 10:00:00,3.4358999999999997,3.4196166666666667,347.9533333333333,422.73751
2021-12-04 11:00:00,3.381466666666667,3.3659499999999998,349.25,372.70604
2021-12-04 12:00:00,3.3681666666666668,3.3514833333333334,347.88,353.57480833333335
2021-12-04 13:00:00,3.2845166666666668,3.253316666666667,78.19,361.76877833333333
2021-12-04 14:00:00,3.06735,3.033666666666667,62.85,394.653805
2021-12-04 15:00:00,2.8634666666666666,2.83235,62.93,323.55996166666665
2021-12-04 16:00:00,2.757966666666667,2.785083333333333,404.36333333333334,325.7492233333333
2021-12-04 17:00:00,2.7702999999999998,2.8307166666666665,434.7033333333333,405.6148866666666
2021-12-04 18:00:00,2.8192666666666666,2.8655833333333334,434.97333333333336,303.0074466666667
2021-12-04 19:00:00,2.9252333333333334,2.9683833333333336,436.27666666666664,243.61476
2021-12-04 20:00:00,3.010683333333333,3.060216666666667,437.7,365.9735866666667
2021-12-04 21:00:00,3.0511666666666666,3.1057333333333332,449.00333333333333,310.59976
2021-12-04 22:00:00,3.1531000000000002,3.19685,448.4133333333333,294.5287083333333
2021-12-04 23:00:00,3.2012666666666667,3.2114166666666666,266.615,304.5730566666667
2021-12-05 00:00:00,3.1759833333333334,3.176083333333333,258.7633333333333,268.27677
2021-12-05 01:00:00,3.209566666666667,3.1985666666666663,257.27833333333336,165.173495
2021-12-05 02:00:00,3.269366666666667,3.2565999999999997,256.37333333333333,153.38873666666666
2021-12-05 03:00:00,3.3376500000000004,3.3230166666666667,255.82166666666666,146.94822333333335
2021-12-05 04:00:00,3.4053166666666663,3.3906,255.79666666666665,141.79650333333333
2021-12-05 05:00:00,3.4696166666666666,3.4553833333333333,253.025,163.49442
2021-12-05 06:00:00,3.5246,3.5104166666666665,257.3933333333333,167.512455
2021-12-05 07:00:00,3.5643833333333332,3.5541666666666667,256.00166666666667,210.15789333333333
2021-12-05 08:00:00,3.5658666666666665,3.5607333333333333,248.60666666666665,272.8304766666667
2021-12-05 09:00:00,3.5042,3.5105333333333335,256.12,395.0579183333333
2021-12-05 10:00:00,3.4238,3.4265666666666665,253.55833333333334,319.33276666666666
2021-12-05 11:00:00,3.3527333333333336,3.3596833333333334,251.33166666666665,379.85289166666666
2021-12-05 12:00:00,3.244666666666667,3.2541333333333333,251.35333333333335,397.4824816666667
2021-12-05 13:00:00,3.15545,3.1625,252.015,373.59918
2021-12-05 14:00:00,3.0372500000000002,3.0509166666666667,250.255,467.48609166666665
2021-12-05 15:00:00,2.895883333333333,2.9111,252.11833333333334,386.70155
2021-12-05 16:00:00,2.8245666666666667,2.8325833333333335,250.45166666666668,332.38128500000005
2021-12-05 17:00:00,2.7556166666666666,2.7664666666666666,249.28333333333333,366.6121916666667
2021-12-05 18:00:00,2.6692166666666663,2.6804166666666664,250.29833333333332,333.139415
2021-12-05 19:00:00,2.623083333333333,2.6310999999999996,247.48999999999998,321.85155833333334
2021-12-05 20:00:00,2.5371666666666663,2.5486833333333334,311.435,401.1212683333333
2021-12-05 21:00:00,2.549,2.5452166666666667,344.59666666666664,254.63888
2021-12-05 22:00:00,2.6175833333333336,2.61065,345.18333333333334,221.04486166666666
2021-12-05 23:00:00,2.6850666666666667,2.67785,345.19666666666666,259.64069
2021-12-06 00:00:00,2.756133333333333,2.7452833333333335,349.38,182.28990000000002
2021-12-06 01:00:00,2.8537000000000003,2.8439666666666668,350.7566666666667,217.77915166666668
2021-12-06 02:00:00,2.9235333333333333,2.9152833333333334,349.9616666666667,245.72503166666667
2021-12-06 03:00:00,2.9867333333333335,2.9783833333333334,353.55,240.729475
2021-12-06 04:00:00,3.058266666666667,3.04725,352.6316666666667,217.13471166666665
2021-12-06 05:00:00,3.15855,3.1425166666666664,344.335,165.48603666666668
2021-12-06 06:00:00,3.2742333333333336,3.2577166666666666,348.35499999999996,187.21861499999997
2021-12-06 07:00:00,3.31715,3.3097833333333333,345.8833333333333,346.407295
2021-12-06 08:00:00,3.289083333333333,3.2847,342.725,367.8763466666667
2021-12-06 09:00:00,3.265533333333333,3.2564,322.45166666666665,349.749995
2021-12-06 10:00:00,3.2579,3.24535,323.755,310.02912000000003
2021-12-06 11:00:00,3.2321833333333334,3.2233666666666667,323.01,400.532395
2021-12-06 12:00:00,3.203933333333333,3.1906666666666665,323.24666666666667,293.41514333333333
2021-12-06 13:00:00,3.2164833333333336,3.2026833333333333,321.97333333333336,320.71589166666666
2021-12-06 14:00:00,3.21885,3.2039833333333334,322.90333333333336,281.17341500000003
2021-12-06 15:00:00,3.2239,3.210383333333333,319.2316666666667,327.54564500000004
2021-12-06 16:00:00,3.178733333333333,3.1688166666666664,318.27166666666665,396.91306499999996
2021-12-06 17:00:00,3.14825,3.1359333333333335,319.8816666666667,324.7191683333333
2021-12-06 18:00:00,3.1034333333333333,3.095766666666667,318.15999999999997,414.33888666666667
2021-12-06 19:00:00,3.0164166666666667,3.0108166666666665,317.12833333333333,445.373345
2021-12-06 20:00:00,2.9475333333333333,2.9409833333333335,316.35499999999996,354.18656333333337
2021-12-06 21:00:00,2.90775,2.90945,264.515,363.76789
2021-12-06 22:00:00,2.8574333333333333,2.8482333333333334,351.60333333333335,318.7438633333333
2021-12-06 23:00:00,2.9231,2.8989,372.60499999999996,230.527505
2021-12-07 00:00:00,3.0271166666666667,3.002016666666667,376.46666666666664,189.07037333333335
2021-12-07 01:00:00,3.157166666666667,3.1298666666666666,378.93,160.20995
2021-12-07 02:00:00,3.303633333333333,3.2748666666666666,378.93666666666667,135.702575
2021-12-07 03:00:00,3.4588166666666664,3.4281833333333336,379.62,144.642345
2021-12-07 04:00:00,3.60865,3.5785,345.88666666666666,129.26932166666668
2021-12-07 05:00:00,3.7061333333333333,3.68365,261.61333333333334,138.9095066666667
2021-12-07 06:00:00,3.741216666666667,3.7251499999999997,260.18833333333333,254.98109333333335
2021-12-07 07:00:00,3.7055833333333337,3.69755,259.815,371.5555483333334
2021-12-07 08:00:00,3.6031166666666667,3.599416666666667,256.1933333333333,402.00472333333335
2021-12-07 09:00:00,3.488516666666667,3.486483333333333,254.99333333333334,395.7675883333333
2021-12-07 10:00:00,3.4133,3.408333333333333,254.17833333333334,331.17966
2021-12-07 11:00:00,3.353333333333333,3.3477333333333332,254.95,353.132945
2021-12-07 12:00:00,3.28505,3.2807,254.065,339.341
2021-12-07 13:00:00,3.2195833333333335,3.215033333333333,252.59333333333333,320.94414166666667
2021-12-07 14:00:00,3.1933333333333334,3.1841999999999997,251.70166666666668,251.55147833333334
2021-12-07 15:00:00,3.1874666666666664,3.177716666666667,249.75166666666667,263.29726166666666
2021-12-07 16:00:00,3.16045,3.1529666666666665,251.46166666666667,295.20469833333334
2021-12-07 17:00:00,3.1304166666666666,3.1197999999999997,282.9266666666666,320.61043333333333
2021-12-07 18:00:00,3.0774666666666666,3.06615,297.2433333333333,391.42964333333333
2021-12-07 19:00:00,3.0129499999999996,3.0028333333333332,299.15833333333336,396.51500500000003
2021-12-07 20:00:00,2.9384,2.9296833333333336,299.25166666666667,390.7545066666667
2021-12-07 21:00:00,2.8595333333333333,2.8519666666666668,299.5183333333333,388.2189216666667
2021-12-07 22:00:00,2.8117333333333336,2.802033333333333,298.7966666666667,336.496645
2021-12-07 23:00:00,2.8135,2.8005833333333334,304.935,251.0944333333333
2021-12-08 00:00:00,2.85365,2.8386,307.61333333333334,227.97254166666664
2021-12-08 01:00:00,2.8985666666666665,2.8836333333333335,315.42833333333334,199.74445
2021-12-08 02:00:00,3.0408833333333334,3.0145,421.35333333333335,133.72076833333333
2021-12-08 03:00:00,3.22905,3.199883333333333,418.22666666666663,124.56498
2021-12-08 04:00:00,3.4179166666666663,3.3870333333333336,420.2083333333333,128.74987833333333
2021-12-08 05:00:00,3.5934000000000004,3.5613,419.1383333333333,191.09354333333334
2021-12-08 06:00:00,3.7252333333333336,3.6917833333333334,418.705,205.22027833333334
2021-12-08 07:00:00,3.8237,3.7891666666666666,409.0733333333334,331.84360666666663
2021-12-08 08:00:00,3.8064000000000004,3.7857666666666665,289.455,363.65855
2021-12-08 09:00:00,3.75595,3.7418666666666667,245.95,271.67580166666664
2021-12-08 10:00:00,3.7323166666666667,3.718033333333333,244.67999999999998,294.35448833333334
2021-12-08 11:00:00,3.6504333333333334,3.6417833333333336,245.33166666666665,365.7932016666667
2021-12-08 12:00:00,3.5878500000000004,3.57755,248.285,330.41011
2021-12-08 13:00:00,3.5305000000000004,3.52075,248.8383333333333,313.757275
2021-12-08 14:00:00,3.46685,3.4591833333333333,242.89166666666668,349.272965
2021-12-08 15:00:00,3.3803166666666664,3.372916666666667,230.68166666666667,356.9459083333333
2021-12-08 16:00:00,3.2761833333333334,3.2716833333333333,237.89166666666668,377.93786166666666
2021-12-08 17:00:00,3.1860833333333334,3.18155,232.2133333333333,380.3855183333333
2021-12-08 18:00:00,3.0655666666666668,3.0646,237.56,409.01994666666667
2021-12-08 19:00:00,2.960383333333333,2.9584333333333332,237.41833333333335,327.2944
2021-12-08 20:00:00,2.9046499999999997,2.900916666666667,253.6616666666667,333.91107833333336
2021-12-08 21:00:00,2.8653666666666666,2.8623833333333333,298.17333333333335,318.6296566666667
2021-12-08 22:00:00,2.8511666666666664,2.8474,303.0433333333333,284.77375
2021-12-08 23:00:00,2.854833333333333,2.8502,299.3,304.2910416666667
2021-12-09 00:00:00,2.87915,2.8688166666666666,301.3933333333333,194.25623166666668
2021-12-09 01:00:00,2.94855,2.9364,303.3233333333334,194.71204
2021-12-09 02:00:00,3.0134666666666665,3.0000666666666667,301.8233333333334,189.14597166666667
2021-12-09 03:00:00,3.0856833333333333,3.071483333333333,303.59666666666664,181.17962666666665
2021-12-09 04:00:00,3.161,3.14675,304.5433333333333,173.38371999999998
2021-12-09 05:00:00,3.2504166666666667,3.2335333333333334,305.93333333333334,175.56289166666664
2021-12-09 06:00:00,3.3120333333333334,3.2987333333333333,309.32666666666665,214.58313333333334
2021-12-09 07:00:00,3.3443,3.3339833333333333,301.12166666666667,306.602355
2021-12-09 08:00:00,3.273083333333333,3.272266666666667,300.76500000000004,394.52593666666667
2021-12-09 09:00:00,3.2527,3.24525,300.52000000000004,316.9960633333333
2021-12-09 10:00:00,3.196633333333333,3.1945833333333336,299.87333333333333,379.129215
2021-12-09 11:00:00,3.1622666666666666,3.1572,299.345,331.78852166666667
2021-12-09 12:00:00,3.1190333333333333,3.116033333333333,299.6816666666667,377.0485233333333
2021-12-09 13:00:00,3.07075,3.0655666666666668,299.35999999999996,305.49058499999995
2021-12-09 14:00:00,3.075083333333333,3.06735,300.78333333333336,301.55455666666666
2021-12-09 15:00:00,3.0566166666666663,3.0508666666666664,301.34000000000003,318.99039
2021-12-09 16:00:00,3.0389166666666667,3.0337666666666667,300.9133333333333,319.0000516666667
2021-12-09 17:00:00,2.9995666666666665,2.9983833333333334,296.69166666666666,402.0489116666667
2021-12-09 18:00:00,2.90345,2.9057833333333334,299.30333333333334,400.822075
2021-12-09 19:00:00,2.8757666666666664,2.8699333333333334,299.35333333333335,276.22383833333333
2021-12-09 20:00:00,2.8653666666666666,2.8620666666666663,299.055,332.29060666666663
2021-12-09 21:00:00,2.8286333333333333,2.8270333333333335,299.04,338.8387783333334
2021-12-09 22:00:00,2.823716666666667,2.81675,299.55833333333334,252.3436966666667
2021-12-09 23:00:00,2.8641666666666667,2.8137,306.02166666666665,298.9161066666667
2021-12-10 00:00:00,2.8892666666666664,2.8398499999999998,300.415,190.37803166666666
2021-12-10 01:00:00,2.968366666666667,2.9239166666666665,300.2883333333333,150.53768666666667
2021-12-10 02:00:00,3.0669833333333334,3.02325,301.15999999999997,136.302555
2021-12-10 03:00:00,3.1676166666666665,3.1219166666666665,301.71666666666664,142.00308833333332
2021-12-10 04:00:00,3.2712833333333333,3.2264333333333335,301.9116666666667,128.60027666666667
2021-12-10 05:00:00,3.368333333333333,3.317633333333333,299.14000000000004,186.54139166666667
2021-12-10 06:00:00,3.4147666666666665,3.35445,305.4266666666666,276.82838
2021-12-10 07:00:00,3.39635,3.3246333333333333,302.69666666666666,415.03274
2021-12-10 08:00:00,3.274716666666667,3.193366666666667,303.975,475.079755
2021-12-10 09:00:00,3.189216666666667,3.1201333333333334,305.62833333333333,354.05164333333335
2021-12-10 10:00:00,3.146066666666667,3.07875,306.0366666666667,355.8625983333333
2021-12-10 11:00:00,3.11645,3.0585,356.01666666666665,348.0423816666667
2021-12-10 12:00:00,3.1302000000000003,3.0909666666666666,412.51,316.32389666666666
2021-12-10 13:00:00,3.2024666666666666,3.1632000000000002,408.97833333333335,294.79868999999997
2021-12-10 14:00:00,3.2601,3.2188166666666667,382.46500000000003,284.04580833333335
2021-12-10 15:00:00,3.2609,3.2224333333333335,181.66666666666666,262.4892283333333
2021-12-10 16:00:00,3.2030666666666665,3.1656166666666667,181.43333333333334,257.2410066666667
2021-12-10 17:00:00,3.1300000000000003,3.09135,181.01833333333335,300.0217983333333
2021-12-10 18:00:00,3.033583333333333,2.9953333333333334,179.49666666666664,338.6503916666667
2021-12-10 19:00:00,2.9359666666666664,2.901116666666667,179.36666666666667,297.04578166666664
2021-12-10 20:00:00,2.8329333333333335,2.7965166666666668,178.78,353.34848166666666
2021-12-10 21:00:00,2.7188,2.6849,177.98333333333332,314.527865
2021-12-10 22:00:00,2.6128333333333336,2.58025,180.11666666666667,344.1846033333333
2021-12-10 23:00:00,2.4755666666666665,2.441516666666667,180.62333333333333,416.912395
2021-12-11 00:00:00,2.319627118644068,2.2887457627118644,179.95084745762713,338.41633220338986
2021-12-11 01:00:00,2.2852,2.2739666666666665,380.37,203.79087333333334
2021-12-11 02:00:00,2.4809666666666668,2.478816666666667,498.1166666666667,147.56443666666667
2021-12-11 03:00:00,2.7052666666666667,2.7001833333333334,500.4683333333333,156.10343999999998
2021-12-11 04:00:00,2.9337,2.9244166666666667,496.565,132.92801166666666
2021-12-11 05:00:00,3.1602,3.1514499999999996,500.59000000000003,174.64627333333334
2021-12-11 06:00:00,3.3568166666666666,3.3484,497.72666666666663,185.88804
2021-12-11 07:00:00,3.556,3.54415,486.59166666666664,197.92134166666668
2021-12-11 08:00:00,3.6368333333333336,3.6231333333333335,248.86666666666667,285.6499
2021-12-11 09:00:00,3.5976833333333333,3.5850500000000003,249.725,274.235815
2021-12-11 10:00:00,3.565166666666667,3.55445,248.13,352.4044083333334
2021-12-11 11:00:00,3.4491333333333336,3.44485,248.14833333333334,416.264875
2021-12-11 12:00:00,3.3679166666666664,3.3592333333333335,247.46666666666667,314.26496000000003
2021-12-11 13:00:00,3.311383333333333,3.30335,249.05,332.60467666666665
2021-12-11 14:00:00,3.2346,3.2287666666666666,249.1616666666667,373.103965
2021-12-11 15:00:00,3.153016666666667,3.147383333333333,248.50333333333336,319.681025
2021-12-11 16:00:00,3.0902833333333333,3.0852,249.315,363.95251333333334
2021-12-11 17:00:00,2.953316666666667,2.9565166666666665,248.90333333333334,486.08953
2021-12-11 18:00:00,2.808266666666667,2.812,247.92333333333332,430.41330999999997
2021-12-11 19:00:00,2.714933333333333,2.7140166666666667,248.31666666666666,323.84673000000004
2021-12-11 20:00:00,2.6870666666666665,2.6893000000000002,318.40999999999997,301.60916333333336
2021-12-11 21:00:00,2.6872833333333332,2.691533333333333,317.75333333333333,322.98350666666664
2021-12-11 22:00:00,2.7007,2.697983333333333,321.27666666666664,234.49017166666667
2021-12-11 23:00:00,2.7763833333333334,2.7867333333333333,410.205,242.84907166666665
2021-12-12 00:00:00,2.8922833333333333,2.8995166666666665,409.675,192.39853333333335
2021-12-12 01:00:00,3.030666666666667,3.0326999999999997,406.64500000000004,180.40447666666665
2021-12-12 02:00:00,3.1874833333333332,3.1870833333333333,407.2566666666667,146.43600833333332
2021-12-12 03:00:00,3.3577500000000002,3.3541833333333333,400.07666666666665,134.19476
2021-12-12 04:00:00,3.5269,3.5225333333333335,403.59000000000003,137.30464166666667
2021-12-12 05:00:00,3.6968166666666664,3.689783333333333,388.3383333333333,138.09715
2021-12-12 06:00:00,3.7683833333333334,3.7503333333333333,203.57999999999998,218.16926333333333
2021-12-12 07:00:00,3.7524,3.73505,204.43833333333333,234.75043666666667
2021-12-12 08:00:00,3.7075833333333335,3.6944,205.70333333333335,303.01911666666666
2021-12-12 09:00:00,3.602933333333333,3.5902499999999997,248.77833333333334,398.3514483333333
2021-12-12 10:00:00,3.51125,3.4857333333333336,284.3666666666667,406.4120633333333
2021-12-12 11:00:00,3.439416666666667,3.4141,285.1666666666667,394.0739633333333
2021-12-12 12:00:00,3.3721666666666668,3.347666666666667,285.56666666666666,323.54756499999996
2021-12-12 13:00:00,3.32075,3.2969999999999997,283.47166666666664,374.562025
2021-12-12 14:00:00,3.2615666666666665,3.2377666666666665,285.49666666666667,349.4520933333333
2021-12-12 15:00:00,3.2206833333333336,3.1965999999999997,283.76,314.73757166666667
2021-12-12 16:00:00,3.17165,3.148083333333333,276.52833333333336,357.3831666666667
2021-12-12 17:00:00,3.1185166666666664,3.0957,279.005,336.14839
2021-12-12 18:00:00,3.066866666666667,3.04615,281.7366666666667,394.57912500000003
2021-12-12 19:00:00,2.9608166666666667,2.9415833333333334,280.06333333333333,397.2066316666667
2021-12-12 20:00:00,2.9031000000000002,2.8834333333333335,279.39000000000004,319.53765833333335
2021-12-12 21:00:00,2.8489166666666668,2.8302666666666667,276.49833333333333,387.98854666666665
2021-12-12 22:00:00,2.788483333333333,2.770383333333333,279.9633333333333,303.18988833333333
2021-12-12 23:00:00,2.77785,2.759583333333333,282.5933333333333,265.30986333333334
2021-12-13 00:00:00,2.79575,2.7765,286.74833333333333,216.40473166666666
2021-12-13 01:00:00,2.8631,2.8429166666666665,288.04833333333335,147.36966833333332
2021-12-13 02:00:00,2.9581666666666666,2.935,290.18333333333334,132.126605
2021-12-13 03:00:00,3.0581166666666664,3.035083333333333,287.27833333333336,122.30480666666668
2021-12-13 04:00:00,3.162783333333333,3.1395833333333334,291.9616666666667,123.84879
2021-12-13 05:00:00,3.2645833333333334,3.2403666666666666,294.47166666666664,167.69631333333334
2021-12-13 06:00:00,3.3145333333333338,3.29095,290.725,222.1072
2021-12-13 07:00:00,3.3329333333333335,3.31,287.06666666666666,298.41853166666664
2021-12-13 08:00:00,3.2919166666666664,3.2711166666666665,282.43,391.5771066666667
2021-12-13 09:00:00,3.1571,3.1395666666666666,275.7183333333333,459.94917499999997
2021-12-13 10:00:00,3.1069833333333334,3.1109333333333336,426.95166666666665,332.53170666666665
2021-12-13 11:00:00,3.1798,3.1858,436.555,294.3504916666667
2021-12-13 12:00:00,3.250916666666667,3.2435833333333335,310.0316666666667,277.38138499999997
2021-12-13 13:00:00,3.210583333333333,3.2007333333333334,266.2233333333333,355.8717
2021-12-13 14:00:00,3.1504,3.14135,266.47999999999996,352.2775266666667
2021-12-13 15:00:00,3.0997166666666667,3.0888166666666668,266.6616666666667,299.90999
2021-12-13 16:00:00,3.066116666666667,3.054733333333333,268.30333333333334,322.80200499999995
2021-12-13 17:00:00,3.0145166666666667,3.005933333333333,270.2233333333333,317.37833500000005
2021-12-13 18:00:00,2.9724500000000003,2.9647833333333335,266.2883333333333,324.3130566666667
2021-12-13 19:00:00,2.9337333333333335,2.9262666666666663,263.915,306.062385
2021-12-13 20:00:00,2.9003333333333337,2.8932999999999995,262.48833333333334,314.47348
2021-12-13 21:00:00,2.8608166666666666,2.863983333333333,320.52833333333336,363.12529166666667
2021-12-13 22:00:00,2.8247500000000003,2.829816666666667,331.05333333333334,300.9446583333333
2021-12-13 23:00:00,2.87035,2.8689166666666663,331.3683333333333,255.5067
2021-12-14 00:00:00,2.9099333333333335,2.9043166666666664,365.0566666666667,264.0144483333333
2021-12-14 01:00:00,2.9981500000000003,2.9826833333333336,392.64166666666665,252.73951666666665
2021-12-14 02:00:00,3.0929833333333336,3.0766833333333334,397.78,214.17095666666668
2021-12-14 03:00:00,3.2194833333333337,3.1997666666666666,396.68833333333333,208.63918833333335
2021-12-14 04:00:00,3.3396666666666666,3.3183166666666666,390.2133333333333,170.38719
2021-12-14 05:00:00,3.4951999999999996,3.4701999999999997,393.31666666666666,144.64759666666666
2021-12-14 06:00:00,3.6424833333333333,3.6129000000000002,340.99,175.57129666666665
2021-12-14 07:00:00,3.6957166666666668,3.655733333333333,271.06666666666666,276.0558866666667
2021-12-14 08:00:00,3.6336999999999997,3.58845,269.375,398.6189383333333
2021-12-14 09:00:00,3.5556166666666664,3.5139833333333335,265.685,313.28421999999995
2021-12-14 10:00:00,3.5366833333333334,3.4959833333333337,268.095,285.4564066666666
2021-12-14 11:00:00,3.4993666666666665,3.467833333333333,214.315,309.68001166666664
2021-12-14 12:00:00,3.405666666666667,3.379233333333333,203.60833333333332,315.1762366666666
2021-12-14 13:00:00,3.3437333333333332,3.3183166666666666,215.23,270.0879366666667
2021-12-14 14:00:00,3.2979166666666666,3.2774,228.82333333333332,298.9710166666666
2021-12-14 15:00:00,3.2295333333333334,3.21035,229.11833333333334,332.34315
2021-12-14 16:00:00,3.1574666666666666,3.13805,231.33333333333334,363.57192833333335
2021-12-14 17:00:00,3.0405666666666664,3.0245666666666664,228.67666666666668,395.05353
2021-12-14 18:00:00,2.928733333333333,2.9142,228.36666666666667,337.42965499999997
2021-12-14 19:00:00,2.8422,2.827833333333333,228.07333333333332,386.20078333333333
2021-12-14 20:00:00,2.7329333333333334,2.719133333333333,229.315,357.9973616666667
2021-12-14 21:00:00,2.6757166666666667,2.6810833333333335,352.4216666666667,339.93076833333333
2021-12-14 22:00:00,2.65395,2.6713333333333336,362.84666666666664,365.81549
2021-12-14 23:00:00,2.6856999999999998,2.6916,362.1666666666667,263.0323466666667
2021-12-15 00:00:00,2.7763666666666666,2.7733833333333333,368.28499999999997,190.61434
2021-12-15 01:00:00,2.8977500000000003,2.892933333333333,372.69166666666666,169.32710833333334
2021-12-15 02:00:00,3.035166666666667,3.0263166666666668,371.1933333333333,140.096465
2021-12-15 03:00:00,3.1884,3.1765166666666667,371.35,123.68419833333333
2021-12-15 04:00:00,3.343933333333333,3.3305833333333337,370.49833333333333,125.02889
2021-12-15 05:00:00,3.4897833333333335,3.47645,370.845,147.53402333333332
2021-12-15 06:00:00,3.6061,3.5955,336.98333333333335,203.55640666666667
2021-12-15 07:00:00,3.6054833333333334,3.60845,297.22666666666663,378.81031333333334
2021-12-15 08:00:00,3.5101166666666668,3.521466666666667,295.06,401.4758483333334
2021-12-15 09:00:00,3.4248196721311475,3.431065573770492,283.0262295081967,338.7183081967213
2021-12-15 10:00:00,3.3981666666666666,3.4028666666666667,294.62166666666667,343.69658999999996
2021-12-15 11:00:00,3.3514666666666666,3.3570833333333336,293.7816666666667,337.983485
2021-12-15 12:00:00,3.3045,3.308333333333333,292.26500000000004,310.6361033333333
2021-12-15 13:00:00,3.3106333333333335,3.3074999999999997,292.545,248.07016166666665
2021-12-15 14:00:00,3.33015,3.3264333333333336,291.23333333333335,246.58584833333333
2021-12-15 15:00:00,3.342433333333333,3.3391333333333337,293.02333333333337,278.56162166666667
2021-12-15 16:00:00,3.3331833333333334,3.3317,294.65999999999997,262.54898
2021-12-15 17:00:00,3.3385333333333334,3.3387000000000002,295.02333333333337,326.14216
2021-12-15 18:00:00,3.2685,3.27805,294.39833333333337,374.82460166666664
2021-12-15 19:00:00,3.183,3.19525,291.37,394.6717433333333
2021-12-15 20:00:00,3.1395166666666667,3.144233333333333,289.46,308.41052666666667
2021-12-15 21:00:00,3.075616666666667,3.08935,290.97,441.565955
2021-12-15 22:00:00,2.9544,2.9687333333333332,289.12833333333333,370.10465833333336
2021-12-15 23:00:00,2.9247,2.9286000000000003,287.1,283.2933233333333
2021-12-16 00:00:00,2.9435,2.9396,290.6183333333333,215.6666
2021-12-16 01:00:00,2.9937,2.9867333333333335,292.72833333333335,174.662195
2021-12-16 02:00:00,3.0849333333333333,3.071083333333333,295.1983333333334,129.015645
2021-12-16 03:00:00,3.1890666666666667,3.174116666666667,295.83,125.01326833333333
2021-12-16 04:00:00,3.293433333333333,3.2764333333333338,295.48833333333334,127.405935
2021-12-16 05:00:00,3.3832999999999998,3.3685166666666664,294.5933333333333,151.71125833333332
2021-12-16 06:00:00,3.463216666666667,3.4480333333333335,294.49833333333333,174.53369833333332
2021-12-16 07:00:00,3.487083333333333,3.48335,291.615,287.910325
2021-12-16 08:00:00,3.4555833333333337,3.4568999999999996,291.2916666666667,357.87754666666666
2021-12-16 09:00:00,3.3922666666666665,3.3947999999999996,289.635,337.145555
2021-12-16 10:00:00,3.4294166666666666,3.3754666666666666,358.1316666666667,286.03052
2021-12-16 11:00:00,3.51865,3.4376333333333333,394.20166666666665,257.6504
2021-12-16 12:00:00,3.5546166666666665,3.4859500000000003,273.78499999999997,291.0385
2021-12-16 13:00:00,3.49595,3.4468166666666664,210.03,258.51127166666663
2021-12-16 14:00:00,3.4311166666666666,3.381066666666667,202.16333333333333,331.3397483333334
2021-12-16 15:00:00,3.316216666666667,3.265733333333333,203.07666666666668,361.6989116666667
2021-12-16 16:00:00,3.20485,3.1568666666666667,204.88500000000002,337.4680466666667
2021-12-16 17:00:00,3.0753833333333334,3.02345,206.92666666666668,414.12624666666665
2021-12-16 18:00:00,2.9230500000000004,2.873483333333333,209.47333333333333,391.23723666666666
2021-12-16 19:00:00,2.795666666666667,2.7481500000000003,210.32000000000002,353.1256583333333
2021-12-16 20:00:00,2.7111500000000004,2.6696166666666667,210.3,284.256855
2021-12-16 21:00:00,2.6427666666666667,2.599883333333333,211.56166666666667,336.08044333333333
2021-12-16 22:00:00,2.5500499999999997,2.5112333333333337,205.64666666666665,274.88552
2021-12-16 23:00:00,2.51545,2.485183333333333,289.64833333333337,216.029565
2021-12-17 00:00:00,2.6458166666666667,2.6420833333333333,508.71666666666664,179.521385
2021-12-17 01:00:00,2.86665,2.8579833333333338,515.5033333333333,150.77812666666665
2021-12-17 02:00:00,3.10645,3.0928666666666667,510.96500000000003,132.77735666666666
2021-12-17 03:00:00,3.349683333333333,3.333083333333333,508.815,120.649435
2021-12-17 04:00:00,3.5923333333333334,3.5719833333333333,508.13,130.59206
2021-12-17 05:00:00,3.8314000000000004,3.809483333333333,506.97,139.834475
2021-12-17 06:00:00,3.9577666666666667,3.916733333333333,215.37,285.09816333333333
2021-12-17 07:00:00,3.8409,3.793966666666667,181.49666666666664,348.9991283333333
2021-12-17 08:00:00,3.7207166666666667,3.677966666666667,198.30833333333334,335.22818
2021-12-17 09:00:00,3.6095333333333333,3.576516666666667,232.96,363.7635283333333
2021-12-17 10:00:00,3.5252666666666665,3.4925333333333333,232.02833333333334,328.60880333333336
2021-12-17 11:00:00,3.4273833333333332,3.39695,229.39333333333335,360.0064933333333
2021-12-17 12:00:00,3.3383,3.309466666666667,229.13166666666666,326.14767333333333
2021-12-17 13:00:00,3.2628833333333334,3.2344166666666667,229.87666666666667,316.9168633333333
2021-12-17 14:00:00,3.1763666666666666,3.1492500000000003,230.71166666666667,344.439555
2021-12-17 15:00:00,3.1197500000000002,3.0939833333333335,230.35833333333332,262.915
2021-12-17 16:00:00,3.0952333333333333,3.0700999999999996,234.09,252.21416166666668
2021-12-17 17:00:00,3.0479833333333333,3.0237333333333334,235.78,286.08255166666663
2021-12-17 18:00:00,3.0094166666666666,2.9873833333333333,223.19166666666666,301.84220666666664
2021-12-17 19:00:00,3.071,3.062,0.0,0.0
2021-12-17 20:00:00,3.071,3.062,0.0,0.0
2021-12-17 21:00:00,3.071,3.062,0.0,0.0
2021-12-17 22:00:00,3.071,3.062,0.0,0.0
2021-12-17 23:00:00,2.759516666666667,2.75365,252.90666666666667,203.58995666666667
2021-12-18 00:00:00,2.7192833333333337,2.7237,373.9816666666667,230.67131166666667
2021-12-18 01:00:00,2.816016666666667,2.8148833333333334,371.51166666666666,190.70412333333334
2021-12-18 02:00:00,2.9415,2.934766666666667,368.89833333333337,147.09083666666666
2021-12-18 03:00:00,3.089,3.078033333333333,373.15833333333336,130.29723166666665
2021-12-18 04:00:00,3.24025,3.2281166666666667,372.3183333333333,134.31433666666666
2021-12-18 05:00:00,3.3821333333333334,3.3711333333333333,370.6566666666667,172.26538333333335
2021-12-18 06:00:00,3.5022666666666664,3.4909833333333333,377.62333333333333,161.09729166666665
2021-12-18 07:00:00,3.61395,3.6056666666666666,358.77166666666665,228.23684666666668
2021-12-18 08:00:00,3.63545,3.6229333333333336,262.62333333333333,278.51176833333335
2021-12-18 09:00:00,3.592033333333333,3.581733333333333,262.6166666666667,349.2658016666667
2021-12-18 10:00:00,3.465883333333333,3.4629833333333333,262.265,452.81023166666665
2021-12-18 11:00:00,3.348183333333333,3.3431,259.0833333333333,387.14222333333333
2021-12-18 12:00:00,3.27895,3.27015,256.635,319.13900666666666
2021-12-18 13:00:00,3.1896166666666668,3.1841166666666667,256.85833333333335,379.24775500000004
2021-12-18 14:00:00,3.1065166666666664,3.1006666666666667,256.1716666666667,345.31714999999997
2021-12-18 15:00:00,3.0272833333333335,3.0233333333333334,252.64333333333335,369.57779500000004
2021-12-18 16:00:00,2.95525,2.9500499999999996,253.36333333333332,319.48490166666664
2021-12-18 17:00:00,2.8889666666666667,2.8837166666666665,252.22,303.1839616666667
2021-12-18 18:00:00,2.8730333333333333,2.86365,253.54166666666666,240.36511833333333
2021-12-18 19:00:00,2.8578166666666664,2.85105,257.6433333333333,303.82887166666666
2021-12-18 20:00:00,2.7863166666666666,2.78395,256.13666666666666,339.34531
2021-12-18 21:00:00,2.74065,2.7357333333333336,251.47,270.93161
2021-12-18 22:00:00,2.7286,2.71865,286.125,271.4005216666667
2021-12-18 23:00:00,2.7303333333333333,2.720266666666667,289.22166666666664,294.4624416666667
2021-12-19 00:00:00,2.7104,2.7009,290.0466666666667,262.69186333333334
2021-12-19 01:00:00,2.7374333333333336,2.7256833333333335,292.46,222.815595
2021-12-19 02:00:00,2.7798000000000003,2.7656,293.0866666666667,194.10658999999998
2021-12-19 03:00:00,2.8568,2.8403666666666667,293.03499999999997,137.60464166666668
2021-12-19 04:00:00,2.9549000000000003,2.9373,290.085,134.21989333333332
2021-12-19 05:00:00,3.0458333333333334,3.02805,314.4066666666667,155.98017333333334
2021-12-19 06:00:00,3.2826999999999997,3.245566666666667,662.2183333333334,194.25924500000002
2021-12-19 07:00:00,3.5155000000000003,3.46905,509.57666666666665,227.58733833333332
2021-12-19 08:00:00,3.667266666666667,3.6152666666666664,484.05833333333334,277.94934666666666
2021-12-19 09:00:00,3.6828833333333337,3.635566666666667,231.92333333333332,375.041085
2021-12-19 10:00:00,3.56795,3.5279499999999997,198.50666666666666,294.469005
2021-12-19 11:00:00,3.49395,3.4547499999999998,200.41666666666666,304.40110666666664
2021-12-19 12:00:00,3.383983333333333,3.3438999999999997,198.11499999999998,361.13276833333333
2021-12-19 13:00:00,3.27485,3.2365333333333335,198.00166666666667,313.541585
2021-12-19 14:00:00,3.1952833333333337,3.158866666666667,197.81833333333333,320.7580466666667
2021-12-19 15:00:00,3.0637,3.0248166666666667,197.89166666666668,382.97601166666664
2021-12-19 16:00:00,2.939333333333333,2.9013333333333335,199.99333333333334,365.9719666666667
2021-12-19 17:00:00,2.8247833333333334,2.79645,237.96166666666667,380.94132833333333
2021-12-19 18:00:00,2.6889166666666666,2.66025,236.47,418.86854166666666
2021-12-19 19:00:00,2.5645333333333338,2.539266666666667,237.03,403.0941916666667
2021-12-19 20:00:00,2.4273833333333332,2.4015,242.08166666666665,400.5832283333333
2021-12-19 21:00:00,2.330366666666667,2.3057000000000003,240.39666666666665,364.17257333333333
2021-12-19 22:00:00,2.2516000000000003,2.2300833333333334,239.78,261.7899283333333
2021-12-19 23:00:00,2.2549833333333336,2.2345833333333336,243.79,216.44756999999998
2021-12-20 00:00:00,2.28385,2.2620333333333336,360.5883333333333,180.26655166666666
2021-12-20 01:00:00,2.478733333333333,2.4661666666666666,520.3183333333333,147.57099666666667
2021-12-20 02:00:00,2.7121500000000003,2.694866666666667,517.1466666666666,156.046245
2021-12-20 03:00:00,2.9525333333333332,2.9335333333333335,521.4783333333334,127.52649166666667
2021-12-20 04:00:00,3.20235,3.1806,517.8066666666667,132.75915666666666
2021-12-20 05:00:00,3.4354999999999998,3.4122666666666666,521.025,170.04099833333333
2021-12-20 06:00:00,3.624483333333333,3.6107666666666662,418.46666666666664,183.9485183333333
2021-12-20 07:00:00,3.696683333333333,3.704016666666667,373.6933333333333,325.60387833333334
2021-12-20 08:00:00,3.6764,3.6936000000000004,375.94,354.96247500000004
2021-12-20 09:00:00,3.7018,3.6996666666666664,294.6933333333333,277.155315
2021-12-20 10:00:00,3.6726,3.663116666666667,252.47166666666666,310.78337166666665
2021-12-20 11:00:00,3.6112666666666664,3.6043833333333333,253.89833333333334,348.0112383333333
2021-12-20 12:00:00,3.5119166666666666,3.5090166666666667,253.36,381.1859083333333
2021-12-20 13:00:00,3.4172833333333332,3.414283333333333,255.11333333333332,373.42787500000003
2021-12-20 14:00:00,3.307933333333333,3.3081,254.48333333333332,400.90334
2021-12-20 15:00:00,3.222366666666667,3.2180000000000004,254.62,316.2135866666667
2021-12-20 16:00:00,3.1910833333333333,3.1836166666666665,256.3183333333333,276.2346083333333
2021-12-20 17:00:00,3.1533666666666664,3.14695,252.11,277.128645
2021-12-20 18:00:00,3.1405499999999997,3.1326666666666667,252.54833333333332,258.1327483333333
2021-12-20 19:00:00,3.1023666666666667,3.0977166666666665,252.47666666666666,337.2544483333333
2021-12-20 20:00:00,3.0140666666666664,3.0141166666666668,256.94,352.0861883333334
2021-12-20 21:00:00,2.96475,2.9613,259.3366666666667,291.10075500000005
2021-12-20 22:00:00,2.906433333333333,2.9071,261.31,352.3385833333333
2021-12-20 23:00:00,2.8605500000000004,2.8589166666666666,262.8016666666667,263.78684333333337
2021-12-21 00:00:00,2.86425,2.85815,260.06333333333333,224.72077833333333
2021-12-21 01:00:00,2.8861,2.876716666666667,264.10333333333335,203.14189666666667
2021-12-21 02:00:00,2.9421000000000004,2.928716666666667,266.54333333333335,138.80618666666666
2021-12-21 03:00:00,3.0236333333333336,3.00735,261.26666666666665,121.76536833333333
2021-12-21 04:00:00,3.112616666666667,3.09545,285.27000000000004,123.39129666666666
2021-12-21 05:00:00,3.2480333333333333,3.2102833333333334,326.22666666666663,182.98128166666666
2021-12-21 06:00:00,3.335783333333333,3.29535,337.99833333333333,193.14947166666667
2021-12-21 07:00:00,3.3808999999999996,3.3318999999999996,335.3316666666667,355.594835
2021-12-21 08:00:00,3.324183333333333,3.27095,331.3383333333333,384.34400999999997
2021-12-21 09:00:00,3.2879833333333335,3.240016666666667,326.775,330.02775166666663
2021-12-21 10:00:00,3.27485,3.2276499999999997,327.4166666666667,313.6280683333333
2021-12-21 11:00:00,3.2654666666666667,3.218433333333333,322.1116666666667,308.76473833333336
2021-12-21 12:00:00,3.2843333333333335,3.2401,321.76166666666666,254.29077833333335
2021-12-21 13:00:00,3.3141833333333333,3.2689333333333335,322.6683333333333,279.32591833333333
2021-12-21 14:00:00,3.3120333333333334,3.262783333333333,322.80833333333334,330.2947883333334
2021-12-21 15:00:00,3.302833333333333,3.25555,324.43833333333333,285.5486916666667
2021-12-21 16:00:00,3.290433333333333,3.23955,325.7633333333333,371.8847666666667
2021-12-21 17:00:00,3.262183333333333,3.21385,322.955,318.94805833333334
2021-12-21 18:00:00,3.22405,3.1715,321.305,411.8081733333333
2021-12-21 19:00:00,3.16255,3.1118,324.30333333333334,347.3303383333333
2021-12-21 20:00:00,3.14875,3.10335,323.85499999999996,305.66353333333336
2021-12-21 21:00:00,3.1251166666666665,3.07465,326.2933333333333,347.605475
2021-12-21 22:00:00,3.0899,3.0568833333333334,240.3383333333333,268.68318
2021-12-21 23:00:00,3.0618,3.0340166666666666,237.51666666666668,242.80943
2021-12-22 00:00:00,3.0534833333333333,3.0252833333333333,240.69333333333333,231.72274833333333
2021-12-22 01:00:00,3.0502833333333332,3.023616666666667,240.93833333333333,209.12830333333335
2021-12-22 02:00:00,3.090116666666667,3.0614500000000002,238.89166666666668,132.005295
2021-12-22 03:00:00,3.1557,3.1273166666666667,239.915,126.97111166666667
2021-12-22 04:00:00,3.21555,3.1870666666666665,237.08666666666667,148.21165666666667
2021-12-22 05:00:00,3.2766499999999996,3.253516666666667,341.00333333333333,137.382205
2021-12-22 06:00:00,3.4799,3.4614,553.065,198.08602166666665
2021-12-22 07:00:00,3.6495,3.6357333333333335,549.1416666666667,339.19733333333335
2021-12-22 08:00:00,3.745966666666667,3.7361333333333335,544.765,402.8825683333333
2021-12-22 09:00:00,3.8149666666666664,3.8053833333333333,547.975,422.3690633333334
2021-12-22 10:00:00,3.9082166666666667,3.8929833333333335,544.865,317.58068000000003
2021-12-22 11:00:00,3.9668,3.9444666666666666,181.95,324.2973616666667
2021-12-22 12:00:00,3.7765166666666667,3.73265,23.878333333333334,318.90004500000003
2021-12-22 13:00:00,3.5950166666666665,3.5549000000000004,23.831666666666667,256.8196916666667
2021-12-22 14:00:00,3.416316666666667,3.37765,23.89,286.51800833333334
2021-12-22 15:00:00,3.308966666666667,3.3202166666666666,368.2133333333333,248.63484333333332
2021-12-22 16:00:00,3.38785,3.40155,262.6016666666667,286.6367166666667
2021-12-22 17:00:00,3.2946166666666667,3.2686166666666665,119.08833333333334,285.58694833333334
2021-12-22 18:00:00,3.1761166666666667,3.1508333333333334,117.56833333333334,317.96199666666666
2021-12-22 19:00:00,3.016016666666667,2.9932000000000003,117.02166666666668,345.28314500000005
2021-12-22 20:00:00,2.8429833333333336,2.8221166666666666,117.25,356.5098816666667
2021-12-22 21:00:00,2.6399833333333333,2.6209333333333333,116.9,446.7627816666666
2021-12-22 22:00:00,2.4012666666666664,2.385466666666667,117.045,418.16647
2021-12-22 23:00:00,2.2457833333333332,2.231533333333333,117.83833333333334,260.554865
2021-12-23 00:00:00,2.20565,2.2173666666666665,317.46666666666664,225.23248333333333
2021-12-23 01:00:00,2.271266666666667,2.282366666666667,317.22166666666664,170.10845333333333
2021-12-23 02:00:00,2.379166666666667,2.3875499999999996,324.1183333333333,130.65844333333334
2021-12-23 03:00:00,2.502666666666667,2.509916666666667,327.6166666666667,143.45097333333334
2021-12-23 04:00:00,2.6069000000000004,2.6087166666666666,311.21,140.47312333333332
2021-12-23 05:00:00,2.7085333333333335,2.7132666666666667,320.74666666666667,163.67157333333336
2021-12-23 06:00:00,2.7973166666666667,2.8016833333333335,320.02166666666665,190.331605
2021-12-23 07:00:00,2.8316333333333334,2.84715,314.98499999999996,301.5407666666667
2021-12-23 08:00:00,2.977116666666667,2.9653666666666667,771.6716666666667,296.51576
2021-12-23 09:00:00,3.271383333333333,3.2504833333333334,713.4058333333334,342.0116016666667
2021-12-23 10:00:00,3.354316666666667,3.3497833333333333,290.97,269.5370766666667
2021-12-23 11:00:00,3.354516666666667,3.3511333333333337,288.2133333333333,286.4489716666667
2021-12-23 12:00:00,3.34035,3.3375833333333333,287.71500000000003,276.50766833333336
2021-12-23 13:00:00,3.32,3.3192833333333334,282.6116666666667,332.03979
2021-12-23 14:00:00,3.252866666666667,3.2460666666666667,186.82833333333335,301.92917833333337
2021-12-23 15:00:00,3.15485,3.15455,181.73,333.9192033333333
2021-12-23 16:00:00,3.0300000000000002,3.0317999999999996,180.04666666666665,328.509835
2021-12-23 17:00:00,2.9132166666666666,2.9183666666666666,180.74833333333333,362.40911666666665
2021-12-23 18:00:00,2.7462,2.7582333333333335,183.43333333333334,421.491155
2021-12-23 19:00:00,2.6022499999999997,2.6127833333333332,186.68333333333334,354.106725
2021-12-23 20:00:00,2.4953999999999996,2.513933333333333,260.86,337.7158983333333
2021-12-23 21:00:00,2.4750333333333336,2.513233333333333,369.245,293.379615
2021-12-23 22:00:00,2.5077333333333334,2.5459166666666664,366.6116666666667,317.0188366666667
2021-12-23 23:00:00,2.5458166666666666,2.5760833333333335,369.96,237.74913
2021-12-24 00:00:00,2.6484333333333336,2.67245,366.935,206.39240333333333
2021-12-24 01:00:00,2.7428833333333333,2.763383333333333,367.8816666666667,196.67325
2021-12-24 02:00:00,2.8527,2.8725666666666667,369.69166666666666,181.74718333333334
2021-12-24 03:00:00,2.9691833333333335,2.9873499999999997,368.20166666666665,175.78595666666666
2021-12-24 04:00:00,3.0922666666666667,3.1068333333333333,368.7,154.39770666666666
2021-12-24 05:00:00,3.3264833333333335,3.2833166666666664,575.0074999999999,136.42808
2021-12-24 06:00:00,3.6045666666666665,3.55,490.755,187.80647333333334
2021-12-24 07:00:00,3.6265833333333335,3.6113500000000003,265.2133333333333,323.7415633333333
2021-12-24 08:00:00,3.5608166666666667,3.5484333333333336,265.89,345.707855
2021-12-24 09:00:00,3.5108333333333333,3.4970833333333333,262.45,320.12086999999997
2021-12-24 10:00:00,3.447016666666667,3.43505,260.885,314.35912
2021-12-24 11:00:00,3.4221500000000002,3.4071333333333333,263.29333333333335,269.6551216666667
2021-12-24 12:00:00,3.3962,3.3833333333333333,263.65,313.58687833333335
2021-12-24 13:00:00,3.3529666666666667,3.3404499999999997,264.09666666666664,298.39630500000004
2021-12-24 14:00:00,3.29095,3.2809166666666667,264.255,356.4497133333333
2021-12-24 15:00:00,3.21535,3.2070333333333334,264.785,358.4606983333333
2021-12-24 16:00:00,3.1321,3.1264,264.7733333333333,372.35952
2021-12-24 17:00:00,3.0384333333333333,3.0341666666666667,262.12666666666667,384.55569166666663
2021-12-24 18:00:00,2.9345833333333333,2.932466666666667,261.57166666666666,394.68068166666666
2021-12-24 19:00:00,2.8859666666666666,2.877133333333333,260.6716666666667,257.13686333333334
2021-12-24 20:00:00,2.85305,2.8468500000000003,260.9266666666667,311.08027500000003
2021-12-24 21:00:00,2.8074166666666667,2.8016666666666667,260.79833333333335,297.07838999999996
2021-12-24 22:00:00,2.796316666666667,2.7872166666666667,260.39500000000004,231.39468833333333
2021-12-24 23:00:00,2.8047833333333334,2.79595,260.535,254.09044166666666
2021-12-25 00:00:00,2.7884666666666664,2.7800000000000002,262.85,243.28606833333333
2021-12-25 01:00:00,2.8117333333333336,2.7988833333333334,260.93333333333334,189.22262166666667
2021-12-25 02:00:00,2.8669000000000002,2.8507000000000002,262.385,149.09914833333332
2021-12-25 03:00:00,2.9388666666666667,2.9231166666666666,265.5416666666667,135.12399166666668
2021-12-25 04:00:00,3.0193333333333334,3.002016666666667,265.39500000000004,132.24891333333332
2021-12-25 05:00:00,3.098583333333333,3.08085,263.84166666666664,139.630775
2021-12-25 06:00:00,3.1618666666666666,3.1447166666666666,265.365,177.30432666666667
2021-12-25 07:00:00,3.1998333333333333,3.184183333333333,260.1983333333333,222.28928833333333
2021-12-25 08:00:00,3.193966666666667,3.1822833333333334,265.03,281.907755
2021-12-25 09:00:00,3.126183333333333,3.1228,275.8433333333333,393.56923166666667
2021-12-25 10:00:00,3.02875,3.023083333333333,327.6766666666666,471.91578833333335
2021-12-25 11:00:00,2.9161833333333336,2.909283333333333,330.935,473.80885333333333
2021-12-25 12:00:00,2.8148833333333334,2.8084333333333333,330.57166666666666,428.2979016666667
2021-12-25 13:00:00,2.7604333333333333,2.75095,332.2866666666667,352.4784216666667
2021-12-25 14:00:00,2.7636833333333333,2.750983333333333,332.74666666666667,283.17815833333333
2021-12-25 15:00:00,2.7803,2.768733333333333,333.05,276.4942066666666
2021-12-25 16:00:00,2.8067166666666665,2.7939333333333334,334.87333333333333,282.37442666666664
2021-12-25 17:00:00,2.8258666666666667,2.8141833333333333,333.72999999999996,300.00069833333333
2021-12-25 18:00:00,2.8335333333333335,2.8224333333333336,331.4566666666667,296.5200716666667
2021-12-25 19:00:00,2.8507000000000002,2.838,329.06666666666666,264.7947466666667
2021-12-25 20:00:00,2.88995,2.8755499999999996,328.61333333333334,245.92303833333332
2021-12-25 21:00:00,2.8915,2.8802499999999998,327.96500000000003,358.40547833333335
2021-12-25 22:00:00,2.85405,2.844333333333333,329.26166666666666,340.61701833333336
2021-12-25 23:00:00,2.8801166666666664,2.8571833333333334,384.76500000000004,290.8715166666667
2021-12-26 00:00:00,2.9341999999999997,2.9081333333333332,390.9816666666667,268.262215
2021-12-26 01:00:00,3.023,2.997266666666667,397.99666666666667,197.45315833333333
2021-12-26 02:00:00,3.1682,3.140733333333333,397.4566666666667,150.545525
2021-12-26 03:00:00,3.3215833333333333,3.2938666666666667,393.54,143.23476833333334
2021-12-26 04:00:00,3.4856333333333334,3.4577166666666668,427.1383333333333,144.468145
2021-12-26 05:00:00,3.67095,3.6421166666666664,429.81666666666666,139.131415
2021-12-26 06:00:00,3.8411833333333334,3.8096666666666668,383.3666666666667,160.53204833333334
2021-12-26 07:00:00,3.8820333333333332,3.8489500000000003,152.37166666666664,211.80601833333333
2021-12-26 08:00:00,3.801083333333333,3.7692833333333335,157.07666666666668,286.19127000000003
2021-12-26 09:00:00,3.6957,3.6645333333333334,158.22,323.76968166666666
2021-12-26 10:00:00,3.5587166666666668,3.5388,196.4,379.97048
2021-12-26 11:00:00,3.3987666666666665,3.4150666666666667,252.12833333333336,421.61848000000003
2021-12-26 12:00:00,3.3166333333333333,3.3259333333333334,253.22166666666666,339.33267333333333
2021-12-26 13:00:00,3.2204166666666665,3.237216666666667,254.25,399.8085816666666
2021-12-26 14:00:00,3.124683333333333,3.1382166666666667,252.41333333333333,331.48116833333336
2021-12-26 15:00:00,3.069,3.0783,248.86666666666667,310.16846833333335
2021-12-26 16:00:00,3.0141833333333334,3.02485,249.905,335.60202666666663
2021-12-26 17:00:00,2.916633333333333,2.9354500000000003,247.04,368.7722916666667
2021-12-26 18:00:00,2.8433,2.8563,246.665,323.7735566666667
2021-12-26 19:00:00,2.7699333333333334,2.7836333333333334,243.995,347.19773833333335
2021-12-26 20:00:00,2.7057333333333333,2.7270666666666665,291.90999999999997,325.061165
2021-12-26 21:00:00,2.6885666666666665,2.7133166666666666,304.49666666666667,332.5834783333333
2021-12-26 22:00:00,2.6237,2.6584999999999996,311.06,356.504605
2021-12-26 23:00:00,2.6159166666666667,2.6396,312.49833333333333,282.84364999999997
2021-12-27 00:00:00,2.644066666666667,2.66195,314.415,234.63927166666664
2021-12-27 01:00:00,2.695333333333333,2.709883333333333,315.3383333333333,192.46827
2021-12-27 02:00:00,2.7943833333333337,2.8020833333333335,314.22666666666663,133.98323166666668
2021-12-27 03:00:00,2.9074,2.91335,314.61333333333334,127.84452333333334
2021-12-27 04:00:00,3.02595,3.0282833333333334,315.34000000000003,126.324085
2021-12-27 05:00:00,3.1363833333333333,3.1393,315.4133333333333,157.391605
2021-12-27 06:00:00,3.222466666666667,3.2377333333333334,384.6066666666667,217.78687333333335
2021-12-27 07:00:00,3.272583333333333,3.3128666666666664,402.435,353.87851166666667
2021-12-27 08:00:00,3.277133333333333,3.3064666666666667,334.17,335.9777633333333
2021-12-27 09:00:00,3.2420833333333334,3.2713666666666668,324.815,380.4704966666667
2021-12-27 10:00:00,3.19665,3.222666666666667,324.34833333333336,325.27669
2021-12-27 11:00:00,3.20975,3.2261,324.28333333333336,294.67579
2021-12-27 12:00:00,3.2171499999999997,3.2331833333333337,323.2933333333333,278.68888499999997
2021-12-27 13:00:00,3.2241833333333334,3.2431833333333335,321.62,319.2988516666667
2021-12-27 14:00:00,3.1997333333333335,3.2211333333333334,322.48499999999996,318.50716833333337
2021-12-27 15:00:00,3.22325,3.2353333333333336,323.0683333333333,259.53531833333335
2021-12-27 16:00:00,3.2367166666666667,3.2517833333333335,315.9066666666667,289.81833166666667
2021-12-27 17:00:00,3.21975,3.2415333333333334,315.775,331.89510666666666
2021-12-27 18:00:00,3.1783333333333332,3.2057833333333337,315.7916666666667,405.4170683333333
2021-12-27 19:00:00,3.0974,3.1293333333333333,314.48833333333334,396.7665883333333
2021-12-27 20:00:00,3.0286666666666666,3.0584833333333337,314.495,386.40479500000004
2021-12-27 21:00:00,2.9382333333333337,2.9770499999999998,317.635,461.6138216666667
2021-12-27 22:00:00,2.8474833333333334,2.88205,313.9216666666667,365.9114666666667
2021-12-27 23:00:00,2.8562000000000003,2.871866666666667,316.0,254.59947666666667
2021-12-28 00:00:00,2.8998833333333334,2.9098666666666664,316.8333333333333,208.65105833333334
2021-12-28 01:00:00,2.988183333333333,2.991133333333333,320.275,155.356705
2021-12-28 02:00:00,3.0755833333333333,3.0804,319.84833333333336,189.297975
2021-12-28 03:00:00,3.141566666666667,3.1378666666666666,255.31833333333333,183.939965
2021-12-28 04:00:00,3.1901333333333333,3.1755833333333334,233.43333333333334,141.29153166666669
2021-12-28 05:00:00,3.241216666666667,3.227883333333333,233.69666666666666,159.19494
2021-12-28 06:00:00,3.3035,3.2855,324.5083333333333,194.3583483333333
2021-12-28 07:00:00,3.3538666666666668,3.340216666666667,331.7583333333333,288.90698
2021-12-28 08:00:00,3.34375,3.3342,328.62166666666667,361.8560733333333
2021-12-28 09:00:00,3.3030833333333334,3.2938666666666667,325.2816666666667,337.71154666666666
2021-12-28 10:00:00,3.3011333333333335,3.288116666666667,327.51,292.97619166666664
2021-12-28 11:00:00,3.3037666666666667,3.2919833333333335,328.14833333333337,299.09188
2021-12-28 12:00:00,3.3187,3.30565,328.13,279.8006716666667
2021-12-28 13:00:00,3.327,3.3144,326.9266666666666,312.1685816666667
2021-12-28 14:00:00,3.3391333333333337,3.32565,329.43666666666667,276.55121333333335
2021-12-28 15:00:00,3.3600166666666667,3.34645,329.06666666666666,284.7579816666667
2021-12-28 16:00:00,3.36705,3.3556666666666666,331.1333333333333,326.34762166666667
2021-12-28 17:00:00,3.31465,3.3098666666666667,331.185,454.15538166666664
2021-12-28 18:00:00,3.2181833333333336,3.2135499999999997,326.4683333333333,420.52760333333333
2021-12-28 19:00:00,3.1552000000000002,3.1498666666666666,329.10833333333335,391.940165
2021-12-28 20:00:00,3.082466666666667,3.078116666666667,327.9916666666667,416.148865
2021-12-28 21:00:00,3.0315333333333334,3.0252499999999998,325.64166666666665,369.7920016666667
2021-12-28 22:00:00,3.0026333333333333,2.9945999999999997,326.95166666666665,300.2262166666667
2021-12-28 23:00:00,3.030266666666667,3.0194833333333335,328.02833333333336,249.04949166666665
2021-12-29 00:00:00,3.09755,3.082866666666667,331.32166666666666,188.26999166666667
2021-12-29 01:00:00,3.1871,3.1704,332.90166666666664,171.68203166666666
2021-12-29 02:00:00,3.2974166666666664,3.2766333333333333,334.07,148.83121833333334
2021-12-29 03:00:00,3.4060166666666665,3.3852333333333333,334.595,151.8188516666667
2021-12-29 04:00:00,3.5204,3.49755,334.64000000000004,157.43044666666668
2021-12-29 05:00:00,3.63255,3.6092166666666667,332.00166666666667,142.27190166666665
2021-12-29 06:00:00,3.7350666666666665,3.7125666666666666,326.2966666666667,180.79720666666665
2021-12-29 07:00:00,3.79485,3.7747,319.975,268.41640666666666
2021-12-29 08:00:00,3.7357666666666662,3.70595,238.86333333333332,401.96688
2021-12-29 09:00:00,3.6444166666666664,3.6125333333333334,239.38333333333333,325.81954666666667
2021-12-29 10:00:00,3.589916666666667,3.55985,239.09666666666666,281.59446
2021-12-29 11:00:00,3.5416666666666665,3.5107166666666667,238.06833333333333,306.3332316666667
2021-12-29 12:00:00,3.4587166666666667,3.428716666666667,238.42166666666665,357.838175
2021-12-29 13:00:00,3.36775,3.33865,238.52166666666665,370.5231483333333
2021-12-29 14:00:00,3.247383333333333,3.2211166666666666,238.54166666666666,400.13678833333336
2021-12-29 15:00:00,3.1663,3.1392,238.66666666666666,283.6520433333333
2021-12-29 16:00:00,3.122316666666667,3.0966333333333336,238.87,305.27113166666663
2021-12-29 17:00:00,3.0533,3.0275833333333333,237.4116666666667,335.5190983333333
2021-12-29 18:00:00,2.9890499999999998,2.964383333333333,237.68666666666667,279.30968
2021-12-29 19:00:00,2.93735,2.913483333333333,236.72833333333335,336.48762
2021-12-29 20:00:00,2.83965,2.8150833333333334,241.50166666666667,354.027005
2021-12-29 21:00:00,2.7839,2.759716666666667,240.71666666666667,280.8934116666667
2021-12-29 22:00:00,2.72525,2.7195000000000005,309.90999999999997,370.183805
2021-12-29 23:00:00,2.7044333333333332,2.7073666666666667,335.48333333333335,265.04164166666664
2021-12-30 00:00:00,2.7620833333333334,2.7581333333333333,336.3016666666666,221.6932633333333
2021-12-30 01:00:00,2.8371166666666667,2.8297499999999998,339.18333333333334,200.84418
2021-12-30 02:00:00,2.9237666666666664,2.9152,340.64666666666665,181.06501666666665
2021-12-30 03:00:00,3.029933333333333,3.0184833333333336,339.34166666666664,151.00304
2021-12-30 04:00:00,3.1555833333333334,3.1407833333333333,340.245,138.45770166666668
2021-12-30 05:00:00,3.2809833333333334,3.266033333333333,343.3666666666667,139.18864
2021-12-30 06:00:00,3.4015,3.3867166666666666,349.65333333333336,173.65767499999998
2021-12-30 07:00:00,3.4689166666666664,3.462683333333333,351.4916666666667,313.394905
2021-12-30 08:00:00,3.4633,3.4614666666666665,350.37333333333333,314.5214183333334
2021-12-30 09:00:00,3.4733,3.4703166666666667,347.375,320.63127833333334
2021-12-30 10:00:00,3.450216666666667,3.4533666666666667,346.97833333333335,415.864125
2021-12-30 11:00:00,3.3592166666666667,3.3661666666666665,348.9266666666666,419.4318533333333
2021-12-30 12:00:00,3.3636500000000003,3.358616666666667,351.47166666666664,276.53403833333334
2021-12-30 13:00:00,3.4012666666666664,3.395966666666667,350.2866666666667,280.81567333333334
2021-12-30 14:00:00,3.4251,3.41955,343.705,305.0625066666667
2021-12-30 15:00:00,3.4385499999999998,3.43315,350.0416666666667,307.70431666666667
2021-12-30 16:00:00,3.4244833333333333,3.4247,350.4633333333333,367.26662000000005
2021-12-30 17:00:00,3.420266666666667,3.4170333333333334,352.2316666666667,295.297165
2021-12-30 18:00:00,3.440366666666667,3.4376166666666665,348.69,337.99437166666667
2021-12-30 19:00:00,3.4193,3.4152833333333334,310.40333333333336,311.2433883333333
2021-12-30 20:00:00,3.4244,3.4154,307.5733333333334,277.73375166666665
2021-12-30 21:00:00,3.4257666666666666,3.4176,306.40999999999997,303.8097416666667
2021-12-30 22:00:00,3.3979333333333335,3.393066666666667,303.3366666666667,321.64414666666664
2021-12-30 23:00:00,3.395233333333333,3.3859833333333333,301.6666666666667,274.72039166666667
2021-12-31 00:00:00,3.3922166666666667,3.38445,302.93,297.79161166666665
2021-12-31 01:00:00,3.4113666666666664,3.401483333333333,304.01666666666665,247.57740166666665
2021-12-31 02:00:00,3.44215,3.4299000000000004,307.75166666666667,225.35454166666665
2021-12-31 03:00:00,3.507433333333333,3.4920833333333334,307.22,187.22302
2021-12-31 04:00:00,3.5802,3.5638,305.96500000000003,181.51349833333333
2021-12-31 05:00:00,3.6666166666666666,3.647383333333333,305.05833333333334,153.886445
2021-12-31 06:00:00,3.7503,3.7329333333333334,306.825,200.294675
2021-12-31 07:00:00,3.7854,3.772283333333333,305.0466666666667,263.34505
2021-12-31 08:00:00,3.7891,3.7794499999999998,305.56333333333333,308.3474816666667
2021-12-31 09:00:00,3.7588333333333335,3.7506,245.61166666666668,315.59868166666666
2021-12-31 10:00:00,3.672683333333333,3.668433333333333,211.82166666666666,319.591365
2021-12-31 11:00:00,3.5974333333333335,3.5938666666666665,212.87166666666664,306.567855
2021-12-31 12:00:00,3.5248166666666667,3.5216,213.025,323.8739766666667
2021-12-31 13:00:00,3.438483333333333,3.4376666666666664,213.24833333333333,352.4334816666667
2021-12-31 14:00:00,3.3213333333333335,3.3234833333333333,212.99833333333333,345.49114166666664
2021-12-31 15:00:00,3.2239833333333334,3.226516666666667,213.10166666666666,343.85686833333335
2021-12-31 16:00:00,3.134866666666667,3.1368666666666667,214.31833333333333,313.390615
2021-12-31 17:00:00,3.059883333333333,3.0630499999999996,213.33666666666667,354.88417833333335
2021-12-31 18:00:00,2.911016666666667,2.9241,217.52,395.06590166666666
2021-12-31 19:00:00,2.8050833333333336,2.814133333333333,216.29333333333335,353.7799783333333
2021-12-31 20:00:00,2.7171833333333333,2.7232,217.24166666666667,298.23738
2021-12-31 21:00:00,2.6891000000000003,2.704516666666667,386.76500000000004,319.8664583333333
2021-12-31 22:00:00,2.7579166666666666,2.7676666666666665,395.87333333333333,246.17944166666666
2021-12-31 23:00:00,2.8472999999999997,2.8551333333333333,395.57166666666666,248.997425
2022-01-01 00:00:00,2.94535,2.94795,387.34166666666664,202.37254833333333
2022-01-01 01:00:00,3.0583666666666667,3.05705,387.97166666666664,190.82196166666665
2022-01-01 02:00:00,3.1909833333333335,3.18505,390.2583333333333,172.80474
2022-01-01 03:00:00,3.3244333333333334,3.3178166666666664,389.40999999999997,161.74513666666664
2022-01-01 04:00:00,3.4780666666666664,3.4679166666666665,389.1716666666667,144.90477666666666
2022-01-01 05:00:00,3.6138166666666667,3.6070166666666665,391.49,186.41832333333332
2022-01-01 06:00:00,3.7195166666666664,3.7167833333333333,394.9483333333334,230.90765166666668
2022-01-01 07:00:00,3.810566666666667,3.8097,396.40166666666664,254.808685
2022-01-01 08:00:00,3.8648833333333332,3.8611999999999997,281.07666666666665,264.20784333333336
2022-01-01 09:00:00,3.8235666666666663,3.8212166666666665,243.31833333333333,313.54786333333334
2022-01-01 10:00:00,3.71915,3.7257666666666664,240.78166666666667,429.422045
2022-01-01 11:00:00,3.6189999999999998,3.620033333333333,238.75666666666666,312.60850833333336
2022-01-01 12:00:00,3.56715,3.5665666666666667,239.28333333333333,295.9371333333333
2022-01-01 13:00:00,3.4997,3.5022499999999996,241.42166666666665,333.5968233333333
2022-01-01 14:00:00,3.4322,3.434483333333333,242.12333333333333,314.1580983333333
2022-01-01 15:00:00,3.3744333333333336,3.37695,241.49333333333334,329.12
2022-01-01 16:00:00,3.2786833333333334,3.2882333333333333,240.60166666666666,394.727675
2022-01-01 17:00:00,3.153433333333333,3.1649833333333333,242.37666666666667,374.4684833333333
2022-01-01 18:00:00,3.0930000000000004,3.09735,244.99833333333333,290.9248783333333
2022-01-01 19:00:00,3.048016666666667,3.0517499999999997,241.59833333333333,309.504545
2022-01-01 20:00:00,2.9675833333333332,2.9766333333333335,249.56833333333333,345.10303
2022-01-01 21:00:00,2.9113166666666666,2.915116666666667,252.465,313.07106500000003
2022-01-01 22:00:00,2.8497,2.8544833333333335,254.05166666666668,304.11084166666666
2022-01-01 23:00:00,2.8451333333333335,2.8418666666666668,253.155,241.00246166666665
2022-01-02 00:00:00,2.828866666666667,2.8270333333333335,248.63833333333332,232.15698333333333
2022-01-02 01:00:00,2.862283333333333,2.8546,246.94666666666666,169.37712833333336
2022-01-02 02:00:00,2.9119,2.9019,248.35166666666666,162.37064666666666
2022-01-02 03:00:00,2.9699666666666666,2.958266666666667,247.56666666666666,143.052705
2022-01-02 04:00:00,3.0379333333333336,3.0253,248.92166666666665,132.32996500000002
2022-01-02 05:00:00,3.1113666666666666,3.097466666666667,250.06666666666666,134.549475
2022-01-02 06:00:00,3.2382833333333334,3.2261499999999996,473.6683333333333,145.83247
2022-01-02 07:00:00,3.46015,3.4506666666666663,522.6516666666668,213.999975
2022-01-02 08:00:00,3.6054166666666663,3.5815333333333332,364.43,246.30077
2022-01-02 09:00:00,3.6217333333333332,3.5819666666666667,294.6816666666667,327.50962
2022-01-02 10:00:00,3.5867666666666667,3.546183333333333,295.13,328.0236566666666
2022-01-02 11:00:00,3.53895,3.49715,295.28499999999997,349.08697166666667
2022-01-02 12:00:00,3.4631,3.4197166666666665,295.87833333333333,428.301315
2022-01-02 13:00:00,3.3772,3.3361500000000004,294.3833333333333,386.685915
2022-01-02 14:00:00,3.2934166666666664,3.252083333333333,291.315,398.13020500000005
2022-01-02 15:00:00,3.216016666666667,3.1765,292.73499999999996,369.74783833333333
2022-01-02 16:00:00,3.1739333333333333,3.1358,293.7866666666667,338.00225166666667
2022-01-02 17:00:00,3.115533333333333,3.0766,294.5933333333333,372.4653666666666
2022-01-02 18:00:00,3.0603833333333332,3.0237333333333334,291.39500000000004,353.1395866666666
2022-01-02 19:00:00,3.0261833333333334,2.991016666666667,290.5816666666667,286.04503166666666
2022-01-02 20:00:00,3.0205166666666665,2.985966666666667,290.9683333333333,284.59135833333335
2022-01-02 21:00:00,2.97955,2.9427166666666666,291.93666666666667,357.01529166666666
2022-01-02 22:00:00,2.96595,2.93265,290.6716666666667,234.60119666666665
2022-01-02 23:00:00,2.9969333333333332,2.96465,289.85833333333335,223.83674333333332
2022-01-03 00:00:00,3.0394666666666668,3.007633333333333,296.615,190.47779333333335
2022-01-03 01:00:00,3.1087166666666666,3.0762,299.915,171.91823333333332
2022-01-03 02:00:00,3.1804333333333332,3.1465,296.38,210.71831500000002
2022-01-03 03:00:00,3.2082833333333336,3.172483333333333,292.405,241.23232166666668
2022-01-03 04:00:00,3.229633333333333,3.1944833333333333,295.51,249.03559166666668
2022-01-03 05:00:00,3.2520666666666664,3.2177000000000002,290.72666666666663,223.10097833333333
2022-01-03 06:00:00,3.3040499999999997,3.2700666666666667,291.72333333333336,172.91200666666666
2022-01-03 07:00:00,3.3577999999999997,3.32275,291.2883333333333,253.43189333333333
2022-01-03 08:00:00,3.3348999999999998,3.2954,290.34166666666664,339.5860216666667
2022-01-03 09:00:00,3.2889666666666666,3.2514666666666665,294.06666666666666,343.31714833333336
2022-01-03 10:00:00,3.275,3.238,294.3,342.0811
2022-01-03 11:00:00,3.275,3.238,294.3,342.0811
2022-01-03 12:00:00,3.201516666666667,3.1677833333333334,288.27833333333336,307.07135166666666
2022-01-03 13:00:00,3.1677666666666666,3.13435,235.76333333333332,275.265015
2022-01-03 14:00:00,3.104016666666667,3.0717833333333333,162.40333333333334,296.28002333333336
2022-01-03 15:00:00,2.9531666666666667,2.9231166666666666,70.12666666666668,331.2123133333333
2022-01-03 16:00:00,2.8224918032786883,2.84727868852459,331.7114754098361,341.8004819672131
2022-01-03 17:00:00,2.7924166666666665,2.8277,344.195,349.1635483333333
2022-01-03 18:00:00,2.7876833333333333,2.820516666666667,342.34000000000003,329.46174333333335
2022-01-03 19:00:00,2.766433333333333,2.8038166666666666,343.12333333333333,372.8480666666666
2022-01-03 20:00:00,2.71705,2.7622166666666668,346.8433333333333,405.4525816666667
2022-01-03 21:00:00,2.6627,2.7067666666666668,344.07666666666665,376.1343233333333
2022-01-03 22:00:00,2.6705166666666664,2.6997333333333335,345.63666666666666,301.29168666666664
2022-01-03 23:00:00,2.6959166666666667,2.7251833333333333,349.30333333333334,238.82887166666666
2022-01-04 00:00:00,2.7938833333333335,2.809683333333333,351.3366666666667,175.04442333333333
2022-01-04 01:00:00,2.91565,2.9297166666666663,355.3566666666667,147.363335
2022-01-04 02:00:00,3.0500666666666665,3.0599833333333333,353.89500000000004,133.11308333333332
2022-01-04 03:00:00,3.1920833333333336,3.1999500000000003,353.9433333333333,126.12932333333333
2022-01-04 04:00:00,3.3343166666666666,3.3413666666666666,354.925,129.62253166666667
2022-01-04 05:00:00,3.4747166666666667,3.4806000000000004,354.45166666666665,134.80954
2022-01-04 06:00:00,3.6003499999999997,3.6078666666666668,354.4483333333334,180.14536166666667
2022-01-04 07:00:00,3.64435,3.6678,350.54,342.83918
2022-01-04 08:00:00,3.59305,3.598883333333333,255.8,375.0752616666667
2022-01-04 09:00:00,3.5099666666666667,3.4999833333333332,249.95666666666665,361.2830216666667
2022-01-04 10:00:00,3.4397499999999996,3.428933333333333,249.40333333333334,323.66137
2022-01-04 11:00:00,3.3719333333333332,3.3633,250.66666666666666,350.004825
2022-01-04 12:00:00,3.2928166666666665,3.2850666666666664,250.04333333333335,337.68136166666665
2022-01-04 13:00:00,3.216533333333333,3.209233333333333,250.77833333333334,337.77581
2022-01-04 14:00:00,3.183883333333333,3.1727166666666666,251.24333333333334,243.91276000000002
2022-01-04 15:00:00,3.1768,3.1649000000000003,249.11166666666668,249.56865000000002
2022-01-04 16:00:00,3.1388833333333332,3.13015,250.17166666666665,316.8926866666667
2022-01-04 17:00:00,3.093166666666667,3.0828333333333333,248.98333333333332,309.0978333333333
2022-01-04 18:00:00,3.01875,3.0124333333333335,249.46166666666667,360.21895333333333
2022-01-04 19:00:00,2.9252,2.9221166666666667,251.38166666666666,389.125355
2022-01-04 20:00:00,2.842,2.8395,294.8433333333333,334.13657166666667
2022-01-04 21:00:00,2.8094333333333332,2.757166666666667,289.87,393.8039066666667
2022-01-04 22:00:00,2.738116666666667,2.6872666666666665,288.5783333333333,331.9949883333333
2022-01-04 23:00:00,2.729633333333333,2.6853333333333333,297.84166666666664,259.48987
2022-01-05 00:00:00,2.7438166666666666,2.6984500000000002,300.3933333333333,259.4389433333333
2022-01-05 01:00:00,2.7664833333333334,2.723583333333333,299.065,228.96713666666668
2022-01-05 02:00:00,2.83095,2.793966666666667,299.05833333333334,135.328135
2022-01-05 03:00:00,2.935866666666667,2.9004333333333334,301.7033333333333,125.24239333333334
2022-01-05 04:00:00,3.04385,3.0068333333333332,299.78499999999997,132.78829333333334
2022-01-05 05:00:00,3.1436333333333333,3.10575,295.11333333333334,135.93223333333333
2022-01-05 06:00:00,3.2631666666666663,3.2531000000000003,544.8866666666667,225.18185166666666
2022-01-05 07:00:00,3.47815,3.4818333333333333,530.5516666666666,287.581115
2022-01-05 08:00:00,3.5134833333333333,3.5031833333333333,249.20833333333334,277.36506
2022-01-05 09:00:00,3.4627166666666667,3.4560000000000004,245.95499999999998,356.68238166666663
2022-01-05 10:00:00,3.405133333333333,3.3966166666666666,245.96666666666667,271.3197083333333
2022-01-05 11:00:00,3.376183333333333,3.367166666666667,246.51166666666668,272.174085
2022-01-05 12:00:00,3.360983333333333,3.3511333333333337,246.92999999999998,266.57437999999996
2022-01-05 13:00:00,3.3255333333333335,3.3171000000000004,247.73833333333332,289.17738166666663
2022-01-05 14:00:00,3.295866666666667,3.287783333333333,248.30166666666668,299.466925
2022-01-05 15:00:00,3.2114,3.209616666666667,247.4,382.14749333333333
2022-01-05 16:00:00,3.1215333333333333,3.1190333333333333,243.55833333333334,382.83712833333334
2022-01-05 17:00:00,2.995433333333333,2.9986333333333333,243.605,423.15553166666666
2022-01-05 18:00:00,2.88015,2.881266666666667,243.855,371.3807933333334
2022-01-05 19:00:00,2.7886499999999996,2.7889166666666667,243.56666666666666,344.91303
2022-01-05 20:00:00,2.7236,2.72255,244.45666666666665,306.87827333333337
2022-01-05 21:00:00,2.662183333333333,2.6639833333333334,243.85,360.1975316666667
2022-01-05 22:00:00,2.6136,2.603266666666667,329.175,284.2066966666667
2022-01-05 23:00:00,2.6655333333333333,2.6501499999999996,343.0,212.83524666666665
2022-01-06 00:00:00,2.761016666666667,2.7431166666666664,342.49833333333333,167.40515833333333
2022-01-06 01:00:00,2.8761,2.855766666666667,343.2183333333333,145.97795166666668
2022-01-06 02:00:00,3.00255,2.980433333333333,344.30333333333334,136.81085333333334
2022-01-06 03:00:00,3.1361166666666667,3.1124666666666667,346.85166666666663,125.63049
2022-01-06 04:00:00,3.2744,3.2493833333333333,346.89000000000004,125.79272666666667
2022-01-06 05:00:00,3.41005,3.3848166666666666,345.835,133.37242
2022-01-06 06:00:00,3.531,3.5058833333333337,344.06666666666666,186.60918333333333
2022-01-06 07:00:00,3.56525,3.545933333333333,343.0816666666667,356.62569666666667
2022-01-06 08:00:00,3.5388,3.5189166666666667,343.12333333333333,335.8691583333333
2022-01-06 09:00:00,3.5097,3.4920166666666663,342.5433333333333,418.528365
2022-01-06 10:00:00,3.4366,3.41955,342.6566666666667,408.69856999999996
2022-01-06 11:00:00,3.3928166666666666,3.37455,341.005,379.47050333333334
2022-01-06 12:00:00,3.35035,3.3338166666666664,342.17,383.73036833333333
2022-01-06 13:00:00,3.3367,3.3168333333333333,344.325,305.43138166666665
2022-01-06 14:00:00,3.350616666666667,3.33135,345.49,298.5624183333333
2022-01-06 15:00:00,3.3850333333333333,3.3644833333333333,346.8816666666667,253.74060833333334
2022-01-06 16:00:00,3.43555,3.413416666666667,324.6433333333333,262.13230166666665
2022-01-06 17:00:00,3.4576833333333337,3.4350333333333336,307.6616666666667,256.46475833333335
2022-01-06 18:00:00,3.4097333333333335,3.3816333333333333,169.24333333333334,367.8421983333334
2022-01-06 19:00:00,3.2716166666666666,3.2451,168.25166666666667,310.1381583333333
2022-01-06 20:00:00,3.18325,3.1564166666666664,168.57166666666666,262.88411666666667
2022-01-06 21:00:00,3.069366666666667,3.04545,166.19166666666666,413.85958666666664
2022-01-06 22:00:00,2.8940333333333332,2.872183333333333,167.35,341.975435
2022-01-06 23:00:00,2.8025499999999997,2.77985,178.40166666666667,279.3785483333333
2022-01-07 00:00:00,2.77885,2.7501666666666664,361.3233333333334,288.24312333333336
2022-01-07 01:00:00,2.8285666666666667,2.7887166666666667,342.3333333333333,248.71569333333335
2022-01-07 02:00:00,2.8973333333333335,2.8601,340.3566666666667,201.63029333333333
2022-01-07 03:00:00,2.986483333333333,2.9504333333333337,335.71,162.516635
2022-01-07 04:00:00,3.1086,3.072483333333333,344.5466666666667,132.80082833333333
2022-01-07 05:00:00,3.2358333333333333,3.2010333333333336,382.64500000000004,156.023905
2022-01-07 06:00:00,3.4027499999999997,3.378316666666667,480.62666666666667,175.49452000000002
2022-01-07 07:00:00,3.5822,3.5577666666666667,468.565,231.88122166666665
2022-01-07 08:00:00,3.6272666666666664,3.6117500000000002,240.7133333333333,277.4871316666667
2022-01-07 09:00:00,3.552583333333333,3.5437333333333334,241.67000000000002,365.8572316666667
2022-01-07 10:00:00,3.477633333333334,3.4673333333333334,241.78166666666667,305.08431
2022-01-07 11:00:00,3.439833333333333,3.427916666666667,241.46,271.75399
2022-01-07 12:00:00,3.3980333333333332,3.3873166666666665,241.4633333333333,308.12557
2022-01-07 13:00:00,3.3250333333333333,3.316133333333333,241.11833333333334,330.5434583333333
2022-01-07 14:00:00,3.2689166666666667,3.259583333333333,244.14,321.36456
2022-01-07 15:00:00,3.1856,3.1791833333333335,243.85166666666666,344.49912
2022-01-07 16:00:00,3.114833333333333,3.1080166666666664,243.98,343.03060166666666
2022-01-07 17:00:00,3.028716666666667,3.02475,245.99833333333333,363.9477716666667
2022-01-07 18:00:00,2.9383166666666667,2.9351833333333333,243.05333333333334,333.77148833333337
2022-01-07 19:00:00,2.8737333333333335,2.8709,246.57833333333335,342.81140500000004
2022-01-07 20:00:00,2.798283333333333,2.790116666666667,270.45166666666665,360.37853
2022-01-07 21:00:00,2.7697833333333337,2.7133833333333333,328.1,362.0166416666667
2022-01-07 22:00:00,2.7475,2.69345,327.98499999999996,303.3534833333333
2022-01-07 23:00:00,2.7797666666666667,2.7324833333333336,329.03333333333336,224.08304166666667
2022-01-08 00:00:00,2.8536166666666665,2.8125833333333334,329.625,174.86541
2022-01-08 01:00:00,2.9379666666666666,2.8943166666666666,329.415,187.93976666666669
2022-01-08 02:00:00,3.0418666666666665,3.0022,331.8833333333333,142.77540333333334
2022-01-08 03:00:00,3.1639166666666667,3.1221166666666664,330.38,132.98293333333334
2022-01-08 04:00:00,3.2857666666666665,3.2449333333333334,329.2183333333333,135.32531166666666
2022-01-08 05:00:00,3.40945,3.3663000000000003,338.3016666666666,141.91919000000001
2022-01-08 06:00:00,3.5613333333333332,3.53925,566.0616666666666,193.48876833333333
2022-01-08 07:00:00,3.7560999999999996,3.74415,357.745,242.22049166666665
2022-01-08 08:00:00,3.7044833333333336,3.706166666666667,240.56333333333333,373.8285666666667
2022-01-08 09:00:00,3.6015666666666664,3.6043333333333334,237.19666666666666,374.7871916666667
2022-01-08 10:00:00,3.4662,3.474883333333333,236.99166666666667,417.60266333333334
2022-01-08 11:00:00,3.356266666666667,3.3597333333333332,246.86333333333332,377.8113266666667
2022-01-08 12:00:00,3.2599,3.2635,247.61499999999998,377.06157333333334
2022-01-08 13:00:00,3.1853333333333333,3.1844333333333332,248.01833333333335,295.857385
2022-01-08 14:00:00,3.1538,3.15,246.78833333333333,263.71950166666664
2022-01-08 15:00:00,3.12955,3.12585,248.86166666666668,277.5740416666667
2022-01-08 16:00:00,3.05075,3.05585,248.215,392.83223999999996
2022-01-08 17:00:00,2.966416666666667,2.9690166666666666,248.29166666666666,332.365365
2022-01-08 18:00:00,2.8919,2.89705,248.58333333333334,355.70208333333335
2022-01-08 19:00:00,2.8123333333333336,2.8163666666666667,248.09833333333333,326.26773
2022-01-08 20:00:00,2.7753,2.7750166666666667,249.31333333333333,263.32168333333334
2022-01-08 21:00:00,2.72985,2.735266666666667,245.27166666666665,355.57646833333337
2022-01-08 22:00:00,2.663416666666667,2.6497499999999996,346.8383333333333,365.26311499999997
2022-01-08 23:00:00,2.6698333333333335,2.64265,376.425,324.65124000000003
2022-01-09 00:00:00,2.72565,2.700016666666667,377.4583333333333,242.48692333333335
2022-01-09 01:00:00,2.81935,2.7929666666666666,379.99,189.17368833333333
2022-01-09 02:00:00,2.9543666666666666,2.9278,376.325,143.62952833333333
2022-01-09 03:00:00,3.1012,3.07255,372.8433333333333,135.00768333333335
2022-01-09 04:00:00,3.248166666666667,3.2175833333333332,371.9616666666667,150.09460666666666
2022-01-09 05:00:00,3.37915,3.34825,372.64166666666665,155.17027666666667
2022-01-09 06:00:00,3.521066666666667,3.4879166666666666,373.10999999999996,144.87719333333334
2022-01-09 07:00:00,3.6576,3.6231166666666668,375.47999999999996,173.25634666666667
2022-01-09 08:00:00,3.7661000000000002,3.7302000000000004,343.26,231.41306500000002
2022-01-09 09:00:00,3.7360166666666665,3.696633333333333,172.75666666666666,306.5450783333333
2022-01-09 10:00:00,3.621483333333333,3.5826166666666666,171.965,378.716155
2022-01-09 11:00:00,3.4625833333333333,3.4242500000000002,170.70333333333335,375.0920016666667
2022-01-09 12:00:00,3.3251333333333335,3.289283333333333,169.04333333333335,353.7804783333333
2022-01-09 13:00:00,3.1693166666666666,3.1338500000000002,169.54333333333335,406.171745
2022-01-09 14:00:00,2.9985666666666666,2.9645333333333337,170.21833333333333,415.006445
2022-01-09 15:00:00,2.8339166666666666,2.801816666666667,169.82166666666666,364.93601
2022-01-09 16:00:00,2.6915833333333334,2.6616333333333335,165.95499999999998,374.68093000000005
2022-01-09 17:00:00,2.5498666666666665,2.523083333333333,160.95499999999998,355.86653
2022-01-09 18:00:00,2.4078999999999997,2.3805666666666667,182.45333333333335,332.08625666666666
2022-01-09 19:00:00,2.4530499999999997,2.4283833333333336,613.7316666666667,306.87692499999997
2022-01-09 20:00:00,2.621566666666667,2.5930000000000004,616.215,385.040065
2022-01-09 21:00:00,2.79005,2.76105,612.2099999999999,280.292085
2022-01-09 22:00:00,3.0068333333333332,2.9769,612.2099999999999,266.3022666666667
2022-01-09 23:00:00,3.1941833333333336,3.18095,478.4266666666666,243.86756
2022-01-10 00:00:00,3.3149661016949152,3.3097118644067796,386.3186440677966,198.85024915254237
2022-01-10 01:00:00,3.421766666666667,3.403116666666667,317.245,157.64289166666669
2022-01-10 02:00:00,3.5296833333333333,3.508016666666667,318.94166666666666,138.57860666666664
2022-01-10 03:00:00,3.6462,3.6235833333333334,320.3283333333333,138.01161666666667
2022-01-10 04:00:00,3.7552166666666666,3.7323,316.83,149.18308833333333
2022-01-10 05:00:00,3.851116666666667,3.8244333333333334,242.735,184.76853333333332
2022-01-10 06:00:00,3.77785,3.7323333333333335,51.70333333333333,285.2855183333333
2022-01-10 07:00:00,3.5916833333333336,3.544633333333333,54.22166666666667,373.89188666666666
2022-01-10 08:00:00,3.3682000000000003,3.36255,273.10166666666663,451.81487166666665
2022-01-10 09:00:00,3.2851333333333335,3.3016833333333335,275.78333333333336,362.42739
2022-01-10 10:00:00,3.1947166666666664,3.1703333333333332,136.175,332.52328166666666
2022-01-10 11:00:00,3.08195,3.07875,264.7266666666667,338.95313833333336
2022-01-10 12:00:00,3.0266,3.0350333333333332,291.51,318.37930166666666
2022-01-10 13:00:00,3.0255,3.02705,289.92333333333335,270.14288
2022-01-10 14:00:00,3.0283333333333333,3.0311166666666667,290.385,284.7639566666667
2022-01-10 15:00:00,2.99975,3.00795,291.42,335.71288333333337
2022-01-10 16:00:00,2.9631333333333334,2.970766666666667,293.375,307.73418166666664
2022-01-10 17:00:00,2.969266666666667,2.9702166666666665,287.42,251.65211333333335
2022-01-10 18:00:00,2.9644833333333334,2.96885,282.8283333333333,296.807165
2022-01-10 19:00:00,2.921783333333333,2.931833333333333,282.8433333333333,335.02753666666666
2022-01-10 20:00:00,2.8764166666666666,2.8855166666666667,282.04833333333335,364.8572066666667
2022-01-10 21:00:00,2.76665,2.78555,280.495,454.98662833333333
2022-01-10 22:00:00,2.6616833333333334,2.67725,282.475,357.9527716666667
2022-01-10 23:00:00,2.628333333333333,2.6372,284.63666666666666,300.99311833333337
2022-01-11 00:00:00,2.6004833333333335,2.6094500000000003,290.50333333333333,300.27797666666663
2022-01-11 01:00:00,2.644366666666667,2.640066666666667,292.2933333333333,150.74421666666666
2022-01-11 02:00:00,2.7382,2.7307166666666665,292.2883333333333,135.30718833333333
2022-01-11 03:00:00,2.83535,2.8259499999999997,294.575,134.88596333333334
2022-01-11 04:00:00,2.93555,2.926016666666667,291.60166666666663,129.14971833333334
2022-01-11 05:00:00,3.0333166666666664,3.0223500000000003,289.73333333333335,137.36469166666666
2022-01-11 06:00:00,3.16675,3.1651000000000002,531.355,211.29372
2022-01-11 07:00:00,3.3563666666666667,3.358083333333333,579.8583333333333,327.11978999999997
2022-01-11 08:00:00,3.5056000000000003,3.5067,531.8833333333333,335.92696166666667
2022-01-11 09:00:00,3.5403666666666664,3.4960166666666668,300.02000000000004,328.56967499999996
2022-01-11 10:00:00,3.5328166666666667,3.4831,305.0933333333333,284.47826333333336
2022-01-11 11:00:00,3.54645,3.49745,303.27166666666665,267.887275
2022-01-11 12:00:00,3.5558166666666664,3.506266666666667,303.245,272.27493833333335
2022-01-11 13:00:00,3.5572666666666666,3.5062333333333333,303.85499999999996,298.7942733333333
2022-01-11 14:00:00,3.527,3.4734333333333334,299.71666666666664,334.7397216666667
2022-01-11 15:00:00,3.518266666666667,3.46935,303.78499999999997,292.588715
2022-01-11 16:00:00,3.5076666666666667,3.45865,305.275,343.1846816666667
2022-01-11 17:00:00,3.49505,3.4444333333333335,300.3433333333333,323.85002333333335
2022-01-11 18:00:00,3.4268,3.36745,298.375,427.66727
2022-01-11 19:00:00,3.3543000000000003,3.301616666666667,298.1683333333333,331.90555666666666
2022-01-11 20:00:00,3.314983333333333,3.2630666666666666,298.335,367.76997166666666
2022-01-11 21:00:00,3.22735,3.1710833333333333,298.675,409.88875
2022-01-11 22:00:00,3.1771833333333332,3.12945,297.0183333333333,297.57817
2022-01-11 23:00:00,3.18715,3.1439833333333334,299.1816666666667,231.04523
2022-01-12 00:00:00,3.2278666666666664,3.18465,301.80333333333334,213.65465166666667
2022-01-12 01:00:00,3.2898666666666667,3.2483500000000003,302.10333333333335,175.17792833333334
2022-01-12 02:00:00,3.3695666666666666,3.32915,302.22333333333336,153.28774
2022-01-12 03:00:00,3.469266666666667,3.4304166666666664,303.3833333333333,130.78810166666668
2022-01-12 04:00:00,3.573983333333333,3.5334166666666667,300.40333333333336,148.75446666666667
2022-01-12 05:00:00,3.6563666666666665,3.61375,302.97,159.682635
2022-01-12 06:00:00,3.7428000000000003,3.69875,301.56666666666666,188.205195
2022-01-12 07:00:00,3.7780666666666667,3.7256500000000004,298.8383333333333,303.20881333333335
2022-01-12 08:00:00,3.7365833333333334,3.6800833333333336,302.655,361.11516666666665
2022-01-12 09:00:00,3.656573770491803,3.5988524590163933,299.5409836065574,413.0292098360656
2022-01-12 10:00:00,3.5704166666666666,3.514375,299.37083333333334,350.00848333333334
2022-01-12 11:00:00,3.5551666666666666,3.5032666666666668,305.17333333333335,321.45005000000003
2022-01-12 12:00:00,3.5364999999999998,3.4857,303.60333333333335,283.74450333333334
2022-01-12 13:00:00,3.5380333333333334,3.4874500000000004,304.1333333333333,302.2836116666667
2022-01-12 14:00:00,3.5397666666666665,3.4918666666666667,298.47666666666663,245.11575499999998
2022-01-12 15:00:00,3.5304333333333333,3.4961166666666665,201.035,238.51616333333334
2022-01-12 16:00:00,3.47695,3.4454,200.37166666666664,297.15606833333334
2022-01-12 17:00:00,3.3793333333333333,3.3482166666666666,199.36,370.40043499999996
2022-01-12 18:00:00,3.2369833333333333,3.20785,201.28833333333333,383.138785
2022-01-12 19:00:00,3.1380666666666666,3.09815,262.115,361.82700833333337
2022-01-12 20:00:00,3.0652166666666667,3.01925,267.005,383.5192866666667
2022-01-12 21:00:00,2.9560666666666666,2.907566666666667,269.09666666666664,431.15435333333335
2022-01-12 22:00:00,2.8506666666666667,2.8063166666666666,269.4116666666667,343.9571516666667
2022-01-12 23:00:00,2.8465166666666666,2.7965666666666666,348.04,259.792905
2022-01-13 00:00:00,2.9139833333333334,2.8624666666666667,358.62833333333333,225.56219166666668
2022-01-13 01:00:00,2.9930000000000003,2.9624333333333337,364.60833333333335,202.47407166666665
2022-01-13 02:00:00,3.1003166666666666,3.0879666666666665,365.07666666666665,135.74251333333333
2022-01-13 03:00:00,3.2462999999999997,3.2304999999999997,365.51,131.78703833333333
2022-01-13 04:00:00,3.3842833333333333,3.3703999999999996,366.10999999999996,157.90722
2022-01-13 05:00:00,3.5215,3.504,368.96,141.75765166666667
2022-01-13 06:00:00,3.65415,3.6377666666666664,369.03,177.12461166666665
2022-01-13 07:00:00,3.737016666666667,3.7284833333333336,373.51666666666665,284.54893166666665
2022-01-13 08:00:00,3.7328666666666668,3.727933333333333,237.79166666666666,314.02945833333337
2022-01-13 09:00:00,3.6386333333333334,3.63815,222.61666666666667,352.8183066666667
2022-01-13 10:00:00,3.56795,3.563816666666667,222.79333333333335,286.95994333333334
2022-01-13 11:00:00,3.5163,3.5107166666666667,221.20833333333334,284.2046716666666
2022-01-13 12:00:00,3.4705333333333335,3.4637000000000002,222.40333333333334,269.40297333333336
2022-01-13 13:00:00,3.4133,3.41065,223.01833333333335,325.33755
2022-01-13 14:00:00,3.3008333333333337,3.3065833333333337,222.82000000000002,411.17532833333337
2022-01-13 15:00:00,3.1833666666666667,3.1862666666666666,221.85166666666666,339.6212766666667
2022-01-13 16:00:00,3.1041000000000003,3.106733333333333,228.74666666666664,324.33274166666666
2022-01-13 17:00:00,3.01115,3.0166166666666667,229.92999999999998,387.62071000000003
2022-01-13 18:00:00,2.9009833333333335,2.9085166666666664,228.2866666666667,352.48084166666666
2022-01-13 19:00:00,2.8145499999999997,2.82005,223.69500000000002,316.9505633333334
2022-01-13 20:00:00,2.75615,2.7676166666666666,292.135,328.1505516666667
2022-01-13 21:00:00,2.7549166666666665,2.7748,342.9566666666667,308.54316833333337
2022-01-13 22:00:00,2.7513,2.7731,342.10499999999996,308.55713333333335
2022-01-13 23:00:00,2.80845,2.818433333333333,343.95166666666665,231.83454666666665
2022-01-14 00:00:00,2.8744333333333336,2.8828,345.35499999999996,204.94397666666666
2022-01-14 01:00:00,2.9628666666666663,2.96915,345.03333333333336,203.050655
2022-01-14 02:00:00,3.0660666666666665,3.0676166666666664,346.22666666666663,157.44357333333335
2022-01-14 03:00:00,3.17125,3.1745,347.435,174.617945
2022-01-14 04:00:00,3.296483333333333,3.2954,345.10999999999996,129.47353833333332
2022-01-14 05:00:00,3.4263833333333333,3.42295,346.0083333333333,156.59847
2022-01-14 06:00:00,3.5361333333333334,3.5326166666666667,350.23499999999996,173.96136166666665
2022-01-14 07:00:00,3.6178666666666666,3.6218,337.21,265.12991500000004
2022-01-14 08:00:00,3.593433333333333,3.6059666666666668,276.75,382.71625166666666
2022-01-14 09:00:00,3.48995,3.5093166666666664,274.5316666666667,417.97771666666665
2022-01-14 10:00:00,3.378033333333333,3.3988666666666663,273.4166666666667,405.1751683333333
2022-01-14 11:00:00,3.2986666666666666,3.3147333333333333,272.65833333333336,360.43571499999996
2022-01-14 12:00:00,3.206733333333333,3.227316666666667,274.85499999999996,402.9531983333334
2022-01-14 13:00:00,3.15855,3.1677166666666663,274.2366666666667,279.130245
2022-01-14 14:00:00,3.1521833333333333,3.1569333333333334,268.93833333333333,259.78917333333334
2022-01-14 15:00:00,3.1578,3.1612500000000003,269.6666666666667,245.888765
2022-01-14 16:00:00,3.1462999999999997,3.15655,274.225,326.63195333333334
2022-01-14 17:00:00,3.0686666666666667,3.08625,274.375,348.22230666666667
2022-01-14 18:00:00,3.033666666666667,3.0443166666666666,269.4133333333333,287.0396083333333
2022-01-14 19:00:00,3.0178000000000003,3.0260499999999997,267.67,306.235085
2022-01-14 20:00:00,2.9654000000000003,2.9798833333333334,269.795,317.17864333333335
2022-01-14 21:00:00,2.9332333333333334,2.9448,268.4616666666667,319.65708
2022-01-14 22:00:00,2.8779166666666667,2.885166666666667,289.81166666666667,349.27281166666666
2022-01-14 23:00:00,2.8655666666666666,2.84295,323.64500000000004,297.50253499999997
2022-01-15 00:00:00,2.8854166666666665,2.862283333333333,324.65333333333336,280.6724883333334
2022-01-15 01:00:00,2.9112333333333336,2.8886,324.3883333333333,257.17709833333333
2022-01-15 02:00:00,2.9661666666666666,2.942133333333333,321.31333333333333,194.48512833333334
2022-01-15 03:00:00,3.055266666666667,3.030933333333333,320.12333333333333,143.53315166666667
2022-01-15 04:00:00,3.17085,3.144633333333333,320.80333333333334,139.099425
2022-01-15 05:00:00,3.2814666666666668,3.2552000000000003,324.7933333333333,142.78637833333332
2022-01-15 06:00:00,3.3947999999999996,3.365866666666667,328.07166666666666,160.1476483333333
2022-01-15 07:00:00,3.4783833333333334,3.4502,325.5883333333333,227.02715333333333
2022-01-15 08:00:00,3.4895666666666667,3.4619,320.97,362.5914916666667
2022-01-15 09:00:00,3.4534000000000002,3.4262666666666663,323.8666666666667,329.63446
2022-01-15 10:00:00,3.4242333333333335,3.3971333333333336,324.0833333333333,350.24942666666664
2022-01-15 11:00:00,3.39825,3.370766666666667,319.92833333333334,331.1883383333333
2022-01-15 12:00:00,3.3972166666666666,3.3689833333333334,320.4316666666667,320.96237666666667
2022-01-15 13:00:00,3.35805,3.3317833333333335,318.10333333333335,379.6463916666667
2022-01-15 14:00:00,3.2965166666666668,3.2795166666666664,289.1683333333333,354.5931816666667
2022-01-15 15:00:00,3.2515,3.2346333333333335,284.885,334.47495499999997
2022-01-15 16:00:00,3.1924,3.1751666666666667,281.725,333.54451666666665
2022-01-15 17:00:00,3.1533,3.1364666666666663,281.9633333333333,334.02456166666667
2022-01-15 18:00:00,3.0949999999999998,3.0795833333333333,281.7,382.65999666666664
2022-01-15 19:00:00,3.00875,2.9941,280.495,370.54108
2022-01-15 20:00:00,2.9587166666666667,2.945,283.96500000000003,319.6314266666667
2022-01-15 21:00:00,2.9179833333333334,2.905466666666667,284.81166666666667,354.22108000000003
2022-01-15 22:00:00,2.87675,2.861083333333333,285.85999999999996,261.5029866666667
2022-01-15 23:00:00,2.9134,2.90395,337.53333333333336,242.75165833333332
2022-01-16 00:00:00,2.9662333333333333,2.95565,338.0066666666667,218.27740833333334
2022-01-16 01:00:00,3.0627833333333334,3.0470333333333333,339.0833333333333,161.9628483333333
2022-01-16 02:00:00,3.1754666666666664,3.157766666666667,339.59166666666664,150.25375166666666
2022-01-16 03:00:00,3.2976666666666667,3.2786,339.4933333333333,153.30585833333333
2022-01-16 04:00:00,3.3986666666666663,3.3809833333333335,340.6333333333333,182.2813766666667
2022-01-16 05:00:00,3.4935166666666664,3.4745333333333335,337.875,187.88243333333332
2022-01-16 06:00:00,3.573516666666667,3.55645,344.53333333333336,237.49948833333335
2022-01-16 07:00:00,3.653766666666667,3.6336166666666667,350.37,178.73759333333334
2022-01-16 08:00:00,3.702916666666667,3.6856166666666668,228.53166666666667,238.71511999999998
2022-01-16 09:00:00,3.6681833333333334,3.6534833333333334,224.26166666666668,264.84961833333335
2022-01-16 10:00:00,3.5953166666666667,3.58665,224.35166666666666,396.583945
2022-01-16 11:00:00,3.472166666666667,3.466466666666667,222.57166666666666,348.3219066666667
2022-01-16 12:00:00,3.38875,3.3815,221.88666666666668,313.7506133333334
2022-01-16 13:00:00,3.3113,3.304333333333333,218.54166666666666,357.1101816666667
2022-01-16 14:00:00,3.192533333333333,3.19045,218.34833333333333,386.64520166666665
2022-01-16 15:00:00,3.0584333333333333,3.0589500000000003,219.26833333333335,411.0618
2022-01-16 16:00:00,2.9061999999999997,2.91035,219.24666666666664,429.28627500000005
2022-01-16 17:00:00,2.7668833333333334,2.76775,217.82000000000002,383.7975483333333
2022-01-16 18:00:00,2.6601500000000002,2.66115,218.80333333333334,350.992475
2022-01-16 19:00:00,2.565316666666667,2.56665,217.05333333333334,339.77934
2022-01-16 20:00:00,2.4803,2.4888666666666666,286.52666666666664,361.61362166666663
2022-01-16 21:00:00,2.4438999999999997,2.45885,338.50166666666667,309.61786333333333
2022-01-16 22:00:00,2.4821000000000004,2.4900666666666664,338.71666666666664,266.27213666666665
2022-01-16 23:00:00,2.53535,2.5386499999999996,340.73333333333335,211.88254166666667
2022-01-17 00:00:00,2.6264166666666666,2.6236666666666664,346.68666666666667,178.88871166666667
2022-01-17 01:00:00,2.739516666666667,2.7346333333333335,349.09166666666664,161.22953666666666
2022-01-17 02:00:00,2.8462,2.8426166666666663,350.9266666666666,169.85259666666667
2022-01-17 03:00:00,2.977933333333333,2.9687333333333332,351.3066666666667,135.80813666666666
2022-01-17 04:00:00,3.114933333333333,3.103733333333333,351.46,131.99083166666665
2022-01-17 05:00:00,3.322666666666667,3.2864999999999998,572.6,137.01625333333334
2022-01-17 06:00:00,3.5940833333333333,3.5566000000000004,470.6766666666666,200.98205833333336
2022-01-17 07:00:00,3.632966666666667,3.6241166666666667,283.77166666666665,306.3984466666667
2022-01-17 08:00:00,3.552,3.5546333333333333,285.115,438.376735
2022-01-17 09:00:00,3.4495333333333336,3.4523333333333333,283.9683333333333,369.84226666666666
2022-01-17 10:00:00,3.3888833333333332,3.3898333333333333,282.25,359.13297
2022-01-17 11:00:00,3.2923666666666667,3.3001666666666667,282.4216666666667,468.96185333333335
2022-01-17 12:00:00,3.1683666666666666,3.1745500000000004,281.00333333333333,376.82309499999997
2022-01-17 13:00:00,3.1355666666666666,3.1336500000000003,280.34000000000003,283.9088433333333
2022-01-17 14:00:00,3.1347666666666663,3.1298833333333334,280.62166666666667,243.79788
2022-01-17 15:00:00,3.1310999999999996,3.1302000000000003,282.1066666666667,331.16064166666666
2022-01-17 16:00:00,3.109983333333333,3.1056666666666666,282.12333333333333,243.12928666666667
2022-01-17 17:00:00,3.11535,3.1132500000000003,284.96500000000003,295.31810666666667
2022-01-17 18:00:00,3.0901333333333336,3.08935,277.32,305.18369666666666
2022-01-17 19:00:00,3.047483333333333,3.0488500000000003,272.62333333333333,338.6970633333333
2022-01-17 20:00:00,3.013316666666667,3.0109333333333335,268.915,312.0847166666666
2022-01-17 21:00:00,2.9494833333333332,2.953883333333333,274.17,371.8867116666667
2022-01-17 22:00:00,2.910883333333333,2.9149499999999997,389.6116666666667,368.7348283333333
2022-01-17 23:00:00,2.9252333333333334,2.9279333333333333,392.21,334.089505
2022-01-18 00:00:00,2.971233333333333,2.9700166666666665,395.2866666666667,293.15121
2022-01-18 01:00:00,3.046183333333333,3.040516666666667,395.96,239.37343333333334
2022-01-18 02:00:00,3.1643166666666667,3.152733333333333,398.19166666666666,181.54041833333335
2022-01-18 03:00:00,3.323516666666667,3.30625,399.495,134.09596
2022-01-18 04:00:00,3.488316666666667,3.4699,396.12333333333333,143.144685
2022-01-18 05:00:00,3.65195,3.6315833333333334,396.7916666666667,142.68484500000002
2022-01-18 06:00:00,3.80395,3.783983333333333,395.38666666666666,178.98756666666668
2022-01-18 07:00:00,3.8889833333333335,3.8738,350.2366666666667,306.17638
2022-01-18 08:00:00,3.871966666666667,3.8327,233.725,327.40718333333336
2022-01-18 09:00:00,3.79635,3.7571999999999997,232.87333333333333,303.14256
2022-01-18 10:00:00,3.73805,3.69925,231.85,334.0867533333333
2022-01-18 11:00:00,3.6818999999999997,3.645033333333333,231.78833333333333,261.983535
2022-01-18 12:00:00,3.6483333333333334,3.6113,232.42166666666665,274.9089583333333
2022-01-18 13:00:00,3.6170166666666668,3.5801333333333334,232.93666666666667,276.7842733333334
2022-01-18 14:00:00,3.5587500000000003,3.52025,234.41,327.96781833333335
2022-01-18 15:00:00,3.4928666666666666,3.4556,237.20166666666668,345.19643
2022-01-18 16:00:00,3.380033333333333,3.3424833333333335,232.35333333333335,372.49704166666663
2022-01-18 17:00:00,3.3090333333333333,3.2738333333333336,232.005,316.91514
2022-01-18 18:00:00,3.23095,3.1957666666666666,233.63500000000002,348.4788566666667
2022-01-18 19:00:00,3.1319166666666667,3.0973333333333333,231.83166666666665,386.82924833333334
2022-01-18 20:00:00,3.0282666666666667,2.9943166666666667,229.35333333333335,379.37960833333335
2022-01-18 21:00:00,2.8991166666666666,2.8649,228.375,409.1427333333333
2022-01-18 22:00:00,2.7984166666666668,2.7688333333333333,231.515,302.02883333333335
2022-01-18 23:00:00,2.8082,2.7959,349.81166666666667,201.874525
2022-01-19 00:00:00,2.9033666666666664,2.8937999999999997,350.2183333333333,187.69186166666665
2022-01-19 01:00:00,2.9960999999999998,2.9856333333333334,349.36333333333334,182.76551166666667
2022-01-19 02:00:00,3.1214,3.1046666666666667,347.40333333333336,133.50662333333332
2022-01-19 03:00:00,3.2564166666666665,3.238583333333333,348.325,128.85642666666666
2022-01-19 04:00:00,3.3924833333333333,3.3745166666666666,349.10499999999996,143.55154666666667
2022-01-19 05:00:00,3.5184166666666665,3.4996,350.57,150.76292333333333
2022-01-19 06:00:00,3.634783333333333,3.6163499999999997,342.28333333333336,185.878355
2022-01-19 07:00:00,3.6235666666666666,3.58625,187.44333333333333,383.8237933333333
2022-01-19 08:00:00,3.4872666666666663,3.4651833333333335,272.1016666666667,400.93729333333334
2022-01-19 09:00:00,3.4063833333333333,3.388383333333333,272.63666666666666,332.19521999999995
2022-01-19 10:00:00,3.3451333333333335,3.3280833333333333,267.43,380.5597183333333
2022-01-19 11:00:00,3.2786166666666663,3.260883333333333,264.6483333333333,316.86571
2022-01-19 12:00:00,3.233433333333333,3.216,265.02000000000004,302.1052233333333
2022-01-19 13:00:00,3.20435,3.18685,263.995,294.2471616666666
2022-01-19 14:00:00,3.18865,3.16945,264.92,247.63235666666665
2022-01-19 15:00:00,3.178166666666667,3.1590833333333332,265.89666666666665,277.8034916666667
2022-01-19 16:00:00,3.1519666666666666,3.1346166666666666,267.165,315.362795
2022-01-19 17:00:00,3.1231333333333335,3.1058833333333333,268.05,277.37991
2022-01-19 18:00:00,3.08965,3.074183333333333,269.14166666666665,340.88776333333334
2022-01-19 19:00:00,2.999216666666667,2.98625,271.43333333333334,396.49156500000004
2022-01-19 20:00:00,2.9000666666666666,2.8873499999999996,268.075,433.671195
2022-01-19 21:00:00,2.7609500000000002,2.74915,263.005,473.06551
2022-01-19 22:00:00,2.65265,2.6395,263.82666666666665,322.52195666666665
2022-01-19 23:00:00,2.6216,2.6070166666666665,268.76166666666666,269.87209
2022-01-20 00:00:00,2.6212666666666666,2.6075999999999997,273.7416666666667,249.04904166666665
2022-01-20 01:00:00,2.6474333333333333,2.6322666666666668,274.49,182.18506833333333
2022-01-20 02:00:00,2.7213333333333334,2.7022333333333335,271.625,135.31417333333334
2022-01-20 03:00:00,2.8062166666666664,2.7868666666666666,272.0233333333333,130.52430833333332
2022-01-20 04:00:00,2.8930833333333337,2.874816666666667,272.8983333333333,131.01039
2022-01-20 05:00:00,2.9787833333333333,2.9596666666666667,272.2675,141.21373166666666
2022-01-20 06:00:00,3.2520333333333338,3.2487500000000002,481.7083333333333,183.92613
2022-01-20 07:00:00,3.5134,3.5291,440.18916666666667,342.1454966666667
2022-01-20 08:00:00,3.5151833333333333,3.5235166666666666,296.31166666666667,300.45617500000003
2022-01-20 09:00:00,3.4738333333333333,3.4880333333333335,291.5183333333333,339.37417166666665
2022-01-20 10:00:00,3.4294333333333333,3.44425,293.5366666666667,349.91966833333333
2022-01-20 11:00:00,3.41705,3.4216333333333333,292.4433333333333,253.500475
2022-01-20 12:00:00,3.4235333333333333,3.43,291.295,305.57272333333333
2022-01-20 13:00:00,3.40635,3.4132499999999997,291.77666666666664,283.36992666666663
2022-01-20 14:00:00,3.3667666666666665,3.3821,289.75333333333333,362.39174166666663
2022-01-20 15:00:00,3.323666666666667,3.3362833333333333,286.52333333333337,318.06084999999996
2022-01-20 16:00:00,3.265066666666667,3.2860500000000004,293.6633333333333,411.466615
2022-01-20 17:00:00,3.169766666666667,3.19305,289.81166666666667,385.81660166666666
2022-01-20 18:00:00,3.1122500000000004,3.131666666666667,289.21666666666664,379.75875666666667
2022-01-20 19:00:00,3.0304,3.052333333333333,287.3233333333334,366.73211333333336
2022-01-20 20:00:00,2.9877833333333332,3.0024333333333337,286.795,304.60807833333337
2022-01-20 21:00:00,2.9453166666666664,2.9659833333333334,286.2933333333333,386.69137666666666
2022-01-20 22:00:00,2.9042666666666666,2.91545,306.8366666666667,265.016115
2022-01-20 23:00:00,2.959616666666667,2.953316666666667,303.24833333333333,209.97966499999998
2022-01-21 00:00:00,3.0190166666666665,3.0054166666666666,290.55,178.74724333333333
2022-01-21 01:00:00,3.092016666666667,3.0775833333333336,291.21,181.01346666666666
2022-01-21 02:00:00,3.15095,3.1364500000000004,292.31,170.50132833333333
2022-01-21 03:00:00,3.2235500000000004,3.2085166666666667,292.65833333333336,184.02747166666668
2022-01-21 04:00:00,3.2882499999999997,3.2735,294.455,187.4219
2022-01-21 05:00:00,3.34605,3.3314333333333335,292.365,207.497335
2022-01-21 06:00:00,3.466933333333333,3.435983333333333,515.5783333333334,230.24269333333334
2022-01-21 07:00:00,3.5705833333333334,3.521733333333333,304.5733333333334,275.9815116666667
2022-01-21 08:00:00,3.5645000000000002,3.5159166666666666,290.945,310.4364766666667
2022-01-21 09:00:00,3.5189666666666666,3.4680666666666666,289.5933333333333,383.31744333333336
2022-01-21 10:00:00,3.4552166666666664,3.4128666666666665,248.265,269.8531483333333
2022-01-21 11:00:00,3.4343166666666667,3.394433333333333,241.00333333333336,257.1602966666667
2022-01-21 12:00:00,3.39845,3.35575,239.89333333333335,336.24028
2022-01-21 13:00:00,3.3079666666666667,3.264866666666667,241.47333333333333,371.2748383333334
2022-01-21 14:00:00,3.20875,3.1661833333333336,240.01000000000002,351.18037666666663
2022-01-21 15:00:00,3.1369,3.0969166666666665,243.62,327.0653683333333
2022-01-21 16:00:00,3.0633666666666666,3.02325,243.63666666666668,349.9605283333333
2022-01-21 17:00:00,2.9797833333333332,2.94015,242.69,338.1858766666667
2022-01-21 18:00:00,2.8906666666666667,2.8493333333333335,243.69166666666666,418.09936
2022-01-21 19:00:00,2.7877,2.7511333333333337,243.825,318.31923666666665
2022-01-21 20:00:00,2.7380666666666666,2.7026166666666667,244.58166666666665,274.62296833333335
2022-01-21 21:00:00,2.7001,2.6632833333333332,254.41666666666666,352.09390333333334
2022-01-21 22:00:00,2.6547666666666667,2.6392666666666664,357.295,289.4126783333333
2022-01-21 23:00:00,2.7150000000000003,2.6925833333333333,412.8066666666667,257.47432
2022-01-22 00:00:00,2.8438999999999997,2.8116166666666667,457.28,229.96919833333334
2022-01-22 01:00:00,3.007233333333333,2.97405,455.9433333333333,168.77305166666665
2022-01-22 02:00:00,3.1967166666666667,3.1638333333333337,435.5866666666667,148.08376833333332
2022-01-22 03:00:00,3.36345,3.335,389.3183333333333,132.98221999999998
2022-01-22 04:00:00,3.526216666666667,3.4968333333333335,391.00166666666667,134.7134333333333
2022-01-22 05:00:00,3.6822999999999997,3.6510333333333334,383.54833333333335,149.06899833333333
2022-01-22 06:00:00,3.811716666666667,3.7790666666666666,385.47333333333336,195.40059333333332
2022-01-22 07:00:00,3.9085166666666664,3.8794,299.59833333333336,221.57369666666668
2022-01-22 08:00:00,3.8946666666666667,3.8690333333333333,240.62833333333336,303.615755
2022-01-22 09:00:00,3.8114833333333333,3.7886499999999996,237.495,428.55407166666663
2022-01-22 10:00:00,3.6136,3.59595,236.48833333333332,536.5487566666667
2022-01-22 11:00:00,3.4480500000000003,3.4295833333333334,234.79666666666665,417.12714
2022-01-22 12:00:00,3.3328333333333333,3.3157,235.97,377.66909166666665
2022-01-22 13:00:00,3.2305333333333333,3.21275,241.63833333333332,378.238105
2022-01-22 14:00:00,3.149916666666667,3.1319,241.15166666666667,300.97042166666665
2022-01-22 15:00:00,3.1163833333333333,3.0984166666666666,240.74166666666667,278.98643166666665
2022-01-22 16:00:00,3.0760333333333336,3.0576,236.94333333333333,312.13678
2022-01-22 17:00:00,2.9987333333333335,2.9816999999999996,237.03166666666667,341.8103916666667
2022-01-22 18:00:00,2.9423000000000004,2.9260499999999996,236.96,275.8314383333333
2022-01-22 19:00:00,2.92395,2.9068666666666667,238.33666666666667,265.6652183333333
2022-01-22 20:00:00,2.8665000000000003,2.8568166666666666,262.915,371.95159666666666
2022-01-22 21:00:00,2.799516666666667,2.7898,269.315,306.5173433333333
2022-01-22 22:00:00,2.7773,2.76675,270.755,307.57934666666665
2022-01-22 23:00:00,2.7371333333333334,2.7273666666666667,270.13166666666666,284.08867833333335
2022-01-23 00:00:00,2.7138666666666666,2.705366666666667,268.14500000000004,325.55590666666666
2022-01-23 01:00:00,2.6750166666666666,2.667133333333333,275.43833333333333,280.19861000000003
2022-01-23 02:00:00,2.6925666666666666,2.6803833333333333,279.5316666666667,208.49152333333333
2022-01-23 03:00:00,2.740866666666667,2.7268,280.42,168.985485
2022-01-23 04:00:00,2.84845,2.8299000000000003,285.92893410852713,131.127685
2022-01-23 05:00:00,3.303433333333333,3.2779000000000003,385.8017441860465,137.76886000000002
2022-01-23 06:00:00,3.668766666666667,3.6414666666666666,252.338488372093,159.33432499999998
2022-01-23 07:00:00,3.667466666666667,3.641033333333333,198.505,241.96876666666668
2022-01-23 08:00:00,3.621983333333333,3.600616666666667,227.20333333333335,288.3993883333333
2022-01-23 09:00:00,3.55545,3.5520666666666667,231.38166666666666,343.981125
2022-01-23 10:00:00,3.4766,3.4744666666666664,222.92999999999998,301.04846333333336
2022-01-23 11:00:00,3.3851500000000003,3.3882666666666665,220.21166666666667,385.43879166666665
2022-01-23 12:00:00,3.2662,3.2706666666666666,216.29833333333332,375.87039666666664
2022-01-23 13:00:00,3.1629333333333336,3.165383333333333,219.59,330.7927266666667
2022-01-23 14:00:00,3.10075,3.0982833333333333,222.40666666666667,293.55465
2022-01-23 15:00:00,3.0351500000000002,3.0364166666666668,222.75666666666666,352.77213333333333
2022-01-23 16:00:00,2.9212166666666666,2.9283333333333332,223.125,394.00950166666667
2022-01-23 17:00:00,2.7875,2.7978333333333336,225.43666666666667,399.2774166666667
2022-01-23 18:00:00,2.686183333333333,2.6885499999999998,261.755,402.9980366666667
2022-01-23 19:00:00,2.5801333333333334,2.5816333333333334,260.2966666666667,380.2449516666667
2022-01-23 20:00:00,2.5032,2.5048000000000004,259.7,383.39739166666664
2022-01-23 21:00:00,2.3768499999999997,2.3840833333333333,258.58,444.096445
2022-01-23 22:00:00,2.3167666666666666,2.314633333333333,330.905,274.5171383333334
2022-01-23 23:00:00,2.3926166666666666,2.3873666666666664,366.1716666666667,208.68289833333333
2022-01-24 00:00:00,2.4985333333333335,2.4868333333333337,350.4266666666666,167.35741000000002
2022-01-24 01:00:00,2.6212,2.60765,352.15333333333336,146.58789333333334
2022-01-24 02:00:00,2.7554166666666666,2.7401166666666668,355.475,134.74597833333334
2022-01-24 03:00:00,2.8989833333333332,2.8813,355.15333333333336,128.221145
2022-01-24 04:00:00,3.0421166666666664,3.022666666666667,355.2133333333333,127.59982
2022-01-24 05:00:00,3.184766666666667,3.1644333333333337,367.6383333333333,144.19743
2022-01-24 06:00:00,3.3828833333333335,3.3390666666666666,689.0550000000001,275.61805666666663
2022-01-24 07:00:00,3.6645666666666665,3.62285,584.6866666666666,298.64661
2022-01-24 08:00:00,3.666633333333333,3.6802166666666665,321.28333333333336,361.46192333333335
2022-01-24 09:00:00,3.5946833333333337,3.6195333333333335,315.45166666666665,439.31098833333334
2022-01-24 10:00:00,3.5411333333333332,3.5567333333333333,317.07666666666665,327.92826833333334
2022-01-24 11:00:00,3.5125,3.5295833333333335,318.3883333333333,342.20321333333334
2022-01-24 12:00:00,3.508166666666667,3.5109666666666666,273.6383333333333,308.509175
2022-01-24 13:00:00,3.43845,3.4343833333333333,207.26833333333335,348.66212333333334
2022-01-24 14:00:00,3.3335,3.3088166666666665,125.41000000000001,288.16600666666665
2022-01-24 15:00:00,3.213016666666667,3.1882,125.565,289.58338
2022-01-24 16:00:00,3.0728166666666668,3.0509333333333335,125.86,376.1132816666667
2022-01-24 17:00:00,2.9019833333333334,2.8797,125.41333333333334,333.76042333333334
2022-01-24 18:00:00,2.7497666666666665,2.734783333333333,171.14333333333335,330.6692816666666
2022-01-24 19:00:00,2.687116666666667,2.6954,290.76666666666665,312.3121933333333
2022-01-24 20:00:00,2.654233333333333,2.6593666666666667,299.0566666666667,369.0842916666667
2022-01-24 21:00:00,2.58015,2.5868166666666665,299.10166666666663,375.36239666666665
2022-01-24 22:00:00,2.5966,2.57985,416.85999999999996,284.91421166666663
2022-01-24 23:00:00,2.692533333333333,2.66635,451.1316666666667,278.58366166666667
2022-01-25 00:00:00,2.796666666666667,2.7774,380.64500000000004,237.88383833333333
2022-01-25 01:00:00,2.860383333333333,2.8446833333333337,354.14666666666665,236.53491666666665
2022-01-25 02:00:00,2.9561166666666665,2.9356,350.2183333333333,150.51987
2022-01-25 03:00:00,3.09375,3.070666666666667,348.5316666666667,124.363445
2022-01-25 04:00:00,3.2293333333333334,3.205833333333333,348.43333333333334,143.74582666666666
2022-01-25 05:00:00,3.3475666666666664,3.3237333333333337,340.8016666666666,173.96715
2022-01-25 06:00:00,3.434266666666667,3.411583333333333,340.865,212.7890416666667
2022-01-25 07:00:00,3.4936333333333334,3.4715333333333334,337.80833333333334,272.73522333333335
2022-01-25 08:00:00,3.5070333333333332,3.4918666666666667,291.1983333333334,284.771685
2022-01-25 09:00:00,3.4512666666666667,3.4517,255.69333333333333,356.84399833333333
2022-01-25 10:00:00,3.3894,3.3891666666666667,255.89666666666665,327.28945
2022-01-25 11:00:00,3.3185833333333337,3.3216166666666664,259.1116666666667,353.3521
2022-01-25 12:00:00,3.2620666666666667,3.2636166666666666,260.575,345.12982833333336
2022-01-25 13:00:00,3.2087,3.2071666666666667,252.13833333333332,289.820805
2022-01-25 14:00:00,3.165133333333333,3.165133333333333,250.67166666666665,310.5908933333333
2022-01-25 15:00:00,3.1236666666666664,3.1229999999999998,251.80499999999998,288.6338483333333
2022-01-25 16:00:00,3.0966333333333336,3.09595,253.09,292.15867999999995
2022-01-25 17:00:00,3.0162166666666668,3.0260833333333332,252.37166666666664,431.12049666666667
2022-01-25 18:00:00,2.893133333333333,2.9041166666666665,252.13333333333333,354.1318533333333
2022-01-25 19:00:00,2.8441,2.8482333333333334,250.32333333333332,300.50692833333335
2022-01-25 20:00:00,2.8082,2.8167,290.64166666666665,312.3906816666667
2022-01-25 21:00:00,2.782233333333333,2.7967,301.60499999999996,358.945735
2022-01-25 22:00:00,2.71665,2.7371166666666666,301.97333333333336,345.0810333333333
2022-01-25 23:00:00,2.73365,2.73795,303.8316666666667,247.70009
2022-01-26 00:00:00,2.7801,2.780066666666667,305.47,194.292825
2022-01-26 01:00:00,2.8432833333333334,2.8431,306.09833333333336,207.545065
2022-01-26 02:00:00,2.9074833333333334,2.9043,304.8383333333333,193.17892333333333
2022-01-26 03:00:00,2.97955,2.975616666666667,308.68833333333333,178.75015
2022-01-26 04:00:00,3.078733333333333,3.0711999999999997,307.275,127.55187166666666
2022-01-26 05:00:00,3.1867500000000004,3.177916666666667,305.3233333333334,147.02897
2022-01-26 06:00:00,3.4717333333333333,3.45425,454.1666666666667,203.5052
2022-01-26 07:00:00,3.6140166666666667,3.5997166666666667,317.9216666666667,294.63915
2022-01-26 08:00:00,3.545166666666667,3.551,286.4266666666666,443.41519
2022-01-26 09:00:00,3.4497833333333334,3.45595,284.73499999999996,399.35686333333337
2022-01-26 10:00:00,3.3820333333333332,3.3853,285.0083333333333,318.0826133333333
2022-01-26 11:00:00,3.34815,3.3515333333333337,283.4683333333333,358.33486999999997
2022-01-26 12:00:00,3.30495,3.3044000000000002,284.5933333333333,295.7118933333333
2022-01-26 13:00:00,3.291,3.2895499999999998,283.3933333333333,288.96604
2022-01-26 14:00:00,3.2818833333333335,3.2799833333333335,284.30333333333334,287.747265
2022-01-26 15:00:00,3.2798166666666666,3.2763333333333335,285.405,272.2937933333333
2022-01-26 16:00:00,3.2789166666666665,3.2758166666666666,288.81333333333333,265.47609666666665
2022-01-26 17:00:00,3.2583166666666665,3.260266666666667,279.74666666666667,342.8366516666667
2022-01-26 18:00:00,3.21745,3.2201,282.26,327.7506716666667
2022-01-26 19:00:00,3.153716666666667,3.1604666666666663,280.77333333333337,382.31991999999997
2022-01-26 20:00:00,3.0786666666666664,3.085733333333333,277.675,392.554385
2022-01-26 21:00:00,2.96425,2.9796166666666664,282.28499999999997,457.7422533333333
2022-01-26 22:00:00,2.8504,2.8626833333333335,299.34000000000003,387.869195
2022-01-26 23:00:00,2.859166666666667,2.847,348.60333333333335,281.07455166666665
2022-01-27 00:00:00,2.9128166666666666,2.897383333333333,348.9616666666667,224.82744499999998
2022-01-27 01:00:00,2.9977500000000004,2.9791833333333333,351.30833333333334,182.290975
2022-01-27 02:00:00,3.122066666666667,3.1001666666666665,351.6433333333333,137.38748833333332
2022-01-27 03:00:00,3.2602333333333333,3.236483333333333,351.62833333333333,127.91629833333333
2022-01-27 04:00:00,3.40115,3.3770666666666664,350.7183333333333,129.28704833333333
2022-01-27 05:00:00,3.5349333333333335,3.5090500000000002,350.0383333333333,149.14673166666668
2022-01-27 06:00:00,3.6361666666666665,3.6121833333333333,347.69,219.24885666666665
2022-01-27 07:00:00,3.670666666666667,3.6533666666666664,338.37666666666667,315.8432833333334
2022-01-27 08:00:00,3.66995,3.654933333333333,323.69166666666666,323.89740333333333
2022-01-27 09:00:00,3.608033333333333,3.5811166666666665,158.67999999999998,367.3333166666667
2022-01-27 10:00:00,3.4595833333333332,3.4328999999999996,158.61499999999998,338.508395
2022-01-27 11:00:00,3.3406499999999997,3.315716666666667,158.67999999999998,311.14083666666664
2022-01-27 12:00:00,3.239316666666667,3.2153666666666667,158.99666666666664,314.079085
2022-01-27 13:00:00,3.1246666666666667,3.10065,161.22666666666666,309.90159166666666
2022-01-27 14:00:00,3.0064833333333336,2.983433333333333,162.04333333333335,347.6865383333333
2022-01-27 15:00:00,2.8876166666666667,2.8669000000000002,161.08666666666667,286.1605833333333
2022-01-27 16:00:00,2.7871,2.7674333333333334,162.84,360.88006666666666
2022-01-27 17:00:00,2.61385,2.595483333333333,157.71166666666667,396.28368166666667
2022-01-27 18:00:00,2.4623,2.44575,157.26666666666668,370.05774
2022-01-27 19:00:00,2.3140666666666667,2.299783333333333,156.425,332.30818
2022-01-27 20:00:00,2.2017666666666664,2.18865,152.84833333333333,292.7169383333333
2022-01-27 21:00:00,2.1214166666666667,2.0834,255.68166666666667,381.3479316666666
2022-01-27 22:00:00,2.04345,1.9989333333333332,271.18333333333334,312.67691333333335
2022-01-27 23:00:00,2.0391166666666667,2.0040833333333334,271.51,221.87173333333334
2022-01-28 00:00:00,2.0792833333333336,2.053366666666667,345.72833333333335,192.17763166666666
2022-01-28 01:00:00,2.230933333333333,2.2325666666666666,533.5033333333333,190.816875
2022-01-28 02:00:00,2.4770666666666665,2.47195,533.3349999999999,135.13479999999998
2022-01-28 03:00:00,2.72315,2.7168833333333335,533.7083333333334,168.66079
2022-01-28 04:00:00,2.9476333333333335,2.9410833333333333,533.2916666666666,198.92885833333332
2022-01-28 05:00:00,3.1822333333333335,3.1613333333333333,620.5616666666666,210.42333
2022-01-28 06:00:00,3.4478166666666668,3.4228,634.3266666666666,231.25017166666666
2022-01-28 07:00:00,3.69075,3.6657,609.8616666666666,292.31951000000004
2022-01-28 08:00:00,3.75155,3.7485833333333334,273.96500000000003,301.56409666666667
2022-01-28 09:00:00,3.6798333333333333,3.6869333333333336,270.865,428.1807766666667
2022-01-28 10:00:00,3.6177,3.6143333333333336,254.66666666666666,271.82210833333335
2022-01-28 11:00:00,3.5843166666666666,3.570516666666667,212.12666666666667,288.21636666666666
2022-01-28 12:00:00,3.499483333333333,3.4900499999999997,211.15666666666667,367.1902416666666
2022-01-28 13:00:00,3.3573166666666667,3.352116666666667,211.97,413.03670500000004
2022-01-28 14:00:00,3.2225666666666664,3.2177166666666666,212.66833333333335,402.76799833333337
2022-01-28 15:00:00,3.0801666666666665,3.076516666666667,212.95666666666665,394.72285833333336
2022-01-28 16:00:00,2.9638,2.9603333333333333,212.28833333333333,364.6654366666667
2022-01-28 17:00:00,2.8436833333333333,2.8413,209.67333333333332,370.795815
2022-01-28 18:00:00,2.7470166666666667,2.7433,209.36333333333332,312.990545
2022-01-28 19:00:00,2.68325,2.6780666666666666,209.30166666666668,286.53337
2022-01-28 20:00:00,2.6224166666666666,2.6412,328.0383333333333,337.2448416666667
2022-01-28 21:00:00,2.622916666666667,2.6443333333333334,337.7883333333333,309.88857666666667
2022-01-28 22:00:00,2.6619,2.674383333333333,338.58,228.47500666666667
2022-01-28 23:00:00,2.726583333333333,2.7367,356.925,258.82503333333335
2022-01-29 00:00:00,2.7974666666666668,2.7998833333333333,387.05333333333334,236.52388333333332
2022-01-29 01:00:00,2.908383333333333,2.9048166666666666,388.9583333333333,178.55586
2022-01-29 02:00:00,3.0572,3.048166666666667,389.38666666666666,145.049735
2022-01-29 03:00:00,3.21645,3.20545,389.68666666666667,131.304475
2022-01-29 04:00:00,3.3785000000000003,3.365666666666667,389.04833333333335,137.45092833333334
2022-01-29 05:00:00,3.5360666666666662,3.5225,390.15166666666664,141.34690166666667
2022-01-29 06:00:00,3.663116666666667,3.6514666666666664,303.315,171.92822333333334
2022-01-29 07:00:00,3.683966666666667,3.6870666666666665,288.125,290.8696033333334
2022-01-29 08:00:00,3.63205,3.646066666666667,283.46666666666664,384.45762666666667
2022-01-29 09:00:00,3.5254666666666665,3.5489666666666664,283.09000000000003,484.4735516666667
2022-01-29 10:00:00,3.3802666666666665,3.40645,281.775,454.9696533333333
2022-01-29 11:00:00,3.259983333333333,3.28525,276.24,428.0530733333333
2022-01-29 12:00:00,3.1477,3.17095,274.585,407.56822166666666
2022-01-29 13:00:00,3.091133333333333,3.103933333333333,275.3933333333333,313.41353833333335
2022-01-29 14:00:00,3.0664000000000002,3.0763166666666666,277.39666666666665,293.5871433333333
2022-01-29 15:00:00,3.0016333333333334,3.023,278.1166666666667,406.56922000000003
2022-01-29 16:00:00,2.9615500000000003,2.9709833333333338,281.05833333333334,253.96097833333334
2022-01-29 17:00:00,2.9634833333333335,2.9735333333333336,279.87833333333333,277.7649133333333
2022-01-29 18:00:00,2.9582833333333336,2.9705999999999997,279.76,292.98621166666663
2022-01-29 19:00:00,2.94165,2.95335,282.0516666666666,270.36651666666666
2022-01-29 20:00:00,2.9244333333333334,2.9393000000000002,283.0,317.98331666666667
2022-01-29 21:00:00,2.863783333333333,2.8866666666666663,281.0566666666667,391.8495033333333
2022-01-29 22:00:00,2.8013166666666667,2.820066666666667,282.4616666666667,310.03404666666665
2022-01-29 23:00:00,2.8128666666666664,2.8091999999999997,360.72333333333336,306.75625
2022-01-30 00:00:00,2.8340666666666667,2.8244,343.65,300.41517
2022-01-30 01:00:00,2.87345,2.8607,347.53333333333336,247.98355666666666
2022-01-30 02:00:00,2.9286666666666665,2.915,348.2583333333333,235.06655666666666
2022-01-30 03:00:00,3.0305666666666666,3.0109833333333333,349.6816666666667,152.68945333333335
2022-01-30 04:00:00,3.161083333333333,3.13985,365.89666666666665,157.22606666666667
2022-01-30 05:00:00,3.4076166666666667,3.3693,691.475,157.020905
2022-01-30 06:00:00,3.727883333333333,3.6821166666666665,466.79833333333335,154.21714
2022-01-30 07:00:00,3.812683333333333,3.758383333333333,273.93333333333334,226.64441333333335
2022-01-30 08:00:00,3.8301166666666666,3.7723166666666668,268.4,259.81643333333335
2022-01-30 09:00:00,3.8125166666666668,3.7529,262.8566666666667,306.05464666666666
2022-01-30 10:00:00,3.755733333333333,3.6913666666666667,264.2366666666667,358.14775
2022-01-30 11:00:00,3.6982,3.6373666666666664,261.4533333333333,324.89214833333335
2022-01-30 12:00:00,3.64725,3.5868666666666664,261.3016666666667,331.7112583333334
2022-01-30 13:00:00,3.5796166666666664,3.516366666666667,259.92333333333335,361.45917333333335
2022-01-30 14:00:00,3.49055,3.4256,260.76166666666666,400.93132333333335
2022-01-30 15:00:00,3.3990500000000003,3.336116666666667,260.08,363.656855
2022-01-30 16:00:00,3.3197666666666668,3.2580833333333334,261.18333333333334,396.563755
2022-01-30 17:00:00,3.2248666666666663,3.163883333333333,260.7733333333333,375.774035
2022-01-30 18:00:00,3.1445,3.085,261.7883333333333,344.828535
2022-01-30 19:00:00,3.099083333333333,3.047083333333333,281.40333333333336,334.33526333333333
2022-01-30 20:00:00,3.043066666666667,2.9878833333333334,281.995,355.56354833333336
2022-01-30 21:00:00,2.9971166666666664,2.9465,282.3883333333333,302.69536
2022-01-30 22:00:00,3.0146666666666664,2.9762,327.8383333333333,230.24984833333335
2022-01-30 23:00:00,3.06675,3.029933333333333,339.4116666666667,272.0369416666667
2022-01-31 00:00:00,3.1215333333333333,3.0858,340.26500000000004,215.44178333333332
2022-01-31 01:00:00,3.202383333333333,3.165783333333333,343.88,206.41
2022-01-31 02:00:00,3.3133,3.2779833333333332,344.89000000000004,150.81279833333335
2022-01-31 03:00:00,3.4276166666666668,3.39125,344.19,189.50110666666666
2022-01-31 04:00:00,3.5272,3.4883333333333337,342.845,193.58743666666666
2022-01-31 05:00:00,3.623183333333333,3.5839166666666666,346.4633333333333,202.31202
2022-01-31 06:00:00,3.7181333333333333,3.677583333333333,346.34666666666664,185.83961
2022-01-31 07:00:00,3.8124166666666666,3.7641666666666667,299.26500000000004,213.14784166666666
2022-01-31 08:00:00,3.8386,3.7793833333333335,264.4216666666667,292.5281616666667
2022-01-31 09:00:00,3.7756666666666665,3.7067166666666664,261.06666666666666,362.05986
2022-01-31 10:00:00,3.72855,3.6678333333333333,263.1766666666667,295.719605
2022-01-31 11:00:00,3.6778833333333334,3.6122,260.015,367.9018716666667
2022-01-31 12:00:00,3.5949666666666666,3.5286,259.01166666666666,367.5731266666666
2022-01-31 13:00:00,3.5308833333333336,3.46815,259.18666666666667,342.7746466666667
2022-01-31 14:00:00,3.438483333333333,3.367566666666667,259.85333333333335,466.656185
2022-01-31 15:00:00,3.2853833333333333,3.2134833333333335,259.27000000000004,425.32798166666663
2022-01-31 16:00:00,3.2062666666666666,3.1469666666666667,260.97999999999996,317.94911333333334
2022-01-31 17:00:00,3.1663833333333335,3.107966666666667,261.0133333333333,316.78348166666666
2022-01-31 18:00:00,3.11665,3.0572999999999997,258.35499999999996,320.80732
2022-01-31 19:00:00,3.06805,3.0181666666666667,256.37666666666667,293.7907833333333
2022-01-31 20:00:00,3.0511333333333335,3.0242166666666668,260.62,236.33436500000002
2022-01-31 21:00:00,3.0366333333333335,3.0096166666666666,260.49,307.53958
2022-01-31 22:00:00,3.0192166666666664,2.9915666666666665,261.6333333333333,256.91245833333335
2022-01-31 23:00:00,3.015733333333333,2.9997833333333332,293.795,229.83234833333333
2022-02-01 00:00:00,3.08605,3.080966666666667,313.45,169.1572216666667
2022-02-01 01:00:00,3.17995,3.17265,311.75333333333333,163.31749499999998
2022-02-01 02:00:00,3.2756666666666665,3.2682999999999995,314.0366666666667,166.21380166666668
2022-02-01 03:00:00,3.3698166666666665,3.360516666666667,315.06166666666667,157.22688333333332
2022-02-01 04:00:00,3.4796,3.4684666666666666,315.48833333333334,137.11812999999998
2022-02-01 05:00:00,3.578316666666667,3.5703833333333335,314.6183333333333,190.57053166666668
2022-02-01 06:00:00,3.6588333333333334,3.64915,322.3566666666667,182.52923666666666
2022-02-01 07:00:00,3.728466666666667,3.7150166666666666,278.2183333333333,210.38268333333332
2022-02-01 08:00:00,3.7342,3.725983333333333,268.4733333333333,312.30724333333336
2022-02-01 09:00:00,3.6559833333333334,3.6574999999999998,269.4,400.1798033333333
2022-02-01 10:00:00,3.573716666666667,3.5741,269.365,355.66537
2022-02-01 11:00:00,3.516366666666667,3.51505,268.12333333333333,330.80047833333333
2022-02-01 12:00:00,3.4461333333333335,3.449383333333333,269.1333333333333,398.97714333333334
2022-02-01 13:00:00,3.376716666666667,3.3748666666666667,267.90333333333336,293.9326683333333
2022-02-01 14:00:00,3.380333333333333,3.3714166666666667,262.67333333333335,233.98877333333334
2022-02-01 15:00:00,3.385,3.3786166666666664,265.4616666666667,281.1109266666666
2022-02-01 16:00:00,3.31875,3.323266666666667,266.5783333333333,391.7211633333334
2022-02-01 17:00:00,3.26315,3.2576833333333335,255.03,249.01946833333335
2022-02-01 18:00:00,3.2522333333333333,3.2444,257.40333333333336,223.29780833333334
2022-02-01 19:00:00,3.2565833333333334,3.2493666666666665,254.655,234.503175
2022-02-01 20:00:00,3.2247166666666667,3.2231333333333336,237.01666666666668,269.81857
2022-02-01 21:00:00,3.1634333333333333,3.1552833333333337,143.225,285.04816
2022-02-01 22:00:00,3.08,3.047283333333333,246.54,268.69378333333333
2022-02-01 23:00:00,3.084766666666667,3.0336,275.385,234.12641833333333
2022-02-02 00:00:00,3.0872,3.0367666666666664,270.8383333333333,240.439
2022-02-02 01:00:00,3.1049,3.058866666666667,272.185,190.73259833333336
2022-02-02 02:00:00,3.1601833333333333,3.1171833333333336,273.18,160.00187333333332
2022-02-02 03:00:00,3.2326166666666665,3.1902833333333334,272.7966666666667,154.89999500000002
2022-02-02 04:00:00,3.2973833333333333,3.2521,301.28,188.78825333333333
2022-02-02 05:00:00,3.3685,3.331566666666667,336.38,182.23496500000002
2022-02-02 06:00:00,3.472383333333333,3.4734,415.09833333333336,185.56848
2022-02-02 07:00:00,3.6264499999999997,3.62675,417.12333333333333,168.19877666666667
2022-02-02 08:00:00,3.7519,3.7584166666666667,414.55,271.649405
2022-02-02 09:00:00,3.7516333333333334,3.7325,205.55666666666667,348.71752166666664
2022-02-02 10:00:00,3.6502666666666665,3.6250833333333334,203.86,319.6895983333333
2022-02-02 11:00:00,3.5765833333333332,3.551483333333333,203.265,313.7342516666667
2022-02-02 12:00:00,3.4817833333333335,3.4579999999999997,202.63166666666666,313.16003166666667
2022-02-02 13:00:00,3.3937999999999997,3.370166666666667,200.71166666666667,347.3142316666666
2022-02-02 14:00:00,3.2790666666666666,3.2577833333333337,202.57166666666666,378.16506166666665
2022-02-02 15:00:00,3.1404833333333335,3.1201166666666666,202.52333333333334,377.15543833333334
2022-02-02 16:00:00,3.045466666666667,3.0257666666666667,201.44666666666666,306.4775816666667
2022-02-02 17:00:00,2.95275,2.935483333333333,202.89833333333334,369.96328166666666
2022-02-02 18:00:00,2.778016666666667,2.7624666666666666,202.57999999999998,474.4352866666667
2022-02-02 19:00:00,2.6433833333333334,2.6278833333333336,200.54500000000002,335.35455
2022-02-02 20:00:00,2.5473333333333334,2.5462333333333333,333.00166666666667,428.6875983333333
2022-02-02 21:00:00,2.5031833333333333,2.5086166666666667,368.55833333333334,334.31408999999996
2022-02-02 22:00:00,2.5643666666666665,2.5601,370.5183333333333,231.08341000000001
2022-02-02 23:00:00,2.64875,2.64275,372.85,231.71425833333333
2022-02-03 00:00:00,2.7442833333333336,2.7358,381.25166666666667,196.07156500000002
2022-02-03 01:00:00,2.8670666666666667,2.8529,385.415,184.87055166666667
2022-02-03 02:00:00,3.0118500000000004,2.9943833333333334,386.40333333333336,138.79843666666665
2022-02-03 03:00:00,3.1727833333333333,3.1526,385.6,131.19085666666666
2022-02-03 04:00:00,3.333183333333333,3.3117,386.5383333333333,133.12243833333335
2022-02-03 05:00:00,3.4938,3.4708666666666668,388.3883333333333,138.38274166666667
2022-02-03 06:00:00,3.625716666666667,3.5943166666666664,285.68333333333334,176.41484833333334
2022-02-03 07:00:00,3.6245,3.58065,225.42166666666665,314.99075
2022-02-03 08:00:00,3.5061166666666663,3.50675,262.34333333333336,431.76675166666666
2022-02-03 09:00:00,3.366033333333333,3.3809666666666667,262.78166666666664,398.39994666666666
2022-02-03 10:00:00,3.2956999999999996,3.3048166666666665,264.3983333333333,340.84736499999997
2022-02-03 11:00:00,3.2330833333333335,3.241833333333333,262.61333333333334,354.9489183333333
2022-02-03 12:00:00,3.163816666666667,3.1715666666666666,263.0516666666667,333.86811666666665
2022-02-03 13:00:00,3.1379,3.1401166666666662,262.925,271.52626666666663
2022-02-03 14:00:00,3.091016666666667,3.10025,260.6116666666667,367.2105883333333
2022-02-03 15:00:00,3.01925,3.0282666666666667,263.525,323.3100983333333
2022-02-03 16:00:00,2.9817666666666667,2.9892499999999997,264.11833333333334,318.04464333333334
2022-02-03 17:00:00,2.9497666666666666,2.9544,263.49333333333334,294.4979783333334
2022-02-03 18:00:00,2.9197833333333336,2.9248,259.75333333333333,292.2906283333333
2022-02-03 19:00:00,2.8783833333333333,2.8888000000000003,260.23833333333334,342.30146833333333
2022-02-03 20:00:00,2.788616666666667,2.8059833333333333,277.98333333333335,416.00957999999997
2022-02-03 21:00:00,2.70885,2.7179,297.57666666666665,361.93039166666665
2022-02-03 22:00:00,2.665833333333333,2.672066666666667,300.8883333333333,344.189265
2022-02-03 23:00:00,2.661083333333333,2.6614,300.675,255.94962833333332
2022-02-04 00:00:00,2.690166666666667,2.688016666666667,300.7033333333333,232.030645
2022-02-04 01:00:00,2.7421,2.7357666666666662,301.21,178.97674166666667
2022-02-04 02:00:00,2.8392166666666667,2.8274333333333335,301.89666666666665,133.72079666666667
2022-02-04 03:00:00,2.938083333333333,2.9261166666666667,300.9683333333333,149.00776333333334
2022-02-04 04:00:00,3.0427000000000004,3.0279833333333332,300.23499999999996,130.02927
2022-02-04 05:00:00,3.1466,3.1326833333333335,301.57,136.75899666666666
2022-02-04 06:00:00,3.38505,3.3872833333333334,493.005,174.74974333333333
2022-02-04 07:00:00,3.5386333333333337,3.5430333333333333,331.6666666666667,302.7878516666667
2022-02-04 08:00:00,3.5003333333333333,3.50495,291.17333333333335,345.32906333333335
2022-02-04 09:00:00,3.4684000000000004,3.4693,291.25333333333333,314.47565000000003
2022-02-04 10:00:00,3.4430666666666667,3.4439833333333336,290.35166666666663,306.672585
2022-02-04 11:00:00,3.4107833333333333,3.4138,290.615,338.37310499999995
2022-02-04 12:00:00,3.3648833333333332,3.3693,289.26166666666666,365.18339833333334
2022-02-04 13:00:00,3.3108166666666667,3.315433333333333,290.18,323.78747500000003
2022-02-04 14:00:00,3.28485,3.288883333333333,289.6383333333333,340.83226
2022-02-04 15:00:00,3.2352166666666666,3.2426166666666663,291.0416666666667,343.16574
2022-02-04 16:00:00,3.1986166666666667,3.2026499999999998,282.94666666666666,318.685025
2022-02-04 17:00:00,3.171266666666667,3.174983333333333,281.8566666666667,322.0236233333333
2022-02-04 18:00:00,3.1122333333333336,3.120983333333333,282.09833333333336,348.81325666666663
2022-02-04 19:00:00,3.0608500000000003,3.0682166666666664,281.68833333333333,349.2164833333334
2022-02-04 20:00:00,3.0223999999999998,3.0143833333333334,198.23666666666668,281.8693
2022-02-04 21:00:00,2.947683333333333,2.938083333333333,193.70499999999998,284.46073333333334
2022-02-04 22:00:00,2.9037833333333336,2.8828666666666667,278.435,281.0489216666667
2022-02-04 23:00:00,2.9296833333333336,2.8991333333333333,313.26500000000004,243.53194666666664
2022-02-05 00:00:00,2.991316666666667,2.9618333333333333,313.23333333333335,178.74241666666666
2022-02-05 01:00:00,3.06135,3.0304333333333333,320.1566666666667,214.30162166666665
2022-02-05 02:00:00,3.1317333333333335,3.0987500000000003,323.4133333333333,198.16185
2022-02-05 03:00:00,3.2106166666666667,3.1773000000000002,320.65,191.17201166666666
2022-02-05 04:00:00,3.3030166666666667,3.26925,316.085,134.38549
2022-02-05 05:00:00,3.3988500000000004,3.3663166666666666,315.7816666666667,183.9302966666667
2022-02-05 06:00:00,3.4932000000000003,3.4579666666666666,321.635,154.835145
2022-02-05 07:00:00,3.573583333333333,3.5367,326.01,256.7554416666666
2022-02-05 08:00:00,3.5682,3.5293166666666664,324.8,350.44848
2022-02-05 09:00:00,3.5390333333333337,3.4994333333333336,318.99666666666667,384.69737999999995
2022-02-05 10:00:00,3.483766666666667,3.4450166666666666,320.065,382.134705
2022-02-05 11:00:00,3.415966666666667,3.37715,319.19166666666666,397.96493333333336
2022-02-05 12:00:00,3.3869333333333334,3.3508,319.47333333333336,303.4807666666667
2022-02-05 13:00:00,3.39635,3.3599,318.03333333333336,301.28070833333334
2022-02-05 14:00:00,3.37655,3.3404000000000003,319.64833333333337,352.1677383333333
2022-02-05 15:00:00,3.3616666666666664,3.325616666666667,319.92,304.7740166666666
2022-02-05 16:00:00,3.3741833333333333,3.3398499999999998,321.935,268.99589166666664
2022-02-05 17:00:00,3.38465,3.3491666666666666,317.71500000000003,341.8214416666667
2022-02-05 18:00:00,3.3385166666666666,3.30135,312.72833333333335,355.5711633333333
2022-02-05 19:00:00,3.3222,3.2872166666666667,313.76666666666665,315.415145
2022-02-05 20:00:00,3.273883333333333,3.2390666666666665,292.135,429.52211
2022-02-05 21:00:00,3.15175,3.1213166666666665,286.9566666666667,426.056605
2022-02-05 22:00:00,3.0968,3.068766666666667,287.26166666666666,298.369035
2022-02-05 23:00:00,3.0859333333333336,3.0574999999999997,282.97999999999996,272.4358883333333
2022-02-06 00:00:00,3.08725,3.0599,279.8383333333333,257.93985
2022-02-06 01:00:00,3.125716666666667,3.0986,281.08,163.41072166666666
2022-02-06 02:00:00,3.2022166666666667,3.1738666666666666,280.93333333333334,148.655045
2022-02-06 03:00:00,3.2874333333333334,3.258033333333333,279.295,135.63558
2022-02-06 04:00:00,3.3770333333333338,3.347566666666667,282.71,138.764905
2022-02-06 05:00:00,3.4650499999999997,3.43445,284.165,138.327885
2022-02-06 06:00:00,3.5371499999999996,3.506133333333333,283.1183333333333,191.07416666666668
2022-02-06 07:00:00,3.59295,3.5611666666666664,284.3333333333333,200.995125
2022-02-06 08:00:00,3.6258166666666667,3.5970166666666668,257.0,215.72514833333335
2022-02-06 09:00:00,3.6068833333333337,3.5816000000000003,253.48666666666668,345.71540833333336
2022-02-06 10:00:00,3.4983333333333335,3.4739833333333334,250.04333333333335,371.89703333333335
2022-02-06 11:00:00,3.454,3.4290000000000003,250.35,283.88358166666666
2022-02-06 12:00:00,3.4067,3.3836500000000003,250.19333333333333,333.45003166666663
2022-02-06 13:00:00,3.3219333333333334,3.2986,252.86166666666668,375.6541516666667
2022-02-06 14:00:00,3.2358333333333333,3.2141333333333337,251.015,383.29994
2022-02-06 15:00:00,3.115866666666667,3.0957999999999997,245.23999999999998,408.06057
2022-02-06 16:00:00,2.9995333333333334,2.9803833333333336,251.61166666666668,423.21749166666666
2022-02-06 17:00:00,2.8943166666666666,2.8747,252.16666666666666,365.67405333333335
2022-02-06 18:00:00,2.8135,2.79485,250.14,341.39869999999996
2022-02-06 19:00:00,2.742566666666667,2.7257833333333332,248.54166666666666,350.6371516666667
2022-02-06 20:00:00,2.6698833333333334,2.6621,301.77833333333336,333.28007833333334
2022-02-06 21:00:00,2.6667666666666667,2.6620166666666667,318.2183333333333,315.52743
2022-02-06 22:00:00,2.6563666666666665,2.652333333333333,320.2566666666667,277.65052000000003
2022-02-06 23:00:00,2.7054,2.6960333333333333,319.8816666666667,223.02855666666667
2022-02-07 00:00:00,2.76645,2.75555,318.93833333333333,198.8047
2022-02-07 01:00:00,2.8524000000000003,2.8387666666666664,320.2133333333333,164.51498333333333
2022-02-07 02:00:00,2.955566666666667,2.9400166666666667,321.5566666666667,150.69115333333332
2022-02-07 03:00:00,3.0564666666666667,3.041116666666667,320.2083333333333,169.22711666666666
2022-02-07 04:00:00,3.1603,3.1413333333333333,320.175,134.04258166666668
2022-02-07 05:00:00,3.275716666666667,3.25565,373.143115942029,145.94433666666666
2022-02-07 06:00:00,3.5271166666666667,3.5265833333333334,617.226884057971,262.6004683333333
2022-02-07 07:00:00,3.6094500000000003,3.601116666666667,270.56166666666667,348.0041516666667
2022-02-07 08:00:00,3.5069833333333333,3.505033333333333,268.22999999999996,418.01241833333336
2022-02-07 09:00:00,3.4069833333333337,3.4046333333333334,264.8183333333333,399.8486916666667
2022-02-07 10:00:00,3.3155666666666668,3.3129166666666667,266.32666666666665,372.3643666666667
2022-02-07 11:00:00,3.2258666666666667,3.2242666666666664,265.715,375.44203333333337
2022-02-07 12:00:00,3.1773499999999997,3.171683333333333,266.125,283.41810333333336
2022-02-07 13:00:00,3.1489333333333334,3.144433333333333,266.35499999999996,342.16489333333334
2022-02-07 14:00:00,3.0760666666666667,3.0717833333333333,266.85333333333335,317.677935
2022-02-07 15:00:00,3.070783333333333,3.06075,265.9483333333333,255.60361
2022-02-07 16:00:00,3.06745,3.058683333333333,267.49,254.45376666666667
2022-02-07 17:00:00,3.0711,3.062183333333333,268.2766666666667,253.03272
2022-02-07 18:00:00,3.0484999999999998,3.0437166666666666,267.90833333333336,340.670295
2022-02-07 19:00:00,2.9866666666666664,2.983616666666667,269.0266666666667,337.39144666666664
2022-02-07 20:00:00,2.904533333333333,2.90655,267.5516666666667,419.52498
2022-02-07 21:00:00,2.808966666666667,2.8109166666666665,266.8566666666667,343.718785
2022-02-07 22:00:00,2.78085,2.770866666666667,314.5466666666667,310.0195233333333
2022-02-07 23:00:00,2.7962833333333332,2.7752666666666665,353.3066666666667,321.32528833333333
2022-02-08 00:00:00,2.8156499999999998,2.7948,350.99666666666667,292.640575
2022-02-08 01:00:00,2.85475,2.83295,351.9633333333333,261.31267833333334
2022-02-08 02:00:00,2.9316,2.9084166666666667,353.8366666666667,189.24903333333336
2022-02-08 03:00:00,3.0506499999999996,3.0261333333333336,352.7083333333333,134.417825
2022-02-08 04:00:00,3.1903833333333336,3.164083333333333,353.39833333333337,133.14369166666668
2022-02-08 05:00:00,3.3284833333333332,3.3008,353.81333333333333,139.89744000000002
2022-02-08 06:00:00,3.4533666666666667,3.4247666666666663,352.35333333333335,176.96469833333333
2022-02-08 07:00:00,3.5208500000000003,3.49515,344.4933333333333,309.58572666666663
2022-02-08 08:00:00,3.49725,3.4797333333333333,322.275,349.7532033333334
2022-02-08 09:00:00,3.49705,3.476583333333333,319.10999999999996,282.93650499999995
2022-02-08 10:00:00,3.488135593220339,3.469423728813559,310.6474576271187,296.95891186440673
2022-02-08 11:00:00,3.506333333333333,3.4821666666666666,274.52833333333336,278.5457866666667
2022-02-08 12:00:00,3.471366666666667,3.429116666666667,195.145,304.7278783333333
2022-02-08 13:00:00,3.392866666666667,3.351583333333333,195.465,275.54171833333334
2022-02-08 14:00:00,3.3070166666666667,3.2632166666666667,194.69500000000002,368.6697966666667
2022-02-08 15:00:00,3.19055,3.1477333333333335,195.22166666666666,323.288265
2022-02-08 16:00:00,3.0984,3.0564666666666667,196.11,325.57379000000003
2022-02-08 17:00:00,2.9928000000000003,2.951216666666667,196.40333333333334,393.71683666666667
2022-02-08 18:00:00,2.853816666666667,2.814783333333333,195.235,331.16584166666667
2022-02-08 19:00:00,2.7640499999999997,2.7256833333333335,193.90666666666667,330.4582233333333
2022-02-08 20:00:00,2.6363166666666666,2.596283333333333,196.83666666666667,424.27882666666665
2022-02-08 21:00:00,2.5105333333333335,2.4625166666666667,268.9,384.8200366666667
2022-02-08 22:00:00,2.44835,2.400183333333333,264.01166666666666,298.93618
2022-02-08 23:00:00,2.4302,2.4047,352.93,263.99242833333335
2022-02-09 00:00:00,2.5328474576271183,2.5175932203389833,400.6745762711864,189.95036440677967
2022-02-09 01:00:00,2.6756333333333333,2.661583333333333,430.39166666666665,164.81487
2022-02-09 02:00:00,2.8600833333333333,2.8522333333333334,466.97166666666664,171.090225
2022-02-09 03:00:00,3.056233333333333,3.04345,466.045,137.10525666666666
2022-02-09 04:00:00,3.270766666666667,3.25485,465.26,135.40659
2022-02-09 05:00:00,3.4614833333333332,3.4483166666666665,465.725,194.78101166666664
2022-02-09 06:00:00,3.5901333333333336,3.557866666666667,289.84000000000003,238.36730166666666
2022-02-09 07:00:00,3.5655,3.520783333333333,241.0883333333333,316.4567083333333
2022-02-09 08:00:00,3.4430666666666667,3.3924000000000003,241.0,508.1242966666667
2022-02-09 09:00:00,3.2936166666666664,3.2485500000000003,240.69500000000002,336.83140333333336
2022-02-09 10:00:00,3.2583166666666665,3.2192333333333334,237.87333333333333,246.32108666666667
2022-02-09 11:00:00,3.2389,3.2013499999999997,235.31833333333333,263.6367433333333
2022-02-09 12:00:00,3.190433333333333,3.1505666666666667,244.825,320.55476999999996
2022-02-09 13:00:00,3.1456500000000003,3.1063833333333335,244.675,310.00306
2022-02-09 14:00:00,3.085783333333333,3.0461666666666667,241.76666666666668,299.8773483333333
2022-02-09 15:00:00,3.0605333333333333,3.0234666666666663,240.965,261.99797666666666
2022-02-09 16:00:00,3.016116666666667,2.97645,241.00166666666667,298.3097133333333
2022-02-09 17:00:00,2.9615,2.92335,235.63166666666666,323.7054133333333
2022-02-09 18:00:00,2.8869,2.8475166666666665,237.03166666666667,377.14028833333333
2022-02-09 19:00:00,2.758783333333333,2.7173833333333333,235.49166666666667,448.24091500000003
2022-02-09 20:00:00,2.601916666666667,2.5644333333333336,253.77333333333334,429.53817999999995
2022-02-09 21:00:00,2.487,2.520583333333333,370.405,420.04595
2022-02-09 22:00:00,2.46655,2.5024,371.56,352.688425
2022-02-09 23:00:00,2.482666666666667,2.5132833333333333,371.47833333333335,302.56616833333334
2022-02-10 00:00:00,2.566316666666667,2.58245,370.69,187.04555166666665
2022-02-10 01:00:00,2.6959500000000003,2.7092,370.87166666666667,152.9158283333333
2022-02-10 02:00:00,2.8355,2.8459333333333334,373.11333333333334,159.11263499999998
2022-02-10 03:00:00,2.9722500000000003,2.9800666666666666,372.48833333333334,142.95918333333333
2022-02-10 04:00:00,3.1197500000000002,3.124416666666667,370.39666666666665,145.15541166666665
2022-02-10 05:00:00,3.259916666666667,3.2627666666666664,370.22666666666663,148.92889333333332
2022-02-10 06:00:00,3.3924166666666666,3.3950166666666663,370.94666666666666,178.63187166666665
2022-02-10 07:00:00,3.4735333333333336,3.4865166666666667,369.8066666666667,304.7689316666667
2022-02-10 08:00:00,3.4972,3.514616666666667,371.71666666666664,304.083415
2022-02-10 09:00:00,3.5103,3.5260666666666665,329.0466666666667,326.76018166666665
2022-02-10 10:00:00,3.485716666666667,3.4794,244.25166666666667,324.31833666666665
2022-02-10 11:00:00,3.417266666666667,3.4113166666666666,242.40333333333334,315.31794833333333
2022-02-10 12:00:00,3.3802166666666666,3.3722166666666666,243.68833333333333,294.5679633333333
2022-02-10 13:00:00,3.3221,3.3167,243.15833333333333,328.6212033333333
2022-02-10 14:00:00,3.2445833333333334,3.2417833333333332,243.685,366.102885
2022-02-10 15:00:00,3.14175,3.1427166666666664,243.54,394.912415
2022-02-10 16:00:00,3.0216166666666666,3.0260333333333334,242.99833333333333,436.72654500000004
2022-02-10 17:00:00,2.90645,2.90835,242.41833333333335,335.0678516666667
2022-02-10 18:00:00,2.85525,2.853733333333333,243.21166666666667,295.59155
2022-02-10 19:00:00,2.8095,2.8094166666666665,242.48833333333332,330.1198933333333
2022-02-10 20:00:00,2.7397333333333336,2.7401666666666666,243.605,309.2914
2022-02-10 21:00:00,2.6840166666666665,2.6944666666666666,306.8066666666667,366.60162
2022-02-10 22:00:00,2.6647000000000003,2.6819833333333336,351.77166666666665,301.5871916666667
2022-02-10 23:00:00,2.7272000000000003,2.7363833333333334,360.3016666666666,249.39083166666666
2022-02-11 00:00:00,2.79575,2.8064999999999998,380.09666666666664,236.43129499999998
2022-02-11 01:00:00,2.894633333333333,2.9026833333333335,384.1,213.35642666666666
2022-02-11 02:00:00,3.0049166666666665,3.0106166666666665,384.9483333333334,202.18812333333332
2022-02-11 03:00:00,3.1292833333333334,3.1322666666666668,390.8666666666667,160.44270833333334
2022-02-11 04:00:00,3.2878666666666665,3.2886666666666664,392.12666666666667,137.68659166666666
2022-02-11 05:00:00,3.448866666666667,3.446566666666667,390.75333333333333,147.19294
2022-02-11 06:00:00,3.5898333333333334,3.5803333333333334,316.17,176.04093333333333
2022-02-11 07:00:00,3.5972166666666667,3.5749166666666667,240.80333333333334,338.7451983333333
2022-02-11 08:00:00,3.5145666666666666,3.5017,265.625,346.24479833333334
2022-02-11 09:00:00,3.4322166666666667,3.4207666666666667,262.1433333333333,368.22362
2022-02-11 10:00:00,3.38075,3.3673833333333336,260.7266666666667,319.30986
2022-02-11 11:00:00,3.3128499999999996,3.3022,265.9616666666667,354.7883233333333
2022-02-11 12:00:00,3.2478833333333332,3.2370500000000004,266.35333333333335,353.3441616666667
2022-02-11 13:00:00,3.1943833333333336,3.1834166666666666,267.5516666666667,306.9142366666667
2022-02-11 14:00:00,3.16875,3.1563,267.1333333333333,291.4991166666667
2022-02-11 15:00:00,3.1397166666666667,3.12845,267.24333333333334,314.6177366666667
2022-02-11 16:00:00,3.065633333333333,3.0589999999999997,271.7033333333333,393.423725
2022-02-11 17:00:00,2.99175,2.985266666666667,270.71,331.4413916666666
2022-02-11 18:00:00,2.9473833333333332,2.938816666666667,269.08833333333337,330.09564666666665
2022-02-11 19:00:00,2.8917,2.885483333333333,273.53499999999997,364.9894566666666
2022-02-11 20:00:00,2.8331500000000003,2.8354333333333335,303.7316666666667,332.28543666666667
2022-02-11 21:00:00,2.8302,2.82925,304.42833333333334,277.36534
2022-02-11 22:00:00,2.8249500000000003,2.8253166666666667,299.60499999999996,317.13181833333334
2022-02-11 23:00:00,2.829833333333333,2.8261666666666665,303.685,232.23380666666665
2022-02-12 00:00:00,2.878133333333333,2.8733333333333335,313.4816666666667,236.42551666666665
2022-02-12 01:00:00,2.9530666666666665,2.9358500000000003,382.0183333333333,227.19273
2022-02-12 02:00:00,3.049983333333333,3.0326333333333335,366.51500000000004,203.03889166666667
2022-02-12 03:00:00,3.1613666666666664,3.1405499999999997,365.78,170.37470833333333
2022-02-12 04:00:00,3.3003666666666667,3.277083333333333,363.555,140.38705166666665
2022-02-12 05:00:00,3.4351,3.4106333333333336,365.4433333333333,164.809965
2022-02-12 06:00:00,3.561516666666667,3.5359,366.1683333333333,160.41826
2022-02-12 07:00:00,3.6767499999999997,3.653216666666667,369.02333333333337,230.14487499999998
2022-02-12 08:00:00,3.6842166666666665,3.6750499999999997,275.30833333333334,345.8970366666666
2022-02-12 09:00:00,3.6111333333333335,3.608883333333333,262.3283333333333,362.81068500000003
2022-02-12 10:00:00,3.5020000000000002,3.5068833333333336,264.6116666666667,421.06600333333336
2022-02-12 11:00:00,3.3955333333333333,3.3998,263.8983333333333,435.92202833333334
2022-02-12 12:00:00,3.2813833333333333,3.2853333333333334,267.36833333333334,369.0380216666666
2022-02-12 13:00:00,3.2064666666666666,3.21015,264.5566666666667,378.57502166666666
2022-02-12 14:00:00,3.1420166666666662,3.1429,264.8616666666667,321.793445
2022-02-12 15:00:00,3.0997833333333333,3.10015,265.4,319.91060666666664
2022-02-12 16:00:00,3.0644666666666667,3.062316666666667,268.545,281.862025
2022-02-12 17:00:00,3.0347,3.035416666666667,266.915,330.86535833333335
2022-02-12 18:00:00,2.9585166666666667,2.9658333333333333,263.6716666666667,375.3994616666667
2022-02-12 19:00:00,2.9003,2.904233333333333,261.2316666666667,324.62647833333335
2022-02-12 20:00:00,2.8494666666666664,2.852316666666667,283.47666666666663,340.72611166666667
2022-02-12 21:00:00,2.7925,2.7971833333333334,305.88,403.96877333333333
2022-02-12 22:00:00,2.7340166666666668,2.73795,305.2866666666667,353.738555
2022-02-12 23:00:00,2.7083999999999997,2.7101333333333333,306.305,299.18297333333334
2022-02-13 00:00:00,2.72105,2.719733333333333,310.7883333333333,264.82750833333336
2022-02-13 01:00:00,2.762716666666667,2.7575999999999996,311.32166666666666,210.2663083333333
2022-02-13 02:00:00,2.8505333333333334,2.8375333333333335,313.18333333333334,152.09666666666666
2022-02-13 03:00:00,2.9435166666666666,2.9316,313.63,173.25787333333335
2022-02-13 04:00:00,3.045533333333333,3.0305166666666663,313.905,137.50429333333335
2022-02-13 05:00:00,3.2032000000000003,3.1829166666666664,505.7819047619048,134.55550833333334
2022-02-13 06:00:00,3.61885,3.5973333333333333,433.11309523809524,154.13882999999998
2022-02-13 07:00:00,3.716466666666667,3.7011333333333334,273.10333333333335,185.51867833333333
2022-02-13 08:00:00,3.74235,3.7342500000000003,269.47166666666664,255.747925
2022-02-13 09:00:00,3.7106166666666667,3.70865,262.37833333333333,318.227205
2022-02-13 10:00:00,3.6435999999999997,3.64675,262.085,364.5278466666667
2022-02-13 11:00:00,3.59805,3.5967833333333337,272.0083333333333,293.6968666666667
2022-02-13 12:00:00,3.5646,3.5640333333333336,259.745,339.24629166666665
2022-02-13 13:00:00,3.45365,3.46515,260.215,433.03513000000004
2022-02-13 14:00:00,3.3337166666666667,3.3465,261.265,437.35028666666665
2022-02-13 15:00:00,3.2223166666666665,3.2348,265.23833333333334,406.46070833333334
2022-02-13 16:00:00,3.103833333333333,3.1202166666666664,265.6383333333333,427.56170000000003
2022-02-13 17:00:00,3.0276,3.0361833333333332,267.59666666666664,333.024585
2022-02-13 18:00:00,2.955966666666667,2.9703833333333334,267.5466666666667,379.26262
2022-02-13 19:00:00,2.86385,2.87925,263.025,382.19316333333336
2022-02-13 20:00:00,2.8252666666666664,2.8303166666666666,259.5266666666667,284.227405
2022-02-13 21:00:00,2.8103,2.8073333333333332,320.47999999999996,297.68367166666667
2022-02-13 22:00:00,2.830566666666667,2.82,343.49666666666667,283.7740433333333
2022-02-13 23:00:00,2.8900333333333332,2.8757,344.34666666666664,227.19818166666667
2022-02-14 00:00:00,2.9615,2.9459500000000003,360.47833333333335,231.78211000000002
2022-02-14 01:00:00,3.07085,3.0510666666666664,361.875,151.42501333333334
2022-02-14 02:00:00,3.2097166666666666,3.1877666666666666,362.98833333333334,138.47981
2022-02-14 03:00:00,3.3553833333333336,3.3307833333333337,362.4,132.56185666666667
2022-02-14 04:00:00,3.5030833333333335,3.476933333333333,356.9566666666667,134.11128833333333
2022-02-14 05:00:00,3.6391333333333336,3.6128666666666667,351.79,151.22923666666665
2022-02-14 06:00:00,3.734933333333333,3.7116333333333333,352.8883333333333,236.91862333333333
2022-02-14 07:00:00,3.7575999999999996,3.741116666666667,339.305,368.38875
2022-02-14 08:00:00,3.69335,3.683983333333333,317.07,434.85385833333333
2022-02-14 09:00:00,3.58245,3.5763000000000003,317.23833333333334,455.50651666666664
2022-02-14 10:00:00,3.489533333333333,3.48975,292.84166666666664,421.94661333333335
2022-02-14 11:00:00,3.405266666666667,3.40505,287.3883333333333,342.6833183333334
2022-02-14 12:00:00,3.3722333333333334,3.370033333333333,286.38666666666666,349.92521166666666
2022-02-14 13:00:00,3.31905,3.3164833333333332,287.51166666666666,317.15562166666666
2022-02-14 14:00:00,3.3143000000000002,3.30795,288.09666666666664,317.0507283333333
2022-02-14 15:00:00,3.25445,3.2551,291.45166666666665,333.5342866666667
2022-02-14 16:00:00,3.2355500000000004,3.2305833333333336,281.80333333333334,312.729895
2022-02-14 17:00:00,3.2059166666666665,3.2020666666666666,291.7583333333333,313.760335
2022-02-14 18:00:00,3.1751666666666667,3.174583333333333,293.82,355.0730033333333
2022-02-14 19:00:00,3.121283333333333,3.1212333333333335,288.90166666666664,345.84769666666665
2022-02-14 20:00:00,3.0625666666666667,3.0656499999999998,287.44666666666666,395.17154166666666
2022-02-14 21:00:00,2.9648499999999998,2.9741500000000003,287.3683333333333,397.74580833333334
2022-02-14 22:00:00,2.9187833333333333,2.9217166666666667,286.11333333333334,322.655455
2022-02-14 23:00:00,2.884533333333333,2.8878333333333335,287.8933333333333,317.59718499999997
2022-02-15 00:00:00,2.87895,2.8745666666666665,314.53499999999997,286.37434666666667
2022-02-15 01:00:00,2.91765,2.9115666666666664,340.3183333333333,220.45852666666667
2022-02-15 02:00:00,3.016,3.0037833333333332,347.7,153.046415
2022-02-15 03:00:00,3.1491166666666666,3.133983333333333,347.5433333333333,128.72476
2022-02-15 04:00:00,3.289083333333333,3.272116666666667,346.7316666666667,131.70884166666667
2022-02-15 05:00:00,3.4206166666666666,3.4023833333333333,341.26500000000004,146.1706333333333
2022-02-15 06:00:00,3.515533333333333,3.5023166666666667,333.8366666666667,235.92384166666668
2022-02-15 07:00:00,3.534683333333333,3.527433333333333,332.9433333333333,331.01431833333334
2022-02-15 08:00:00,3.5167,3.5157499999999997,286.90833333333336,307.24561166666666
2022-02-15 09:00:00,3.4937833333333335,3.4950166666666664,281.595,294.20007833333335
2022-02-15 10:00:00,3.4734333333333334,3.4737500000000003,272.0566666666667,287.1608816666667
2022-02-15 11:00:00,3.4619500000000003,3.4528833333333333,244.905,248.80207333333334
2022-02-15 12:00:00,3.443566666666667,3.4358,243.9633333333333,278.76635
2022-02-15 13:00:00,3.407983333333333,3.4013666666666666,244.30833333333334,281.96903333333336
2022-02-15 14:00:00,3.3502500000000004,3.3490166666666665,244.64666666666665,333.92911166666664
2022-02-15 15:00:00,3.3054333333333332,3.3014,246.345,300.145445
2022-02-15 16:00:00,3.237,3.238783333333333,248.20666666666665,348.60909333333336
2022-02-15 17:00:00,3.183183333333333,3.1822333333333335,249.26000000000002,319.48987
2022-02-15 18:00:00,3.0925000000000002,3.1010833333333334,248.67333333333332,425.73369
2022-02-15 19:00:00,2.980166666666667,2.9859500000000003,238.605,353.645975
2022-02-15 20:00:00,2.895,2.91065,287.3316666666667,388.21090833333335
2022-02-15 21:00:00,2.7983666666666664,2.8248333333333333,300.32666666666665,420.92111833333337
2022-02-15 22:00:00,2.7565999999999997,2.7720666666666665,301.48499999999996,311.44935833333335
2022-02-15 23:00:00,2.77025,2.7782166666666663,303.8666666666667,245.49123999999998
2022-02-16 00:00:00,2.817833333333333,2.820266666666667,309.2816666666667,201.64699166666665
2022-02-16 01:00:00,2.89425,2.892866666666667,311.695,171.47120833333332
2022-02-16 02:00:00,2.994066666666667,2.9898000000000002,310.02000000000004,137.61219333333332
2022-02-16 03:00:00,3.104216666666667,3.0990666666666664,309.125,130.77877166666667
2022-02-16 04:00:00,3.21755,3.2108833333333333,309.52833333333336,128.98381666666666
2022-02-16 05:00:00,3.3189833333333336,3.3149,307.8566666666667,176.61075666666665
2022-02-16 06:00:00,3.5400833333333335,3.5212166666666667,401.94166666666666,173.78009166666666
2022-02-16 07:00:00,3.6375666666666664,3.6249833333333332,284.4533333333333,273.29572333333334
2022-02-16 08:00:00,3.6120500000000004,3.6028666666666664,280.72333333333336,330.44617666666664
2022-02-16 09:00:00,3.5402333333333336,3.5370166666666667,278.47333333333336,431.6776066666667
2022-02-16 10:00:00,3.45335,3.4468666666666667,272.32,323.6729516666667
2022-02-16 11:00:00,3.409383333333333,3.40225,271.5733333333333,344.69466666666665
2022-02-16 12:00:00,3.345766666666667,3.3403,269.97166666666664,355.99611
2022-02-16 13:00:00,3.27575,3.2730333333333332,270.1066666666667,368.7623316666667
2022-02-16 14:00:00,3.229316666666667,3.2215,268.445,285.16415500000005
2022-02-16 15:00:00,3.2226333333333335,3.2134,270.9916666666667,254.27103333333335
2022-02-16 16:00:00,3.21145,3.2064666666666666,272.735,318.75465833333334
2022-02-16 17:00:00,3.1615333333333333,3.157566666666667,264.485,324.22774166666665
2022-02-16 18:00:00,3.099283333333333,3.0974166666666667,267.995,347.0325266666667
2022-02-16 19:00:00,3.034683333333333,3.0369,274.37,374.8098233333333
2022-02-16 20:00:00,2.9574166666666666,2.9601166666666665,267.425,386.22725833333334
2022-02-16 21:00:00,2.8575333333333335,2.8625166666666666,267.76166666666666,395.36379666666664
2022-02-16 22:00:00,2.7929833333333334,2.7951333333333332,303.0416666666667,321.39767333333333
2022-02-16 23:00:00,2.8055499999999998,2.8065166666666665,340.3666666666667,273.083865
2022-02-17 00:00:00,2.844066666666667,2.8453166666666667,340.12666666666667,275.18846833333333
2022-02-17 01:00:00,2.9040833333333333,2.8989833333333332,341.40333333333336,189.51035666666667
2022-02-17 02:00:00,3.016233333333333,3.0050000000000003,340.3433333333333,149.290255
2022-02-17 03:00:00,3.140816666666667,3.1277833333333334,340.06333333333333,137.12410833333334
2022-02-17 04:00:00,3.2515833333333335,3.2401833333333334,351.8283333333333,186.0513916666667
2022-02-17 05:00:00,3.41565,3.3882166666666667,467.63666666666666,152.24266333333335
2022-02-17 06:00:00,3.612,3.5819833333333335,469.02000000000004,181.85978500000002
2022-02-17 07:00:00,3.7028833333333333,3.696083333333333,322.25333333333333,279.78997833333335
2022-02-17 08:00:00,3.7019499999999996,3.70165,296.65166666666664,302.22258500000004
2022-02-17 09:00:00,3.6740833333333334,3.677133333333333,294.56333333333333,343.9180833333333
2022-02-17 10:00:00,3.634583333333333,3.6363499999999997,295.87,306.6799316666667
2022-02-17 11:00:00,3.6344833333333333,3.617233333333333,215.84833333333333,247.20031166666666
2022-02-17 12:00:00,3.5805166666666666,3.5607666666666664,195.11166666666668,322.6662366666667
2022-02-17 13:00:00,3.4641333333333337,3.447166666666667,195.825,375.1533116666667
2022-02-17 14:00:00,3.331933333333333,3.316533333333333,196.04166666666666,369.14912
2022-02-17 15:00:00,3.2176833333333335,3.2026,195.87166666666664,357.84064333333333
2022-02-17 16:00:00,3.0915666666666666,3.080033333333333,224.90666666666667,361.68094333333335
2022-02-17 17:00:00,3.0715,3.073383333333333,459.32666666666665,384.56400666666667
2022-02-17 18:00:00,3.0635,3.0898333333333334,384.51,406.4112966666667
2022-02-17 19:00:00,3.0636333333333337,3.0842666666666667,384.0316666666667,323.6797516666667
2022-02-17 20:00:00,3.0680166666666664,3.0903,372.675,363.13097666666664
2022-02-17 21:00:00,3.0896166666666667,3.10675,373.525,324.8873183333333
2022-02-17 22:00:00,3.1465,3.152816666666667,372.94666666666666,231.48776
2022-02-17 23:00:00,3.2117,3.1977333333333333,290.85333333333335,267.42339
2022-02-18 00:00:00,3.2352833333333333,3.2034333333333334,254.03333333333333,185.81581
2022-02-18 01:00:00,3.277633333333333,3.246366666666667,254.03,179.20478833333334
2022-02-18 02:00:00,3.3313,3.3004499999999997,253.52,142.83109833333336
2022-02-18 03:00:00,3.4032666666666667,3.3712500000000003,253.12166666666664,134.73343
2022-02-18 04:00:00,3.475,3.4420333333333333,255.11,136.5589183333333
2022-02-18 05:00:00,3.546316666666667,3.512383333333333,255.35333333333335,149.83425666666665
2022-02-18 06:00:00,3.5970333333333335,3.5652,240.28,173.05063833333332
2022-02-18 07:00:00,3.597366666666667,3.566683333333333,238.845,313.08363833333334
2022-02-18 08:00:00,3.4945833333333334,3.47165,277.69,431.97631333333334
2022-02-18 09:00:00,3.3872,3.3703999999999996,291.57166666666666,452.1422516666667
2022-02-18 10:00:00,3.265733333333333,3.2507333333333337,297.505,431.53000499999996
2022-02-18 11:00:00,3.187683333333333,3.1722333333333332,296.8,396.4061283333333
2022-02-18 12:00:00,3.1102333333333334,3.0946000000000002,295.37833333333333,353.80632333333335
2022-02-18 13:00:00,3.0967166666666666,3.078116666666667,296.5366666666667,294.04503166666666
2022-02-18 14:00:00,3.0922666666666667,3.0741,297.4216666666667,288.94628833333337
2022-02-18 15:00:00,3.0843,3.0650833333333334,296.06,312.14264833333334
2022-02-18 16:00:00,3.06885,3.0496333333333334,299.65166666666664,288.107195
2022-02-18 17:00:00,3.0831,3.062316666666667,300.51500000000004,246.16385833333334
2022-02-18 18:00:00,3.098783333333333,3.0809333333333333,289.1716666666667,283.0784783333333
2022-02-18 19:00:00,3.0525499999999997,3.046983333333333,233.27333333333334,334.0829316666667
2022-02-18 20:00:00,2.9820333333333333,2.9797833333333332,248.45833333333334,296.33576999999997
2022-02-18 21:00:00,2.92075,2.9326,274.52333333333337,388.92524
2022-02-18 22:00:00,2.83215,2.8469333333333333,274.27166666666665,391.99515833333334
2022-02-18 23:00:00,2.7706333333333335,2.7806166666666665,277.47,315.95349833333336
2022-02-19 00:00:00,2.74085,2.7499833333333332,278.0516666666666,308.9432083333333
2022-02-19 01:00:00,2.7283333333333335,2.73335,278.40999999999997,249.4278183333333
2022-02-19 02:00:00,2.76755,2.7657666666666665,279.15166666666664,181.73975833333333
2022-02-19 03:00:00,2.8486,2.8386833333333334,277.90833333333336,135.61711333333332
2022-02-19 04:00:00,2.9358833333333334,2.9258666666666664,278.02333333333337,135.10418833333333
2022-02-19 05:00:00,3.19225,3.145,722.285,146.9039
2022-02-19 06:00:00,3.5073166666666666,3.469666666666667,548.4666666666667,206.38062
2022-02-19 07:00:00,3.6480333333333332,3.62935,376.06166666666667,220.485705
2022-02-19 08:00:00,3.6802166666666665,3.6572999999999998,263.51166666666666,260.48784333333333
2022-02-19 09:00:00,3.6561833333333333,3.6264166666666666,306.0083333333333,373.81660666666664
2022-02-19 10:00:00,3.60475,3.5763666666666665,307.71666666666664,337.6355633333333
2022-02-19 11:00:00,3.5841333333333334,3.5555666666666665,305.625,338.0282133333333
2022-02-19 12:00:00,3.564416666666667,3.5351166666666667,306.04833333333335,299.605335
2022-02-19 13:00:00,3.5372833333333333,3.5092,306.26,380.0298016666667
2022-02-19 14:00:00,3.4846500000000002,3.4568833333333333,305.455,355.67323166666665
2022-02-19 15:00:00,3.4326833333333338,3.4069333333333334,306.8383333333333,370.014875
2022-02-19 16:00:00,3.385383333333333,3.360266666666667,305.8383333333333,359.86603333333335
2022-02-19 17:00:00,3.3270833333333334,3.303033333333333,307.6716666666667,393.21125
2022-02-19 18:00:00,3.2526,3.2387,239.55,357.53302333333335
2022-02-19 19:00:00,3.1578,3.1523833333333333,208.78333333333333,324.6964316666666
2022-02-19 20:00:00,3.0726999999999998,3.070266666666667,249.88500000000002,340.77243
2022-02-19 21:00:00,3.0146,3.0134833333333333,308.7116666666667,356.0792116666667
2022-02-19 22:00:00,3.021333333333333,3.009916666666667,319.7033333333333,254.60078000000001
2022-02-19 23:00:00,3.0641499999999997,3.051416666666667,313.955,230.33624333333333
2022-02-20 00:00:00,3.1203333333333334,3.1060000000000003,304.89000000000004,217.60831833333336
2022-02-20 01:00:00,3.158933333333333,3.14545,305.09833333333336,212.76082
2022-02-20 02:00:00,3.2401833333333334,3.2209833333333338,304.6766666666666,154.93639833333333
2022-02-20 03:00:00,3.340416666666667,3.3187833333333336,304.62833333333333,134.25856000000002
2022-02-20 04:00:00,3.447683333333333,3.4253833333333334,303.0866666666667,132.05924666666667
2022-02-20 05:00:00,3.5533,3.53035,307.49,138.78791833333335
2022-02-20 06:00:00,3.6437666666666666,3.6236,315.60499999999996,186.02457
2022-02-20 07:00:00,3.7164833333333336,3.6978999999999997,308.69,229.28345166666668
2022-02-20 08:00:00,3.7196333333333333,3.7078333333333333,303.7,326.2836766666667
2022-02-20 09:00:00,3.6758499999999996,3.6669833333333335,298.78,376.6897
2022-02-20 10:00:00,3.5856833333333333,3.5801666666666665,298.78499999999997,432.55363
2022-02-20 11:00:00,3.504833333333333,3.4988666666666663,298.97333333333336,399.4609316666667
2022-02-20 12:00:00,3.4324833333333333,3.4264,298.62833333333333,380.74164333333334
2022-02-20 13:00:00,3.3407666666666667,3.3401833333333335,303.0883333333333,465.65544166666666
2022-02-20 14:00:00,3.2369666666666665,3.2359666666666667,304.48333333333335,421.16914833333334
2022-02-20 15:00:00,3.1460999999999997,3.1468,304.90833333333336,420.26044833333333
2022-02-20 16:00:00,3.0856333333333335,3.0816500000000002,305.4066666666667,348.9295216666667
2022-02-20 17:00:00,3.0622666666666665,3.05695,308.35,311.4552566666667
2022-02-20 18:00:00,3.060783333333333,3.05475,309.12,298.907445
2022-02-20 19:00:00,3.0363166666666666,3.03275,308.5433333333333,343.02451333333335
2022-02-20 20:00:00,2.985583333333333,2.975016666666667,267.1433333333333,387.938695
2022-02-20 21:00:00,2.922633333333333,2.9144833333333335,278.9183333333333,351.42445000000004
2022-02-20 22:00:00,2.8613833333333334,2.85325,278.9583333333333,331.9456466666667
2022-02-20 23:00:00,2.837416666666667,2.828033333333333,282.15166666666664,296.69707833333337
2022-02-21 00:00:00,2.8268833333333334,2.8245,329.3933333333333,288.34857166666666
2022-02-21 01:00:00,2.8804166666666666,2.8774666666666664,349.9616666666667,201.96412833333335
2022-02-21 02:00:00,2.9946333333333333,2.985716666666667,350.7816666666667,179.56864333333334
2022-02-21 03:00:00,3.097,3.0858166666666667,351.85499999999996,161.25412333333333
2022-02-21 04:00:00,3.2310166666666666,3.2161,351.7966666666667,137.06233833333332
2022-02-21 05:00:00,3.3642333333333334,3.3500333333333336,351.665,145.48263
2022-02-21 06:00:00,3.4821666666666666,3.4687,353.3,182.63563000000002
2022-02-21 07:00:00,3.548483333333333,3.5439166666666666,352.22999999999996,292.97508666666664
2022-02-21 08:00:00,3.5237166666666666,3.5399499999999997,298.065,380.4343666666667
2022-02-21 09:00:00,3.46605,3.4740666666666664,232.27833333333334,340.53013666666664
2022-02-21 10:00:00,3.3556833333333334,3.35315,179.85,392.12262666666663
2022-02-21 11:00:00,3.2259666666666664,3.228466666666667,246.07999999999998,345.1528233333333
2022-02-21 12:00:00,3.18465,3.1886666666666668,283.9933333333333,296.88783500000005
2022-02-21 13:00:00,3.1726,3.1773833333333332,290.0733333333334,322.438695
2022-02-21 14:00:00,3.122333333333333,3.13485,290.4566666666667,375.56952333333334
2022-02-21 15:00:00,3.0437,3.0588166666666665,295.71,368.4281766666667
2022-02-21 16:00:00,3.0137,3.02375,302.06166666666667,319.94865666666664
2022-02-21 17:00:00,2.99285,2.999416666666667,281.76666666666665,314.18961
2022-02-21 18:00:00,2.947666666666667,2.9608833333333333,294.35833333333335,372.381675
2022-02-21 19:00:00,2.902333333333333,2.914266666666667,292.53333333333336,316.187135
2022-02-21 20:00:00,2.88375,2.8929,285.9,317.69098833333334
2022-02-21 21:00:00,2.828133333333333,2.8426,285.92833333333334,354.8079466666667
2022-02-21 22:00:00,2.8139,2.8199166666666664,285.35,255.94147333333333
2022-02-21 23:00:00,2.84435,2.84515,285.96500000000003,226.31752166666666
2022-02-22 00:00:00,2.86825,2.870433333333333,284.675,235.09373
2022-02-22 01:00:00,2.9042000000000003,2.903116666666667,285.3816666666667,207.40855333333332
2022-02-22 02:00:00,2.9563,2.9527666666666668,285.81,180.07720833333332
2022-02-22 03:00:00,3.041816666666667,3.0324666666666666,289.44166666666666,143.57303
2022-02-22 04:00:00,3.1023,3.0987500000000003,293.0816666666667,205.961455
2022-02-22 05:00:00,3.1650666666666667,3.159283333333333,291.5866666666667,189.77891499999998
2022-02-22 06:00:00,3.2756333333333334,3.2727,543.1083333333333,242.707585
2022-02-22 07:00:00,3.4543166666666667,3.45725,509.4,334.85039666666665
2022-02-22 08:00:00,3.47555,3.4754666666666667,280.87,343.4562416666667
2022-02-22 09:00:00,3.3839333333333332,3.390816666666667,281.0566666666667,382.848325
2022-02-22 10:00:00,3.35355,3.3524000000000003,283.2133333333333,300.62124166666666
2022-02-22 11:00:00,3.3448166666666665,3.3416833333333336,283.27833333333336,272.87402499999996
2022-02-22 12:00:00,3.337883333333333,3.3360833333333333,272.3983333333333,306.44704
2022-02-22 13:00:00,3.2917166666666664,3.2899499999999997,263.525,320.83277
2022-02-22 14:00:00,3.2584999999999997,3.2546166666666663,262.25,264.96600166666667
2022-02-22 15:00:00,3.258583333333333,3.25245,262.72999999999996,274.2231933333333
2022-02-22 16:00:00,3.2338833333333334,3.2283166666666667,263.545,280.83621666666664
2022-02-22 17:00:00,3.2030833333333333,3.2013833333333332,261.96833333333336,333.931915
2022-02-22 18:00:00,3.1237833333333334,3.128833333333333,263.0866666666667,392.98301833333335
2022-02-22 19:00:00,3.02195,3.028633333333333,260.085,401.40422333333333
2022-02-22 20:00:00,2.8971666666666667,2.9087166666666664,259.59333333333336,465.4883433333333
2022-02-22 21:00:00,2.7550833333333333,2.76685,262.5733333333333,419.5632083333333
2022-02-22 22:00:00,2.6982666666666666,2.6905,332.49,341.6098516666667
2022-02-22 23:00:00,2.7380666666666666,2.7206166666666665,352.76166666666666,256.5384133333333
2022-02-23 00:00:00,2.8028,2.783466666666667,351.0316666666667,202.6370083333333
2022-02-23 01:00:00,2.8954333333333335,2.8754166666666667,354.02000000000004,198.25613166666665
2022-02-23 02:00:00,3.014283333333333,2.99105,354.59166666666664,137.76270000000002
2022-02-23 03:00:00,3.15635,3.13205,358.40833333333336,129.61758666666665
2022-02-23 04:00:00,3.3014,3.276283333333333,358.98333333333335,131.83489333333333
2022-02-23 05:00:00,3.4381666666666666,3.4121,355.5566666666667,152.75488333333334
2022-02-23 06:00:00,3.561516666666667,3.5343166666666668,357.85999999999996,170.94201166666664
2022-02-23 07:00:00,3.65505,3.629233333333333,347.2416666666667,250.21859666666666
2022-02-23 08:00:00,3.6592,3.645483333333333,311.5083333333333,351.360455
2022-02-23 09:00:00,3.61765,3.6044,307.1316666666667,331.9792683333333
2022-02-23 10:00:00,3.5997500000000002,3.5860833333333333,308.52666666666664,335.06833
2022-02-23 11:00:00,3.5616666666666665,3.5503333333333336,309.085,367.7754833333333
2022-02-23 12:00:00,3.503516666666667,3.4930000000000003,309.205,356.24022833333333
2022-02-23 13:00:00,3.4862666666666664,3.4722,309.56666666666666,316.6308333333333
2022-02-23 14:00:00,3.4756333333333336,3.4620166666666665,310.3,318.79896833333333
2022-02-23 15:00:00,3.4372833333333332,3.4322833333333334,266.4266666666667,314.34171833333335
2022-02-23 16:00:00,3.3975999999999997,3.3947999999999996,260.99333333333334,358.94041833333335
2022-02-23 17:00:00,3.3106333333333335,3.3100666666666667,253.52,331.9278266666667
2022-02-23 18:00:00,3.2515666666666667,3.2511,253.74666666666664,347.1575166666667
2022-02-23 19:00:00,3.17145,3.173483333333333,256.34333333333336,379.0866716666667
2022-02-23 20:00:00,3.085566666666667,3.0871166666666667,258.6983333333333,333.52214
2022-02-23 21:00:00,3.0454,3.04435,261.42833333333334,335.61564166666665
2022-02-23 22:00:00,2.9685166666666665,2.9739666666666666,264.225,362.39572666666663
2022-02-23 23:00:00,2.94,2.9347333333333334,296.83,270.2508933333333
2022-02-24 00:00:00,2.9646833333333333,2.955633333333333,298.22333333333336,235.61249166666667
2022-02-24 01:00:00,3.008366666666667,2.996683333333333,297.78333333333336,210.25975666666668
2022-02-24 02:00:00,3.0732166666666667,3.0574,297.1716666666667,164.73398166666666
2022-02-24 03:00:00,3.1698666666666666,3.1517166666666667,297.0783333333333,133.36537
2022-02-24 04:00:00,3.276616666666667,3.2599500000000003,330.02333333333337,131.073495
2022-02-24 05:00:00,3.4198,3.414283333333333,395.115,152.71352333333334
2022-02-24 06:00:00,3.5574999999999997,3.552,394.77166666666665,190.88122166666665
2022-02-24 07:00:00,3.64115,3.6376833333333334,337.27333333333337,318.1321016666667
2022-02-24 08:00:00,3.6026000000000002,3.6009666666666664,288.06166666666667,347.96860000000004
2022-02-24 09:00:00,3.5517666666666665,3.5519666666666665,272.885,346.22094333333337
2022-02-24 10:00:00,3.501116666666667,3.4993166666666666,273.97833333333335,312.57905666666665
2022-02-24 11:00:00,3.4621666666666666,3.4595333333333333,273.4183333333333,322.05160166666667
2022-02-24 12:00:00,3.4408666666666665,3.435766666666667,274.34166666666664,290.39947666666666
2022-02-24 13:00:00,3.3924666666666665,3.39535,278.13666666666666,380.5450083333333
2022-02-24 14:00:00,3.3016,3.3089333333333335,280.31333333333333,382.7944016666667
2022-02-24 15:00:00,3.2476666666666665,3.2515,286.1566666666667,357.8734533333334
2022-02-24 16:00:00,3.1842166666666665,3.1898833333333334,280.245,373.6616516666666
2022-02-24 17:00:00,3.1046,3.1107333333333336,278.28499999999997,359.16334
2022-02-24 18:00:00,3.0652666666666666,3.0679000000000003,276.24833333333333,302.87082166666664
2022-02-24 19:00:00,3.0257333333333336,3.0315833333333333,274.5866666666667,378.4146633333333
2022-02-24 20:00:00,2.9390833333333335,2.9465500000000002,268.26666666666665,350.4139416666667
2022-02-24 21:00:00,2.90765,2.9097,271.7733333333333,296.09402500000004
2022-02-24 22:00:00,2.8468666666666667,2.8538,271.9133333333333,350.5637033333333
2022-02-24 23:00:00,2.8324166666666666,2.8322166666666666,275.73333333333335,254.88779833333334
2022-02-25 00:00:00,2.8617833333333333,2.855766666666667,279.12333333333333,196.55104333333333
2022-02-25 01:00:00,2.928933333333333,2.9191833333333337,279.755,150.42290999999997
2022-02-25 02:00:00,3.0138833333333332,3.0007666666666664,280.89000000000004,142.47106833333333
2022-02-25 03:00:00,3.097783333333333,3.0835333333333335,279.47999999999996,143.39281
2022-02-25 04:00:00,3.1768333333333336,3.1639666666666666,278.81666666666666,161.5615283333333
2022-02-25 05:00:00,3.2634499999999997,3.24215,355.15,145.363515
2022-02-25 06:00:00,3.4805,3.4328833333333337,544.4333333333333,174.64449833333336
2022-02-25 07:00:00,3.6339333333333332,3.5989166666666668,398.56,351.25872499999997
2022-02-25 08:00:00,3.572966666666667,3.572583333333333,281.72999999999996,353.6617766666667
2022-02-25 09:00:00,3.5023166666666667,3.50595,279.37333333333333,408.4047683333334
2022-02-25 10:00:00,3.3815166666666667,3.391033333333333,272.65833333333336,462.201355
2022-02-25 11:00:00,3.2371499999999997,3.2484166666666665,271.32666666666665,442.0698333333333
2022-02-25 12:00:00,3.1664666666666665,3.1677000000000004,274.4816666666667,307.69486666666666
2022-02-25 13:00:00,3.1462166666666667,3.145866666666667,275.35499999999996,317.04399333333333
2022-02-25 14:00:00,3.1208666666666667,3.1183166666666664,276.23333333333335,274.31984833333337
2022-02-25 15:00:00,3.076216666666667,3.0804166666666664,276.54,366.8672133333333
2022-02-25 16:00:00,3.0441,3.0412666666666666,278.1,275.16353833333335
2022-02-25 17:00:00,3.028766666666667,3.029166666666667,278.9,321.16019166666666
2022-02-25 18:00:00,2.9857500000000003,2.988316666666667,277.7566666666667,326.6133516666667
2022-02-25 19:00:00,2.9337,2.9383,279.55833333333334,336.52748499999996
2022-02-25 20:00:00,2.9013,2.9039333333333333,277.9683333333333,327.18890999999996
2022-02-25 21:00:00,2.8539499999999998,2.85855,279.24666666666667,346.97719666666666
2022-02-25 22:00:00,2.7843166666666668,2.7927000000000004,276.22166666666664,371.92502499999995
2022-02-25 23:00:00,2.7360166666666665,2.739833333333334,274.99833333333333,312.5505416666667
2022-02-26 00:00:00,2.7228333333333334,2.7234,279.2183333333333,254.92602
2022-02-26 01:00:00,2.7411666666666665,2.73835,281.6,231.15308166666668
2022-02-26 02:00:00,2.7827333333333333,2.77655,282.7933333333333,201.14907499999998
2022-02-26 03:00:00,2.8413833333333334,2.8281,341.69166666666666,194.58078333333333
2022-02-26 04:00:00,3.0137666666666667,2.9816833333333337,462.5416666666667,134.2992
2022-02-26 05:00:00,3.2196833333333337,3.18445,462.9566666666667,148.125285
2022-02-26 06:00:00,3.48415,3.4838,742.3483333333334,179.44930333333335
2022-02-26 07:00:00,3.716216666666667,3.6992,315.82666666666665,264.05796333333336
2022-02-26 08:00:00,3.6879833333333334,3.6698833333333334,242.86499999999998,266.25168
2022-02-26 09:00:00,3.6512000000000002,3.6354666666666664,244.0883333333333,318.26662666666664
2022-02-26 10:00:00,3.564016666666667,3.554533333333333,243.98999999999998,406.036835
2022-02-26 11:00:00,3.4687166666666664,3.4571666666666667,242.89166666666668,322.2370516666667
2022-02-26 12:00:00,3.416333333333333,3.4039,244.92333333333332,315.270075
2022-02-26 13:00:00,3.3331999999999997,3.32645,245.995,405.26644500000003
2022-02-26 14:00:00,3.217433333333333,3.2100999999999997,246.72833333333335,369.2545133333333
2022-02-26 15:00:00,3.1317999999999997,3.125383333333333,247.15333333333334,357.66619333333335
2022-02-26 16:00:00,3.0542666666666665,3.0478333333333336,247.41,385.84900333333337
2022-02-26 17:00:00,2.9428,2.9414833333333332,249.93666666666667,408.536935
2022-02-26 18:00:00,2.8488333333333333,2.8446,249.35,334.0956933333334
2022-02-26 19:00:00,2.8177499999999998,2.7988333333333335,336.22333333333336,318.11042499999996
2022-02-26 20:00:00,2.8245833333333334,2.8022333333333336,338.05,355.861875
2022-02-26 21:00:00,2.8002666666666665,2.7801166666666663,332.97333333333336,330.14959
2022-02-26 22:00:00,2.7950333333333335,2.7751499999999996,329.72333333333336,298.68801333333334
2022-02-26 23:00:00,2.8354333333333335,2.8122333333333334,329.73833333333334,245.28757166666668
2022-02-27 00:00:00,2.8928166666666666,2.8688000000000002,329.6633333333333,227.17005333333333
2022-02-27 01:00:00,2.96225,2.9383666666666666,335.595,184.72046833333334
2022-02-27 02:00:00,3.0694833333333333,3.0437999999999996,336.2633333333333,155.58079833333335
2022-02-27 03:00:00,3.170933333333333,3.1422166666666667,335.0183333333333,186.931735
2022-02-27 04:00:00,3.2623,3.2334,334.875,191.93634666666668
2022-02-27 05:00:00,3.342433333333333,3.3143666666666665,334.02000000000004,218.27220333333335
2022-02-27 06:00:00,3.414,3.3862,365.695,189.23633833333332
2022-02-27 07:00:00,3.5608166666666667,3.5401000000000002,439.22999999999996,185.43677333333335
2022-02-27 08:00:00,3.6807333333333334,3.66575,390.72333333333336,296.9979783333334
2022-02-27 09:00:00,3.64295,3.6375,265.9483333333333,372.15333666666663
2022-02-27 10:00:00,3.5679333333333334,3.563016666666667,263.3,374.319885
2022-02-27 11:00:00,3.5013666666666667,3.49575,266.065,331.5993483333333
2022-02-27 12:00:00,3.4460333333333333,3.4399666666666664,266.0516666666667,316.8839516666667
2022-02-27 13:00:00,3.4207166666666664,3.4129833333333335,264.7033333333333,323.36258499999997
2022-02-27 14:00:00,3.330233333333333,3.3340666666666667,266.93833333333333,445.7988616666667
2022-02-27 15:00:00,3.1998166666666665,3.2039,265.1633333333333,417.52449333333334
2022-02-27 16:00:00,3.0848166666666668,3.091,263.98833333333334,441.50309333333337
2022-02-27 17:00:00,2.9655833333333335,2.971616666666667,266.66,414.313915
2022-02-27 18:00:00,2.8582666666666667,2.865466666666667,262.09,417.4391333333333
2022-02-27 19:00:00,2.7706999999999997,2.77355,254.98333333333332,341.761475
2022-02-27 20:00:00,2.7379666666666664,2.7367166666666667,305.405,319.35225166666663
2022-02-27 21:00:00,2.7063166666666665,2.7091833333333333,318.2566666666667,330.32498833333335
2022-02-27 22:00:00,2.73375,2.7285666666666666,318.655,237.55644166666667
2022-02-27 23:00:00,2.7860666666666662,2.7783333333333333,318.77000000000004,214.53162666666668
2022-02-28 00:00:00,2.8502333333333336,2.841933333333333,319.8183333333333,212.841125
2022-02-28 01:00:00,2.923283333333333,2.9117333333333333,319.495,178.27887333333334
2022-02-28 02:00:00,3.0091666666666668,2.99565,322.00333333333333,170.95950499999998
2022-02-28 03:00:00,3.1247833333333332,3.1060166666666666,322.29,132.20823333333334
2022-02-28 04:00:00,3.2449,3.2257333333333333,321.53333333333336,132.527985
2022-02-28 05:00:00,3.3636833333333334,3.3429166666666665,322.085,141.86354500000002
2022-02-28 06:00:00,3.49,3.4718500000000003,459.17333333333335,179.485565
2022-02-28 07:00:00,3.6466833333333333,3.6282,365.795,280.27203333333335
2022-02-28 08:00:00,3.595283333333333,3.58035,269.205,435.57022666666666
2022-02-28 09:00:00,3.4396166666666668,3.4304166666666664,268.79333333333335,466.819925
2022-02-28 10:00:00,3.3311166666666665,3.3195666666666668,266.82166666666666,396.9037133333333
2022-02-28 11:00:00,3.23385,3.22405,269.6716666666667,405.73658166666667
2022-02-28 12:00:00,3.1131499999999996,3.1060333333333334,269.0366666666667,455.51212166666664
2022-02-28 13:00:00,3.018666666666667,3.0072833333333335,265.9816666666667,321.75439833333337
2022-02-28 14:00:00,2.9962833333333334,2.9821666666666666,266.95666666666665,271.23478
2022-02-28 15:00:00,2.9752333333333336,2.962283333333333,267.87833333333333,318.925765
2022-02-28 16:00:00,2.9365,2.9230333333333336,264.74666666666667,269.39758166666667
2022-02-28 17:00:00,2.92375,2.9101333333333335,266.185,278.4466516666667
2022-02-28 18:00:00,2.9103666666666665,2.896383333333333,267.34,286.8546316666667
2022-02-28 19:00:00,2.88225,2.8706,264.78,303.44791
2022-02-28 20:00:00,2.825416666666667,2.8155833333333335,266.27833333333336,365.55620999999996
2022-02-28 21:00:00,2.7462166666666668,2.7393333333333336,280.81333333333333,381.81614666666667
2022-02-28 22:00:00,2.6994166666666666,2.7001166666666667,309.7133333333333,320.04027666666667
2022-02-28 23:00:00,2.6985666666666663,2.697283333333333,312.0816666666667,308.37372500000004
2022-03-01 00:00:00,2.7059333333333333,2.7026666666666666,311.63,255.90626333333333
2022-03-01 01:00:00,2.74485,2.73755,312.3666666666667,220.78265666666667
2022-03-01 02:00:00,2.8257333333333334,2.8119333333333336,314.725,154.64398666666665
2022-03-01 03:00:00,2.92265,2.9087666666666667,316.14000000000004,179.80591833333335
2022-03-01 04:00:00,3.0002,2.9878333333333336,313.93666666666667,186.46384833333335
2022-03-01 05:00:00,3.0745833333333334,3.06115,314.0866666666667,199.90832833333334
2022-03-01 06:00:00,3.223066666666667,3.2356666666666665,620.6683333333333,204.367185
2022-03-01 07:00:00,3.49615,3.5103999999999997,612.1383333333334,203.90876
2022-03-01 08:00:00,3.65515,3.63055,288.6433333333333,243.93560833333333
2022-03-01 09:00:00,3.654533333333333,3.6294,284.89166666666665,319.94956333333334
2022-03-01 10:00:00,3.6067833333333335,3.58425,285.31,332.3523383333333
2022-03-01 11:00:00,3.5865,3.561916666666667,281.5683333333333,278.64980333333335
2022-03-01 12:00:00,3.554866666666667,3.5324,283.47166666666664,374.11267000000004
2022-03-01 13:00:00,3.4812833333333333,3.4615,285.8283333333333,359.97508833333336
2022-03-01 14:00:00,3.4377333333333335,3.4161333333333332,287.35499999999996,321.39898
2022-03-01 15:00:00,3.39765,3.3767833333333335,288.67333333333335,381.73105166666664
2022-03-01 16:00:00,3.3300166666666664,3.3106500000000003,290.05333333333334,336.8645433333333
2022-03-01 17:00:00,3.28175,3.2626166666666667,289.32166666666666,365.096485
2022-03-01 18:00:00,3.2099333333333333,3.1928,288.06333333333333,414.63303666666667
2022-03-01 19:00:00,3.1195166666666667,3.1038,288.7183333333333,368.62116
2022-03-01 20:00:00,3.0547666666666666,3.03925,284.0366666666667,397.4551016666667
2022-03-01 21:00:00,2.9642166666666667,2.9497666666666666,283.8183333333333,382.83926833333334
2022-03-01 22:00:00,2.9006333333333334,2.8876833333333334,297.57666666666665,367.5330383333333
2022-03-01 23:00:00,2.8938166666666665,2.8832166666666668,326.0833333333333,232.50065166666667
2022-03-02 00:00:00,2.976916666666667,2.9589833333333333,344.74666666666667,177.37148166666665
2022-03-02 01:00:00,3.1026000000000002,3.077516666666667,367.435,151.00582
2022-03-02 02:00:00,3.2455833333333337,3.2179833333333336,367.4566666666667,138.59818833333333
2022-03-02 03:00:00,3.383383333333333,3.355366666666667,366.27000000000004,146.42148166666666
2022-03-02 04:00:00,3.532233333333333,3.500916666666667,368.10166666666663,126.743585
2022-03-02 05:00:00,3.6809166666666666,3.6492833333333334,367.65333333333336,140.49715999999998
2022-03-02 06:00:00,3.7895166666666666,3.7566333333333333,316.8933333333333,224.29687333333334
2022-03-02 07:00:00,3.776883333333333,3.73535,252.425,375.11333
2022-03-02 08:00:00,3.6517833333333334,3.6096500000000002,251.90333333333334,459.7459816666667
2022-03-02 09:00:00,3.5230333333333332,3.4826833333333336,252.53,375.0952483333333
2022-03-02 10:00:00,3.4505333333333335,3.4133833333333334,252.29,330.3441583333333
2022-03-02 11:00:00,3.3843666666666667,3.3477,251.985,349.67232666666666
2022-03-02 12:00:00,3.3238166666666666,3.2878833333333333,252.38166666666666,289.01139333333333
2022-03-02 13:00:00,3.2843666666666667,3.2481500000000003,251.485,313.74682666666666
2022-03-02 14:00:00,3.2514166666666666,3.214833333333333,250.00833333333333,261.868335
2022-03-02 15:00:00,3.2249166666666667,3.1897499999999996,252.67833333333334,327.1457766666666
2022-03-02 16:00:00,3.1425,3.1054000000000004,257.2316666666667,335.886615
2022-03-02 17:00:00,3.10825,3.072566666666667,257.42,301.75155333333333
2022-03-02 18:00:00,3.04485,3.008983333333333,253.88500000000002,366.52942
2022-03-02 19:00:00,2.9547499999999998,2.9212166666666666,257.59166666666664,382.10704
2022-03-02 20:00:00,2.872266666666667,2.871566666666667,274.21,355.56008
2022-03-02 21:00:00,2.7788166666666667,2.7892333333333332,268.2633333333333,378.35769
2022-03-02 22:00:00,2.7189166666666664,2.7251666666666665,269.715,321.55799
2022-03-02 23:00:00,2.6967,2.6994666666666665,269.565,283.4991616666667
2022-03-03 00:00:00,2.679733333333333,2.6813333333333333,267.77,254.833795
2022-03-03 01:00:00,2.71405,2.7069166666666664,269.97166666666664,172.60835333333335
2022-03-03 02:00:00,2.7868833333333334,2.77675,271.81166666666667,138.07343833333334
2022-03-03 03:00:00,2.8749,2.8618333333333337,270.09666666666664,128.24006333333332
2022-03-03 04:00:00,2.96455,2.9506666666666663,272.92,129.815705
2022-03-03 05:00:00,3.1166666666666667,3.0906333333333333,518.103,161.83556666666667
2022-03-03 06:00:00,3.541116666666667,3.496083333333333,535.0736666666667,233.27177333333333
2022-03-03 07:00:00,3.65615,3.6401833333333333,272.005,344.6690183333333
2022-03-03 08:00:00,3.5598,3.5519499999999997,272.01166666666666,400.1416316666666
2022-03-03 09:00:00,3.5060333333333333,3.4933166666666664,271.38166666666666,302.22714333333334
2022-03-03 10:00:00,3.4778666666666664,3.4653666666666667,270.66,301.1644733333333
2022-03-03 11:00:00,3.4574833333333337,3.4423666666666666,269.4533333333333,262.6769316666667
2022-03-03 12:00:00,3.4248166666666666,3.4131666666666667,266.69166666666666,365.5827566666667
2022-03-03 13:00:00,3.3381666666666665,3.3310166666666663,267.9766666666667,392.89158000000003
2022-03-03 14:00:00,3.2413166666666666,3.2357500000000003,268.31166666666667,380.20391166666667
2022-03-03 15:00:00,3.1749666666666667,3.1668666666666665,268.6,331.59495499999997
2022-03-03 16:00:00,3.130216666666667,3.121383333333333,267.295,337.12154
2022-03-03 17:00:00,3.07365,3.0662833333333332,272.43333333333334,332.69262
2022-03-03 18:00:00,3.0262333333333333,3.0181666666666667,275.3366666666667,326.50757
2022-03-03 19:00:00,2.9910666666666668,2.9830833333333335,274.22999999999996,304.5586466666667
2022-03-03 20:00:00,2.933133333333333,2.9316833333333334,275.1816666666667,408.93194000000005
2022-03-03 21:00:00,2.852816666666667,2.8482,278.155,346.60635
2022-03-03 22:00:00,2.8377,2.822016666666667,304.87,258.96408
2022-03-03 23:00:00,2.8565166666666664,2.84505,264.155,253.031105
2022-03-04 00:00:00,2.85055,2.840933333333333,276.8566666666667,247.95346166666667
2022-03-04 01:00:00,2.8786833333333335,2.86605,279.67,210.45014333333333
2022-03-04 02:00:00,2.9260666666666664,2.9129,280.97333333333336,187.43465333333333
2022-03-04 03:00:00,2.9815166666666664,2.96595,280.59833333333336,180.33416
2022-03-04 04:00:00,3.058466666666667,3.039083333333333,282.2816666666667,134.45260166666668
2022-03-04 05:00:00,3.18135,3.1578666666666666,293.1046925566343,141.74825166666668
2022-03-04 06:00:00,3.566866666666667,3.537116666666667,413.17233009708735,185.59025333333332
2022-03-04 07:00:00,3.8745333333333334,3.8436833333333333,363.5229773462783,336.1996516666667
2022-03-04 08:00:00,3.8080166666666666,3.7767166666666667,279.09666666666664,438.76413333333335
2022-03-04 09:00:00,3.703133333333333,3.6721500000000002,274.62166666666667,385.8033
2022-03-04 10:00:00,3.643666666666667,3.6127,277.6816666666667,332.08323
2022-03-04 11:00:00,3.6073666666666666,3.5759666666666665,281.31666666666666,327.08019333333334
2022-03-04 12:00:00,3.54685,3.5171666666666668,278.47,345.7026483333333
2022-03-04 13:00:00,3.523483333333333,3.49255,272.0783333333333,284.4475733333333
2022-03-04 14:00:00,3.508966666666667,3.4778499999999997,272.09166666666664,289.71374833333334
2022-03-04 15:00:00,3.4713,3.441733333333333,271.7966666666667,334.55269166666665
2022-03-04 16:00:00,3.429333333333333,3.4001666666666663,274.93333333333334,297.427235
2022-03-04 17:00:00,3.37745,3.3500333333333336,274.38666666666666,391.11176
2022-03-04 18:00:00,3.3145000000000002,3.28655,274.64500000000004,316.4348083333333
2022-03-04 19:00:00,3.2740500000000003,3.2471666666666668,275.1933333333333,318.7648533333333
2022-03-04 20:00:00,3.233566666666667,3.2074166666666666,276.40166666666664,325.02545000000003
2022-03-04 21:00:00,3.2053000000000003,3.1775499999999997,276.6933333333333,308.63662166666666
2022-03-04 22:00:00,3.15535,3.1292166666666663,272.76,333.2882266666667
2022-03-04 23:00:00,3.1205833333333337,3.09315,269.755,313.6417083333333
2022-03-05 00:00:00,3.078416666666667,3.05135,274.04,303.1230033333333
2022-03-05 01:00:00,3.0869833333333334,3.0552166666666665,296.17833333333334,230.14232166666667
2022-03-05 02:00:00,3.1386166666666666,3.1063166666666664,296.0683333333333,176.17518
2022-03-05 03:00:00,3.2302833333333334,3.1966166666666664,296.5183333333333,135.8964
2022-03-05 04:00:00,3.334,3.2993,296.6383333333333,131.03214833333334
2022-03-05 05:00:00,3.4351833333333333,3.399983333333333,297.27333333333337,137.49496
2022-03-05 06:00:00,3.5258833333333333,3.4899666666666667,296.9583333333333,181.56846
2022-03-05 07:00:00,3.567066666666667,3.5300333333333334,298.25166666666667,259.0830966666667
2022-03-05 08:00:00,3.5690999999999997,3.5328166666666667,302.69166666666666,306.43732
2022-03-05 09:00:00,3.501816666666667,3.4793666666666665,246.7866666666667,393.1452433333333
2022-03-05 10:00:00,3.3838500000000002,3.364916666666667,247.03166666666667,415.89118666666667
2022-03-05 11:00:00,3.2857166666666666,3.2675666666666667,246.87166666666664,365.5059583333333
2022-03-05 12:00:00,3.1860666666666666,3.1693166666666666,244.07000000000002,365.65949333333333
2022-03-05 13:00:00,3.104,3.0871166666666667,246.395,355.557565
2022-03-05 14:00:00,3.0368666666666666,3.0189166666666667,245.40333333333334,331.37516166666666
2022-03-05 15:00:00,2.9632333333333336,2.9462333333333333,244.24833333333333,298.41326000000004
2022-03-05 16:00:00,2.9181833333333334,2.9023,245.66833333333335,351.42673666666667
2022-03-05 17:00:00,2.8263166666666666,2.8131,247.42666666666668,353.69427833333333
2022-03-05 18:00:00,2.7451999999999996,2.7324166666666665,243.76666666666668,351.6641466666667
2022-03-05 19:00:00,2.680133333333333,2.6700833333333334,271.70666666666665,334.1282116666667
2022-03-05 20:00:00,2.649,2.6539833333333336,340.65333333333336,314.79777
2022-03-05 21:00:00,2.6518,2.65835,339.6933333333333,351.19745
2022-03-05 22:00:00,2.629166666666667,2.6375,340.13,340.4313183333333
2022-03-05 23:00:00,2.6438333333333333,2.6462833333333333,340.43833333333333,276.26031
2022-03-06 00:00:00,2.6939833333333336,2.6923166666666662,343.98333333333335,239.419535
2022-03-06 01:00:00,2.7691166666666667,2.763116666666667,347.97166666666664,195.54996500000001
2022-03-06 02:00:00,2.8851333333333335,2.872666666666667,349.5316666666667,144.71461333333335
2022-03-06 03:00:00,3.01525,3.00065,336.56666666666666,146.22271166666667
2022-03-06 04:00:00,3.1241333333333334,3.1098166666666667,342.0316666666667,149.96566249999998
2022-03-06 05:00:00,3.2532666666666668,3.2362166666666665,342.52833333333336,140.700475
2022-03-06 06:00:00,3.3569166666666663,3.3440833333333333,351.2633333333333,200.38778333333332
2022-03-06 07:00:00,3.48645,3.4890833333333333,403.26166666666666,200.09347
2022-03-06 08:00:00,3.53065,3.5162,251.37666666666667,266.3671116666667
2022-03-06 09:00:00,3.4945999999999997,3.484483333333333,248.39166666666668,327.181425
2022-03-06 10:00:00,3.3989666666666665,3.3944166666666664,250.16,382.254745
2022-03-06 11:00:00,3.326733333333333,3.3197666666666668,249.45166666666668,327.637525
2022-03-06 12:00:00,3.2533499999999997,3.2479666666666662,248.62833333333336,360.83373666666665
2022-03-06 13:00:00,3.1495166666666665,3.147066666666667,247.15166666666667,415.15955833333334
2022-03-06 14:00:00,3.0242333333333336,3.0235,242.3,407.90117666666663
2022-03-06 15:00:00,2.8825833333333337,2.886883333333333,243.88333333333333,453.0763866666667
2022-03-06 16:00:00,2.774083333333333,2.7729,243.68666666666667,359.6535283333333
2022-03-06 17:00:00,2.695883333333333,2.688683333333333,294.1616666666667,370.8366066666667
2022-03-06 18:00:00,2.65645,2.6398333333333333,308.90166666666664,362.36925499999995
2022-03-06 19:00:00,2.629233333333333,2.6129166666666666,313.565,302.7195883333333
2022-03-06 20:00:00,2.61495,2.61065,345.17,366.45039333333335
2022-03-06 21:00:00,2.5921333333333334,2.588983333333333,318.99833333333333,298.08699
2022-03-06 22:00:00,2.622316666666667,2.614916666666667,318.295,248.00781333333333
2022-03-06 23:00:00,2.6551,2.648616666666667,318.2633333333333,277.78460666666666
2022-03-07 00:00:00,2.6765,2.66955,324.1766666666666,243.0687266666667
2022-03-07 01:00:00,2.7437166666666664,2.73235,329.335,203.145815
2022-03-07 02:00:00,2.8261166666666666,2.8129,327.21,190.04565833333334
2022-03-07 03:00:00,2.908933333333333,2.8942166666666664,324.69666666666666,185.64942166666665
2022-03-07 04:00:00,2.9980333333333333,2.98125,332.01166666666666,177.89429333333334
2022-03-07 05:00:00,3.1067666666666667,3.0856833333333333,332.4066666666667,144.57088666666667
2022-03-07 06:00:00,3.2464999999999997,3.228416666666667,534.4083333333333,198.18243166666667
2022-03-07 07:00:00,3.4283,3.4217333333333335,423.30833333333334,357.067545
2022-03-07 08:00:00,3.339716666666667,3.345966666666667,283.12666666666667,436.00044333333335
2022-03-07 09:00:00,3.2645666666666666,3.26485,282.87,347.94233333333335
2022-03-07 10:00:00,3.21815,3.2156000000000002,283.5183333333333,314.2942916666667
2022-03-07 11:00:00,3.1923833333333334,3.189983333333333,284.5683333333333,317.5073283333333
2022-03-07 12:00:00,3.1567333333333334,3.1551666666666667,279.77333333333337,311.02318
2022-03-07 13:00:00,3.1414666666666666,3.137783333333333,276.275,290.42252333333334
2022-03-07 14:00:00,3.1049,3.1017333333333337,267.97166666666664,316.08205499999997
2022-03-07 15:00:00,3.0444166666666663,3.0452333333333335,270.25333333333333,388.65620333333334
2022-03-07 16:00:00,2.959866666666667,2.9622,275.07166666666666,338.1749516666667
2022-03-07 17:00:00,2.9121499999999996,2.9127666666666667,275.48833333333334,338.83576
2022-03-07 18:00:00,2.8853666666666666,2.8836166666666667,276.6316666666667,295.56998
2022-03-07 19:00:00,2.8475166666666665,2.8499166666666667,278.0183333333333,361.3463816666666
2022-03-07 20:00:00,2.7693166666666666,2.7720833333333332,310.4133333333333,375.546915
2022-03-07 21:00:00,2.7541,2.7464166666666667,337.225,321.5820033333333
2022-03-07 22:00:00,2.77745,2.76495,336.22999999999996,276.0603633333333
2022-03-07 23:00:00,2.8015666666666665,2.7892,333.83,277.2336966666666
2022-03-08 00:00:00,2.8551833333333336,2.8411166666666667,365.5316666666667,232.98272166666666
2022-03-08 01:00:00,2.9629833333333333,2.9289833333333335,384.19,209.74927666666665
2022-03-08 02:00:00,3.0695833333333336,3.0347333333333335,383.63666666666666,207.464995
2022-03-08 03:00:00,3.1879833333333334,3.1519833333333334,384.1933333333333,183.50341
2022-03-08 04:00:00,3.31095,3.27415,384.07666666666665,189.03520666666665
2022-03-08 05:00:00,3.4231833333333332,3.38415,382.12,209.54178
2022-03-08 06:00:00,3.534066666666667,3.4938166666666666,383.32666666666665,210.24521000000001
2022-03-08 07:00:00,3.606866666666667,3.5630499999999996,381.275,333.53449166666667
2022-03-08 08:00:00,3.553,3.53485,261.69,377.78725000000003
2022-03-08 09:00:00,3.47465,3.4616166666666666,261.795,336.2041533333333
2022-03-08 10:00:00,3.4198,3.4052833333333337,258.545,337.80439
2022-03-08 11:00:00,3.353833333333333,3.3404000000000003,258.6983333333333,325.0278166666667
2022-03-08 12:00:00,3.3073166666666665,3.29295,258.49833333333333,300.2958433333333
2022-03-08 13:00:00,3.2862999999999998,3.2700666666666667,258.2133333333333,270.86552333333333
2022-03-08 14:00:00,3.2588,3.2438333333333333,258.5133333333333,328.20356
2022-03-08 15:00:00,3.1984333333333335,3.1852500000000004,258.3933333333333,303.252995
2022-03-08 16:00:00,3.1431166666666663,3.13185,258.71666666666664,365.22832999999997
2022-03-08 17:00:00,3.0633833333333333,3.05305,262.5083333333333,343.44889166666667
2022-03-08 18:00:00,3.003233333333333,2.9933166666666664,263.635,372.47393
2022-03-08 19:00:00,2.9207666666666667,2.9132000000000002,265.945,347.89102333333335
2022-03-08 20:00:00,2.87365,2.8568833333333337,331.565,373.5645733333333
2022-03-08 21:00:00,2.8406833333333332,2.8232,330.0783333333333,391.6835516666667
2022-03-08 22:00:00,2.7980500000000004,2.7794499999999998,330.0783333333333,324.11780999999996
2022-03-08 23:00:00,2.7998,2.7807166666666663,333.1983333333334,311.92278833333336
2022-03-09 00:00:00,2.844333333333333,2.8224,330.55833333333334,195.70868333333334
2022-03-09 01:00:00,2.940316666666667,2.9148,331.03333333333336,156.66214666666667
2022-03-09 02:00:00,3.052916666666667,3.0265833333333334,335.81,148.40985833333335
2022-03-09 03:00:00,3.1753,3.1481500000000002,336.05833333333334,134.20646666666667
2022-03-09 04:00:00,3.3164666666666665,3.2791833333333336,435.08,135.86926499999998
2022-03-09 05:00:00,3.6060833333333333,3.5359,649.0966666666667,162.48865166666667
2022-03-09 06:00:00,3.8209999999999997,3.7809666666666666,339.12666666666667,157.1720916666667
2022-03-09 07:00:00,3.8698833333333336,3.8452166666666665,270.76666666666665,224.35164666666665
2022-03-09 08:00:00,3.8539833333333333,3.8375,261.73833333333334,315.6244666666667
2022-03-09 09:00:00,3.7695,3.7615,261.35499999999996,413.70683
2022-03-09 10:00:00,3.6504833333333333,3.6449333333333334,258.06666666666666,397.34927
2022-03-09 11:00:00,3.5653,3.55855,260.78166666666664,377.481435
2022-03-09 12:00:00,3.4882833333333334,3.48055,260.4583333333333,355.97420166666666
2022-03-09 13:00:00,3.3993666666666664,3.39295,256.13166666666666,369.2503516666667
2022-03-09 14:00:00,3.3310000000000004,3.32375,254.89833333333334,347.09631666666667
2022-03-09 15:00:00,3.2428833333333333,3.2369,255.36,361.9662133333333
2022-03-09 16:00:00,3.1517833333333334,3.148816666666667,253.43666666666667,393.26563999999996
2022-03-09 17:00:00,3.07,3.064783333333333,253.26000000000002,347.08799999999997
2022-03-09 18:00:00,2.9884333333333335,2.9870500000000004,254.16833333333335,371.68267333333336
2022-03-09 19:00:00,2.914816666666667,2.9121499999999996,253.41333333333333,324.5981333333333
2022-03-09 20:00:00,2.873066666666667,2.86835,256.54,320.94404000000003
2022-03-09 21:00:00,2.777733333333333,2.780333333333333,256.58,391.64491
2022-03-09 22:00:00,2.7123333333333335,2.7093833333333333,257.055,310.726855
2022-03-09 23:00:00,2.7156499999999997,2.69555,353.6633333333333,281.0502883333333
2022-03-10 00:00:00,2.77765,2.7485500000000003,372.45,260.29423166666663
2022-03-10 01:00:00,2.85505,2.8254666666666663,376.5883333333333,195.45935333333333
2022-03-10 02:00:00,2.9943000000000004,2.9638666666666666,377.425,138.369385
2022-03-10 03:00:00,3.1465,3.1133333333333337,376.7366666666667,147.80425666666667
2022-03-10 04:00:00,3.289216666666667,3.2551166666666664,378.93666666666667,140.293965
2022-03-10 05:00:00,3.4267166666666666,3.39175,381.1983333333334,176.22430500000002
2022-03-10 06:00:00,3.5608666666666666,3.5236666666666663,377.72666666666663,178.53450333333333
2022-03-10 07:00:00,3.6281833333333333,3.6023666666666667,295.8433333333333,281.42326833333334
2022-03-10 08:00:00,3.573266666666667,3.5610333333333335,277.27333333333337,426.4831433333333
2022-03-10 09:00:00,3.4519,3.4427499999999998,277.33,388.182525
2022-03-10 10:00:00,3.3989833333333332,3.3852333333333333,269.84166666666664,318.10100666666665
2022-03-10 11:00:00,3.355033333333333,3.3427833333333337,269.19666666666666,335.75561666666664
2022-03-10 12:00:00,3.290383333333333,3.2800000000000002,272.37666666666667,335.62558
2022-03-10 13:00:00,3.2505333333333337,3.2380833333333334,271.68,310.0571416666666
2022-03-10 14:00:00,3.2247833333333333,3.210733333333333,269.2966666666667,292.6063966666667
2022-03-10 15:00:00,3.1996666666666664,3.18595,274.50333333333333,296.04489
2022-03-10 16:00:00,3.166233333333333,3.1549666666666667,273.40333333333336,356.5441666666667
2022-03-10 17:00:00,3.0805000000000002,3.0786666666666664,308.9533333333333,384.657725
2022-03-10 18:00:00,3.06705,3.0659,340.76500000000004,282.25781666666666
2022-03-10 19:00:00,3.0982833333333333,3.097583333333333,339.23833333333334,299.55423833333333
2022-03-10 20:00:00,3.093933333333333,3.0981333333333336,343.2066666666667,344.102865
2022-03-10 21:00:00,3.10055,3.1007000000000002,342.915,309.8234233333333
2022-03-10 22:00:00,3.10865,3.101183333333333,311.44666666666666,288.36718
2022-03-10 23:00:00,3.1168666666666667,3.0952333333333333,286.12833333333333,268.34756333333337
2022-03-11 00:00:00,3.1177796610169493,3.0969152542372878,284.8050847457627,261.90509152542376
2022-03-11 01:00:00,3.142733333333333,3.12095,284.2116666666667,213.973405
2022-03-11 02:00:00,3.191216666666667,3.167666666666667,284.86333333333334,189.57977333333332
2022-03-11 03:00:00,3.2547833333333336,3.2285166666666667,284.635,157.00408833333333
2022-03-11 04:00:00,3.3487999999999998,3.3198999999999996,284.5066666666667,128.42558333333332
2022-03-11 05:00:00,3.4377833333333334,3.4091666666666667,284.565,152.95489
2022-03-11 06:00:00,3.50305,3.478833333333333,306.6333333333333,219.74416166666666
2022-03-11 07:00:00,3.50955,3.4973666666666663,328.92833333333334,374.53411
2022-03-11 08:00:00,3.4181999999999997,3.4141833333333333,306.97999999999996,449.15673
2022-03-11 09:00:00,3.3208833333333336,3.3193,279.56166666666667,373.95777333333336
2022-03-11 10:00:00,3.2816833333333335,3.2746166666666667,277.71500000000003,307.1177333333333
2022-03-11 11:00:00,3.2441166666666663,3.2380333333333335,273.03666666666663,310.6560766666667
2022-03-11 12:00:00,3.21775,3.2096,271.76,303.518085
2022-03-11 13:00:00,3.1948166666666666,3.1849166666666666,272.50333333333333,286.85962333333333
2022-03-11 14:00:00,3.1705166666666664,3.1627,272.6433333333333,286.0010066666666
2022-03-11 15:00:00,3.1630833333333332,3.1508333333333334,275.21500000000003,276.2215033333333
2022-03-11 16:00:00,3.1461333333333332,3.128333333333333,226.6,274.1418433333334
2022-03-11 17:00:00,3.0606166666666668,3.0436833333333335,213.35,363.94022
2022-03-11 18:00:00,2.9753833333333333,2.9577999999999998,215.38,332.4551866666667
2022-03-11 19:00:00,2.8639,2.8502333333333336,241.185,375.639335
2022-03-11 20:00:00,2.770483333333333,2.7583833333333336,294.4433333333333,424.621035
2022-03-11 21:00:00,2.6751,2.6639666666666666,294.62166666666667,409.6814616666667
2022-03-11 22:00:00,2.584983333333333,2.574516666666667,293.07666666666665,391.29186833333335
2022-03-11 23:00:00,2.5414000000000003,2.5290166666666662,293.71666666666664,301.6457
2022-03-12 00:00:00,2.556233333333333,2.5402,297.14000000000004,233.80196333333333
2022-03-12 01:00:00,2.613116666666667,2.593366666666667,298.82666666666665,163.35453166666667
2022-03-12 02:00:00,2.706033333333333,2.6843833333333333,298.455,144.47978166666664
2022-03-12 03:00:00,2.8020333333333336,2.7798333333333334,299.22333333333336,149.40540166666668
2022-03-12 04:00:00,2.8933166666666663,2.8706166666666664,302.4,145.85797
2022-03-12 05:00:00,2.989816666666667,2.9661166666666667,302.12833333333333,157.11438
2022-03-12 06:00:00,3.1576166666666667,3.16395,459.37816176470585,175.34810833333333
2022-03-12 07:00:00,3.5158833333333335,3.53345,469.44100490196075,213.89760166666665
2022-03-12 08:00:00,3.6014833333333334,3.5792,246.05,275.35785833333335
2022-03-12 09:00:00,3.553,3.5331166666666665,248.30166666666668,321.164925
2022-03-12 10:00:00,3.4673333333333334,3.45715,280.62666666666667,379.40495999999996
2022-03-12 11:00:00,3.4145833333333333,3.4142333333333332,306.595,370.56410166666666
2022-03-12 12:00:00,3.3603666666666667,3.3605500000000004,303.045,373.08099666666664
2022-03-12 13:00:00,3.2740666666666667,3.2793166666666664,298.37166666666667,403.02328
2022-03-12 14:00:00,3.2098999999999998,3.2123333333333335,298.34000000000003,393.253805
2022-03-12 15:00:00,3.1012666666666666,3.1119666666666665,298.0133333333333,448.8625466666666
2022-03-12 16:00:00,3.0125666666666664,3.0176666666666665,299.975,387.4316033333333
2022-03-12 17:00:00,2.9625,2.9641499999999996,299.44166666666666,331.78558833333335
2022-03-12 18:00:00,2.9356999999999998,2.9364666666666666,298.07166666666666,321.024635
2022-03-12 19:00:00,2.917266666666667,2.9172166666666666,294.73499999999996,311.52796666666666
2022-03-12 20:00:00,2.904933333333333,2.9028833333333335,298.1933333333333,294.2917533333333
2022-03-12 21:00:00,2.87215,2.8747333333333334,299.7083333333333,333.3655866666667
2022-03-12 22:00:00,2.8838333333333335,2.87845,298.92333333333335,244.89777
2022-03-12 23:00:00,2.8981500000000002,2.895866666666667,301.72,293.15586
2022-03-13 00:00:00,2.902133333333333,2.8981666666666666,296.3833333333333,236.53972666666667
2022-03-13 01:00:00,2.9408000000000003,2.9332166666666666,296.10833333333335,228.41775
2022-03-13 02:00:00,2.983983333333333,2.9743666666666666,295.17,210.62449833333332
2022-03-13 03:00:00,3.0382499999999997,3.0250666666666666,299.94,196.37870166666667
2022-03-13 04:00:00,3.08685,3.0747500000000003,300.1183333333333,212.88665833333334
2022-03-13 05:00:00,3.16425,3.14645,301.3666666666667,152.14849333333333
2022-03-13 06:00:00,3.2811000000000003,3.2710166666666667,382.06166666666667,142.77907666666667
2022-03-13 07:00:00,3.4289666666666667,3.427583333333333,444.7433333333333,189.23486499999999
2022-03-13 08:00:00,3.5993833333333334,3.6114,511.4166666666667,221.30147
2022-03-13 09:00:00,3.7705166666666665,3.781566666666667,510.48499999999996,260.9147916666667
2022-03-13 10:00:00,3.868466666666667,3.8971666666666667,505.6433333333333,390.7208516666667
2022-03-13 11:00:00,3.9173166666666663,3.91995,365.32666666666665,354.6157533333333
2022-03-13 12:00:00,3.907783333333333,3.8949166666666666,335.125,337.09829666666667
2022-03-13 13:00:00,3.85425,3.819666666666667,203.315,394.255515
2022-03-13 14:00:00,3.6992333333333334,3.6585166666666664,182.96833333333333,421.5853833333333
2022-03-13 15:00:00,3.5245166666666665,3.48515,182.90666666666667,406.50547166666666
2022-03-13 16:00:00,3.3767,3.340033333333333,182.71833333333333,374.84210333333334
2022-03-13 17:00:00,3.25115,3.21635,183.72666666666666,353.14260333333334
2022-03-13 18:00:00,3.1265333333333336,3.0917499999999998,182.71,362.38568833333335
2022-03-13 19:00:00,2.9880500000000003,2.97945,280.9116666666667,392.89856
2022-03-13 20:00:00,2.925483333333333,2.9444999999999997,314.1183333333333,344.50427666666667
2022-03-13 21:00:00,2.9199833333333336,2.9339333333333335,316.89666666666665,299.3555366666667
2022-03-13 22:00:00,2.9433833333333337,2.9492333333333334,313.7883333333333,231.68980666666667
2022-03-13 23:00:00,2.9877333333333334,2.9887,309.9916666666667,239.82496666666665
2022-03-14 00:00:00,3.036783333333333,3.0343666666666667,317.7116666666667,200.10875333333334
2022-03-14 01:00:00,3.1158,3.1133333333333337,328.4633333333333,204.47664333333333
2022-03-14 02:00:00,3.2064333333333335,3.1993500000000004,327.9,157.94979166666664
2022-03-14 03:00:00,3.2979666666666665,3.2898666666666667,326.39833333333337,191.39939
2022-03-14 04:00:00,3.38375,3.3732666666666664,354.4066666666667,190.48672
2022-03-14 05:00:00,3.506066666666667,3.4862166666666665,399.02833333333336,189.58068166666666
2022-03-14 06:00:00,3.6341666666666668,3.61215,352.595,215.05418333333333
2022-03-14 07:00:00,3.62155,3.6116,291.0516666666666,400.30496000000005
2022-03-14 08:00:00,3.5178333333333334,3.513716666666667,285.75333333333333,398.0918333333333
2022-03-14 09:00:00,3.4507833333333333,3.4427166666666666,283.795,373.701975
2022-03-14 10:00:00,3.3745166666666666,3.3679333333333332,285.82,360.08440833333333
2022-03-14 11:00:00,3.327716666666667,3.3197666666666668,286.52333333333337,341.6367583333333
2022-03-14 12:00:00,3.2872166666666667,3.27985,289.925,338.06603333333334
2022-03-14 13:00:00,3.2478,3.2376,284.125,306.23680666666667
2022-03-14 14:00:00,3.2398499999999997,3.2267333333333337,283.2183333333333,299.0877983333333
2022-03-14 15:00:00,3.1987,3.1877833333333334,282.1683333333333,305.3882316666667
2022-03-14 16:00:00,3.2009,3.1858166666666667,273.4616666666667,244.55130666666668
2022-03-14 17:00:00,3.1874666666666664,3.1804,264.4866666666667,291.97851833333334
2022-03-14 18:00:00,3.139483333333333,3.1402833333333335,267.66,382.079055
2022-03-14 19:00:00,3.03255,3.03855,263.6983333333333,390.32835
2022-03-14 20:00:00,2.9641666666666664,2.9691,282.23333333333335,350.3156166666667
2022-03-14 21:00:00,2.8800833333333333,2.893533333333333,287.3233333333334,417.91717
2022-03-14 22:00:00,2.7971833333333334,2.8078999999999996,288.2583333333333,368.7632766666667
2022-03-14 23:00:00,2.75775,2.7626333333333335,287.90999999999997,315.65047
2022-03-15 00:00:00,2.74075,2.7431,289.7883333333333,272.2449016666667
2022-03-15 01:00:00,2.7743166666666665,2.76805,292.47666666666663,191.61052333333333
2022-03-15 02:00:00,2.8572333333333333,2.8452166666666665,293.3333333333333,144.59790833333332
2022-03-15 03:00:00,2.9515333333333333,2.93865,292.305,134.29652833333333
2022-03-15 04:00:00,3.0499333333333336,3.0356666666666663,293.8233333333334,136.93147833333333
2022-03-15 05:00:00,3.1434166666666665,3.12755,291.62666666666667,145.03343333333333
2022-03-15 06:00:00,3.2811833333333333,3.2865666666666664,584.7233333333334,229.02179333333333
2022-03-15 07:00:00,3.482266666666667,3.4972833333333333,511.4866666666667,312.05068833333337
2022-03-15 08:00:00,3.49315,3.4936833333333337,294.13,383.56649833333336
2022-03-15 09:00:00,3.4383,3.4362500000000002,297.43833333333333,326.8328866666667
2022-03-15 10:00:00,3.4095,3.398083333333333,264.0416666666667,301.31710833333335
2022-03-15 11:00:00,3.39145,3.3764,265.5133333333333,259.12455
2022-03-15 12:00:00,3.3871666666666664,3.37305,259.2033333333333,268.07337333333334
2022-03-15 13:00:00,3.3482833333333333,3.3390166666666667,247.165,321.6625266666667
2022-03-15 14:00:00,3.2768333333333337,3.2702999999999998,248.03,343.3159866666667
2022-03-15 15:00:00,3.1982166666666667,3.1932833333333335,246.51666666666668,351.7499933333333
2022-03-15 16:00:00,3.0974999999999997,3.096483333333333,247.78833333333333,385.96546166666667
2022-03-15 17:00:00,3.0006833333333334,3.0014333333333334,252.92833333333334,407.64878666666664
2022-03-15 18:00:00,2.8817,2.8852166666666665,250.80833333333334,382.55965833333335
2022-03-15 19:00:00,2.7908166666666667,2.7936666666666667,249.23999999999998,380.66542000000004
2022-03-15 20:00:00,2.6832,2.68965,247.84666666666666,399.59293833333334
2022-03-15 21:00:00,2.5858833333333333,2.5880666666666667,249.88833333333332,340.4600883333333
2022-03-15 22:00:00,2.5580833333333337,2.5563833333333337,298.9566666666667,244.95042
2022-03-15 23:00:00,2.6156833333333336,2.62105,361.27333333333337,245.77346166666666
2022-03-16 00:00:00,2.6917,2.6965999999999997,362.9183333333333,198.80981666666668
2022-03-16 01:00:00,2.8179000000000003,2.816333333333333,369.50166666666667,151.24319333333332
2022-03-16 02:00:00,2.959,2.95595,372.89500000000004,166.92564833333333
2022-03-16 03:00:00,3.0734166666666667,3.06855,371.1983333333334,184.536495
2022-03-16 04:00:00,3.19295,3.18455,370.2066666666667,181.714575
2022-03-16 05:00:00,3.3058166666666664,3.297283333333333,369.77000000000004,191.18406166666668
2022-03-16 06:00:00,3.42395,3.4132833333333332,370.26,178.01857333333334
2022-03-16 07:00:00,3.492433333333333,3.4949166666666667,359.47833333333335,321.4949016666667
2022-03-16 08:00:00,3.4561333333333333,3.4579666666666666,386.14000000000004,434.42489166666667
2022-03-16 09:00:00,3.473116666666667,3.4515499999999997,315.10333333333335,303.48114
2022-03-16 10:00:00,3.4353,3.3973500000000003,200.675,315.78055
2022-03-16 11:00:00,3.3328166666666665,3.2956999999999996,200.43666666666667,337.36924999999997
2022-03-16 12:00:00,3.2225333333333332,3.1852333333333336,199.34333333333333,344.2892033333334
2022-03-16 13:00:00,3.1113500000000003,3.0757666666666665,193.23,346.5433966666667
2022-03-16 14:00:00,2.9995833333333333,2.9665000000000004,197.74333333333334,352.25207666666665
2022-03-16 15:00:00,2.896083333333333,2.8641333333333336,206.80333333333334,329.9834
2022-03-16 16:00:00,2.8016666666666667,2.7872666666666666,310.1616666666667,377.04287166666666
2022-03-16 17:00:00,2.7838833333333333,2.7783166666666665,341.51166666666666,302.28721333333334
2022-03-16 18:00:00,2.7903666666666664,2.7853833333333333,338.79,334.44648500000005
2022-03-16 19:00:00,2.7553666666666667,2.7569999999999997,340.6066666666667,385.89159333333333
2022-03-16 20:00:00,2.7437166666666664,2.742716666666667,344.42333333333335,319.71795333333336
2022-03-16 21:00:00,2.7410833333333335,2.7406833333333336,349.90333333333336,333.65206666666666
2022-03-16 22:00:00,2.7356166666666666,2.7365166666666667,347.60166666666663,351.086185
2022-03-16 23:00:00,2.750916666666667,2.7450166666666664,348.3683333333333,257.38816
2022-03-17 00:00:00,2.8325,2.822483333333333,370.9533333333333,197.89612333333335
2022-03-17 01:00:00,2.9539833333333334,2.93985,371.2633333333333,157.7007866666667
2022-03-17 02:00:00,3.097916666666667,3.0786666666666664,372.21,135.61846833333334
2022-03-17 03:00:00,3.2500500000000003,3.2277666666666667,371.79,129.12273333333331
2022-03-17 04:00:00,3.4001666666666663,3.3772,373.34666666666664,144.47990333333334
2022-03-17 05:00:00,3.5439833333333337,3.5195166666666666,370.9583333333333,145.22512999999998
2022-03-17 06:00:00,3.6521166666666667,3.63115,318.43833333333333,212.71220166666666
2022-03-17 07:00:00,3.6221666666666668,3.615016666666667,273.675,401.23151333333334
2022-03-17 08:00:00,3.5070666666666668,3.50765,268.96666666666664,441.88849666666664
2022-03-17 09:00:00,3.3883,3.3872166666666668,264.68333333333334,384.01176833333335
2022-03-17 10:00:00,3.2955666666666668,3.2949333333333333,262.50333333333333,392.08085
2022-03-17 11:00:00,3.223883333333333,3.2177166666666666,263.00666666666666,312.32778833333333
2022-03-17 12:00:00,3.1751666666666667,3.1715666666666666,263.5516666666667,326.8716933333333
2022-03-17 13:00:00,3.141566666666667,3.134333333333333,259.98333333333335,268.413035
2022-03-17 14:00:00,3.1361,3.1256666666666666,260.33166666666665,247.41401166666668
2022-03-17 15:00:00,3.1371499999999997,3.127133333333333,263.76,267.34664333333336
2022-03-17 16:00:00,3.119866666666667,3.111083333333333,263.955,280.545845
2022-03-17 17:00:00,3.0494,3.0500166666666666,259.3483333333333,367.357395
2022-03-17 18:00:00,3.00325,2.9976666666666665,257.7966666666667,294.5760233333333
2022-03-17 19:00:00,2.9456166666666665,2.9445166666666664,259.35,331.05979666666667
2022-03-17 20:00:00,2.9080166666666667,2.908583333333333,275.76166666666666,290.041415
2022-03-17 21:00:00,2.8763333333333336,2.8822833333333335,278.65166666666664,353.5351483333333
2022-03-17 22:00:00,2.8075166666666664,2.81525,277.89500000000004,314.40400500000004
2022-03-17 23:00:00,2.782566666666667,2.7881666666666667,278.97333333333336,336.2185416666667
2022-03-18 00:00:00,2.73735,2.7431833333333335,280.9216666666667,300.1874916666667
2022-03-18 01:00:00,2.7339333333333333,2.732766666666667,281.545,236.4649
2022-03-18 02:00:00,2.7843500000000003,2.7752666666666665,282.95166666666665,165.13623666666666
2022-03-18 03:00:00,2.8730333333333333,2.8594333333333335,282.27000000000004,129.54418
2022-03-18 04:00:00,2.96855,2.9537166666666668,282.125,131.43047166666668
2022-03-18 05:00:00,3.0571833333333336,3.041316666666667,281.02333333333337,144.376725
2022-03-18 06:00:00,3.1719166666666667,3.1384,481.0288888888889,180.46302500000002
2022-03-18 07:00:00,3.504966666666667,3.4483333333333333,566.5452777777778,333.9840783333333
2022-03-18 08:00:00,3.524083333333333,3.5184166666666665,290.6683333333333,340.1272016666666
2022-03-18 09:00:00,3.475616666666667,3.4711833333333337,283.1166666666667,351.42478166666666
2022-03-18 10:00:00,3.4354333333333336,3.4305499999999998,278.5516666666666,309.8520883333333
2022-03-18 11:00:00,3.40415,3.3987833333333333,278.86333333333334,289.85683166666666
2022-03-18 12:00:00,3.387916666666667,3.3802499999999998,262.215,281.703345
2022-03-18 13:00:00,3.348783333333333,3.3396666666666666,245.46,309.78475999999995
2022-03-18 14:00:00,3.2946999999999997,3.2914499999999998,262.15,311.76187000000004
2022-03-18 15:00:00,3.2473666666666667,3.2453333333333334,263.81333333333333,346.6551283333334
2022-03-18 16:00:00,3.1821333333333333,3.180333333333333,265.12,307.9357166666667
2022-03-18 17:00:00,3.1318333333333332,3.1324666666666667,263.6433333333333,344.18554500000005
2022-03-18 18:00:00,3.0878333333333337,3.0867999999999998,265.205,314.5168166666666
2022-03-18 19:00:00,3.0046000000000004,3.0109666666666666,265.64166666666665,383.5400766666667
2022-03-18 20:00:00,2.9304166666666664,2.9356999999999998,261.60833333333335,357.11041
2022-03-18 21:00:00,2.8427333333333333,2.8508666666666667,265.02000000000004,361.69630333333333
2022-03-18 22:00:00,2.76215,2.772383333333333,270.3016666666667,371.19964
2022-03-18 23:00:00,2.7356333333333334,2.7342500000000003,271.6333333333333,239.61448333333334
2022-03-19 00:00:00,2.783383333333333,2.786216666666667,351.53,203.03085166666668
2022-03-19 01:00:00,2.88995,2.8825333333333334,360.29833333333335,175.40041666666667
2022-03-19 02:00:00,3.0137833333333335,3.0010666666666665,359.6816666666667,155.44958499999998
2022-03-19 03:00:00,3.1465666666666667,3.1329166666666666,359.045,140.2172
2022-03-19 04:00:00,3.283666666666667,3.267533333333333,359.47999999999996,141.01094999999998
2022-03-19 05:00:00,3.421466666666667,3.404333333333333,360.01500000000004,142.469775
2022-03-19 06:00:00,3.5523000000000002,3.548483333333333,435.29,196.8745133333333
2022-03-19 07:00:00,3.679533333333333,3.679866666666667,364.5816666666667,271.68976333333336
2022-03-19 08:00:00,3.650933333333333,3.6456999999999997,266.0466666666667,337.84728
2022-03-19 09:00:00,3.6068000000000002,3.5977333333333332,263.80833333333334,309.14268
2022-03-19 10:00:00,3.552333333333334,3.5473500000000002,261.72,371.97897666666665
2022-03-19 11:00:00,3.448583333333333,3.447666666666667,261.875,356.1361
2022-03-19 12:00:00,3.3976666666666664,3.3921833333333336,260.28333333333336,333.972345
2022-03-19 13:00:00,3.3266833333333334,3.3053666666666666,143.065,293.8597866666667
2022-03-19 14:00:00,3.1868,3.15695,108.85333333333332,326.49881666666664
2022-03-19 15:00:00,3.0409833333333336,3.0138333333333334,108.92166666666667,323.0649716666667
2022-03-19 16:00:00,2.86535,2.8403,109.135,365.936355
2022-03-19 17:00:00,2.7378666666666667,2.744133333333333,270.3066666666667,354.02069833333337
2022-03-19 18:00:00,2.63655,2.657366666666667,268.7866666666667,383.944355
2022-03-19 19:00:00,2.58185,2.5927333333333333,268.95,309.36744333333337
2022-03-19 20:00:00,2.5537833333333335,2.563683333333333,269.28,292.97925000000004
2022-03-19 21:00:00,2.49915,2.516016666666667,270.905,353.8680683333333
2022-03-19 22:00:00,2.4595333333333333,2.4658666666666664,340.3883333333333,346.66577333333333
2022-03-19 23:00:00,2.4792,2.46835,378.22166666666664,302.7738566666667
2022-03-20 00:00:00,2.5614,2.5489,400.85166666666663,194.13262833333332
2022-03-20 01:00:00,2.6997333333333335,2.6895000000000002,411.585,186.34244500000003
2022-03-20 02:00:00,2.8545333333333334,2.83975,409.8283333333333,144.611985
2022-03-20 03:00:00,3.0174833333333333,3.0016333333333334,407.77166666666665,166.57828
2022-03-20 04:00:00,3.17985,3.1594166666666665,409.25333333333333,128.47684999999998
2022-03-20 05:00:00,3.358166666666667,3.3365333333333336,409.96666666666664,130.25708333333333
2022-03-20 06:00:00,3.532033333333333,3.508783333333333,415.53333333333336,145.82925333333333
2022-03-20 07:00:00,3.6834,3.6533,330.6716666666667,187.58413666666667
2022-03-20 08:00:00,3.71585,3.6763166666666667,239.21166666666667,224.10237333333333
2022-03-20 09:00:00,3.691933333333333,3.6519666666666666,239.85833333333332,324.1950766666667
2022-03-20 10:00:00,3.5818833333333333,3.5414666666666665,242.17999999999998,407.55961666666667
2022-03-20 11:00:00,3.4859166666666668,3.4476,239.64666666666665,352.97599333333335
2022-03-20 12:00:00,3.3869333333333334,3.3491833333333334,236.70833333333334,406.44217000000003
2022-03-20 13:00:00,3.2512166666666666,3.214933333333333,235.81,390.7995916666667
2022-03-20 14:00:00,3.128633333333333,3.0935,235.7133333333333,440.2135133333333
2022-03-20 15:00:00,2.9767,2.9437,235.42333333333332,439.00825
2022-03-20 16:00:00,2.8507333333333333,2.81885,235.02833333333334,340.46499166666666
2022-03-20 17:00:00,2.7902,2.7605333333333335,236.61499999999998,308.0997116666667
2022-03-20 18:00:00,2.7134833333333335,2.6835666666666667,235.62666666666667,378.88932166666666
2022-03-20 19:00:00,2.6217833333333336,2.6077500000000002,287.9633333333333,313.4432433333333
2022-03-20 20:00:00,2.5894666666666666,2.596966666666667,321.22333333333336,346.41044
2022-03-20 21:00:00,2.5591166666666667,2.568,322.25,332.973575
2022-03-20 22:00:00,2.5707666666666666,2.5724500000000003,322.79,255.96616166666666
2022-03-20 23:00:00,2.6008166666666668,2.6011333333333337,322.93,267.67694
2022-03-21 00:00:00,2.6585166666666664,2.65285,324.4216666666667,192.82216166666666
2022-03-21 01:00:00,2.7547833333333336,2.74345,325.52333333333337,154.65399833333333
2022-03-21 02:00:00,2.8562166666666666,2.846283333333333,326.7966666666667,177.86559666666665
2022-03-21 03:00:00,2.9348666666666663,2.9262666666666663,326.9533333333333,177.64077333333336
2022-03-21 04:00:00,3.0503666666666667,3.034683333333333,326.77666666666664,133.54579166666664
2022-03-21 05:00:00,3.1756499999999996,3.1517166666666667,428.04,214.07445833333335
2022-03-21 06:00:00,3.310483333333333,3.2790000000000004,474.26500000000004,289.063715
2022-03-21 07:00:00,3.3876333333333335,3.3555333333333333,476.54,409.6887066666667
2022-03-21 08:00:00,3.3732333333333333,3.343433333333333,454.95,492.774605
2022-03-21 09:00:00,3.32465,3.2885666666666666,254.00833333333333,340.3169716666667
2022-03-21 10:00:00,3.2421166666666665,3.1954833333333337,237.915,355.87361
2022-03-21 11:00:00,3.178433333333333,3.1340999999999997,237.71166666666667,280.3913283333333
2022-03-21 12:00:00,3.1403499999999998,3.0970999999999997,238.68833333333333,293.4318916666667
2022-03-21 13:00:00,3.0749833333333334,3.0311833333333333,233.02666666666667,316.59384166666666
2022-03-21 14:00:00,3.01005,2.9667499999999998,233.92000000000002,323.76254166666666
2022-03-21 15:00:00,2.9673000000000003,2.9265499999999998,235.47666666666666,246.48409833333332
2022-03-21 16:00:00,2.92635,2.8851333333333335,237.07833333333335,324.0804083333333
2022-03-21 17:00:00,2.8679,2.8277833333333335,237.89166666666668,294.61354833333337
2022-03-21 18:00:00,2.8153833333333336,2.7744166666666668,234.14333333333335,289.32176
2022-03-21 19:00:00,2.760183333333333,2.7190333333333334,239.23166666666665,326.2649333333333
2022-03-21 20:00:00,2.6534166666666668,2.6090500000000003,238.94333333333333,440.60537
2022-03-21 21:00:00,2.52655,2.4844,237.32333333333332,376.16830166666665
2022-03-21 22:00:00,2.4227666666666665,2.382766666666667,272.00166666666667,370.97358833333334
2022-03-21 23:00:00,2.43035,2.3754833333333334,430.35333333333335,337.155645
2022-03-22 00:00:00,2.4897333333333336,2.4379166666666667,430.14166666666665,272.9572866666667
2022-03-22 01:00:00,2.6237,2.579533333333333,433.43833333333333,156.50622833333333
2022-03-22 02:00:00,2.8009833333333334,2.7558333333333334,434.57,157.67495833333334
2022-03-22 03:00:00,2.9738666666666664,2.926416666666667,432.74,159.95746833333334
2022-03-22 04:00:00,3.1519333333333335,3.1043666666666665,435.87333333333333,145.6244
2022-03-22 05:00:00,3.335583333333333,3.28655,437.73499999999996,146.446825
2022-03-22 06:00:00,3.5093,3.4547499999999998,433.0383333333333,195.74339166666667
2022-03-22 07:00:00,3.5851333333333333,3.5354,282.8683333333333,328.9472216666666
2022-03-22 08:00:00,3.4443166666666665,3.401816666666667,211.485,414.12815666666665
2022-03-22 09:00:00,3.34645,3.3079166666666664,214.44833333333332,301.89830166666667
2022-03-22 10:00:00,3.278966666666667,3.2424666666666666,214.40833333333333,286.90902166666666
2022-03-22 11:00:00,3.2353666666666667,3.1994833333333332,213.78333333333333,258.01098833333333
2022-03-22 12:00:00,3.1807333333333334,3.1451333333333333,213.1616666666667,285.4737983333333
2022-03-22 13:00:00,3.12245,3.0862833333333333,209.72333333333333,318.17699
2022-03-22 14:00:00,3.0153833333333333,2.9779166666666668,209.22833333333335,366.46260333333333
2022-03-22 15:00:00,2.9187,2.88445,209.73833333333332,318.2705516666667
2022-03-22 16:00:00,2.8302166666666664,2.7961,209.42166666666665,310.07239666666663
2022-03-22 17:00:00,2.7456,2.709766666666667,214.235,348.18531333333334
2022-03-22 18:00:00,2.636366666666667,2.6044833333333335,217.895,362.799425
2022-03-22 19:00:00,2.5578,2.5512,379.71500000000003,407.6561916666667
2022-03-22 20:00:00,2.5199333333333334,2.5191,379.60333333333335,413.0453733333333
2022-03-22 21:00:00,2.4628,2.4657666666666667,379.43,430.89854
2022-03-22 22:00:00,2.4611666666666667,2.4591333333333334,385.5083333333333,313.7012133333333
2022-03-22 23:00:00,2.544433333333333,2.5323833333333337,387.25333333333333,206.57698666666664
2022-03-23 00:00:00,2.6635666666666666,2.6506499999999997,394.47666666666663,175.2574316666667
2022-03-23 01:00:00,2.800616666666667,2.7897000000000003,401.8366666666667,190.97900166666665
2022-03-23 02:00:00,2.931233333333333,2.918766666666667,401.9933333333333,186.90783166666668
2022-03-23 03:00:00,3.0661666666666667,3.050683333333333,403.5516666666666,186.92126666666667
2022-03-23 04:00:00,3.203116666666667,3.1863,403.37166666666667,174.23440333333335
2022-03-23 05:00:00,3.3522000000000003,3.3319166666666664,404.475,156.57379166666666
2022-03-23 06:00:00,3.5093166666666664,3.488116666666667,408.03,173.611185
2022-03-23 07:00:00,3.606266666666667,3.5935833333333336,399.14666666666665,326.66180333333335
2022-03-23 08:00:00,3.56425,3.5665833333333334,291.63666666666666,387.2969233333333
2022-03-23 09:00:00,3.5220833333333332,3.520233333333333,292.65333333333336,302.412225
2022-03-23 10:00:00,3.5040833333333334,3.49845,278.6766666666666,288.88274
2022-03-23 11:00:00,3.47875,3.4739166666666668,279.5566666666667,294.01500833333336
2022-03-23 12:00:00,3.467566666666667,3.4615666666666667,278.39666666666665,293.444825
2022-03-23 13:00:00,3.4326999999999996,3.4311333333333334,276.8333333333333,333.9299266666667
2022-03-23 14:00:00,3.39215,3.3882499999999998,267.84666666666664,305.392025
2022-03-23 15:00:00,3.3579,3.3547166666666666,275.42333333333335,300.67916333333335
2022-03-23 16:00:00,3.2826833333333334,3.2906666666666666,277.25333333333333,411.50714
2022-03-23 17:00:00,3.19475,3.2039666666666666,285.8,394.41636666666665
2022-03-23 18:00:00,3.122916666666667,3.13135,289.085,359.23301999999995
2022-03-23 19:00:00,3.0394,3.0520333333333336,279.10333333333335,421.87375
2022-03-23 20:00:00,2.9507333333333334,2.95915,276.12666666666667,349.57429833333333
2022-03-23 21:00:00,2.897383333333333,2.9039166666666665,277.01500000000004,321.28366
2022-03-23 22:00:00,2.8766000000000003,2.8775166666666667,275.955,267.36624
2022-03-23 23:00:00,2.88395,2.881866666666667,281.56166666666667,255.79829999999998
2022-03-24 00:00:00,2.914433333333333,2.9088333333333334,284.7933333333333,196.35496166666664
2022-03-24 01:00:00,2.9713166666666666,2.9631333333333334,284.6116666666667,202.54147333333333
2022-03-24 02:00:00,3.0248166666666667,3.0124333333333335,284.79,160.220675
2022-03-24 03:00:00,3.1115333333333335,3.096033333333333,286.15,139.99605666666668
2022-03-24 04:00:00,3.2058666666666666,3.1895000000000002,305.02000000000004,134.705955
2022-03-24 05:00:00,3.3870833333333334,3.3489666666666666,494.10833333333335,138.97773666666666
2022-03-24 06:00:00,3.6060000000000003,3.5637499999999998,487.55833333333334,189.987835
2022-03-24 07:00:00,3.6513,3.638316666666667,285.575,389.5216116666667
2022-03-24 08:00:00,3.5531,3.546,282.27000000000004,393.55536166666667
2022-03-24 09:00:00,3.4770666666666665,3.4683166666666665,280.73499999999996,351.332275
2022-03-24 10:00:00,3.4416,3.4285,280.39166666666665,309.7504
2022-03-24 11:00:00,3.394883333333333,3.383983333333333,277.71,330.963165
2022-03-24 12:00:00,3.3543833333333333,3.3428,270.39666666666665,315.9038983333333
2022-03-24 13:00:00,3.2986166666666668,3.2882666666666664,260.575,351.31834833333335
2022-03-24 14:00:00,3.2257166666666666,3.21555,261.88666666666666,345.434395
2022-03-24 15:00:00,3.172633333333333,3.161783333333333,262.22833333333335,326.046105
2022-03-24 16:00:00,3.1018499999999998,3.0932666666666666,260.15,337.60195333333337
2022-03-24 17:00:00,3.0612,3.05025,261.5866666666667,309.6782083333334
2022-03-24 18:00:00,2.99745,2.9911833333333333,261.5683333333333,337.923175
2022-03-24 19:00:00,2.9282833333333333,2.9234666666666667,265.02833333333336,373.71327333333335
2022-03-24 20:00:00,2.8664,2.859466666666667,265.6433333333333,311.494525
2022-03-24 21:00:00,2.802633333333333,2.7981333333333334,264.5416666666667,386.436215
2022-03-24 22:00:00,2.7152833333333333,2.7129333333333334,266.06666666666666,330.8350283333333
2022-03-24 23:00:00,2.6919166666666663,2.684766666666667,270.81166666666667,262.80884499999996
2022-03-25 00:00:00,2.7203999999999997,2.7166833333333336,336.84166666666664,226.81506333333334
2022-03-25 01:00:00,2.796683333333333,2.789083333333333,334.75,175.52927166666666
2022-03-25 02:00:00,2.9132833333333332,2.8990500000000003,332.77000000000004,142.17998166666666
2022-03-25 03:00:00,3.0338166666666666,3.0185833333333334,335.46666666666664,134.17186666666666
2022-03-25 04:00:00,3.1635166666666668,3.145783333333333,335.77000000000004,129.722905
2022-03-25 05:00:00,3.2798833333333333,3.2632666666666665,339.40166666666664,168.87237833333333
2022-03-25 06:00:00,3.383683333333333,3.373183333333333,396.095,194.22055
2022-03-25 07:00:00,3.468233333333333,3.4801333333333333,437.07,356.950555
2022-03-25 08:00:00,3.4417166666666663,3.442633333333333,260.03333333333336,405.59426666666667
2022-03-25 09:00:00,3.3156833333333333,3.3121333333333336,241.5,412.85303333333337
2022-03-25 10:00:00,3.1965500000000002,3.19205,242.84166666666667,408.2004833333333
2022-03-25 11:00:00,3.1008166666666668,3.092033333333333,241.48999999999998,303.75578666666667
2022-03-25 12:00:00,3.0619666666666663,3.051933333333333,242.17999999999998,290.5483033333333
2022-03-25 13:00:00,3.018733333333333,3.00975,242.14833333333334,299.1966733333333
2022-03-25 14:00:00,2.953883333333333,2.94835,243.05333333333334,324.1306533333333
2022-03-25 15:00:00,2.8962166666666667,2.89005,242.7,324.43568666666664
2022-03-25 16:00:00,2.8191166666666665,2.815433333333333,242.28,356.4112966666667
2022-03-25 17:00:00,2.6922166666666665,2.6972,259.5866666666667,432.3303266666666
2022-03-25 18:00:00,2.6591,2.677716666666667,387.14500000000004,278.34530333333333
2022-03-25 19:00:00,2.7032499999999997,2.7288833333333335,386.09000000000003,335.9674266666667
2022-03-25 20:00:00,2.75245,2.7698666666666667,391.35166666666663,257.81030666666663
2022-03-25 21:00:00,2.804333333333333,2.8246333333333333,382.31333333333333,320.0460333333333
2022-03-25 22:00:00,2.8239,2.8476833333333333,371.89833333333337,345.3031066666666
2022-03-25 23:00:00,2.8524333333333334,2.8365333333333336,308.03,250.788995
2022-03-26 00:00:00,2.9006666666666665,2.8815999999999997,324.01500000000004,218.07298833333334
2022-03-26 01:00:00,2.9586333333333332,2.9501,338.40833333333336,225.01962666666665
2022-03-26 02:00:00,3.0297666666666667,3.0195833333333337,338.345,205.27252666666666
2022-03-26 03:00:00,3.11535,3.1017333333333337,337.165,189.37643500000001
2022-03-26 04:00:00,3.227233333333333,3.2063333333333333,338.8883333333333,136.29991166666667
2022-03-26 05:00:00,3.3499,3.3285666666666667,353.31666666666666,161.77517833333334
2022-03-26 06:00:00,3.48115,3.4518333333333335,422.57666666666665,208.174285
2022-03-26 07:00:00,3.5902000000000003,3.56255,422.02333333333337,274.64102
2022-03-26 08:00:00,3.6379,3.6136833333333334,342.775,340.24601666666666
2022-03-26 09:00:00,3.5929333333333333,3.5738833333333333,274.65999999999997,347.57633999999996
2022-03-26 10:00:00,3.510183333333333,3.4945833333333334,276.99833333333333,383.99353833333333
2022-03-26 11:00:00,3.4411,3.4233166666666666,272.76166666666666,321.32459833333337
2022-03-26 12:00:00,3.425883333333333,3.40505,268.35499999999996,283.5194666666667
2022-03-26 13:00:00,3.3709833333333337,3.3547833333333332,264.51666666666665,353.6352833333333
2022-03-26 14:00:00,3.2928333333333333,3.2777000000000003,264.13,346.1010416666667
2022-03-26 15:00:00,3.2671166666666664,3.248566666666667,264.39500000000004,270.74347
2022-03-26 16:00:00,3.2375333333333334,3.2199166666666668,266.71,288.67306
2022-03-26 17:00:00,3.195133333333333,3.1806,264.65333333333336,377.4873766666667
2022-03-26 18:00:00,3.0829333333333335,3.0744333333333334,266.675,405.68395
2022-03-26 19:00:00,2.9935666666666667,2.9835,270.3233333333333,371.828805
2022-03-26 20:00:00,2.91875,2.9081333333333332,283.56,382.9762533333333
2022-03-26 21:00:00,2.8392666666666666,2.829066666666667,285.00166666666667,368.25627499999996
2022-03-26 22:00:00,2.7967166666666667,2.7841333333333336,284.55333333333334,298.23829666666666
2022-03-26 23:00:00,2.7964166666666666,2.780933333333333,286.3016666666666,255.60512333333332
2022-03-27 00:00:00,2.8200333333333334,2.801416666666667,287.65833333333336,232.72424833333335
2022-03-27 01:00:00,2.8422,2.8246499999999997,290.12,222.73308
2022-03-27 02:00:00,2.91095,2.888183333333333,289.5733333333334,148.80798833333336
2022-03-27 03:00:00,2.9795833333333333,2.95845,290.09833333333336,176.0069466666667
2022-03-27 04:00:00,3.071166666666667,3.0454999999999997,290.21500000000003,131.87376666666668
2022-03-27 05:00:00,3.1683,3.14215,289.755,136.25873833333333
2022-03-27 06:00:00,3.3188166666666663,3.3125833333333334,552.1383333333334,154.1186833333333
2022-03-27 07:00:00,3.5726500000000003,3.568,493.835,202.99965833333331
2022-03-27 08:00:00,3.647383333333333,3.6295833333333336,268.64666666666665,272.3534333333333
2022-03-27 09:00:00,3.6106166666666666,3.5981666666666667,268.31,345.388625
2022-03-27 10:00:00,3.521333333333333,3.5147666666666666,268.9266666666667,365.19123
2022-03-27 11:00:00,3.46225,3.4526,267.1616666666667,352.81149666666664
2022-03-27 12:00:00,3.3545166666666666,3.352516666666667,268.315,416.6415666666666
2022-03-27 13:00:00,3.2652666666666668,3.2607,267.5266666666667,382.97949166666666
2022-03-27 14:00:00,3.1682833333333336,3.165433333333333,267.235,418.68715499999996
2022-03-27 15:00:00,3.0024333333333333,3.0093,269.7116666666667,491.7519233333333
2022-03-27 16:00:00,2.899083333333333,2.899,275.4483333333334,368.09304499999996
2022-03-27 17:00:00,2.8396333333333335,2.835466666666667,273.89500000000004,310.9906216666667
2022-03-27 18:00:00,2.804866666666667,2.8004499999999997,272.81666666666666,321.0956566666666
2022-03-27 19:00:00,2.7763166666666668,2.7689166666666667,273.345,308.1690933333333
2022-03-27 20:00:00,2.7114166666666666,2.71075,291.69,371.38626
2022-03-27 21:00:00,2.697216666666667,2.67835,335.97333333333336,287.64656
2022-03-27 22:00:00,2.7393333333333336,2.718166666666667,341.44,245.42010333333334
2022-03-27 23:00:00,2.790233333333333,2.76935,344.80333333333334,271.3575783333333
2022-03-28 00:00:00,2.8259333333333334,2.80445,345.60833333333335,270.59613333333334
2022-03-28 01:00:00,2.841,2.8221333333333334,345.15333333333336,304.32056833333337
2022-03-28 02:00:00,2.90615,2.88225,347.5516666666666,193.09424166666668
2022-03-28 03:00:00,3.0186333333333333,2.9915000000000003,347.165,136.28854333333334
2022-03-28 04:00:00,3.1557666666666666,3.12655,347.00333333333333,124.44045
2022-03-28 05:00:00,3.2921,3.261616666666667,349.35499999999996,143.39131666666665
2022-03-28 06:00:00,3.3960500000000002,3.367833333333333,350.25333333333333,229.49113166666666
2022-03-28 07:00:00,3.419166666666667,3.3954999999999997,349.81666666666666,387.21961666666664
2022-03-28 08:00:00,3.3396,3.32165,325.62833333333333,405.98369166666663
2022-03-28 09:00:00,3.307366666666667,3.2883,321.06166666666667,324.18589833333334
2022-03-28 10:00:00,3.296766666666666,3.2773499999999998,319.07166666666666,319.00898666666666
2022-03-28 11:00:00,3.2710166666666667,3.253216666666667,319.28333333333336,346.5894166666667
2022-03-28 12:00:00,3.2510833333333333,3.2322833333333336,320.99,308.56236333333334
2022-03-28 13:00:00,3.2389,3.2215,311.17833333333334,334.6739
2022-03-28 14:00:00,3.1982500000000003,3.1824999999999997,310.3833333333333,351.96788166666664
2022-03-28 15:00:00,3.1889833333333333,3.1688,312.3333333333333,284.94629499999996
2022-03-28 16:00:00,3.1817333333333333,3.1638499999999996,311.48833333333334,322.5731433333333
2022-03-28 17:00:00,3.1359833333333333,3.1200166666666664,311.3,366.8975816666667
2022-03-28 18:00:00,3.1193833333333334,3.0993666666666666,311.25,314.8013916666667
2022-03-28 19:00:00,3.0825666666666667,3.0671666666666666,309.175,367.785145
2022-03-28 20:00:00,3.008766666666667,2.9946166666666665,303.85,388.45687499999997
2022-03-28 21:00:00,2.99405,2.9737999999999998,301.50333333333333,251.46735666666666
2022-03-28 22:00:00,3.0185999999999997,2.997183333333333,301.2416666666667,266.59727
2022-03-28 23:00:00,3.0167166666666665,2.9964166666666667,300.5933333333333,275.2375633333333
2022-03-29 00:00:00,3.0435833333333333,3.0230666666666663,322.8016666666666,233.60127333333332
2022-03-29 01:00:00,3.1087,3.0890166666666667,337.21,204.58099333333334
2022-03-29 02:00:00,3.1864833333333333,3.1653499999999997,337.65833333333336,202.21322999999998
2022-03-29 03:00:00,3.2775000000000003,3.25365,338.7183333333333,183.56631166666665
2022-03-29 04:00:00,3.3733666666666666,3.3491,338.7633333333333,176.06056500000003
2022-03-29 05:00:00,3.4624333333333337,3.4368666666666665,338.2933333333333,194.31181999999998
2022-03-29 06:00:00,3.553366666666667,3.5273166666666667,341.565,195.86247
2022-03-29 07:00:00,3.6013499999999996,3.5820833333333337,338.21666666666664,354.308865
2022-03-29 08:00:00,3.5091166666666664,3.5079,291.51,386.8374033333333
2022-03-29 09:00:00,3.471366666666667,3.46665,293.73833333333334,324.78835833333335
2022-03-29 10:00:00,3.4337999999999997,3.430333333333333,293.7183333333333,320.537825
2022-03-29 11:00:00,3.3926166666666666,3.3913,294.1616666666667,348.64227833333337
2022-03-29 12:00:00,3.37045,3.353533333333333,234.05666666666667,266.36563
2022-03-29 13:00:00,3.321966666666667,3.301283333333333,226.74833333333333,276.6269066666666
2022-03-29 14:00:00,3.2810833333333336,3.2644333333333333,244.08166666666665,294.1424816666667
2022-03-29 15:00:00,3.2308000000000003,3.2157833333333334,245.08666666666667,333.65770833333335
2022-03-29 16:00:00,3.1495666666666664,3.1374500000000003,246.44666666666666,328.94125833333334
2022-03-29 17:00:00,3.0702333333333334,3.059066666666667,245.06833333333333,347.4733716666667
2022-03-29 18:00:00,3.0096333333333334,2.9951,242.40833333333333,301.8689033333333
2022-03-29 19:00:00,2.9513666666666665,2.945983333333333,275.15833333333336,358.92141333333336
2022-03-29 20:00:00,2.8629000000000002,2.8729500000000003,296.62833333333333,414.23883
2022-03-29 21:00:00,2.771583333333333,2.781833333333333,297.65333333333336,384.08923166666665
2022-03-29 22:00:00,2.7235,2.72965,297.02166666666665,361.23171
2022-03-29 23:00:00,2.69795,2.69695,296.0866666666667,251.63386166666666
2022-03-30 00:00:00,2.737983333333333,2.7304166666666663,297.06,208.67979
2022-03-30 01:00:00,2.8038499999999997,2.7914666666666665,298.2083333333333,162.74086333333335
2022-03-30 02:00:00,2.896916666666667,2.8820833333333336,300.365,133.92152
2022-03-30 03:00:00,3.0053833333333335,2.9866,300.2133333333333,125.08459666666666
2022-03-30 04:00:00,3.1111500000000003,3.0913666666666666,301.47833333333335,134.79152333333334
2022-03-30 05:00:00,3.2146,3.19405,301.2033333333333,133.08464
2022-03-30 06:00:00,3.351183333333333,3.3573333333333335,558.3633333333333,239.68032833333334
2022-03-30 07:00:00,3.492433333333333,3.5310833333333336,595.1633333333334,406.8653366666667
2022-03-30 08:00:00,3.5281499999999997,3.533333333333333,301.47833333333335,410.94027666666665
2022-03-30 09:00:00,3.452116666666667,3.440516666666667,269.0683333333333,322.67872
2022-03-30 10:00:00,3.403383333333333,3.3922666666666665,270.505,369.4845583333333
2022-03-30 11:00:00,3.3340666666666667,3.3226,270.28,294.61394333333334
2022-03-30 12:00:00,3.3256,3.3103833333333332,270.5516666666667,290.60687333333334
2022-03-30 13:00:00,3.2803166666666663,3.26925,267.42,315.7838866666667
2022-03-30 14:00:00,3.2289833333333333,3.218433333333333,267.475,328.62464166666666
2022-03-30 15:00:00,3.2011666666666665,3.1867,267.10333333333335,277.37768666666665
2022-03-30 16:00:00,3.1872166666666666,3.1728,266.69,278.5242116666667
2022-03-30 17:00:00,3.13265,3.1243833333333333,268.91833333333335,341.0433683333333
2022-03-30 18:00:00,3.0785666666666667,3.0726500000000003,274.97,352.56611333333336
2022-03-30 19:00:00,2.9815666666666667,2.9816999999999996,275.02166666666665,397.95677166666667
2022-03-30 20:00:00,2.91445,2.9115666666666664,273.8433333333333,357.9954583333334
2022-03-30 21:00:00,2.8247833333333334,2.8268,273.47333333333336,420.4330566666667
2022-03-30 22:00:00,2.7333333333333334,2.7356166666666666,312.7183333333333,318.8325083333333
2022-03-30 23:00:00,2.7716,2.7772833333333335,362.0183333333333,255.92927666666668
2022-03-31 00:00:00,2.8360333333333334,2.8397666666666668,365.545,259.65543833333334
2022-03-31 01:00:00,2.9147499999999997,2.9144,367.0933333333333,174.8055666666667
2022-03-31 02:00:00,3.0534833333333333,3.0446,367.03333333333336,140.4926
2022-03-31 03:00:00,3.202233333333333,3.1912499999999997,368.37666666666667,131.20253833333334
2022-03-31 04:00:00,3.353266666666667,3.340616666666667,370.0566666666667,135.35603
2022-03-31 05:00:00,3.4852,3.4716,372.0366666666667,169.26829833333335
2022-03-31 06:00:00,3.59585,3.5869666666666666,370.81166666666667,235.16197499999998
2022-03-31 07:00:00,3.5983333333333336,3.5875500000000002,262.9116666666667,342.2340666666667
2022-03-31 08:00:00,3.5329333333333333,3.5215,263.3616666666667,341.707245
2022-03-31 09:00:00,3.4632833333333335,3.452733333333333,264.2,322.08472333333333
2022-03-31 10:00:00,3.4361666666666664,3.4215999999999998,263.57666666666665,290.0388966666667
2022-03-31 11:00:00,3.408933333333333,3.3939833333333334,265.095,276.40125333333333
2022-03-31 12:00:00,3.3796666666666666,3.3670833333333334,260.02000000000004,305.401275
2022-03-31 13:00:00,3.33295,3.3206166666666665,251.25166666666667,301.4928
2022-03-31 14:00:00,3.2760333333333334,3.266183333333333,250.75166666666667,339.0493716666667
2022-03-31 15:00:00,3.188816666666667,3.182,250.70499999999998,365.4252366666667
2022-03-31 16:00:00,3.1072833333333336,3.1031,256.38666666666666,370.7320266666667
2022-03-31 17:00:00,2.998483333333333,2.99915,256.9433333333333,398.60898166666664
2022-03-31 18:00:00,2.9434166666666663,2.9294166666666666,324.6633333333333,322.867035
2022-03-31 19:00:00,2.9242333333333335,2.9065333333333334,333.34000000000003,371.486015
2022-03-31 20:00:00,2.9084333333333334,2.88855,330.8066666666667,295.98872166666666
2022-03-31 21:00:00,2.9168333333333334,2.898616666666667,331.77666666666664,340.7052816666667
2022-03-31 22:00:00,2.8995,2.8811999999999998,328.5366666666667,304.61207833333333
2022-03-31 23:00:00,2.9159,2.895283333333333,325.92833333333334,267.65314
2022-04-01 00:00:00,2.962883333333333,2.9387499999999998,325.9633333333333,207.03445
2022-04-01 01:00:00,3.0541,3.0256666666666665,323.8183333333333,149.45234166666665
2022-04-01 02:00:00,3.166166666666667,3.136,324.095,138.59482
2022-04-01 03:00:00,3.2851333333333335,3.252733333333333,324.87833333333333,130.49235333333334
2022-04-01 04:00:00,3.4072166666666663,3.3739500000000002,325.415,128.20744666666667
2022-04-01 05:00:00,3.5260000000000002,3.4915000000000003,325.665,145.263905
2022-04-01 06:00:00,3.6135333333333337,3.58235,328.0683333333333,258.05472833333334
2022-04-01 07:00:00,3.5967333333333333,3.5733333333333333,300.6066666666667,344.4095316666666
2022-04-01 08:00:00,3.5141833333333334,3.49935,285.28,443.7896616666667
2022-04-01 09:00:00,3.3727333333333336,3.362483333333333,284.99666666666667,468.127235
2022-04-01 10:00:00,3.2500333333333336,3.240666666666667,288.14666666666665,417.06552
2022-04-01 11:00:00,3.1694166666666663,3.1581166666666665,289.34166666666664,368.9113
2022-04-01 12:00:00,3.1160833333333335,3.1023,290.585,311.5554633333333
2022-04-01 13:00:00,3.10385,3.0865,282.3333333333333,284.5820316666667
2022-04-01 14:00:00,3.0717,3.0570333333333335,283.64166666666665,315.74085333333335
2022-04-01 15:00:00,3.0644833333333334,3.0460833333333333,283.9866666666667,267.46635333333336
2022-04-01 16:00:00,3.034383333333333,3.0194833333333335,285.1183333333333,351.26577
2022-04-01 17:00:00,3.008383333333333,2.988116666666667,282.18333333333334,255.01059333333333
2022-04-01 18:00:00,2.9912833333333335,2.9762166666666667,282.305,324.0307716666667
2022-04-01 19:00:00,2.9663,2.94865,279.94166666666666,274.4826983333333
2022-04-01 20:00:00,2.9573833333333335,2.9396666666666667,276.825,283.90128999999996
2022-04-01 21:00:00,2.880133333333333,2.8722166666666666,277.25166666666667,441.842095
2022-04-01 22:00:00,2.798016666666667,2.786583333333333,276.7316666666667,303.57045833333336
2022-04-01 23:00:00,2.7876,2.7735166666666666,282.1066666666667,264.055695
2022-04-02 00:00:00,2.8006333333333333,2.7843,287.9,235.96317166666668
2022-04-02 01:00:00,2.815316666666667,2.8002666666666665,290.93,266.71994
2022-04-02 02:00:00,2.8464,2.82755,291.025,193.76059833333332
2022-04-02 03:00:00,2.90455,2.8838166666666667,286.595,185.00542
2022-04-02 04:00:00,2.974816666666667,2.9518833333333334,294.305,147.69944500000003
2022-04-02 05:00:00,3.0669666666666666,3.0444833333333334,299.405,174.65341833333332
2022-04-02 06:00:00,3.2779499999999997,3.2580666666666667,760.5333333333333,180.95269166666668
2022-04-02 07:00:00,3.5737,3.5570333333333335,455.40999999999997,240.26788
2022-04-02 08:00:00,3.5767499999999997,3.5613,253.6616666666667,302.44383666666664
2022-04-02 09:00:00,3.4942333333333333,3.4873333333333334,251.98333333333332,421.04917666666665
2022-04-02 10:00:00,3.3745,3.3685666666666667,253.095,350.11629999999997
2022-04-02 11:00:00,3.3141833333333333,3.3049833333333334,252.235,330.01274166666667
2022-04-02 12:00:00,3.2245666666666666,3.2213333333333334,253.86833333333334,396.55704833333334
2022-04-02 13:00:00,3.1356166666666665,3.1296666666666666,252.07166666666666,333.8601366666666
2022-04-02 14:00:00,3.0772833333333334,3.07025,253.23,313.75908
2022-04-02 15:00:00,3.0159833333333332,3.0106166666666665,251.24666666666664,358.4380333333333
2022-04-02 16:00:00,2.9304,2.9261833333333334,252.87333333333333,312.70463333333333
2022-04-02 17:00:00,2.8701333333333334,2.8673,252.60166666666666,358.83603666666664
2022-04-02 18:00:00,2.7944999999999998,2.79295,251.38333333333333,345.0507783333333
2022-04-02 19:00:00,2.6989666666666663,2.7024666666666666,252.57000000000002,386.3846433333334
2022-04-02 20:00:00,2.6254666666666666,2.6244,253.02166666666665,306.99689166666667
2022-04-02 21:00:00,2.585666666666667,2.5836333333333332,254.77,299.06471500000004
2022-04-02 22:00:00,2.52715,2.5294666666666665,248.13833333333332,317.0309716666667
2022-04-02 23:00:00,2.479316666666667,2.4777333333333336,243.94666666666666,293.2659216666667
2022-04-03 00:00:00,2.46225,2.4565,243.08333333333334,222.97685833333333
2022-04-03 01:00:00,2.48695,2.4756500000000004,242.38333333333333,172.71659499999998
2022-04-03 02:00:00,2.5366,2.52285,243.565,151.66393166666666
2022-04-03 03:00:00,2.5891666666666664,2.5733166666666665,243.19666666666666,140.99547333333334
2022-04-03 04:00:00,2.6563666666666665,2.639483333333333,243.715,142.16126166666666
2022-04-03 05:00:00,2.86575,2.8208833333333336,698.8516666666667,182.287605
2022-04-03 06:00:00,3.1965999999999997,3.1417,711.4066666666666,210.55494833333333
2022-04-03 07:00:00,3.484566666666667,3.4245666666666663,523.6166666666667,260.58535333333333
2022-04-03 08:00:00,3.4961833333333336,3.435566666666667,239.34166666666667,293.39254999999997
2022-04-03 09:00:00,3.4544,3.3946166666666664,238.74833333333333,298.76263
2022-04-03 10:00:00,3.3760166666666667,3.31055,240.745,395.13083166666667
2022-04-03 11:00:00,3.2847166666666667,3.2237666666666667,239.96,306.24708166666665
2022-04-03 12:00:00,3.2259333333333333,3.1684833333333335,239.52333333333334,301.00401500000004
2022-04-03 13:00:00,3.1631333333333336,3.1023833333333335,240.29,370.45949333333334
2022-04-03 14:00:00,3.0555333333333334,2.995566666666667,241.43333333333334,355.36084666666665
2022-04-03 15:00:00,2.9696833333333337,2.9087166666666664,240.64333333333335,377.9618433333333
2022-04-03 16:00:00,2.8535166666666667,2.7908166666666667,242.03166666666667,425.09318333333334
2022-04-03 17:00:00,2.721883333333333,2.660816666666667,243.23999999999998,368.1727116666667
2022-04-03 18:00:00,2.658266666666667,2.6466833333333333,386.85,352.300555
2022-04-03 19:00:00,2.6401,2.6582999999999997,400.865,427.7773416666667
2022-04-03 20:00:00,2.6203833333333337,2.637516666666667,394.0683333333333,379.2360233333333
2022-04-03 21:00:00,2.6137666666666663,2.6295833333333336,396.93,372.5672016666667
2022-04-03 22:00:00,2.6516666666666664,2.6560833333333336,390.40833333333336,272.3873566666667
2022-04-03 23:00:00,2.7381,2.7375166666666666,388.0316666666667,253.42429833333333
2022-04-04 00:00:00,2.8270833333333334,2.8167,373.9433333333333,200.92585
2022-04-04 01:00:00,2.9479333333333333,2.924783333333333,352.1316666666667,162.96418833333334
2022-04-04 02:00:00,3.0666333333333333,3.040783333333333,352.57,146.424535
2022-04-04 03:00:00,3.206033333333333,3.17685,352.39833333333337,125.88343
2022-04-04 04:00:00,3.3476166666666667,3.317833333333333,356.9116666666667,134.111845
2022-04-04 05:00:00,3.4863500000000003,3.4553333333333334,362.34833333333336,149.8880333333333
2022-04-04 06:00:00,3.5901333333333336,3.5626499999999997,354.0683333333333,236.21061999999998
2022-04-04 07:00:00,3.5943833333333335,3.559466666666667,291.0083333333333,377.16870166666666
2022-04-04 08:00:00,3.490016666666667,3.45915,265.5866666666667,423.77062666666666
2022-04-04 09:00:00,3.3802333333333334,3.3543333333333334,257.12,402.9074683333334
2022-04-04 10:00:00,3.2693333333333334,3.2448333333333332,260.555,408.170735
2022-04-04 11:00:00,3.1619333333333333,3.1386166666666666,260.87666666666667,378.87651833333337
2022-04-04 12:00:00,3.08995,3.06515,257.1633333333333,328.07801
2022-04-04 13:00:00,3.033466666666667,3.009533333333333,258.195,319.8600133333333
2022-04-04 14:00:00,2.9738166666666666,2.9508,259.4483333333333,325.67372666666665
2022-04-04 15:00:00,2.9462166666666665,2.9215666666666666,260.35333333333335,292.7585433333333
2022-04-04 16:00:00,2.8855500000000003,2.862416666666667,261.455,326.28974833333336
2022-04-04 17:00:00,2.8600333333333334,2.834966666666667,261.02000000000004,271.40002833333335
2022-04-04 18:00:00,2.8376,2.813933333333333,260.36833333333334,303.13829333333337
2022-04-04 19:00:00,2.7792666666666666,2.7584,269.6333333333333,332.9989233333333
2022-04-04 20:00:00,2.7607333333333335,2.742116666666667,314.72166666666664,299.62240166666663
2022-04-04 21:00:00,2.719,2.70395,314.165,382.285955
2022-04-04 22:00:00,2.687883333333333,2.67085,314.8433333333333,327.44426166666665
2022-04-04 23:00:00,2.6670333333333334,2.6515,317.4483333333334,328.22548
2022-04-05 00:00:00,2.659439583333333,2.64405,316.4066666666667,286.40243833333335
2022-04-05 01:00:00,2.685016666666667,2.666333333333333,317.90833333333336,248.60398833333332
2022-04-05 02:00:00,2.7385666666666664,2.71495,318.14000000000004,174.82481666666666
2022-04-05 03:00:00,2.85275,2.8251833333333334,317.71666666666664,123.160335
2022-04-05 04:00:00,2.9757166666666666,2.9468166666666664,318.93333333333334,124.30836833333333
2022-04-05 05:00:00,3.140533333333333,3.1015,543.6266666666667,138.36576166666666
2022-04-05 06:00:00,3.4756666666666667,3.41875,737.4699999999999,257.29885666666667
2022-04-05 07:00:00,3.6850666666666663,3.6385,487.0866666666667,360.82519666666667
2022-04-05 08:00:00,3.63525,3.6167833333333332,262.79333333333335,370.20919
2022-04-05 09:00:00,3.5526333333333335,3.5337,258.47833333333335,304.82912166666665
2022-04-05 10:00:00,3.5339666666666667,3.5115166666666666,257.91833333333335,276.68615166666666
2022-04-05 11:00:00,3.5057166666666664,3.4843333333333333,258.00166666666667,280.367225
2022-04-05 12:00:00,3.48395,3.4624666666666664,258.03166666666664,270.8030366666666
2022-04-05 13:00:00,3.4611,3.4391333333333334,254.4633333333333,302.08734166666665
2022-04-05 14:00:00,3.4022666666666668,3.384466666666667,254.98999999999998,350.59517166666666
2022-04-05 15:00:00,3.3152,3.2988500000000003,254.96166666666667,346.06096333333335
2022-04-05 16:00:00,3.2639,3.2449,255.91333333333333,313.60220666666663
2022-04-05 17:00:00,3.1992333333333334,3.1824833333333333,255.05166666666668,327.54532166666667
2022-04-05 18:00:00,3.1259,3.1134333333333335,256.625,401.48134666666664
2022-04-05 19:00:00,3.0145666666666666,3.00515,258.315,380.1758416666667
2022-04-05 20:00:00,2.9358500000000003,2.926016666666667,258.00333333333333,378.12802833333336
2022-04-05 21:00:00,2.7919666666666667,2.7923,259.4533333333333,470.54745
2022-04-05 22:00:00,2.6971,2.6896666666666667,265.27166666666665,301.62597833333336
2022-04-05 23:00:00,2.7426833333333334,2.7135000000000002,356.27000000000004,206.02258500000002
2022-04-06 00:00:00,2.8407666666666667,2.8084333333333333,357.05833333333334,177.92291500000002
2022-04-06 01:00:00,2.9623833333333334,2.92955,360.06333333333333,148.00069833333333
2022-04-06 02:00:00,3.100916666666667,3.0654,361.96,133.43137333333334
2022-04-06 03:00:00,3.2379166666666666,3.2002499999999996,361.415,163.24283166666666
2022-04-06 04:00:00,3.3564000000000003,3.3173166666666662,357.35999999999996,163.89734666666666
2022-04-06 05:00:00,3.4812,3.44005,360.08,154.70274333333333
2022-04-06 06:00:00,3.603416666666667,3.561583333333333,357.96,200.04778166666665
2022-04-06 07:00:00,3.6479666666666666,3.6078333333333332,357.5516666666666,343.91396
2022-04-06 08:00:00,3.6010166666666668,3.56155,353.8333333333333,480.497185
2022-04-06 09:00:00,3.50045,3.47535,277.10166666666663,347.1676366666667
2022-04-06 10:00:00,3.4483166666666665,3.42955,257.55,304.78249166666666
2022-04-06 11:00:00,3.403633333333333,3.386083333333333,257.25333333333333,310.3689166666667
2022-04-06 12:00:00,3.3581,3.3414333333333333,255.19166666666666,287.53457833333334
2022-04-06 13:00:00,3.3087500000000003,3.2944,250.26333333333332,355.6234433333333
2022-04-06 14:00:00,3.2276499999999997,3.2146,251.11,308.3394166666667
2022-04-06 15:00:00,3.21855,3.196566666666667,251.09333333333333,224.31510666666665
2022-04-06 16:00:00,3.1929666666666665,3.1658833333333334,187.76000000000002,297.4142983333333
2022-04-06 17:00:00,3.0866166666666666,3.0617,187.97833333333335,355.96819666666664
2022-04-06 18:00:00,2.9578833333333336,2.933133333333333,185.75833333333333,363.86053333333336
2022-04-06 19:00:00,2.8090166666666665,2.7887333333333335,184.57833333333335,422.55718333333334
2022-04-06 20:00:00,2.6811333333333334,2.66415,286.12666666666667,350.46442666666667
2022-04-06 21:00:00,2.668433333333333,2.6526833333333335,370.045,331.52696333333336
2022-04-06 22:00:00,2.6779,2.662383333333333,371.09166666666664,346.7292566666667
2022-04-06 23:00:00,2.7096500000000003,2.6901,369.90166666666664,263.45445333333333
2022-04-07 00:00:00,2.77455,2.7532666666666668,366.9,262.3653233333333
2022-04-07 01:00:00,2.8602833333333333,2.8346333333333336,368.1166666666667,174.41969333333333
2022-04-07 02:00:00,2.9986166666666665,2.9692999999999996,367.10333333333335,133.95107833333333
2022-04-07 03:00:00,3.1498,3.11765,367.97833333333335,123.15569333333333
2022-04-07 04:00:00,3.305133333333333,3.271,368.3616666666667,123.924015
2022-04-07 05:00:00,3.4519666666666664,3.4167,365.6433333333333,153.259625
2022-04-07 06:00:00,3.5454333333333334,3.5140000000000002,365.9683333333333,255.7842016666667
2022-04-07 07:00:00,3.588083333333333,3.5572500000000002,359.63666666666666,315.32568333333336
2022-04-07 08:00:00,3.585733333333333,3.5572166666666667,330.025,325.3016866666667
2022-04-07 09:00:00,3.5685833333333337,3.5432333333333332,307.69,334.79991
2022-04-07 10:00:00,3.5455833333333335,3.5197999999999996,312.52666666666664,320.75680166666666
2022-04-07 11:00:00,3.5181833333333334,3.4915833333333333,331.92,354.69685833333335
2022-04-07 12:00:00,3.4755666666666665,3.4265166666666667,258.75333333333333,364.35955
2022-04-07 13:00:00,3.409283333333333,3.3590166666666668,252.48,335.1028316666667
2022-04-07 14:00:00,3.32175,3.2719,242.63666666666668,358.6703766666667
2022-04-07 15:00:00,3.252416666666667,3.203733333333333,241.28166666666667,305.0691666666667
2022-04-07 16:00:00,3.20915,3.1623,241.415,273.79560000000004
2022-04-07 17:00:00,3.15755,3.108616666666667,242.23999999999998,366.97474666666665
2022-04-07 18:00:00,3.054466666666667,3.0071333333333334,235.60666666666665,338.94854166666664
2022-04-07 19:00:00,2.9812333333333334,2.94025,264.02166666666665,345.65456166666667
2022-04-07 20:00:00,2.9253666666666667,2.896533333333333,293.52666666666664,315.1140133333334
2022-04-07 21:00:00,2.919233333333333,2.888933333333333,292.455,276.73676666666665
2022-04-07 22:00:00,2.90725,2.8787333333333334,293.495,322.4725833333333
2022-04-07 23:00:00,2.866516666666667,2.838616666666667,293.565,313.34258666666665
2022-04-08 00:00:00,2.8838333333333335,2.8515333333333337,294.3933333333333,213.84578833333333
2022-04-08 01:00:00,2.9473333333333334,2.91225,296.005,162.68831666666665
2022-04-08 02:00:00,3.0279499999999997,2.9921,296.115,173.27462500000001
2022-04-08 03:00:00,3.0989333333333335,3.0632,296.8883333333333,177.62545666666668
2022-04-08 04:00:00,3.177516666666667,3.1452833333333334,348.9866666666667,176.50453000000002
2022-04-08 05:00:00,3.2967999999999997,3.2673666666666668,388.0466666666667,175.5512116666667
2022-04-08 06:00:00,3.446883333333333,3.4298,481.56,231.77364833333334
2022-04-08 07:00:00,3.527333333333333,3.5302999999999995,398.50333333333333,389.85048166666667
2022-04-08 08:00:00,3.4491666666666663,3.4450999999999996,280.255,398.6364716666667
2022-04-08 09:00:00,3.3773833333333334,3.3668,278.38,374.01819166666667
2022-04-08 10:00:00,3.2884333333333333,3.2820166666666664,277.36333333333334,386.216925
2022-04-08 11:00:00,3.2266,3.2140166666666667,274.65999999999997,307.4149433333333
2022-04-08 12:00:00,3.2146166666666667,3.1988166666666666,277.58,265.8753516666667
2022-04-08 13:00:00,3.20445,3.1889666666666665,277.12666666666667,294.4481266666667
2022-04-08 14:00:00,3.174783333333333,3.1613166666666666,277.43333333333334,321.00048
2022-04-08 15:00:00,3.1227666666666662,3.110583333333333,276.5933333333333,321.18348333333336
2022-04-08 16:00:00,3.09075,3.0771333333333337,280.19666666666666,319.39129833333334
2022-04-08 17:00:00,3.0314166666666664,3.0222166666666666,273.9316666666667,388.72451
2022-04-08 18:00:00,2.9271000000000003,2.9218166666666665,269.24666666666667,379.48945166666664
2022-04-08 19:00:00,2.862983333333333,2.8547000000000002,270.14,343.27681666666666
2022-04-08 20:00:00,2.806766666666667,2.7993,280.30833333333334,338.2410066666667
2022-04-08 21:00:00,2.7908,2.7712,322.76500000000004,301.149945
2022-04-08 22:00:00,2.7988666666666666,2.7788166666666663,323.21,297.6128016666667
2022-04-08 23:00:00,2.78395,2.7725500000000003,350.955,355.7237616666667
2022-04-09 00:00:00,2.8117666666666663,2.7965,363.2416666666667,244.81743666666668
2022-04-09 01:00:00,2.8911166666666666,2.8722833333333333,364.27333333333337,218.13278833333334
2022-04-09 02:00:00,2.9878666666666667,2.96515,364.92833333333334,184.247745
2022-04-09 03:00:00,3.1191999999999998,3.090433333333333,365.2416666666667,148.34122166666666
2022-04-09 04:00:00,3.2581333333333333,3.22565,365.65166666666664,135.05943166666665
2022-04-09 05:00:00,3.4001499999999996,3.36715,365.945,159.04523666666668
2022-04-09 06:00:00,3.5176166666666666,3.4849166666666664,364.815,188.87809833333333
2022-04-09 07:00:00,3.5696833333333333,3.5478,308.2033333333333,302.97655833333334
2022-04-09 08:00:00,3.5273,3.51305,286.40166666666664,367.264595
2022-04-09 09:00:00,3.4541166666666667,3.443233333333333,288.755,375.21134
2022-04-09 10:00:00,3.3680833333333333,3.3604,287.22,404.35300666666666
2022-04-09 11:00:00,3.2627,3.2582166666666668,287.5133333333333,425.80573
2022-04-09 12:00:00,3.179483333333333,3.1722166666666665,286.655,379.01962333333336
2022-04-09 13:00:00,3.1363166666666666,3.122383333333333,287.0883333333333,290.92150000000004
2022-04-09 14:00:00,3.1094500000000003,3.097283333333333,288.415,355.1272266666667
2022-04-09 15:00:00,3.072883333333333,3.0547,299.5316666666667,279.73725333333334
2022-04-09 16:00:00,3.0759499999999997,3.054533333333333,325.27666666666664,312.1055733333333
2022-04-09 17:00:00,3.0490500000000003,3.031066666666667,325.4683333333333,404.426485
2022-04-09 18:00:00,2.9701166666666667,2.9570333333333334,324.00166666666667,431.5979516666667
2022-04-09 19:00:00,2.8935833333333334,2.8808833333333337,321.5783333333333,377.373455
2022-04-09 20:00:00,2.8599,2.8453666666666666,322.49666666666667,344.21464000000003
2022-04-09 21:00:00,2.8313,2.8164666666666665,320.94666666666666,357.04527333333334
2022-04-09 22:00:00,2.7841666666666667,2.7718833333333333,318.4116666666667,392.3243483333333
2022-04-09 23:00:00,2.728616666666667,2.715433333333333,323.27000000000004,320.12874833333336
2022-04-10 00:00:00,2.784661016949152,2.7536271186440677,385.92033898305084,240.37974576271188
2022-04-10 01:00:00,2.883866666666667,2.85025,386.5066666666667,184.45270333333335
2022-04-10 02:00:00,3.0307166666666663,2.9915666666666665,388.43666666666667,141.22889666666666
2022-04-10 03:00:00,3.1879833333333334,3.1469666666666667,388.09166666666664,146.64232166666667
2022-04-10 04:00:00,3.3248166666666665,3.28255,384.89000000000004,166.50863166666667
2022-04-10 05:00:00,3.4762333333333335,3.43025,380.39833333333337,136.93177
2022-04-10 06:00:00,3.6023666666666667,3.557166666666667,337.9316666666667,215.770825
2022-04-10 07:00:00,3.6394333333333333,3.5969333333333333,283.39166666666665,225.04576166666666
2022-04-10 08:00:00,3.6479500000000002,3.6177333333333332,260.13666666666666,258.54570333333334
2022-04-10 09:00:00,3.5942999999999996,3.577933333333333,248.06166666666667,362.5015216666667
2022-04-10 10:00:00,3.4709999999999996,3.4641333333333337,248.88666666666668,411.72528
2022-04-10 11:00:00,3.3819999999999997,3.3690333333333333,248.72833333333335,313.41753
2022-04-10 12:00:00,3.3146,3.3052333333333332,248.90333333333334,404.1643583333333
2022-04-10 13:00:00,3.1652,3.1640333333333337,248.77833333333334,435.9940183333334
2022-04-10 14:00:00,3.0410666666666666,3.0387666666666666,247.96666666666667,399.9302016666667
2022-04-10 15:00:00,2.91395,2.9161,246.92999999999998,435.80706833333335
2022-04-10 16:00:00,2.74215,2.7504333333333335,249.82333333333332,509.70481666666666
2022-04-10 17:00:00,2.630866666666667,2.6253666666666664,257.84333333333336,300.87928166666666
2022-04-10 18:00:00,2.60655,2.598066666666667,258.17333333333335,288.566675
2022-04-10 19:00:00,2.5448833333333334,2.5420333333333334,284.74,368.78962333333334
2022-04-10 20:00:00,2.541333333333333,2.515816666666667,353.8383333333333,298.65290333333337
2022-04-10 21:00:00,2.553316666666667,2.5286166666666663,353.63,351.6151533333333
2022-04-10 22:00:00,2.5753166666666667,2.5478666666666663,353.89166666666665,251.10696833333333
2022-04-10 23:00:00,2.6370833333333334,2.60915,357.7883333333333,238.32173333333333
2022-04-11 00:00:00,2.7081500000000003,2.6789,365.1,242.93783833333333
2022-04-11 01:00:00,2.79085,2.7590833333333333,366.90166666666664,204.498135
2022-04-11 02:00:00,2.893466666666667,2.8606333333333334,367.39000000000004,195.32894166666668
2022-04-11 03:00:00,3.0110333333333332,2.9762666666666666,367.79833333333335,152.25999833333333
2022-04-11 04:00:00,3.1508166666666666,3.11475,368.01666666666665,149.735165
2022-04-11 05:00:00,3.2781333333333333,3.2409499999999998,369.72166666666664,173.03809166666667
2022-04-11 06:00:00,3.4049666666666667,3.4057666666666666,583.84,296.63637666666665
2022-04-11 07:00:00,3.532233333333333,3.5450333333333335,479.135,402.51725999999996
2022-04-11 08:00:00,3.5014666666666665,3.502016666666667,347.0366666666667,460.2958233333333
2022-04-11 09:00:00,3.4047666666666667,3.383866666666667,281.24833333333333,398.46868333333333
2022-04-11 10:00:00,3.3233,3.2974666666666668,280.815,367.52452166666666
2022-04-11 11:00:00,3.296983333333333,3.2683666666666666,282.17,251.31877
2022-04-11 12:00:00,3.3032833333333333,3.27345,282.8283333333333,284.82677666666666
2022-04-11 13:00:00,3.2373833333333333,3.2141499999999996,281.19,404.84319666666664
2022-04-11 14:00:00,3.1463666666666668,3.123816666666667,283.055,385.236605
2022-04-11 15:00:00,3.08935,3.0637,274.5366666666667,329.73919166666667
2022-04-11 16:00:00,3.0227500000000003,2.9993333333333334,266.5833333333333,343.800055
2022-04-11 17:00:00,2.9779,2.9521666666666664,267.11333333333334,317.978915
2022-04-11 18:00:00,2.9027000000000003,2.8817833333333334,266.49666666666667,384.79641333333336
2022-04-11 19:00:00,2.8135666666666665,2.79305,264.245,356.04623833333335
2022-04-11 20:00:00,2.7428000000000003,2.7230833333333333,260.66,367.24879
2022-04-11 21:00:00,2.6536666666666666,2.6366,263.0833333333333,348.51997
2022-04-11 22:00:00,2.6098166666666667,2.5882666666666667,293.84000000000003,318.0750566666667
2022-04-11 23:00:00,2.5867166666666668,2.5568999999999997,322.45166666666665,351.6887033333333
2022-04-12 00:00:00,2.56745,2.5386499999999996,320.35499999999996,316.73908666666665
2022-04-12 01:00:00,2.5676166666666664,2.5373499999999996,320.6633333333333,263.965175
2022-04-12 02:00:00,2.6202166666666664,2.58805,320.87833333333333,207.56841333333332
2022-04-12 03:00:00,2.708066666666667,2.6736833333333334,321.69,145.377135
2022-04-12 04:00:00,2.81985,2.78445,321.81,139.397735
2022-04-12 05:00:00,2.9423999999999997,2.9029499999999997,430.93666666666667,155.702435
2022-04-12 06:00:00,3.235183333333333,3.1742333333333335,736.0433333333333,222.28984499999999
2022-04-12 07:00:00,3.5352,3.461116666666667,738.95,348.90296
2022-04-12 08:00:00,3.610466666666667,3.5359666666666665,335.73333333333335,486.177535
2022-04-12 09:00:00,3.4831166666666666,3.4200999999999997,279.0933333333333,351.83557
2022-04-12 10:00:00,3.4352500000000004,3.3750500000000003,278.6766666666666,325.2729166666667
2022-04-12 11:00:00,3.38055,3.3207666666666666,279.00333333333333,340.1870016666666
2022-04-12 12:00:00,3.3447999999999998,3.2866666666666666,277.51166666666666,297.6468733333333
2022-04-12 13:00:00,3.308583333333333,3.2499833333333332,277.2033333333333,336.17651
2022-04-12 14:00:00,3.2521229166666665,3.19265,278.03,335.9417716666667
2022-04-12 15:00:00,3.1897333333333338,3.1308166666666666,277.87,393.958545
2022-04-12 16:00:00,3.07895,3.0192666666666668,281.53333333333336,418.64400166666667
2022-04-12 17:00:00,3.00965,2.9538166666666665,279.8816666666667,325.29445666666663
2022-04-12 18:00:00,2.9540833333333336,2.8981500000000002,278.15166666666664,358.7379816666667
2022-04-12 19:00:00,2.8613,2.8015166666666667,279.46666666666664,455.4519883333333
2022-04-12 20:00:00,2.7501666666666664,2.6945333333333332,282.425,380.50482166666666
2022-04-12 21:00:00,2.6602166666666665,2.6059166666666664,295.3666666666667,401.184845
2022-04-12 22:00:00,2.62495,2.592033333333333,383.175,302.2924566666667
2022-04-12 23:00:00,2.6973833333333332,2.6665166666666664,382.18666666666667,230.92087666666666
2022-04-13 00:00:00,2.7808333333333333,2.7431166666666664,392.99833333333333,265.70007
2022-04-13 01:00:00,2.870883333333333,2.8289166666666667,406.37333333333333,231.31815833333334
2022-04-13 02:00:00,2.9900499999999997,2.948183333333333,407.21666666666664,197.45217666666667
2022-04-13 03:00:00,3.1282666666666668,3.0852666666666666,406.665,155.42994666666667
2022-04-13 04:00:00,3.2961,3.2519833333333334,407.81166666666667,136.12876166666666
2022-04-13 05:00:00,3.47015,3.4236,408.5416666666667,139.96946833333334
2022-04-13 06:00:00,3.6135333333333337,3.5629333333333335,409.9116666666667,245.48128833333334
2022-04-13 07:00:00,3.676816666666667,3.6224333333333334,410.50166666666667,321.94165
2022-04-13 08:00:00,3.68865,3.6465,316.88,330.64714833333335
2022-04-13 09:00:00,3.6398333333333337,3.610666666666667,288.25166666666667,369.19162500000004
2022-04-13 10:00:00,3.5906333333333333,3.560783333333333,279.32666666666665,281.69049666666666
2022-04-13 11:00:00,3.5830166666666665,3.5471833333333334,249.31333333333333,253.52202
2022-04-13 12:00:00,3.562,3.5254666666666665,249.25833333333333,296.35596333333336
2022-04-13 13:00:00,3.5088166666666667,3.4736166666666666,249.61499999999998,309.95881333333335
2022-04-13 14:00:00,3.4607,3.4255333333333335,248.88666666666668,303.676695
2022-04-13 15:00:00,3.397366666666667,3.3645,250.92166666666665,364.030505
2022-04-13 16:00:00,3.2878499999999997,3.2573833333333337,251.62,406.2696466666667
2022-04-13 17:00:00,3.1576166666666667,3.129966666666667,248.85166666666666,442.07554999999996
2022-04-13 18:00:00,3.02435,2.996983333333333,247.87666666666667,402.3640666666667
2022-04-13 19:00:00,2.9119666666666664,2.8867,254.59666666666666,343.59301166666665
2022-04-13 20:00:00,2.8901166666666667,2.856933333333333,301.675,314.4511566666667
2022-04-13 21:00:00,2.851766666666667,2.8190000000000004,301.34000000000003,367.24904
2022-04-13 22:00:00,2.8095,2.7782666666666667,301.15,290.25767
2022-04-13 23:00:00,2.836116666666667,2.80495,300.95166666666665,211.74666166666665
2022-04-14 00:00:00,2.8855,2.854016666666667,302.35166666666663,209.8274
2022-04-14 01:00:00,2.947583333333333,2.9148833333333335,302.075,199.8583316666667
2022-04-14 02:00:00,3.0097333333333336,2.977133333333333,300.60166666666663,167.06481833333333
2022-04-14 03:00:00,3.0982166666666666,3.0645000000000002,300.805,145.90680833333332
2022-04-14 04:00:00,3.1958333333333333,3.160816666666667,301.64833333333337,139.68068
2022-04-14 05:00:00,3.2886666666666664,3.253316666666667,300.47166666666664,158.47416166666665
2022-04-14 06:00:00,3.391183333333333,3.3631666666666664,457.60166666666663,220.52439833333335
2022-04-14 07:00:00,3.492433333333333,3.477516666666667,431.95166666666665,407.0001383333334
2022-04-14 08:00:00,3.410883333333333,3.40725,252.01666666666668,389.6780733333333
2022-04-14 09:00:00,3.2961666666666667,3.2966333333333333,252.87333333333333,417.88235999999995
2022-04-14 10:00:00,3.18175,3.1813333333333333,253.62166666666664,387.1476983333333
2022-04-14 11:00:00,3.0728500000000003,3.0754333333333337,254.415,427.2001066666666
2022-04-14 12:00:00,2.938816666666667,2.9440833333333334,254.42666666666668,414.6093216666667
2022-04-14 13:00:00,2.8420166666666664,2.84495,253.25166666666667,360.79094499999997
2022-04-14 14:00:00,2.7729333333333335,2.77225,251.09333333333333,301.75410999999997
2022-04-14 15:00:00,2.727316666666667,2.72655,250.11166666666668,292.78626499999996
2022-04-14 16:00:00,2.7085999999999997,2.70385,258.87166666666667,272.03924333333333
2022-04-14 17:00:00,2.6771833333333332,2.6841166666666667,292.37333333333333,354.63667833333335
2022-04-14 18:00:00,2.6260833333333333,2.633016666666667,288.7366666666667,320.3106516666667
2022-04-14 19:00:00,2.5707166666666668,2.582133333333333,287.64666666666665,358.448875
2022-04-14 20:00:00,2.5349999999999997,2.540433333333333,283.73833333333334,310.39701833333334
2022-04-14 21:00:00,2.4953,2.50535,285.85999999999996,355.984495
2022-04-14 22:00:00,2.41985,2.43485,289.02333333333337,380.51318833333335
2022-04-14 23:00:00,2.3772499999999996,2.3861833333333333,308.3616666666667,295.3434966666666
2022-04-15 00:00:00,2.4497,2.449183333333333,450.50333333333333,258.37385166666667
2022-04-15 01:00:00,2.5804666666666667,2.5748,452.135,213.21149166666666
2022-04-15 02:00:00,2.7542666666666666,2.74045,441.425,150.73725666666667
2022-04-15 03:00:00,2.9418166666666665,2.924383333333333,437.69666666666666,141.2159616666667
2022-04-15 04:00:00,3.1295,3.1099166666666664,441.2633333333333,146.12502166666667
2022-04-15 05:00:00,3.3100666666666667,3.2916833333333333,439.15166666666664,163.10539500000002
2022-04-15 06:00:00,3.4291,3.4179666666666666,437.9316666666667,324.4687016666667
2022-04-15 07:00:00,3.455966666666667,3.4526666666666666,440.875,432.121225
2022-04-15 08:00:00,3.4207666666666667,3.4231333333333334,439.365,456.6881216666667
2022-04-15 09:00:00,3.40885,3.4065333333333334,435.0783333333333,399.1569216666667
2022-04-15 10:00:00,3.428733333333333,3.3999499999999996,298.655,320.65938
2022-04-15 11:00:00,3.3903166666666666,3.35125,284.89000000000004,332.202825
2022-04-15 12:00:00,3.35605,3.3173166666666662,285.76,324.30809666666664
2022-04-15 13:00:00,3.3008333333333337,3.2624333333333335,285.7566666666667,377.5328583333333
2022-04-15 14:00:00,3.2413666666666665,3.2029666666666667,284.68333333333334,313.507315
2022-04-15 15:00:00,3.215533333333333,3.17745,283.65,308.1048133333333
2022-04-15 16:00:00,3.1872833333333332,3.1481,283.87666666666667,316.99431666666663
2022-04-15 17:00:00,3.1437833333333334,3.10675,307.9866666666667,335.547305
2022-04-15 18:00:00,3.1504333333333334,3.1416166666666667,436.10499999999996,319.51941999999997
2022-04-15 19:00:00,3.2206333333333332,3.2133666666666665,437.405,307.626055
2022-04-15 20:00:00,3.2780833333333335,3.2638000000000003,317.99833333333333,276.86235000000005
2022-04-15 21:00:00,3.240083333333333,3.23175,298.36333333333334,360.80040166666663
2022-04-15 22:00:00,3.2028166666666666,3.19265,291.40166666666664,349.50951499999996
2022-04-15 23:00:00,3.165516666666667,3.1445999999999996,269.9316666666667,278.45821333333333
2022-04-16 00:00:00,3.1675166666666663,3.140416666666667,266.59666666666664,237.89793333333333
2022-04-16 01:00:00,3.173,3.1452166666666668,264.215,256.488945
2022-04-16 02:00:00,3.1853333333333333,3.1571333333333333,260.385,195.59767666666667
2022-04-16 03:00:00,3.2249,3.19525,260.34,181.89880499999998
2022-04-16 04:00:00,3.259916666666667,3.2304166666666663,261.49,190.92658666666665
2022-04-16 05:00:00,3.35705,3.3159666666666667,373.815,139.59439833333332
2022-04-16 06:00:00,3.5088,3.4605166666666665,398.17,182.63407999999998
2022-04-16 07:00:00,3.6177,3.5639,391.0133333333333,252.35792166666667
2022-04-16 08:00:00,3.645683333333333,3.603266666666667,275.5866666666667,305.00020333333333
2022-04-16 09:00:00,3.5552333333333332,3.520766666666667,263.495,426.6606883333333
2022-04-16 10:00:00,3.4467166666666667,3.4124333333333334,263.1666666666667,363.70025
2022-04-16 11:00:00,3.3871499999999997,3.3536333333333332,262.765,325.1609266666666
2022-04-16 12:00:00,3.3158666666666665,3.2830333333333335,262.375,359.4191633333333
2022-04-16 13:00:00,3.2379499999999997,3.20525,261.15833333333336,382.266575
2022-04-16 14:00:00,3.1492166666666668,3.117433333333333,261.02833333333336,350.24349333333333
2022-04-16 15:00:00,3.0813833333333336,3.0500833333333333,260.73333333333335,353.40200166666665
2022-04-16 16:00:00,2.9813666666666667,2.95095,261.55333333333334,410.81154499999997
2022-04-16 17:00:00,2.8857333333333335,2.8546666666666667,262.8,370.3503083333333
2022-04-16 18:00:00,2.8221,2.7926166666666665,263.535,311.8604033333333
2022-04-16 19:00:00,2.7775833333333333,2.7545166666666665,302.6116666666667,361.524695
2022-04-16 20:00:00,2.720066666666667,2.7015833333333332,314.82666666666665,346.86574333333334
2022-04-16 21:00:00,2.7285333333333335,2.7061333333333333,313.52333333333337,262.510385
2022-04-16 22:00:00,2.7386166666666667,2.716616666666667,315.8316666666667,279.1944383333333
2022-04-16 23:00:00,2.7418833333333335,2.7215333333333334,318.445,307.17665166666666
2022-04-17 00:00:00,2.776416666666667,2.7518833333333332,321.865,195.86749333333333
2022-04-17 01:00:00,2.8602,2.835583333333333,322.0566666666667,184.86855500000001
2022-04-17 02:00:00,2.946283333333333,2.92095,322.87666666666667,162.13625666666667
2022-04-17 03:00:00,3.0559166666666666,3.0277499999999997,320.02666666666664,148.60708166666666
2022-04-17 04:00:00,3.1659833333333336,3.127683333333333,437.0433333333333,177.3852633333333
2022-04-17 05:00:00,3.4383666666666666,3.360116666666667,663.035,206.68129333333334
2022-04-17 06:00:00,3.6810166666666664,3.6199333333333334,473.5733333333334,224.228275
2022-04-17 07:00:00,3.7259499999999997,3.7006666666666663,302.52166666666665,226.15772666666666
2022-04-17 08:00:00,3.7323666666666666,3.7142166666666667,256.78166666666664,296.110085
2022-04-17 09:00:00,3.6979333333333333,3.680633333333333,257.63,304.47882000000004
2022-04-17 10:00:00,3.630033333333333,3.61705,255.23166666666665,339.535395
2022-04-17 11:00:00,3.5558,3.5448833333333334,259.2266666666667,343.4489266666667
2022-04-17 12:00:00,3.5133,3.4983833333333334,259.26166666666666,287.48140500000005
2022-04-17 13:00:00,3.464116666666667,3.4517666666666664,256.685,359.2232916666666
2022-04-17 14:00:00,3.3466,3.3407666666666667,254.35666666666665,418.498815
2022-04-17 15:00:00,3.24355,3.2359333333333336,255.95499999999998,388.79210333333333
2022-04-17 16:00:00,3.124483333333333,3.1203833333333337,255.86833333333334,401.3027566666667
2022-04-17 17:00:00,3.05495,3.044566666666667,254.415,328.19823833333334
2022-04-17 18:00:00,2.9884166666666667,2.9791000000000003,254.10333333333335,321.82149666666663
2022-04-17 19:00:00,2.9398166666666667,2.93165,252.63166666666666,307.01772
2022-04-17 20:00:00,2.85525,2.8524499999999997,250.52166666666665,388.67562333333336
2022-04-17 21:00:00,2.7952999999999997,2.7879833333333335,251.63666666666668,265.61992166666664
2022-04-17 22:00:00,2.7984,2.7828500000000003,283.3,262.99179166666664
2022-04-17 23:00:00,2.7860500000000004,2.770233333333333,292.5566666666667,273.40301833333336
2022-04-18 00:00:00,2.8196999999999997,2.8006666666666664,285.60166666666663,197.15313999999998
2022-04-18 01:00:00,2.8855500000000003,2.864933333333333,288.135,159.41638
2022-04-18 02:00:00,2.967016666666667,2.9447166666666664,289.67833333333334,147.19539166666667
2022-04-18 03:00:00,3.054483333333333,3.0299666666666667,295.4633333333333,143.53680666666665
2022-04-18 04:00:00,3.156833333333333,3.1313666666666666,296.02000000000004,126.22404
2022-04-18 05:00:00,3.2828500000000003,3.25305,471.0133333333333,156.89309999999998
2022-04-18 06:00:00,3.558983333333333,3.5128833333333334,646.2800000000001,214.52193333333335
2022-04-18 07:00:00,3.6787,3.67645,396.05,461.7331783333333
2022-04-18 08:00:00,3.5355333333333334,3.5683166666666666,341.85,468.4807866666667
2022-04-18 09:00:00,3.4801,3.49865,343.385,375.91778166666666
2022-04-18 10:00:00,3.4495666666666667,3.4668,346.725,368.14393333333334
2022-04-18 11:00:00,3.409183333333333,3.4268833333333335,318.3933333333333,410.0258533333334
2022-04-18 12:00:00,3.334566666666667,3.3263666666666665,243.30833333333334,333.50140833333336
2022-04-18 13:00:00,3.2855833333333333,3.2736666666666663,242.45833333333334,288.9891116666667
2022-04-18 14:00:00,3.253416666666667,3.238983333333333,241.24833333333333,271.3294266666667
2022-04-18 15:00:00,3.2055166666666666,3.1937833333333336,241.82999999999998,287.780135
2022-04-18 16:00:00,3.1562666666666668,3.1452666666666667,238.88833333333332,316.5828333333333
2022-04-18 17:00:00,3.1195666666666666,3.103666666666667,239.27333333333334,256.637135
2022-04-18 18:00:00,3.0745333333333336,3.0621666666666667,238.36499999999998,311.4185683333333
2022-04-18 19:00:00,3.0158,3.006266666666667,238.07999999999998,328.5204966666667
2022-04-18 20:00:00,2.953516666666667,2.9447666666666668,240.45333333333335,283.0840366666667
2022-04-18 21:00:00,2.8893166666666668,2.8829,236.06333333333333,343.7938733333333
2022-04-18 22:00:00,2.8070666666666666,2.8008,237.965,331.27492333333333
2022-04-18 23:00:00,2.7346999999999997,2.7305,235.47166666666666,327.69154
2022-04-19 00:00:00,2.7060833333333334,2.6875,331.4066666666667,292.3257233333333
2022-04-19 01:00:00,2.7346,2.732766666666667,389.4533333333333,274.7328166666667
2022-04-19 02:00:00,2.8513333333333337,2.8395,388.64166666666665,144.59336833333333
2022-04-19 03:00:00,3.0151666666666666,3.0000666666666667,389.1,124.70668500000001
2022-04-19 04:00:00,3.184183333333333,3.16565,388.59000000000003,123.70397
2022-04-19 05:00:00,3.3432000000000004,3.3251833333333334,388.6316666666667,155.71502
2022-04-19 06:00:00,3.4552,3.4433000000000002,391.945,255.81193666666667
2022-04-19 07:00:00,3.498066666666667,3.4967333333333332,397.7316666666667,343.02422666666666
2022-04-19 08:00:00,3.4974,3.4952666666666667,342.56333333333333,386.9643483333333
2022-04-19 09:00:00,3.446833333333333,3.416933333333333,260.01,338.1752483333333
2022-04-19 10:00:00,3.38545,3.35445,260.25333333333333,309.05147666666664
2022-04-19 11:00:00,3.3548,3.324316666666667,261.505,303.87846666666667
2022-04-19 12:00:00,3.321833333333333,3.2923,259.685,259.99160166666667
2022-04-19 13:00:00,3.3039666666666667,3.2745333333333333,260.74833333333333,300.5352716666667
2022-04-19 14:00:00,3.259092592592592,3.229685185185185,260.5907407407407,285.4904925925926
2022-04-19 15:00:00,3.216293103448276,3.187689655172414,252.67241379310346,331.54316206896556
2022-04-19 16:00:00,3.15595,3.1254,262.36333333333334,304.08729500000004
2022-04-19 17:00:00,3.127183673469388,3.0976122448979595,251.86122448979594,289.476506122449
2022-04-19 18:00:00,3.07405,3.0447333333333333,258.3333333333333,334.09923999999995
2022-04-19 19:00:00,2.9505,2.9263666666666666,269.16,494.25497666666666
2022-04-19 20:00:00,2.8475333333333332,2.834866666666667,317.9216666666667,347.86597333333333
2022-04-19 21:00:00,2.8125,2.8021666666666665,320.14833333333337,386.7568116666667
2022-04-19 22:00:00,2.7471666666666668,2.7390833333333333,321.4216666666667,368.21053333333333
2022-04-19 23:00:00,2.761883333333333,2.7462500000000003,324.4433333333333,213.61368166666668
2022-04-20 00:00:00,2.8348999999999998,2.81555,329.2816666666667,188.510405
2022-04-20 01:00:00,2.936183333333333,2.9147000000000003,328.8,143.43018666666666
2022-04-20 02:00:00,3.0503,3.02695,324.665,155.031125
2022-04-20 03:00:00,3.141433333333333,3.119333333333333,323.12666666666667,175.54253166666666
2022-04-20 04:00:00,3.274583333333333,3.29425,588.4233333333334,169.49824500000003
2022-04-20 05:00:00,3.5850500000000003,3.635683333333333,687.6966666666667,149.67099000000002
2022-04-20 06:00:00,3.84665,3.857133333333333,369.315,234.96462000000002
2022-04-20 07:00:00,3.8565833333333335,3.84405,261.87333333333333,306.0271383333333
2022-04-20 08:00:00,3.7868666666666666,3.78195,259.05333333333334,387.30047666666667
2022-04-20 09:00:00,3.678233333333333,3.6765833333333333,259.26166666666666,370.5418416666667
2022-04-20 10:00:00,3.6302666666666665,3.6206833333333335,259.555,287.948615
2022-04-20 11:00:00,3.5805333333333333,3.5746166666666666,258.7733333333333,349.961065
2022-04-20 12:00:00,3.5049333333333332,3.4998,260.47166666666664,311.57025
2022-04-20 13:00:00,3.4741,3.4648499999999998,262.16,288.6086516666667
2022-04-20 14:00:00,3.4581166666666667,3.4474333333333336,263.24833333333333,274.1390216666667
2022-04-20 15:00:00,3.4333833333333335,3.4232333333333336,264.89,274.6959033333333
2022-04-20 16:00:00,3.4190833333333335,3.4087666666666667,263.03,287.10644666666667
2022-04-20 17:00:00,3.3618333333333337,3.3604833333333333,268.635,374.67695
2022-04-20 18:00:00,3.2352666666666665,3.2436999999999996,268.52000000000004,442.75892333333337
2022-04-20 19:00:00,3.1368,3.1405833333333333,266.925,370.39519333333334
2022-04-20 20:00:00,3.0648666666666666,3.06715,265.21666666666664,366.14384333333334
2022-04-20 21:00:00,3.0008833333333333,2.9999666666666664,261.995,290.84616
2022-04-20 22:00:00,2.96165,2.9614333333333334,262.21,328.778945
2022-04-20 23:00:00,2.963016666666667,2.96275,334.69166666666666,206.38282833333332
2022-04-21 00:00:00,3.0184833333333336,3.018266666666667,290.05833333333334,227.86445833333335
2022-04-21 01:00:00,3.0833166666666667,3.0730500000000003,286.505,141.38517666666667
2022-04-21 02:00:00,3.176016666666667,3.1637666666666666,287.4116666666667,129.31280666666666
2022-04-21 03:00:00,3.2777833333333333,3.264016666666667,288.35999999999996,118.915415
2022-04-21 04:00:00,3.382883333333333,3.3684166666666666,288.14000000000004,122.53455833333334
2022-04-21 05:00:00,3.4804666666666666,3.4653666666666667,287.1766666666666,142.83586333333332
2022-04-21 06:00:00,3.54175,3.5320166666666664,286.60333333333335,221.543925
2022-04-21 07:00:00,3.5462166666666666,3.54595,286.0783333333333,290.213495
2022-04-21 08:00:00,3.503,3.506133333333333,274.4683333333333,325.64513
2022-04-21 09:00:00,3.4549166666666666,3.4602166666666667,272.465,352.04046666666665
2022-04-21 10:00:00,3.39115,3.3958500000000003,272.8516666666667,334.949965
2022-04-21 11:00:00,3.34125,3.34775,276.1,339.303685
2022-04-21 12:00:00,3.2869333333333333,3.29435,272.46833333333336,340.3159083333333
2022-04-21 13:00:00,3.2264666666666666,3.2342999999999997,271.915,357.317745
2022-04-21 14:00:00,3.1298666666666666,3.133566666666667,198.685,378.99294166666664
2022-04-21 15:00:00,2.9908833333333336,2.9970166666666667,239.27333333333334,375.31663833333334
2022-04-21 16:00:00,2.954266666666667,2.9179,316.5383333333333,350.22819833333335
2022-04-21 17:00:00,2.9227,2.88415,313.89833333333337,367.6264233333333
2022-04-21 18:00:00,2.8373,2.7977833333333333,313.10999999999996,413.99998666666664
2022-04-21 19:00:00,2.7879666666666667,2.75045,306.475,345.467605
2022-04-21 20:00:00,2.7500333333333336,2.7130500000000004,303.17833333333334,333.86449999999996
2022-04-21 21:00:00,2.7316833333333337,2.6959333333333335,303.4183333333333,295.37251166666664
2022-04-21 22:00:00,2.7251666666666665,2.6896666666666667,304.315,285.13091499999996
2022-04-21 23:00:00,2.7144833333333334,2.6797,301.06666666666666,322.91690166666666
2022-04-22 00:00:00,2.730566666666667,2.7079666666666666,345.34166666666664,205.29192666666668
2022-04-22 01:00:00,2.8321166666666664,2.8164666666666665,369.9616666666667,162.40895333333336
2022-04-22 02:00:00,2.9761499999999996,2.9560000000000004,371.42,129.739665
2022-04-22 03:00:00,3.13165,3.10865,370.30333333333334,123.660185
2022-04-22 04:00:00,3.2858333333333336,3.2615833333333333,371.42333333333335,125.42869999999999
2022-04-22 05:00:00,3.4310833333333335,3.40775,373.9183333333333,175.33504833333333
2022-04-22 06:00:00,3.53635,3.5145833333333334,373.0883333333333,204.12045500000002
2022-04-22 07:00:00,3.6107333333333336,3.59325,370.40833333333336,311.17693833333334
2022-04-22 08:00:00,3.56575,3.5572666666666666,284.0316666666667,403.18469333333337
2022-04-22 09:00:00,3.4627666666666665,3.4554833333333335,260.8883333333333,415.7187583333333
2022-04-22 10:00:00,3.3549833333333337,3.3468500000000003,260.6166666666667,346.47221
2022-04-22 11:00:00,3.299783333333333,3.2891833333333333,259.1333333333333,339.7070783333333
2022-04-22 12:00:00,3.2453999999999996,3.2317166666666663,259.24666666666667,313.75521166666664
2022-04-22 13:00:00,3.1868833333333333,3.175883333333333,259.3566666666667,328.7512316666667
2022-04-22 14:00:00,3.1311833333333334,3.12005,261.44166666666666,326.52095166666663
2022-04-22 15:00:00,3.0554833333333336,3.0465166666666668,259.15666666666664,367.99846499999995
2022-04-22 16:00:00,2.98025,2.9696166666666666,258.4633333333333,341.6934583333333
2022-04-22 17:00:00,2.9079333333333333,2.9000833333333333,258.7233333333333,363.68247499999995
2022-04-22 18:00:00,2.81115,2.805633333333333,257.0466666666667,378.63006
2022-04-22 19:00:00,2.72845,2.722083333333333,269.1816666666667,365.3023383333333
2022-04-22 20:00:00,2.653216666666667,2.6533333333333333,294.3566666666667,370.566375
2022-04-22 21:00:00,2.6024499999999997,2.5993666666666666,293.7416666666667,337.564525
2022-04-22 22:00:00,2.583566666666667,2.5759499999999997,294.37,293.9833816666667
2022-04-22 23:00:00,2.552233333333333,2.5513333333333335,299.37,342.97681666666665
2022-04-23 00:00:00,2.55515,2.5467999999999997,300.98333333333335,232.01951499999998
2022-04-23 01:00:00,2.6060333333333334,2.59365,302.6716666666667,194.74962666666667
2022-04-23 02:00:00,2.6693333333333333,2.6565,307.9941666666667,188.57003166666667
2022-04-23 03:00:00,2.8528666666666664,2.8230500000000003,595.2916666666666,180.82362666666668
2022-04-23 04:00:00,3.1210666666666667,3.08535,596.6633333333334,166.300365
2022-04-23 05:00:00,3.4066166666666664,3.3694166666666665,597.0883333333334,150.054185
2022-04-23 06:00:00,3.6163833333333333,3.583666666666667,360.885,202.33740166666666
2022-04-23 07:00:00,3.644483333333333,3.6194166666666665,261.8283333333333,221.24397
2022-04-23 08:00:00,3.6372500000000003,3.61625,260.3233333333333,312.7860083333333
2022-04-23 09:00:00,3.5722666666666667,3.5548833333333336,258.47166666666664,353.20821
2022-04-23 10:00:00,3.4604,3.448183333333333,259.14166666666665,427.21645666666666
2022-04-23 11:00:00,3.3403833333333335,3.3278499999999998,258.3933333333333,383.65065
2022-04-23 12:00:00,3.2708999999999997,3.2558166666666666,255.70166666666668,330.27722166666666
2022-04-23 13:00:00,3.2126,3.1976999999999998,263.8616666666667,319.08117166666665
2022-04-23 14:00:00,3.1620166666666667,3.1478666666666664,265.45666666666665,353.51354166666664
2022-04-23 15:00:00,3.0837999999999997,3.0721833333333333,264.31666666666666,333.21853333333337
2022-04-23 16:00:00,3.03705,3.0222333333333333,264.89,311.1029883333333
2022-04-23 17:00:00,2.972383333333333,2.9619166666666668,264.2316666666667,381.50942000000003
2022-04-23 18:00:00,2.874016666666667,2.866316666666667,260.67833333333334,363.42679000000004
2022-04-23 19:00:00,2.8145666666666664,2.8050166666666665,264.0566666666667,333.4117166666667
2022-04-23 20:00:00,2.7625499999999996,2.752666666666667,263.8383333333333,310.8608183333333
2022-04-23 21:00:00,2.6937333333333333,2.6866333333333334,262.5983333333333,376.19931333333335
2022-04-23 22:00:00,2.6462,2.6483166666666667,346.94166666666666,283.21540333333337
2022-04-23 23:00:00,2.727,2.7317833333333335,397.805,231.77460000000002
2022-04-24 00:00:00,2.8175000000000003,2.8188166666666663,382.62333333333333,214.05390500000001
2022-04-24 01:00:00,2.949,2.9418833333333336,382.625,153.98175166666667
2022-04-24 02:00:00,3.0992666666666664,3.0912333333333333,383.7916666666667,135.70097666666666
2022-04-24 03:00:00,3.2562833333333336,3.24725,383.1766666666666,149.09312666666665
2022-04-24 04:00:00,3.3958500000000003,3.384533333333333,381.9,142.39928
2022-04-24 05:00:00,3.5460333333333334,3.5321166666666666,383.71666666666664,170.45042999999998
2022-04-24 06:00:00,3.6531833333333332,3.643666666666667,383.4216666666667,228.00364499999998
2022-04-24 07:00:00,3.7249666666666665,3.7197,370.40333333333336,271.415675
2022-04-24 08:00:00,3.767933333333333,3.7618333333333336,355.6183333333333,295.2057783333333
2022-04-24 09:00:00,3.7666833333333334,3.7672166666666667,349.4583333333333,381.8544533333333
2022-04-24 10:00:00,3.7174833333333335,3.722383333333333,347.3566666666667,397.29904999999997
2022-04-24 11:00:00,3.66095,3.6664666666666665,350.6433333333333,383.66662166666663
2022-04-24 12:00:00,3.6304333333333334,3.6348833333333332,346.85499999999996,414.25237
2022-04-24 13:00:00,3.57205,3.5760833333333335,343.94666666666666,378.9832666666667
2022-04-24 14:00:00,3.5401499999999997,3.5258499999999997,269.875,340.35845
2022-04-24 15:00:00,3.4769333333333337,3.4504499999999996,238.79166666666666,326.8019083333333
2022-04-24 16:00:00,3.3956666666666666,3.370433333333333,238.96166666666667,337.863675
2022-04-24 17:00:00,3.3171833333333334,3.29475,238.62333333333333,362.24404166666665
2022-04-24 18:00:00,3.2190999999999996,3.19715,239.14166666666668,388.06520166666667
2022-04-24 19:00:00,3.091083333333333,3.0703,236.55666666666667,383.9090883333334
2022-04-24 20:00:00,2.9931666666666668,2.973866666666667,238.77,358.9755216666666
2022-04-24 21:00:00,2.8937999999999997,2.87565,237.33333333333334,374.43764833333336
2022-04-24 22:00:00,2.7929166666666663,2.79225,293.2933333333333,353.98008166666665
2022-04-24 23:00:00,2.7932333333333332,2.7856666666666663,325.3366666666667,265.4256833333333
2022-04-25 00:00:00,2.8451833333333334,2.82795,321.9533333333333,195.36164666666667
2022-04-25 01:00:00,2.9480166666666667,2.9286499999999998,342.84000000000003,141.42526333333333
2022-04-25 02:00:00,3.070666666666667,3.0553833333333333,364.35833333333335,161.41735333333332
2022-04-25 03:00:00,3.214833333333333,3.1944666666666666,364.78333333333336,121.88525333333334
2022-04-25 04:00:00,3.3699166666666667,3.34755,365.72999999999996,120.36359999999999
2022-04-25 05:00:00,3.5197833333333337,3.49525,364.09666666666664,136.57812666666666
2022-04-25 06:00:00,3.6390833333333332,3.6195333333333335,366.65999999999997,211.25155833333332
2022-04-25 07:00:00,3.6739333333333333,3.6673,359.9816666666667,370.69384333333335
2022-04-25 08:00:00,3.6001833333333333,3.595466666666667,286.045,437.97623
2022-04-25 09:00:00,3.4726166666666667,3.4652499999999997,268.4916666666667,426.67534333333333
2022-04-25 10:00:00,3.3894,3.3766333333333334,269.6983333333333,337.58556666666664
2022-04-25 11:00:00,3.3352333333333335,3.3228999999999997,268.8333333333333,341.85274833333335
2022-04-25 12:00:00,3.257966666666667,3.2497166666666666,268.5866666666667,361.635
2022-04-25 13:00:00,3.191133333333333,3.1805000000000003,269.19666666666666,357.7506466666666
2022-04-25 14:00:00,3.1212500000000003,3.112483333333333,269.6983333333333,359.406
2022-04-25 15:00:00,3.0438833333333335,3.0363166666666666,270.21,345.7197316666667
2022-04-25 16:00:00,3.0048166666666662,2.9946333333333333,273.71666666666664,286.14646833333336
2022-04-25 17:00:00,2.9848833333333333,2.9718166666666668,271.80833333333334,288.20230166666664
2022-04-25 18:00:00,2.974483333333333,2.9612333333333334,272.15,273.2908483333333
2022-04-25 19:00:00,2.942633333333333,2.93325,272.115,336.0520533333334
2022-04-25 20:00:00,2.863116666666667,2.8548,279.42333333333335,369.8808333333333
2022-04-25 21:00:00,2.84275,2.827366666666667,278.67833333333334,250.27827333333335
2022-04-25 22:00:00,2.844266666666667,2.8294833333333336,279.18666666666667,284.42197166666665
2022-04-25 23:00:00,2.8172333333333333,2.806166666666667,279.15999999999997,314.0860783333334
2022-04-26 00:00:00,2.7733833333333333,2.763316666666667,281.695,316.19694833333335
2022-04-26 01:00:00,2.743666666666667,2.733766666666667,284.2583333333333,304.22297999999995
2022-04-26 02:00:00,2.749083333333333,2.7355333333333336,284.93333333333334,218.54408666666666
2022-04-26 03:00:00,2.8150833333333334,2.793833333333333,290.5366666666667,135.24688166666667
2022-04-26 04:00:00,2.963083333333333,2.9633666666666665,461.3366666666667,125.65837333333334
2022-04-26 05:00:00,3.1703833333333336,3.16915,457.18333333333334,146.650225
2022-04-26 06:00:00,3.3625499999999997,3.3586,500.47666666666663,199.74886166666664
2022-04-26 07:00:00,3.5140000000000002,3.5233333333333334,521.9966666666667,347.27482833333335
2022-04-26 08:00:00,3.572683333333333,3.5551833333333334,319.86333333333334,306.81138
2022-04-26 09:00:00,3.5571166666666665,3.5174499999999997,257.59166666666664,290.7024
2022-04-26 10:00:00,3.523233333333333,3.4832666666666667,258.08,286.55359000000004
2022-04-26 11:00:00,3.5062166666666665,3.465816666666667,258.7416666666667,247.884255
2022-04-26 12:00:00,3.49335,3.45255,256.57666666666665,279.7158033333333
2022-04-26 13:00:00,3.4763333333333337,3.4349,257.2633333333333,258.32503333333335
2022-04-26 14:00:00,3.4684833333333334,3.428833333333333,258.16833333333335,240.51795166666668
2022-04-26 15:00:00,3.466466666666667,3.4274,255.09833333333333,262.6023783333333
2022-04-26 16:00:00,3.410483333333333,3.3697833333333334,250.85,382.36222
2022-04-26 17:00:00,3.3171000000000004,3.278833333333333,251.81666666666666,369.5685966666667
2022-04-26 18:00:00,3.20845,3.1713,253.505,384.0941
2022-04-26 19:00:00,3.1024833333333333,3.0667833333333334,258.7583333333333,417.06601166666667
2022-04-26 20:00:00,2.980766666666667,2.94585,257.155,440.4574333333333
2022-04-26 21:00:00,2.8284833333333332,2.7958,255.53333333333333,448.6965983333333
2022-04-26 22:00:00,2.7483,2.7331333333333334,349.6933333333333,319.9784633333333
2022-04-26 23:00:00,2.7852166666666665,2.771583333333333,353.58,252.69353666666666
2022-04-27 00:00:00,2.8617666666666666,2.8440333333333334,352.64500000000004,178.59259166666666
2022-04-27 01:00:00,2.9827333333333335,2.9608333333333334,354.67333333333335,153.12599333333335
2022-04-27 02:00:00,3.1144833333333333,3.089183333333333,356.37166666666667,139.72693333333333
2022-04-27 03:00:00,3.2531000000000003,3.2264666666666666,357.75166666666667,127.86588333333334
2022-04-27 04:00:00,3.39915,3.37005,358.06166666666667,129.83509333333333
2022-04-27 05:00:00,3.536583333333333,3.50765,359.565,151.73862333333332
2022-04-27 06:00:00,3.6426000000000003,3.6168666666666667,358.09833333333336,225.95471333333333
2022-04-27 07:00:00,3.6682833333333336,3.649783333333333,356.93666666666667,380.472835
2022-04-27 08:00:00,3.6036833333333336,3.590233333333333,353.05833333333334,416.09531833333335
2022-04-27 09:00:00,3.581866666666667,3.5646666666666667,359.155,351.4140816666667
2022-04-27 10:00:00,3.578033333333333,3.5599333333333334,361.9,335.63371333333333
2022-04-27 11:00:00,3.5679666666666665,3.5523666666666665,366.6116666666667,354.20837666666665
2022-04-27 12:00:00,3.586316666666667,3.567016666666667,364.555,318.099555
2022-04-27 13:00:00,3.58605,3.5688833333333334,364.795,351.179225
2022-04-27 14:00:00,3.6119,3.5894,364.165,261.42652166666664
2022-04-27 15:00:00,3.6742833333333333,3.6505,365.6383333333333,254.424675
2022-04-27 16:00:00,3.7375499999999997,3.713216666666667,364.2066666666667,263.50476833333335
2022-04-27 17:00:00,3.7499166666666666,3.7301833333333336,315.01500000000004,364.2521183333334
2022-04-27 18:00:00,3.6683833333333333,3.6385333333333336,214.32166666666666,338.30725666666666
2022-04-27 19:00:00,3.5692166666666667,3.5402666666666667,211.18833333333333,356.61799333333335
2022-04-27 20:00:00,3.4619500000000003,3.4350666666666667,211.14,373.91091166666666
2022-04-27 21:00:00,3.3063166666666666,3.284566666666667,208.20499999999998,417.70304833333336
2022-04-27 22:00:00,3.202,3.1789666666666667,219.59833333333333,316.10624
2022-04-27 23:00:00,3.140733333333333,3.12365,235.655,286.0320516666667
2022-04-28 00:00:00,3.1099833333333335,3.092833333333333,245.98333333333332,248.73352500000001
2022-04-28 01:00:00,3.1141666666666667,3.0968500000000003,266.5783333333333,210.96886666666666
2022-04-28 02:00:00,3.1706333333333334,3.149016666666667,277.71666666666664,152.70667166666667
2022-04-28 03:00:00,3.2477,3.2230666666666665,278.0466666666667,147.51034666666666
2022-04-28 04:00:00,3.3293666666666666,3.3044333333333333,276.3066666666667,150.17656166666666
2022-04-28 05:00:00,3.4014333333333338,3.3760499999999998,274.97,147.10310166666667
2022-04-28 06:00:00,3.4667666666666666,3.4427000000000003,275.4166666666667,190.88851000000003
2022-04-28 07:00:00,3.4637666666666664,3.4498,276.25,355.70546333333334
2022-04-28 08:00:00,3.3835333333333333,3.3753499999999996,280.4133333333333,363.2276933333333
2022-04-28 09:00:00,3.3190666666666666,3.3100666666666667,278.05333333333334,319.99151333333333
2022-04-28 10:00:00,3.302416666666667,3.2895833333333333,278.52666666666664,260.902645
2022-04-28 11:00:00,3.30135,3.2877666666666667,279.76500000000004,307.12748833333336
2022-04-28 12:00:00,3.2568333333333332,3.2447333333333335,279.52666666666664,294.12350499999997
2022-04-28 13:00:00,3.2260666666666666,3.2156000000000002,280.0833333333333,371.608485
2022-04-28 14:00:00,3.1330833333333334,3.1267833333333335,280.22833333333335,380.4685116666667
2022-04-28 15:00:00,3.06635,3.0582,279.57166666666666,339.3899016666667
2022-04-28 16:00:00,3.004166666666667,2.9986166666666665,281.415,391.57344666666665
2022-04-28 17:00:00,2.8873333333333333,2.8901833333333333,279.69666666666666,451.52066333333335
2022-04-28 18:00:00,2.80595,2.80135,279.23833333333334,301.09361333333334
2022-04-28 19:00:00,2.79235,2.7819999999999996,295.22999999999996,307.4201933333333
2022-04-28 20:00:00,2.7852333333333332,2.766766666666667,318.4683333333333,323.085715
2022-04-28 21:00:00,2.7731500000000002,2.7549166666666665,318.7,304.57633
2022-04-28 22:00:00,2.758983333333333,2.7414,319.4216666666667,302.65538
2022-04-28 23:00:00,2.7933666666666666,2.77175,321.07666666666665,226.80444333333335
2022-04-29 00:00:00,2.867366666666667,2.8437333333333332,329.2083333333333,181.963045
2022-04-29 01:00:00,2.94605,2.9225833333333333,330.07,183.88383000000002
2022-04-29 02:00:00,3.05505,3.0271666666666666,331.53333333333336,152.33781499999998
2022-04-29 03:00:00,3.173266666666667,3.14365,332.0866666666667,126.28612666666666
2022-04-29 04:00:00,3.2973166666666667,3.2667,331.65333333333336,129.34264166666668
2022-04-29 05:00:00,3.4238,3.3916,328.97666666666663,142.14262
2022-04-29 06:00:00,3.541633333333333,3.5494166666666667,554.3,237.69073166666666
2022-04-29 07:00:00,3.70585,3.7305833333333336,445.4816666666667,372.9608166666667
2022-04-29 08:00:00,3.6230666666666664,3.622666666666667,269.24333333333334,490.761765
2022-04-29 09:00:00,3.453016666666667,3.4539666666666666,268.755,443.156765
2022-04-29 10:00:00,3.3626666666666667,3.3576333333333332,271.4,372.43396
2022-04-29 11:00:00,3.2833666666666668,3.2796666666666665,272.235,367.3041416666667
2022-04-29 12:00:00,3.2359500000000003,3.226316666666667,270.795,278.42866
2022-04-29 13:00:00,3.223566666666667,3.210866666666667,263.55,262.495925
2022-04-29 14:00:00,3.216416666666667,3.2017333333333338,263.77000000000004,262.444415
2022-04-29 15:00:00,3.21475,3.198183333333333,264.40833333333336,241.71117999999998
2022-04-29 16:00:00,3.1948999999999996,3.1824166666666667,264.995,295.15824499999997
2022-04-29 17:00:00,3.1557833333333334,3.1477833333333334,268.745,359.83188666666666
2022-04-29 18:00:00,3.096616666666667,3.08745,267.66,280.40567
2022-04-29 19:00:00,3.0723,3.0635499999999998,264.7683333333333,302.68803
2022-04-29 20:00:00,3.0340333333333334,3.0266666666666664,267.00666666666666,317.46870333333334
2022-04-29 21:00:00,2.977716666666667,2.9728166666666667,265.9,316.8189366666667
2022-04-29 22:00:00,2.9252666666666665,2.922883333333333,266.22999999999996,354.43967833333335
2022-04-29 23:00:00,2.8679333333333332,2.8627166666666666,264.29833333333335,292.2585183333333
2022-04-30 00:00:00,2.8492166666666665,2.8418,263.76,286.4597616666667
2022-04-30 01:00:00,2.8136333333333337,2.8061,264.9816666666667,274.447685
2022-04-30 02:00:00,2.831933333333333,2.8189833333333336,266.03333333333336,204.37312666666668
2022-04-30 03:00:00,2.873166666666667,2.857966666666667,266.165,164.36378000000002
2022-04-30 04:00:00,2.9524833333333333,2.9341166666666667,266.94666666666666,124.82180333333334
2022-04-30 05:00:00,3.1020833333333333,3.0597166666666666,497.81666666666666,139.627635
2022-04-30 06:00:00,3.376183333333333,3.315366666666667,584.5483333333334,176.622275
2022-04-30 07:00:00,3.6096833333333334,3.5401833333333332,507.22833333333335,278.74926166666665
2022-04-30 08:00:00,3.6022166666666666,3.5517499999999997,178.59333333333333,276.51789333333335
2022-04-30 09:00:00,3.5048000000000004,3.4555833333333337,177.80666666666667,334.0201533333333
2022-04-30 10:00:00,3.3838500000000002,3.3350166666666667,177.86499999999998,359.05404
2022-04-30 11:00:00,3.2516666666666665,3.2048166666666664,178.08666666666667,324.4335866666667
2022-04-30 12:00:00,3.1535,3.10765,176.05499999999998,335.88886
2022-04-30 13:00:00,3.0216833333333333,2.9755,172.88333333333333,365.54766666666666
2022-04-30 14:00:00,2.877616666666667,2.834083333333333,172.64666666666665,367.8981383333333
2022-04-30 15:00:00,2.742433333333333,2.699,173.39,335.27761166666664
2022-04-30 16:00:00,2.631266666666667,2.5906666666666665,173.50666666666666,323.07488666666666
2022-04-30 17:00:00,2.45865,2.4135333333333335,174.30166666666668,504.86978
2022-04-30 18:00:00,2.260566666666667,2.2254666666666667,214.29833333333332,368.943975
2022-04-30 19:00:00,2.21765,2.2167833333333333,393.4316666666667,321.83728666666667
2022-04-30 20:00:00,2.2483833333333334,2.2501333333333333,391.8183333333333,361.0071
2022-04-30 21:00:00,2.260066666666667,2.25965,391.85999999999996,289.3303066666667
2022-04-30 22:00:00,2.3468333333333335,2.3396666666666666,407.80833333333334,254.04490833333332
2022-04-30 23:00:00,2.4638833333333334,2.44605,441.65166666666664,243.51620833333334
2022-05-01 00:00:00,2.58305,2.5621333333333336,439.10166666666663,223.968015
2022-05-01 01:00:00,2.7332166666666664,2.710466666666667,437.7316666666667,166.57988333333333
2022-05-01 02:00:00,2.914216666666667,2.8890000000000002,441.1716666666667,157.708955
2022-05-01 03:00:00,3.095833333333333,3.0665833333333334,440.98333333333335,139.77410833333334
2022-05-01 04:00:00,3.2950500000000003,3.2631,441.1116666666667,124.90892000000001
2022-05-01 05:00:00,3.4976166666666666,3.4636,441.8233333333334,132.13753
2022-05-01 06:00:00,3.6631333333333336,3.622716666666667,336.5316666666667,162.0634533333333
2022-05-01 07:00:00,3.727333333333333,3.6807999999999996,282.9216666666667,225.41160666666667
2022-05-01 08:00:00,3.7163166666666667,3.6762666666666663,262.30833333333334,321.6825066666667
2022-05-01 09:00:00,3.6279,3.5894,262.685,404.00020333333333
2022-05-01 10:00:00,3.5316833333333335,3.4941000000000004,259.12333333333333,374.3733733333333
2022-05-01 11:00:00,3.4315166666666665,3.3935,259.66,378.26891166666667
2022-05-01 12:00:00,3.334983333333333,3.298583333333333,258.29833333333335,403.14127666666667
2022-05-01 13:00:00,3.23515,3.2003333333333335,265.50166666666667,354.0690416666667
2022-05-01 14:00:00,3.1698999999999997,3.1354166666666665,264.1333333333333,356.71953833333333
2022-05-01 15:00:00,3.1021,3.0683333333333334,265.56333333333333,339.4406133333333
2022-05-01 16:00:00,3.0271833333333333,2.9932666666666665,262.8983333333333,375.07465333333334
2022-05-01 17:00:00,2.94455,2.9113666666666664,261.56,319.21643666666665
2022-05-01 18:00:00,2.9113666666666664,2.87885,262.5233333333333,296.8929033333333
2022-05-01 19:00:00,2.864316666666667,2.83225,266.82,339.74006
2022-05-01 20:00:00,2.8219333333333334,2.7989666666666664,283.945,313.61846833333334
2022-05-01 21:00:00,2.7696166666666664,2.75085,283.9133333333333,364.30674
2022-05-01 22:00:00,2.6978333333333335,2.6799000000000004,285.2083333333333,366.302835
2022-05-01 23:00:00,2.6540166666666662,2.6348333333333334,286.10166666666663,278.038825
2022-05-02 00:00:00,2.6710833333333333,2.6502666666666665,287.7816666666667,228.97164333333333
2022-05-02 01:00:00,2.7135833333333332,2.69145,288.57166666666666,181.83767500000002
2022-05-02 02:00:00,2.7905333333333333,2.7659833333333332,290.50333333333333,140.77789033333332
2022-05-02 03:00:00,2.889216666666667,2.8632,290.745,131.40326
2022-05-02 04:00:00,2.985383333333333,2.9579333333333335,291.74833333333333,140.13674833333334
2022-05-02 05:00:00,3.1175833333333336,3.1032333333333333,494.82166666666666,174.12617333333336
2022-05-02 06:00:00,3.31765,3.3139333333333334,541.6483333333333,253.43248833333334
2022-05-02 07:00:00,3.4241666666666664,3.426833333333333,393.3433333333333,376.09027833333334
2022-05-02 08:00:00,3.3468999999999998,3.3458833333333335,286.15,420.801575
2022-05-02 09:00:00,3.2586333333333335,3.25615,286.805,369.3581216666667
2022-05-02 10:00:00,3.1948166666666666,3.1915,288.68,374.62202833333333
2022-05-02 11:00:00,3.1269,3.1236,285.59666666666664,336.59085
2022-05-02 12:00:00,3.105366666666667,3.0968333333333335,285.7133333333333,282.1427316666667
2022-05-02 13:00:00,3.10035,3.0912333333333333,286.65833333333336,300.3660366666667
2022-05-02 14:00:00,3.060366666666667,3.0540833333333333,284.64666666666665,338.707855
2022-05-02 15:00:00,3.017333333333333,3.00915,285.8666666666667,302.8659883333333
2022-05-02 16:00:00,2.987216666666667,2.9804000000000004,285.94166666666666,362.85861166666666
2022-05-02 17:00:00,2.9074166666666668,2.9044499999999998,286.49,362.43890333333337
2022-05-02 18:00:00,2.8701,2.8624,284.31333333333333,322.01705166666665
2022-05-02 19:00:00,2.8333,2.82555,288.25333333333333,291.61535
2022-05-02 20:00:00,2.8130333333333337,2.80735,288.6983333333334,316.640035
2022-05-02 21:00:00,2.7651499999999998,2.7639,286.9533333333333,372.6957433333334
2022-05-02 22:00:00,2.723266666666667,2.7308499999999998,345.37,300.0555083333333
2022-05-02 23:00:00,2.7607666666666666,2.765333333333333,347.18,267.07788166666666
2022-05-03 00:00:00,2.8209,2.8198,351.8183333333333,222.58180333333334
2022-05-03 01:00:00,2.9056833333333336,2.900516666666667,351.10999999999996,199.67191499999998
2022-05-03 02:00:00,2.9944166666666665,2.9891,352.2683333333333,202.02093000000002
2022-05-03 03:00:00,3.115866666666667,3.1043333333333334,352.81333333333333,122.15284833333334
2022-05-03 04:00:00,3.2626500000000003,3.2479666666666662,352.305,120.53799833333333
2022-05-03 05:00:00,3.3909333333333334,3.378616666666667,352.085,187.705505
2022-05-03 06:00:00,3.448066666666667,3.4464333333333332,348.18,302.23155833333334
2022-05-03 07:00:00,3.44075,3.4464333333333332,347.9616666666667,359.1878766666667
2022-05-03 08:00:00,3.378233333333333,3.3935000000000004,345.74,458.967675
2022-05-03 09:00:00,3.2995333333333337,3.3152166666666667,347.9483333333334,388.2037833333333
2022-05-03 10:00:00,3.2986833333333334,3.3002666666666665,323.52666666666664,302.0140583333333
2022-05-03 11:00:00,3.2971166666666667,3.2818833333333335,264.7416666666667,262.6200283333333
2022-05-03 12:00:00,3.28465,3.270766666666667,264.29,286.22585
2022-05-03 13:00:00,3.2504166666666667,3.2378,263.4166666666667,287.955695
2022-05-03 14:00:00,3.2342999999999997,3.2195666666666667,263.1616666666667,268.87819333333334
2022-05-03 15:00:00,3.2184833333333334,3.2039833333333334,264.53,259.51387166666666
2022-05-03 16:00:00,3.19005,3.1774,267.6716666666667,300.8287266666667
2022-05-03 17:00:00,3.17065,3.1572666666666667,267.57166666666666,316.1368866666667
2022-05-03 18:00:00,3.103283333333333,3.0935833333333336,265.23833333333334,328.7090083333333
2022-05-03 19:00:00,3.0572333333333335,3.0459166666666664,266.87666666666667,343.1915833333333
2022-05-03 20:00:00,2.9703833333333334,2.9658,261.97999999999996,394.92915166666666
2022-05-03 21:00:00,2.8623666666666665,2.8559833333333335,297.6183333333333,414.29031000000003
2022-05-03 22:00:00,2.7864833333333334,2.7762499999999997,302.0433333333333,404.56631333333337
2022-05-03 23:00:00,2.7431666666666668,2.733816666666667,327.09666666666664,271.3315566666667
2022-05-04 00:00:00,2.7902,2.7952,374.68,252.25461166666668
2022-05-04 01:00:00,2.8901499999999998,2.884983333333333,372.155,166.01744833333333
2022-05-04 02:00:00,3.0361833333333332,3.025516666666667,372.6683333333333,134.415405
2022-05-04 03:00:00,3.184816666666667,3.1730500000000004,373.18666666666667,139.73155333333335
2022-05-04 04:00:00,3.3297499999999998,3.316333333333333,376.80333333333334,146.18412833333332
2022-05-04 05:00:00,3.46755,3.4536666666666664,380.8066666666667,173.33271666666667
2022-05-04 06:00:00,3.5726,3.55765,324.56166666666667,225.46439166666667
2022-05-04 07:00:00,3.53545,3.5129,240.26833333333335,413.4328833333333
2022-05-04 08:00:00,3.42165,3.4055833333333334,268.74833333333333,359.62974
2022-05-04 09:00:00,3.3497166666666667,3.333833333333333,267.1433333333333,332.21934166666665
2022-05-04 10:00:00,3.3277,3.3078166666666666,268.77166666666665,275.17760833333335
2022-05-04 11:00:00,3.3014333333333337,3.2824999999999998,269.4116666666667,296.9099616666666
2022-05-04 12:00:00,3.2775833333333333,3.25685,268.2266666666667,271.78513
2022-05-04 13:00:00,3.2522,3.2321666666666666,268.79333333333335,310.83249666666666
2022-05-04 14:00:00,3.210266666666667,3.1926666666666668,269.83,325.4270833333333
2022-05-04 15:00:00,3.16935,3.1504,269.1666666666667,281.8947233333333
2022-05-04 16:00:00,3.1445833333333337,3.12595,268.33166666666665,314.76347499999997
2022-05-04 17:00:00,3.085383333333333,3.0693333333333332,267.785,356.3809283333333
2022-05-04 18:00:00,2.9829,2.970466666666667,267.97166666666664,421.77027833333335
2022-05-04 19:00:00,2.8845,2.8738333333333332,286.77333333333337,373.2441733333333
2022-05-04 20:00:00,2.8099,2.814983333333333,323.88,423.76519833333333
2022-05-04 21:00:00,2.761083333333333,2.7603,326.44666666666666,297.1528883333333
2022-05-04 22:00:00,2.796116666666667,2.790233333333333,324.68666666666667,252.71771833333332
2022-05-04 23:00:00,2.8476500000000002,2.83775,325.695,231.77256166666666
2022-05-05 00:00:00,2.8869333333333334,2.878216666666667,326.4916666666667,224.65919
2022-05-05 01:00:00,2.9801333333333333,2.9618333333333333,326.38666666666666,154.02278333333334
2022-05-05 02:00:00,3.0883499999999997,3.06885,326.53333333333336,164.30878333333334
2022-05-05 03:00:00,3.1752166666666666,3.1575833333333336,326.2183333333333,180.652575
2022-05-05 04:00:00,3.2617333333333334,3.24215,323.175,183.961465
2022-05-05 05:00:00,3.33365,3.3147666666666664,346.8616666666667,212.86961166666666
2022-05-05 06:00:00,3.47675,3.4363,485.53333333333336,196.0880983333333
2022-05-05 07:00:00,3.6378,3.5991166666666667,415.0183333333333,237.35552833333335
2022-05-05 08:00:00,3.6757666666666666,3.646066666666667,343.6433333333333,303.43193333333335
2022-05-05 09:00:00,3.66695,3.6481166666666667,285.365,342.48486833333334
2022-05-05 10:00:00,3.5893333333333337,3.5811833333333336,270.3016666666667,379.50908999999996
2022-05-05 11:00:00,3.4868333333333337,3.4813833333333335,269.98333333333335,357.9330366666666
2022-05-05 12:00:00,3.461883333333333,3.447783333333333,267.52833333333336,269.780465
2022-05-05 13:00:00,3.4198333333333335,3.4116,267.1816666666667,362.7613416666666
2022-05-05 14:00:00,3.33705,3.3309833333333336,267.26,354.82850333333334
2022-05-05 15:00:00,3.2575999999999996,3.2529833333333333,267.0366666666667,392.91577666666666
2022-05-05 16:00:00,3.1668333333333334,3.16355,269.8333333333333,375.09690666666665
2022-05-05 17:00:00,3.09995,3.0934833333333334,270.61,320.85786833333333
2022-05-05 18:00:00,3.02675,3.0234666666666663,269.25,396.0147316666667
2022-05-05 19:00:00,2.9595,2.952916666666667,271.6616666666667,291.242305
2022-05-05 20:00:00,2.9464333333333332,2.93835,273.09000000000003,286.37250666666665
2022-05-05 21:00:00,2.9004333333333334,2.8973333333333335,269.9766666666667,341.775285
2022-05-05 22:00:00,2.8572,2.8383,280.72833333333335,302.4646266666667
2022-05-05 23:00:00,2.8796000000000004,2.8349166666666665,279.3833333333333,232.43026166666667
2022-05-06 00:00:00,2.8944666666666667,2.8719166666666665,304.12166666666667,203.99491333333333
2022-05-06 01:00:00,2.9575666666666667,2.9365666666666663,305.7933333333333,199.93599833333334
2022-05-06 02:00:00,3.03855,3.0133,305.9616666666667,149.71661666666665
2022-05-06 03:00:00,3.1346333333333334,3.10815,306.18833333333333,155.66411666666667
2022-05-06 04:00:00,3.2251333333333334,3.197683333333333,307.25166666666667,145.64893500000002
2022-05-06 05:00:00,3.3266,3.2986833333333334,335.14166666666665,159.56962166666665
2022-05-06 06:00:00,3.45585,3.4469833333333333,397.8233333333334,219.07341666666667
2022-05-06 07:00:00,3.4633499999999997,3.4358666666666666,268.39666666666665,358.4516883333333
2022-05-06 08:00:00,3.3676666666666666,3.3410333333333333,263.93666666666667,423.79335499999996
2022-05-06 09:00:00,3.2332833333333335,3.20805,264.1633333333333,411.6781266666667
2022-05-06 10:00:00,3.1401499999999998,3.11375,262.5416666666667,408.22322499999996
2022-05-06 11:00:00,2.997983333333333,2.9746,262.18833333333333,441.4906516666667
2022-05-06 12:00:00,2.8909833333333332,2.8672166666666667,261.68,367.09069833333336
2022-05-06 13:00:00,2.83865,2.813083333333333,260.62333333333333,304.27719333333334
2022-05-06 14:00:00,2.80395,2.7797666666666667,259.7366666666667,275.07708
2022-05-06 15:00:00,2.796483333333333,2.7700833333333335,261.9133333333333,256.0638783333333
2022-05-06 16:00:00,2.78145,2.7552499999999998,262.965,263.54032
2022-05-06 17:00:00,2.762916666666667,2.7361500000000003,264.91833333333335,293.0482
2022-05-06 18:00:00,2.71725,2.6926166666666664,265.2116666666667,336.4378483333333
2022-05-06 19:00:00,2.6564833333333335,2.6334,263.87666666666667,343.323645
2022-05-06 20:00:00,2.59105,2.5694166666666667,264.2866666666667,310.140585
2022-05-06 21:00:00,2.567533333333333,2.544366666666667,264.3183333333333,301.13604166666664
2022-05-06 22:00:00,2.5319999999999996,2.5106666666666664,266.9,288.8135316666667
2022-05-06 23:00:00,2.5136666666666665,2.497466666666667,350.79,303.62593333333336
2022-05-07 00:00:00,2.546116666666667,2.5328999999999997,390.5316666666667,331.28857166666666
2022-05-07 01:00:00,2.60215,2.5943166666666664,426.82166666666666,266.53371833333335
2022-05-07 02:00:00,2.7251166666666666,2.7105333333333332,426.4533333333333,190.14747500000001
2022-05-07 03:00:00,2.8764666666666665,2.857666666666667,426.37,179.99420999999998
2022-05-07 04:00:00,3.039016666666667,3.0164,426.39666666666665,144.84810000000002
2022-05-07 05:00:00,3.2220500000000003,3.1973333333333334,425.26,146.90806
2022-05-07 06:00:00,3.3898,3.364733333333333,430.63,186.37957
2022-05-07 07:00:00,3.51315,3.492233333333333,430.435,257.7827183333333
2022-05-07 08:00:00,3.587416666666667,3.5677166666666666,313.9066666666667,257.6211083333333
2022-05-07 09:00:00,3.5578333333333334,3.5447166666666665,271.9133333333333,336.5015333333333
2022-05-07 10:00:00,3.4795833333333333,3.473316666666667,271.24666666666667,415.54582500000004
2022-05-07 11:00:00,3.376316666666667,3.36935,273.1333333333333,350.4465016666666
2022-05-07 12:00:00,3.3381833333333333,3.3268833333333334,273.815,309.57495666666665
2022-05-07 13:00:00,3.28945,3.281066666666667,276.865,349.14242
2022-05-07 14:00:00,3.216333333333333,3.2098,273.67,392.03646833333335
2022-05-07 15:00:00,3.13235,3.1260833333333333,274.08,333.07038666666665
2022-05-07 16:00:00,3.0902000000000003,3.081733333333333,275.3316666666667,342.8189216666667
2022-05-07 17:00:00,3.0047,3.00095,273.10833333333335,382.7430616666667
2022-05-07 18:00:00,2.9313333333333333,2.9272666666666667,272.89666666666665,365.63963666666666
2022-05-07 19:00:00,2.8635333333333337,2.8592999999999997,271.255,329.753985
2022-05-07 20:00:00,2.828866666666667,2.822033333333333,273.9116666666667,301.3910333333333
2022-05-07 21:00:00,2.810083333333333,2.7976,322.0208333333333,303.32633333333337
2022-05-07 22:00:00,2.877216666666667,2.85165,369.55,249.28418833333333
2022-05-07 23:00:00,2.954133333333333,2.92705,370.2,211.033325
2022-05-08 00:00:00,3.0689,3.03855,375.24,176.545085
2022-05-08 01:00:00,3.186916666666667,3.15545,378.18333333333334,204.48122833333335
2022-05-08 02:00:00,3.3003333333333336,3.267866666666667,378.3183333333333,159.56641333333334
2022-05-08 03:00:00,3.437316666666667,3.4103,347.9483333333334,140.82253833333334
2022-05-08 04:00:00,3.5590166666666665,3.5506,362.4316666666667,139.346735
2022-05-08 05:00:00,3.6877,3.6798,363.3066666666667,163.61111
2022-05-08 06:00:00,3.8039833333333335,3.79635,363.325,211.88996333333336
2022-05-08 07:00:00,3.853733333333333,3.84995,314.94166666666666,278.229735
2022-05-08 08:00:00,3.8173000000000004,3.7863333333333333,169.55333333333334,323.57679
2022-05-08 09:00:00,3.694866666666667,3.6807666666666665,249.6616666666667,360.7058883333333
2022-05-08 10:00:00,3.6098833333333333,3.6005833333333332,254.42333333333332,348.2928033333334
2022-05-08 11:00:00,3.5207166666666665,3.516016666666667,253.40666666666667,408.814775
2022-05-08 12:00:00,3.428516666666667,3.420266666666667,252.57333333333332,328.83432999999997
2022-05-08 13:00:00,3.3669333333333333,3.3587166666666666,253.96,342.81198166666667
2022-05-08 14:00:00,3.2928,3.2851500000000002,254.39333333333335,325.6494083333334
2022-05-08 15:00:00,3.2296833333333335,3.221566666666667,254.06333333333333,343.16684999999995
2022-05-08 16:00:00,3.1714166666666666,3.1605833333333333,253.17166666666665,285.696285
2022-05-08 17:00:00,3.12985,3.1224333333333334,253.46,365.774405
2022-05-08 18:00:00,3.0333166666666664,3.027733333333333,252.98666666666668,333.4155416666666
2022-05-08 19:00:00,2.965883333333333,2.9598500000000003,251.36666666666667,352.020855
2022-05-08 20:00:00,2.87435,2.8735666666666666,250.51833333333335,367.2421816666667
2022-05-08 21:00:00,2.7998499999999997,2.7981,252.44666666666666,346.6919383333333
2022-05-08 22:00:00,2.7102833333333334,2.7108166666666667,250.57833333333335,345.58284
2022-05-08 23:00:00,2.6797,2.6776333333333335,294.27833333333336,255.97133166666666
2022-05-09 00:00:00,2.71705,2.7378833333333334,399.78499999999997,278.8619166666667
2022-05-09 01:00:00,2.83365,2.8424166666666664,400.7,148.74775499999998
2022-05-09 02:00:00,3.00285,3.0053666666666667,401.275,127.90901833333334
2022-05-09 03:00:00,3.1799166666666663,3.1784833333333333,397.7183333333333,119.01409
2022-05-09 04:00:00,3.3544166666666664,3.3520499999999998,399.88,125.20887666666667
2022-05-09 05:00:00,3.5234333333333336,3.522583333333333,402.52666666666664,154.26171166666666
2022-05-09 06:00:00,3.68155,3.686383333333333,486.1616666666667,204.51418333333334
2022-05-09 07:00:00,3.7609166666666667,3.7683999999999997,347.7183333333333,375.1563066666667
2022-05-09 08:00:00,3.6766666666666667,3.6944333333333335,309.62333333333333,458.3293333333333
2022-05-09 09:00:00,3.572216666666667,3.585916666666667,307.7883333333333,400.65847
2022-05-09 10:00:00,3.5323166666666665,3.5364,307.72999999999996,322.75457
2022-05-09 11:00:00,3.5332333333333334,3.5304,307.14666666666665,268.97988
2022-05-09 12:00:00,3.5372,3.5379833333333335,309.88,310.50548999999995
2022-05-09 13:00:00,3.5122166666666668,3.516766666666667,307.64166666666665,319.28350166666667
2022-05-09 14:00:00,3.5050666666666666,3.5050666666666666,307.52833333333336,286.10959333333335
2022-05-09 15:00:00,3.4995333333333334,3.4875333333333334,233.19166666666666,298.03929166666666
2022-05-09 16:00:00,3.424783333333333,3.4041833333333336,196.07000000000002,322.4555833333333
2022-05-09 17:00:00,3.3012666666666663,3.2853333333333334,196.83333333333334,357.70925
2022-05-09 18:00:00,3.202933333333333,3.1856166666666668,196.77833333333334,295.38734999999997
2022-05-09 19:00:00,3.1302499999999998,3.1121666666666665,195.26666666666668,324.77534
2022-05-09 20:00:00,3.00215,2.9905,195.30499999999998,387.60728
2022-05-09 21:00:00,2.86875,2.8669166666666666,273.8066666666667,403.11835833333333
2022-05-09 22:00:00,2.8154,2.7990833333333334,305.755,318.1329333333333
2022-05-09 23:00:00,2.8211999999999997,2.8091999999999997,322.86333333333334,270.73508
2022-05-10 00:00:00,2.8571694915254238,2.8442542372881356,324.7118644067797,200.6248
2022-05-10 01:00:00,2.95595,2.9425833333333333,334.9166666666667,169.13922833333334
2022-05-10 02:00:00,3.04995,3.0371666666666663,340.6566666666667,179.91990333333334
2022-05-10 03:00:00,3.1441999999999997,3.1315,336.05,193.69147
2022-05-10 04:00:00,3.2338,3.2180666666666666,335.705,173.62399166666668
2022-05-10 05:00:00,3.3462666666666667,3.3268166666666668,340.22833333333335,142.41722833333333
2022-05-10 06:00:00,3.4397,3.4274666666666667,347.55833333333334,241.08112333333332
2022-05-10 07:00:00,3.454833333333333,3.4537666666666667,345.5833333333333,352.1077516666667
2022-05-10 08:00:00,3.4287,3.4315166666666665,347.00166666666667,396.8945
2022-05-10 09:00:00,3.38035,3.3830666666666667,346.65999999999997,336.4003216666667
2022-05-10 10:00:00,3.3729333333333336,3.3744666666666663,345.70166666666665,344.9215433333333
2022-05-10 11:00:00,3.3859500000000002,3.379966666666667,344.26,283.6799933333333
2022-05-10 12:00:00,3.41585,3.4099833333333334,345.5083333333333,286.06207
2022-05-10 13:00:00,3.44495,3.4391000000000003,346.94166666666666,280.2095066666667
2022-05-10 14:00:00,3.4798833333333334,3.47215,347.35333333333335,286.21755833333333
2022-05-10 15:00:00,3.51005,3.5006166666666667,348.195,272.92398
2022-05-10 16:00:00,3.533533333333333,3.52895,348.7033333333333,316.3910266666666
2022-05-10 17:00:00,3.527066666666667,3.5248833333333334,343.9066666666667,353.32736666666665
2022-05-10 18:00:00,3.48185,3.485266666666667,329.53333333333336,399.81249166666663
2022-05-10 19:00:00,3.371766666666667,3.3408,149.675,417.84256166666665
2022-05-10 20:00:00,3.1871,3.1538833333333334,172.72833333333335,395.38290500000005
2022-05-10 21:00:00,3.0774833333333333,3.0636666666666668,265.455,346.77460333333335
2022-05-10 22:00:00,3.0051,2.9929833333333336,266.49,338.247235
2022-05-10 23:00:00,2.9697,2.9561166666666665,274.275,301.85912833333333
2022-05-11 00:00:00,2.9623666666666666,2.9438666666666666,273.2,203.55495166666665
2022-05-11 01:00:00,3.02435,2.9992666666666663,274.275,146.9959683333333
2022-05-11 02:00:00,3.1079166666666667,3.0805333333333333,272.94666666666666,129.45678333333333
2022-05-11 03:00:00,3.1988166666666666,3.1707833333333335,275.23833333333334,124.88958
2022-05-11 04:00:00,3.2920833333333333,3.2618666666666667,275.52833333333336,123.048965
2022-05-11 05:00:00,3.3722833333333333,3.3451333333333335,276.095,162.487775
2022-05-11 06:00:00,3.467966666666667,3.4706333333333332,468.92833333333334,220.97349833333334
2022-05-11 07:00:00,3.5855166666666665,3.5950833333333336,410.2033333333333,311.47135
2022-05-11 08:00:00,3.5361166666666666,3.5321333333333333,273.35499999999996,444.5046433333334
2022-05-11 09:00:00,3.3916166666666667,3.3921333333333332,274.96500000000003,459.0590633333333
2022-05-11 10:00:00,3.2953166666666664,3.2881666666666667,276.07666666666665,353.50646333333333
2022-05-11 11:00:00,3.2305333333333333,3.2246,273.79833333333335,367.1321533333333
2022-05-11 12:00:00,3.1691,3.161,274.1766666666666,321.3942983333333
2022-05-11 13:00:00,3.1429833333333335,3.1318166666666665,273.12333333333333,268.72112833333335
2022-05-11 14:00:00,3.1481,3.1327,272.99,229.76344833333332
2022-05-11 15:00:00,3.172066666666667,3.1551666666666667,272.315,232.55372666666665
2022-05-11 16:00:00,3.1519333333333335,3.14305,269.9216666666667,334.56194
2022-05-11 17:00:00,3.1038666666666668,3.09315,270.8983333333333,301.6186783333333
2022-05-11 18:00:00,3.0440666666666667,3.0374666666666665,266.8333333333333,364.92516333333333
2022-05-11 19:00:00,2.980566666666667,2.97385,266.535,327.9998483333333
2022-05-11 20:00:00,2.9351833333333333,2.927133333333333,265.7316666666667,314.4123216666667
2022-05-11 21:00:00,2.8798166666666662,2.8753333333333333,265.4583333333333,326.4523533333333
2022-05-11 22:00:00,2.817016666666667,2.8126166666666665,286.05833333333334,343.7718566666666
2022-05-11 23:00:00,2.8034833333333333,2.789416666666667,317.02333333333337,306.74164
2022-05-12 00:00:00,2.8245,2.80705,325.06666666666666,229.019845
2022-05-12 01:00:00,2.8829333333333333,2.861816666666667,324.68833333333333,211.78258833333334
2022-05-12 02:00:00,2.978833333333333,2.9517,318.945,128.11235166666668
2022-05-12 03:00:00,3.10065,3.070683333333333,317.7083333333333,119.72215666666666
2022-05-12 04:00:00,3.224483333333333,3.1925166666666667,316.2,120.41038166666667
2022-05-12 05:00:00,3.3383,3.30765,316.2,144.227565
2022-05-12 06:00:00,3.4207166666666664,3.3932999999999995,322.575,249.65450833333335
2022-05-12 07:00:00,3.3818333333333332,3.36555,319.1666666666667,403.63308333333333
2022-05-12 08:00:00,3.3348500000000003,3.3184833333333335,298.15,343.5910433333333
2022-05-12 09:00:00,3.2734333333333336,3.260183333333333,285.72999999999996,373.0111183333333
2022-05-12 10:00:00,3.20615,3.1948,284.84666666666664,353.225425
2022-05-12 11:00:00,3.171966666666667,3.160066666666667,285.7133333333333,370.26474333333334
2022-05-12 12:00:00,3.141366666666667,3.1292833333333334,285.54,353.47323166666666
2022-05-12 13:00:00,3.0586333333333333,3.0456,285.52166666666665,313.81053499999996
2022-05-12 14:00:00,3.0359333333333334,3.0206999999999997,284.2633333333333,323.9736833333333
2022-05-12 15:00:00,2.9620166666666665,2.9532000000000003,285.71500000000003,411.1548133333333
2022-05-12 16:00:00,2.862483333333333,2.8564333333333334,288.76166666666666,406.22167666666667
2022-05-12 17:00:00,2.80215,2.7988,285.9783333333333,399.455335
2022-05-12 18:00:00,2.6829666666666667,2.68255,286.7633333333333,427.25825333333336
2022-05-12 19:00:00,2.5825666666666667,2.5803833333333333,313.49666666666667,350.94128
2022-05-12 20:00:00,2.54645,2.5467500000000003,313.7133333333333,305.53711833333335
2022-05-12 21:00:00,2.533533333333333,2.5344166666666665,327.8683333333333,344.55620999999996
2022-05-12 22:00:00,2.506066666666667,2.5174499999999997,355.9866666666667,371.7116
2022-05-12 23:00:00,2.4968999999999997,2.506866666666667,364.28499999999997,324.87149500000004
2022-05-13 00:00:00,2.5428166666666665,2.540116666666667,382.1116666666667,230.82638166666666
2022-05-13 01:00:00,2.679216666666667,2.6601333333333335,406.69,172.51160833333333
2022-05-13 02:00:00,2.8375333333333335,2.8147666666666664,412.57,143.90835166666665
2022-05-13 03:00:00,3.008683333333333,2.9838666666666667,414.73333333333335,156.04988166666666
2022-05-13 04:00:00,3.166233333333333,3.14065,415.4116666666667,151.82908
2022-05-13 05:00:00,3.335983333333333,3.3085333333333335,416.7133333333333,149.851765
2022-05-13 06:00:00,3.507166666666667,3.4999,541.5333333333333,241.33473
2022-05-13 07:00:00,3.60975,3.6077500000000002,408.8366666666667,396.1983466666667
2022-05-13 08:00:00,3.5771,3.5509666666666666,307.39000000000004,357.91229500000003
2022-05-13 09:00:00,3.51655,3.4978,290.89166666666665,374.98877833333336
2022-05-13 10:00:00,3.4114500000000003,3.3998500000000003,294.18666666666667,439.9012716666667
2022-05-13 11:00:00,3.329416666666667,3.3141499999999997,297.935,364.6234966666667
2022-05-13 12:00:00,3.3036666666666665,3.2842333333333333,297.22999999999996,280.6474116666667
2022-05-13 13:00:00,3.2997666666666663,3.2797166666666664,297.475,299.02674666666667
2022-05-13 14:00:00,3.2662833333333334,3.250383333333333,300.2583333333333,342.78621666666663
2022-05-13 15:00:00,3.24455,3.2251,302.19166666666666,288.257775
2022-05-13 16:00:00,3.2407666666666666,3.2209333333333334,296.62166666666667,293.70949
2022-05-13 17:00:00,3.2211333333333334,3.20245,293.005,309.5561366666667
2022-05-13 18:00:00,3.1966666666666668,3.1782,291.26500000000004,323.2785083333334
2022-05-13 19:00:00,3.148616666666667,3.132966666666667,291.15,320.9658116666667
2022-05-13 20:00:00,3.1395166666666667,3.1225,291.545,291.52889666666664
2022-05-13 21:00:00,3.133,3.116,291.2,256.7682
2022-05-13 22:00:00,3.0951999999999997,3.080233333333333,290.0233333333333,306.11121333333335
2022-05-13 23:00:00,2.99715,2.9820166666666665,284.18333333333334,303.5439133333333
2022-05-14 00:00:00,2.9731333333333336,2.9593166666666666,284.655,329.660105
2022-05-14 01:00:00,2.9480833333333334,2.9323333333333332,288.3316666666667,277.2692983333333
2022-05-14 02:00:00,2.9699999999999998,2.948666666666667,288.71,193.1075933333333
2022-05-14 03:00:00,3.04935,3.0229166666666667,289.81333333333333,131.78392166666666
2022-05-14 04:00:00,3.1481333333333335,3.1200666666666668,290.35833333333335,129.97714
2022-05-14 05:00:00,3.25545,3.2440333333333333,414.63,157.69055166666666
2022-05-14 06:00:00,3.4478999999999997,3.44045,528.755,177.555605
2022-05-14 07:00:00,3.616983333333333,3.593166666666667,321.7,252.12734666666665
2022-05-14 08:00:00,3.5993833333333334,3.5756333333333337,253.62833333333336,298.2740433333333
2022-05-14 09:00:00,3.5295666666666667,3.5092166666666667,253.20499999999998,345.00185166666665
2022-05-14 10:00:00,3.42855,3.4130166666666666,251.81333333333333,449.94279166666666
2022-05-14 11:00:00,3.30395,3.2875,253.9116666666667,340.55736666666667
2022-05-14 12:00:00,3.2469166666666665,3.2276666666666665,252.58333333333334,341.9611033333333
2022-05-14 13:00:00,3.156766666666667,3.1401,251.04833333333332,351.84007333333335
2022-05-14 14:00:00,3.0906499999999997,3.0729333333333333,249.415,320.38619
2022-05-14 15:00:00,3.0326666666666666,3.0133333333333336,251.11333333333332,317.46968166666665
2022-05-14 16:00:00,2.9692166666666666,2.9524166666666667,252.60666666666665,338.52671333333336
2022-05-14 17:00:00,2.9082166666666667,2.8920833333333333,252.06333333333333,326.95712833333334
2022-05-14 18:00:00,2.8312166666666667,2.8166,251.11166666666668,351.62721166666665
2022-05-14 19:00:00,2.7714,2.7562,251.345,291.43714833333337
2022-05-14 20:00:00,2.7337166666666666,2.7206166666666665,255.02,306.51398666666665
2022-05-14 21:00:00,2.683783333333333,2.671466666666667,253.26333333333332,311.8263316666667
2022-05-14 22:00:00,2.6220166666666667,2.6130333333333335,288.4816666666667,322.13369500000005
2022-05-14 23:00:00,2.6382333333333334,2.6552000000000002,419.6816666666667,308.96904166666667
2022-05-15 00:00:00,2.7266166666666667,2.7335,419.31166666666667,215.0445
2022-05-15 01:00:00,2.8672833333333334,2.86745,420.84666666666664,184.17441166666669
2022-05-15 02:00:00,3.0113166666666666,3.0134833333333333,422.88,207.0818
2022-05-15 03:00:00,3.1637166666666667,3.1599833333333334,424.22666666666663,138.77592166666668
2022-05-15 04:00:00,3.343433333333333,3.33995,426.64000000000004,150.93144333333333
2022-05-15 05:00:00,3.5223,3.5146666666666664,426.96,134.61822833333335
2022-05-15 06:00:00,3.6785833333333335,3.6678,362.025,201.371145
2022-05-15 07:00:00,3.7239500000000003,3.707783333333333,282.44,240.94258833333333
2022-05-15 08:00:00,3.7061833333333336,3.69715,279.97333333333336,329.3736766666667
2022-05-15 09:00:00,3.6448166666666664,3.6411000000000002,279.37666666666667,379.89448333333337
2022-05-15 10:00:00,3.563216666666667,3.559766666666667,275.9633333333333,361.33691166666665
2022-05-15 11:00:00,3.4920666666666667,3.4891833333333335,283.14833333333337,338.6444166666667
2022-05-15 12:00:00,3.4578333333333333,3.4515666666666664,281.7566666666667,330.76494
2022-05-15 13:00:00,3.4196,3.412716666666667,281.15166666666664,295.92681333333337
2022-05-15 14:00:00,3.40265,3.3939833333333334,283.63666666666666,299.1495783333333
2022-05-15 15:00:00,3.383166666666667,3.374683333333333,282.47,308.6186983333334
2022-05-15 16:00:00,3.3389499999999996,3.334083333333333,280.26666666666665,331.96289333333334
2022-05-15 17:00:00,3.2691166666666667,3.2695833333333337,281.05333333333334,375.25647666666663
2022-05-15 18:00:00,3.2075166666666663,3.2055000000000002,280.23333333333335,349.97632
2022-05-15 19:00:00,3.128,3.13075,274.49,410.62075833333336
2022-05-15 20:00:00,3.0254833333333333,3.0284,272.51666666666665,360.757595
2022-05-15 21:00:00,2.9484500000000002,2.953816666666667,270.9483333333333,400.51528833333333
2022-05-15 22:00:00,2.855933333333333,2.8617666666666666,271.8233333333333,356.38616333333334
2022-05-15 23:00:00,2.8022833333333335,2.8051833333333334,308.4916666666667,326.0075166666667
2022-05-16 00:00:00,2.8241666666666663,2.821883333333333,344.69166666666666,240.45881333333332
2022-05-16 01:00:00,2.9242833333333333,2.9176,362.12,149.77012666666667
2022-05-16 02:00:00,3.0620666666666665,3.0505,358.7066666666667,132.73901333333333
2022-05-16 03:00:00,3.1893666666666665,3.1783333333333332,358.70166666666665,175.27770166666667
2022-05-16 04:00:00,3.32175,3.30675,356.1716666666667,122.87806333333333
2022-05-16 05:00:00,3.4566666666666666,3.4410666666666665,353.745,169.03754833333332
2022-05-16 06:00:00,3.53595,3.5235666666666665,316.08,253.26964666666666
2022-05-16 07:00:00,3.5023666666666666,3.4886166666666667,265.89,354.002
2022-05-16 08:00:00,3.4250333333333334,3.4139833333333334,268.75666666666666,385.30125000000004
2022-05-16 09:00:00,3.322783333333333,3.314516666666667,272.06166666666667,369.061555
2022-05-16 10:00:00,3.2682833333333337,3.25575,268.39,323.483185
2022-05-16 11:00:00,3.234566666666667,3.219866666666667,269.88166666666666,276.6530783333333
2022-05-16 12:00:00,3.21855,3.2021666666666664,270.59166666666664,265.733275
2022-05-16 13:00:00,3.19385,3.18,268.70166666666665,337.77051
2022-05-16 14:00:00,3.1263333333333336,3.1153,268.225,335.66351000000003
2022-05-16 15:00:00,3.0695333333333332,3.0572166666666667,269.51166666666666,323.23152666666664
2022-05-16 16:00:00,3.043133333333333,3.027633333333333,269.8666666666667,275.3258333333333
2022-05-16 17:00:00,3.0078166666666664,2.9949500000000002,268.87666666666667,334.71049000000005
2022-05-16 18:00:00,2.94605,2.9357333333333333,266.49833333333333,347.8388266666667
2022-05-16 19:00:00,2.8661499999999998,2.85805,264.21,357.08451833333334
2022-05-16 20:00:00,2.8229333333333333,2.82875,336.50333333333333,346.35410833333333
2022-05-16 21:00:00,2.7875666666666663,2.7998833333333333,336.195,359.19683
2022-05-16 22:00:00,2.7691999999999997,2.776816666666667,334.34666666666664,306.62870833333335
2022-05-16 23:00:00,2.8060833333333335,2.806233333333333,341.73833333333334,246.95909
2022-05-17 00:00:00,2.8678666666666666,2.8652666666666664,341.0833333333333,219.101595
2022-05-17 01:00:00,2.9514666666666667,2.94365,343.825,178.19210333333334
2022-05-17 02:00:00,3.0704,3.0574333333333334,344.7183333333333,157.56229333333334
2022-05-17 03:00:00,3.17725,3.1638333333333337,344.9633333333333,171.02738333333335
2022-05-17 04:00:00,3.2832999999999997,3.2697166666666666,344.47999999999996,179.05370666666667
2022-05-17 05:00:00,3.3811000000000004,3.3562833333333333,335.71,191.55482500000002
2022-05-17 06:00:00,3.4602666666666666,3.4115666666666664,274.495,198.34505333333334
2022-05-17 07:00:00,3.4512,3.3965166666666664,273.1333333333333,355.60157833333335
2022-05-17 08:00:00,3.3714,3.315166666666667,272.73833333333334,380.77774500000004
2022-05-17 09:00:00,3.309883333333333,3.258283333333333,271.24833333333333,281.4904916666666
2022-05-17 10:00:00,3.3064999999999998,3.2573166666666666,275.85499999999996,265.1118333333333
2022-05-17 11:00:00,3.28945,3.2376666666666667,277.56,282.2298583333333
2022-05-17 12:00:00,3.278116666666667,3.2272000000000003,276.20166666666665,277.45002166666666
2022-05-17 13:00:00,3.2388166666666667,3.1920166666666665,194.09166666666667,299.61595500000004
2022-05-17 14:00:00,3.1535,3.1203166666666666,251.165,302.0891916666667
2022-05-17 15:00:00,3.1173,3.0854833333333334,252.49166666666667,282.84456666666665
2022-05-17 16:00:00,3.0825666666666667,3.0497333333333336,253.07666666666668,295.74812000000003
2022-05-17 17:00:00,3.0021,2.9730833333333333,249.23,386.15479
2022-05-17 18:00:00,2.910883333333333,2.8811166666666663,246.91,374.52797333333336
2022-05-17 19:00:00,2.795533333333333,2.7684333333333333,246.65333333333334,402.099625
2022-05-17 20:00:00,2.68065,2.6574,246.25,376.1208
2022-05-17 21:00:00,2.6034833333333336,2.5780499999999997,247.335,323.48254
2022-05-17 22:00:00,2.575683333333333,2.540783333333333,322.8566666666667,279.647435
2022-05-17 23:00:00,2.6120500000000004,2.5664000000000002,357.3066666666667,303.31999
2022-05-18 00:00:00,2.6614166666666668,2.61905,359.25,208.57040833333335
2022-05-18 01:00:00,2.7643166666666668,2.7211,361.22666666666663,172.4752816666667
2022-05-18 02:00:00,2.88015,2.8346999999999998,364.06333333333333,180.05568166666666
2022-05-18 03:00:00,3.011816666666667,2.9686,365.385,122.04429666666667
2022-05-18 04:00:00,3.172266666666667,3.1357500000000003,472.04833333333335,124.71319166666667
2022-05-18 05:00:00,3.48055,3.4769666666666668,730.6333333333333,147.26025833333333
2022-05-18 06:00:00,3.6872833333333332,3.65395,236.54666666666665,250.99957333333336
2022-05-18 07:00:00,3.6209166666666666,3.58935,227.62333333333333,346.96354499999995
2022-05-18 08:00:00,3.4857333333333336,3.4587333333333334,229.23166666666665,454.51414
2022-05-18 09:00:00,3.319,3.2948,226.34166666666667,437.2980783333333
2022-05-18 10:00:00,3.1539,3.13155,226.77833333333334,450.498375
2022-05-18 11:00:00,3.0095,2.9892499999999997,224.0366666666667,412.18946166666666
2022-05-18 12:00:00,2.8757500000000005,2.8544,223.89166666666668,395.02361
2022-05-18 13:00:00,2.771666666666667,2.7489166666666667,227.82999999999998,318.401705
2022-05-18 14:00:00,2.72275,2.6990166666666666,231.84666666666666,264.50828333333334
2022-05-18 15:00:00,2.6980666666666666,2.6872333333333334,319.245,277.64786
2022-05-18 16:00:00,2.73215,2.7335166666666666,365.01,277.31472833333333
2022-05-18 17:00:00,2.7952166666666667,2.790833333333333,366.9066666666667,249.01398333333333
2022-05-18 18:00:00,2.8259499999999997,2.8309833333333336,366.48499999999996,347.3770416666667
2022-05-18 19:00:00,2.789916666666667,2.8060666666666667,365.5566666666667,419.67748
2022-05-18 20:00:00,2.7615,2.7678833333333333,349.14833333333337,340.74179499999997
2022-05-18 21:00:00,2.74935,2.7538666666666667,338.81666666666666,353.88686333333334
2022-05-18 22:00:00,2.7142833333333334,2.7061166666666665,300.02166666666665,392.6418283333333
2022-05-18 23:00:00,2.6595166666666668,2.6571833333333337,356.69,328.09299166666665
2022-05-19 00:00:00,2.68595,2.6719,384.0066666666667,313.1278183333333
2022-05-19 01:00:00,2.7543333333333333,2.73455,384.92,224.423265
2022-05-19 02:00:00,2.8842333333333334,2.8578833333333336,383.7566666666667,140.08269
2022-05-19 03:00:00,3.0446166666666667,3.0163,383.99666666666667,122.97381666666666
2022-05-19 04:00:00,3.2102999999999997,3.1786666666666665,383.15333333333336,120.74589666666667
2022-05-19 05:00:00,3.3624666666666667,3.3323833333333335,382.975,176.3528
2022-05-19 06:00:00,3.4772000000000003,3.448066666666667,392.2133333333333,224.615625
2022-05-19 07:00:00,3.5268666666666664,3.5026,383.8566666666667,365.2796883333333
2022-05-19 08:00:00,3.4819166666666663,3.469666666666667,296.69,353.99865666666665
2022-05-19 09:00:00,3.4335999999999998,3.4233166666666666,291.975,326.0538366666667
2022-05-19 10:00:00,3.4145833333333333,3.4008499999999997,290.18666666666667,289.60440833333337
2022-05-19 11:00:00,3.3789000000000002,3.3711333333333333,293.26,343.24380333333335
2022-05-19 12:00:00,3.369266666666667,3.3538666666666668,281.1816666666667,255.71097999999998
2022-05-19 13:00:00,3.3524000000000003,3.3267,203.9,265.7045
2022-05-19 14:00:00,3.2678333333333334,3.2454666666666667,199.71,374.20121666666665
2022-05-19 15:00:00,3.1504333333333334,3.1283000000000003,197.80333333333334,297.98409999999996
2022-05-19 16:00:00,3.06975,3.0462333333333333,199.63,308.02318166666663
2022-05-19 17:00:00,2.9848833333333333,2.9696833333333337,242.89,357.7561316666667
2022-05-19 18:00:00,2.8799,2.8705,243.45333333333335,368.83099000000004
2022-05-19 19:00:00,2.7746666666666666,2.7671333333333332,254.57000000000002,391.86127833333336
2022-05-19 20:00:00,2.7102833333333334,2.72315,344.865,364.3548583333333
2022-05-19 21:00:00,2.695866666666667,2.70845,345.945,308.99006333333335
2022-05-19 22:00:00,2.7018,2.7137000000000002,344.2816666666667,338.9361116666667
2022-05-19 23:00:00,2.6994333333333334,2.707733333333333,342.18,284.00762166666664
2022-05-20 00:00:00,2.75805,2.75565,344.9316666666667,219.74122666666665
2022-05-20 01:00:00,2.852733333333333,2.8442833333333337,348.10999999999996,161.90377
2022-05-20 02:00:00,2.97125,2.9601166666666665,348.72999999999996,149.70973133333334
2022-05-20 03:00:00,3.1002,3.0864166666666666,347.51166666666666,149.95954166666667
2022-05-20 04:00:00,3.226183333333333,3.2096500000000003,346.1433333333333,130.87049166666668
2022-05-20 05:00:00,3.3544166666666664,3.3375333333333335,343.60499999999996,158.099365
2022-05-20 06:00:00,3.4378,3.42775,342.40833333333336,263.0241966666667
2022-05-20 07:00:00,3.4077166666666665,3.4161,341.135,410.73723666666666
2022-05-20 08:00:00,3.352,3.3495,282.8016666666666,379.802925
2022-05-20 09:00:00,3.2401833333333334,3.2278666666666664,256.36,431.1955583333333
2022-05-20 10:00:00,3.133033333333333,3.1189833333333334,258.495,360.8439466666667
2022-05-20 11:00:00,3.0517833333333333,3.0362500000000003,255.82999999999998,340.615575
2022-05-20 12:00:00,3.0209333333333332,3.0014,259.68333333333334,261.02419
2022-05-20 13:00:00,2.9922833333333334,2.97365,257.87666666666667,292.42958999999996
2022-05-20 14:00:00,2.9625333333333335,2.9425499999999998,258.58,284.1562083333334
2022-05-20 15:00:00,2.9171833333333335,2.9024666666666668,257.64666666666665,342.1788483333333
2022-05-20 16:00:00,2.8407666666666667,2.8265499999999997,257.305,336.9670733333333
2022-05-20 17:00:00,2.758083333333333,2.7457166666666666,258.315,374.2396366666666
2022-05-20 18:00:00,2.710716666666667,2.69215,257.425,283.06533666666667
2022-05-20 19:00:00,2.6368666666666667,2.6253499999999996,257.87,375.86678666666666
2022-05-20 20:00:00,2.5651333333333333,2.5536000000000003,258.33166666666665,337.46560500000004
2022-05-20 21:00:00,2.4907166666666667,2.48335,257.15333333333336,359.7745083333333
2022-05-20 22:00:00,2.3733999999999997,2.3728666666666665,258.9016666666667,432.48455
2022-05-20 23:00:00,2.3460833333333335,2.329416666666667,422.82166666666666,307.4802516666667
2022-05-21 00:00:00,2.4360833333333334,2.4125666666666663,434.6433333333333,263.3010983333333
2022-05-21 01:00:00,2.5434166666666664,2.5174000000000003,435.51,223.78663666666668
2022-05-21 02:00:00,2.708833333333333,2.681,436.4133333333333,147.55472666666668
2022-05-21 03:00:00,2.89505,2.8638666666666666,431.76500000000004,132.347405
2022-05-21 04:00:00,3.084083333333333,3.05025,427.9633333333333,138.17551166666667
2022-05-21 05:00:00,3.2610333333333332,3.22565,428.135,155.19382833333333
2022-05-21 06:00:00,3.4060833333333336,3.3721666666666668,392.43833333333333,221.22359166666666
2022-05-21 07:00:00,3.4488333333333334,3.43455,308.18,277.1607266666667
2022-05-21 08:00:00,3.42475,3.4185166666666666,306.7566666666667,357.41876666666667
2022-05-21 09:00:00,3.330566666666667,3.334283333333333,303.10333333333335,442.1338383333333
2022-05-21 10:00:00,3.2732,3.268066666666667,306.28499999999997,324.19714666666664
2022-05-21 11:00:00,3.24525,3.2391666666666667,305.10999999999996,323.2329933333333
2022-05-21 12:00:00,3.200816666666667,3.1992833333333333,303.5183333333333,394.506525
2022-05-21 13:00:00,3.13295,3.1309166666666663,304.8683333333333,335.8373966666667
2022-05-21 14:00:00,3.1137666666666663,3.1069000000000004,302.385,314.89336166666664
2022-05-21 15:00:00,3.086583333333333,3.0825,301.87,354.02026
2022-05-21 16:00:00,3.019233333333333,3.0200666666666667,303.2,393.9690516666667
2022-05-21 17:00:00,2.9295666666666667,2.9325166666666664,303.7033333333333,382.561565
2022-05-21 18:00:00,2.8879,2.8881666666666663,305.1183333333333,336.8665283333333
2022-05-21 19:00:00,2.8695333333333335,2.8660666666666668,303.2433333333333,299.89246333333335
2022-05-21 20:00:00,2.8242666666666665,2.828233333333334,305.9566666666667,381.8105133333333
2022-05-21 21:00:00,2.798016666666667,2.7967999999999997,309.96,315.490075
2022-05-21 22:00:00,2.766,2.7615833333333333,328.75416666666666,332.54810833333335
2022-05-21 23:00:00,2.79765,2.782233333333333,340.2033333333333,249.0552833333333
2022-05-22 00:00:00,2.8699,2.8552833333333334,367.34000000000003,206.47335166666664
2022-05-22 01:00:00,2.9903,2.9738666666666664,379.26666666666665,156.88149
2022-05-22 02:00:00,3.1357833333333334,3.1138666666666666,378.3616666666667,141.63001166666666
2022-05-22 03:00:00,3.2826166666666667,3.2605833333333334,380.055,148.36872333333335
2022-05-22 04:00:00,3.4336333333333333,3.4085833333333335,379.23833333333334,131.0132
2022-05-22 05:00:00,3.582133333333333,3.5576166666666666,379.87833333333333,160.51252000000002
2022-05-22 06:00:00,3.6897666666666664,3.671266666666667,391.98333333333335,231.84694666666667
2022-05-22 07:00:00,3.7727666666666666,3.7605666666666666,396.975,292.07546833333333
2022-05-22 08:00:00,3.77355,3.7712833333333333,294.94666666666666,334.54817833333334
2022-05-22 09:00:00,3.7222,3.6947166666666664,265.64166666666665,389.27988166666665
2022-05-22 10:00:00,3.6184333333333334,3.593166666666667,265.8016666666667,418.32803499999994
2022-05-22 11:00:00,3.501533333333333,3.4766,264.1616666666667,368.40505
2022-05-22 12:00:00,3.4348,3.40865,264.57166666666666,338.2297483333333
2022-05-22 13:00:00,3.391033333333333,3.3650333333333338,265.005,307.4604933333333
2022-05-22 14:00:00,3.3333333333333335,3.308266666666667,265.13,345.63103333333333
2022-05-22 15:00:00,3.254433333333333,3.23015,263.9916666666667,363.3803416666667
2022-05-22 16:00:00,3.1809999999999996,3.15745,264.15,351.14154333333335
2022-05-22 17:00:00,3.108983333333333,3.08515,264.04,363.0426233333334
2022-05-22 18:00:00,3.0378666666666665,3.0147166666666667,263.5416666666667,336.50484666666665
2022-05-22 19:00:00,2.9508666666666667,2.931766666666667,264.00666666666666,401.17005166666667
2022-05-22 20:00:00,2.8260666666666667,2.82235,305.47833333333335,469.21429
2022-05-22 21:00:00,2.7161833333333334,2.7169666666666665,312.00333333333333,408.268075
2022-05-22 22:00:00,2.677216666666667,2.67095,324.00333333333333,305.79230666666666
2022-05-22 23:00:00,2.7064833333333334,2.6889499999999997,354.60333333333335,285.2570266666667
2022-05-23 00:00:00,2.74995,2.7296666666666667,345.4483333333334,239.62726333333333
2022-05-23 01:00:00,2.8381499999999997,2.8133666666666666,346.205,161.30836666666667
2022-05-23 02:00:00,2.9632333333333336,2.934966666666667,345.7316666666667,136.082465
2022-05-23 03:00:00,3.10005,3.0701833333333335,345.87666666666667,122.28339166666666
2022-05-23 04:00:00,3.24165,3.2100166666666667,346.5083333333333,121.529355
2022-05-23 05:00:00,3.3749333333333333,3.3436166666666667,349.12666666666667,166.26125833333333
2022-05-23 06:00:00,3.44165,3.4156666666666666,356.00166666666667,284.70405833333336
2022-05-23 07:00:00,3.461466666666667,3.4385666666666665,355.72666666666663,346.22929166666665
2022-05-23 08:00:00,3.419033333333333,3.3988,339.39833333333337,390.84109
2022-05-23 09:00:00,3.3926666666666665,3.35635,282.295,311.1248283333333
2022-05-23 10:00:00,3.3478166666666667,3.3112166666666667,286.82666666666665,344.385
2022-05-23 11:00:00,3.2924333333333333,3.2556333333333334,285.89833333333337,364.6989033333333
2022-05-23 12:00:00,3.2266833333333333,3.18995,280.85333333333335,357.54281499999996
2022-05-23 13:00:00,3.1534833333333334,3.1181,282.3883333333333,355.53762666666665
2022-05-23 14:00:00,3.111466666666667,3.0756,282.4116666666667,306.444015
2022-05-23 15:00:00,3.0897666666666668,3.0542666666666665,278.78,298.57100333333335
2022-05-23 16:00:00,3.0379,3.0020666666666664,282.15333333333336,377.454605
2022-05-23 17:00:00,2.967516666666667,2.9316,282.0783333333333,333.4668566666667
2022-05-23 18:00:00,2.9225,2.8879499999999996,281.2966666666667,361.3026983333333
2022-05-23 19:00:00,2.8317833333333335,2.797616666666667,281.85333333333335,405.345915
2022-05-23 20:00:00,2.7477,2.716666666666667,284.635,351.95087500000005
2022-05-23 21:00:00,2.6971333333333334,2.6657,281.57166666666666,334.06336999999996
2022-05-23 22:00:00,2.6486,2.618533333333333,279.6316666666667,343.74798666666663
2022-05-23 23:00:00,2.5849166666666665,2.5546166666666665,287.26166666666666,337.23956333333336
2022-05-24 00:00:00,2.6028499999999997,2.5680666666666667,324.60166666666663,215.11924
2022-05-24 01:00:00,2.66815,2.6319500000000002,326.35333333333335,213.95345666666665
2022-05-24 02:00:00,2.7415166666666666,2.7049833333333333,327.6183333333333,187.98645666666667
2022-05-24 03:00:00,2.831366666666667,2.794366666666667,328.67333333333335,172.39762333333334
2022-05-24 04:00:00,3.011083333333333,2.9655,622.8733333333333,130.0645
2022-05-24 05:00:00,3.3994833333333334,3.3384,748.7416666666667,174.17026166666668
2022-05-24 06:00:00,3.722783333333333,3.665583333333333,547.5699999999999,214.25708500000002
2022-05-24 07:00:00,3.729966666666667,3.716933333333333,256.00333333333333,365.63057166666664
2022-05-24 08:00:00,3.6326166666666664,3.624416666666667,258.1983333333333,335.465225
2022-05-24 09:00:00,3.5639499999999997,3.552916666666667,253.32666666666668,351.8415966666667
2022-05-24 10:00:00,3.491016666666667,3.4804833333333334,253.11333333333332,340.006735
2022-05-24 11:00:00,3.4212833333333332,3.412783333333333,258.89,344.9559533333333
2022-05-24 12:00:00,3.3789166666666666,3.365083333333333,258.56,266.2995683333333
2022-05-24 13:00:00,3.3606166666666666,3.34565,257.2233333333333,264.51047666666665
2022-05-24 14:00:00,3.3307,3.3186000000000004,257.54333333333335,315.5836033333333
2022-05-24 15:00:00,3.270283333333333,3.2604333333333333,258.12833333333333,323.1427166666666
2022-05-24 16:00:00,3.2085500000000002,3.2007833333333333,262.85833333333335,335.65252
2022-05-24 17:00:00,3.1360333333333332,3.130533333333333,259.3,415.7701383333333
2022-05-24 18:00:00,2.9977666666666667,2.9977666666666662,255.56,392.85333333333335
2022-05-24 19:00:00,2.8891666666666667,2.891016666666667,256.0416666666667,414.3911783333333
2022-05-24 20:00:00,2.789533333333333,2.7903666666666664,302.3566666666667,375.41737
2022-05-24 21:00:00,2.7460333333333335,2.747316666666667,317.3283333333333,375.69549666666666
2022-05-24 22:00:00,2.7055333333333333,2.7066333333333334,320.00333333333333,309.6214816666667
2022-05-24 23:00:00,2.7239666666666666,2.717233333333333,343.3316666666667,278.8462183333333
2022-05-25 00:00:00,2.772366666666666,2.75555,388.1,273.8129216666667
2022-05-25 01:00:00,2.8830999999999998,2.8617500000000002,396.47166666666664,154.255095
2022-05-25 02:00:00,3.0450999999999997,3.0314666666666668,409.30333333333334,131.26832
2022-05-25 03:00:00,3.2254333333333336,3.21055,409.0366666666667,122.94050666666666
2022-05-25 04:00:00,3.4062333333333332,3.3891333333333336,407.52666666666664,122.21689333333333
2022-05-25 05:00:00,3.5777666666666668,3.5586333333333333,409.5183333333333,162.32988500000002
2022-05-25 06:00:00,3.698066666666667,3.68365,370.4316666666667,261.29917166666667
2022-05-25 07:00:00,3.6851833333333333,3.65565,262.7,397.1387083333333
2022-05-25 08:00:00,3.53675,3.5129666666666663,264.14500000000004,452.4298733333333
2022-05-25 09:00:00,3.4215,3.3966166666666666,263.9316666666667,384.995455
2022-05-25 10:00:00,3.343433333333333,3.3168833333333336,260.4616666666667,358.3329933333333
2022-05-25 11:00:00,3.246583333333333,3.2231333333333336,265.2866666666667,383.978745
2022-05-25 12:00:00,3.1783,3.1529666666666665,266.76166666666666,317.1245533333333
2022-05-25 13:00:00,3.1530833333333335,3.1263833333333335,267.14166666666665,263.99785833333334
2022-05-25 14:00:00,3.1394333333333333,3.112416666666667,265.87833333333333,272.5836983333333
2022-05-25 15:00:00,3.1285000000000003,3.1015333333333337,256.40833333333336,271.16075666666666
2022-05-25 16:00:00,3.0899666666666668,3.0645499999999997,250.41833333333335,315.18501333333336
2022-05-25 17:00:00,3.0173166666666664,2.991716666666667,250.975,339.35203
2022-05-25 18:00:00,2.9386666666666668,2.9152666666666667,251.32000000000002,336.41874
2022-05-25 19:00:00,2.8702166666666664,2.8482666666666665,252.11,359.84791333333334
2022-05-25 20:00:00,2.78945,2.772283333333333,289.72166666666664,367.8004166666667
2022-05-25 21:00:00,2.7069666666666667,2.7066000000000003,344.0416666666667,434.5125933333333
2022-05-25 22:00:00,2.6447833333333337,2.6424666666666665,342.02666666666664,390.59095333333335
2022-05-25 23:00:00,2.63225,2.6251666666666664,349.11333333333334,304.37160500000005
2022-05-26 00:00:00,2.6613166666666666,2.65055,342.64166666666665,268.21561833333334
2022-05-26 01:00:00,2.7178666666666667,2.7033666666666667,343.95166666666665,215.523505
2022-05-26 02:00:00,2.81035,2.7876666666666665,343.05833333333334,159.91430166666666
2022-05-26 03:00:00,2.9393833333333332,2.9143499999999998,344.56333333333333,132.80523333333335
2022-05-26 04:00:00,3.07715,3.049,346.19166666666666,121.32900666666666
2022-05-26 05:00:00,3.21105,3.1837166666666668,343.40999999999997,146.43142333333333
2022-05-26 06:00:00,3.339,3.3373833333333334,501.60999999999996,217.9293966666667
2022-05-26 07:00:00,3.4559833333333336,3.469266666666667,396.70166666666665,375.48069833333335
2022-05-26 08:00:00,3.3644666666666665,3.3594500000000003,267.41833333333335,431.24988666666667
2022-05-26 09:00:00,3.29355,3.2784,262.0983333333333,285.9258233333333
2022-05-26 10:00:00,3.278016666666667,3.260766666666667,264.03333333333336,288.41492
2022-05-26 11:00:00,3.2364333333333333,3.2208666666666668,264.3183333333333,303.31134333333335
2022-05-26 12:00:00,3.1988666666666665,3.183316666666667,263.0516666666667,298.70848666666666
2022-05-26 13:00:00,3.169766666666667,3.153216666666667,263.2266666666667,305.473475
2022-05-26 14:00:00,3.1117,3.096283333333333,254.52166666666665,305.3127366666667
2022-05-26 15:00:00,3.0684666666666667,3.0534666666666666,251.41833333333335,315.43132833333334
2022-05-26 16:00:00,2.99755,2.9853,253.91833333333335,356.49239666666665
2022-05-26 17:00:00,2.9042166666666662,2.8951833333333337,261.115,370.13308166666667
2022-05-26 18:00:00,2.848883333333333,2.8363500000000004,262.40333333333336,306.21366333333333
2022-05-26 19:00:00,2.780133333333333,2.77125,263.335,373.71703833333333
2022-05-26 20:00:00,2.6866666666666665,2.6824,262.6166666666667,379.079225
2022-05-26 21:00:00,2.584083333333333,2.5826,261.18666666666667,411.34937666666667
2022-05-26 22:00:00,2.5001,2.49455,260.525,315.56619166666667
2022-05-26 23:00:00,2.4541666666666666,2.450416666666667,260.9166666666667,324.28464833333334
2022-05-27 00:00:00,2.4223166666666667,2.4141,265.42833333333334,230.82641
2022-05-27 01:00:00,2.459966666666667,2.4457166666666668,265.02000000000004,170.708885
2022-05-27 02:00:00,2.5304166666666665,2.5124500000000003,263.78833333333336,135.920515
2022-05-27 03:00:00,2.6123333333333334,2.591933333333333,266.45,126.27602666666667
2022-05-27 04:00:00,2.69965,2.6791,268.56333333333333,128.91708
2022-05-27 05:00:00,2.7638166666666666,2.745816666666667,265.38666666666666,192.80502166666665
2022-05-27 06:00:00,2.809683333333333,2.81865,411.195,281.08728666666667
2022-05-27 07:00:00,2.8367999999999998,2.8683,419.59833333333336,390.56566166666664
2022-05-27 08:00:00,2.7950333333333335,2.8381333333333334,417.22166666666664,468.80326333333335
2022-05-27 09:00:00,2.7854666666666668,2.8126166666666665,405.6166666666667,365.41482
2022-05-27 10:00:00,2.8090333333333333,2.8326833333333337,408.8183333333333,343.10230333333334
2022-05-27 11:00:00,2.8491,2.8674666666666666,409.84000000000003,303.12981
2022-05-27 12:00:00,2.9229666666666665,2.9348666666666663,408.0866666666667,283.39572000000004
2022-05-27 13:00:00,2.9541666666666666,2.9511333333333334,270.76666666666665,305.35627
2022-05-27 14:00:00,2.9021666666666666,2.884716666666667,221.83333333333334,286.87774666666667
2022-05-27 15:00:00,2.8699166666666667,2.8495166666666667,225.6616666666667,251.98575333333335
2022-05-27 16:00:00,2.7980666666666667,2.785483333333333,226.42666666666668,379.106795
2022-05-27 17:00:00,2.7053833333333333,2.691216666666667,225.29,290.69583666666665
2022-05-27 18:00:00,2.6445999999999996,2.6313000000000004,223.125,315.97505333333334
2022-05-27 19:00:00,2.556766666666667,2.5472166666666665,229.47,345.00332833333334
2022-05-27 20:00:00,2.4891833333333335,2.48185,325.045,359.23269999999997
2022-05-27 21:00:00,2.4563,2.4505333333333335,332.03,385.03357666666665
2022-05-27 22:00:00,2.413416666666667,2.409483333333333,337.3816666666667,349.3464033333333
2022-05-27 23:00:00,2.4223500000000002,2.4103,410.23833333333334,337.23041666666666
2022-05-28 00:00:00,2.4827999999999997,2.4630333333333336,410.3316666666667,267.215015
2022-05-28 01:00:00,2.5829833333333334,2.55985,410.5866666666667,211.59810833333333
2022-05-28 02:00:00,2.7242333333333333,2.6991,410.055,159.34797833333332
2022-05-28 03:00:00,2.8944833333333335,2.864,410.14166666666665,131.39316833333334
2022-05-28 04:00:00,3.0702166666666666,3.0391166666666667,407.245,132.80672833333333
2022-05-28 05:00:00,3.2409833333333333,3.209283333333333,414.0783333333333,158.67224666666667
2022-05-28 06:00:00,3.3761,3.3442833333333337,413.72999999999996,220.89792333333335
2022-05-28 07:00:00,3.4882,3.4558166666666663,414.97166666666664,244.75867333333332
2022-05-28 08:00:00,3.5251499999999996,3.5063666666666666,299.28333333333336,327.47405333333336
2022-05-28 09:00:00,3.4695833333333335,3.4592,279.995,371.7667983333333
2022-05-28 10:00:00,3.34355,3.3421666666666665,279.045,425.68507500000004
2022-05-28 11:00:00,3.2835166666666664,3.2742166666666668,279.2433333333333,317.92522333333335
2022-05-28 12:00:00,3.2427333333333332,3.23295,278.5066666666667,327.43282833333336
2022-05-28 13:00:00,3.1662666666666666,3.1619,280.2933333333333,411.68054
2022-05-28 14:00:00,3.0821666666666667,3.0758,281.65,341.77730333333335
2022-05-28 15:00:00,3.0256333333333334,3.0169,279.5433333333333,357.8703083333333
2022-05-28 16:00:00,2.92645,2.9238833333333334,279.03,403.58860333333337
2022-05-28 17:00:00,2.8664666666666667,2.8592500000000003,280.0516666666666,324.36823333333336
2022-05-28 18:00:00,2.82195,2.8145333333333338,279.24,316.244635
2022-05-28 19:00:00,2.8015,2.7909333333333333,279.10499999999996,308.7913566666667
2022-05-28 20:00:00,2.7597,2.7647,337.6766666666666,340.74838
2022-05-28 21:00:00,2.742,2.7522666666666664,332.98499999999996,372.93001
2022-05-28 22:00:00,2.7110666666666665,2.716666666666667,325.44166666666666,287.078295
2022-05-28 23:00:00,2.7663333333333333,2.7607333333333335,332.4,211.76293166666667
2022-05-29 00:00:00,2.835,2.8296,335.40166666666664,214.09257166666666
2022-05-29 01:00:00,2.9144,2.9047666666666667,336.25,179.26156166666667
2022-05-29 02:00:00,3.0191666666666666,3.00545,333.24,164.58893666666665
2022-05-29 03:00:00,3.1323,3.1160833333333335,328.9916666666667,130.657185
2022-05-29 04:00:00,3.2532833333333335,3.2364166666666665,331.445,155.59780666666666
2022-05-29 05:00:00,3.3387333333333333,3.3263833333333332,334.90166666666664,207.60198666666665
2022-05-29 06:00:00,3.4056,3.3939333333333335,333.8,238.83671666666666
2022-05-29 07:00:00,3.4374666666666664,3.4313333333333333,334.045,274.723455
2022-05-29 08:00:00,3.4442999999999997,3.4343333333333335,285.945,322.7352466666667
2022-05-29 09:00:00,3.373083333333333,3.364616666666667,271.84666666666664,377.1752483333333
2022-05-29 10:00:00,3.3079833333333335,3.295983333333333,269.6116666666667,332.0496333333333
2022-05-29 11:00:00,3.247066666666667,3.2364166666666665,273.73333333333335,322.93452833333333
2022-05-29 12:00:00,3.2021333333333337,3.1903333333333332,271.99833333333333,325.7673966666667
2022-05-29 13:00:00,3.1761,3.1593166666666668,269.21833333333336,283.7214583333333
2022-05-29 14:00:00,3.133683333333333,3.121183333333333,269.2633333333333,320.06192
2022-05-29 15:00:00,3.0692333333333335,3.06115,269.1633333333333,414.1760966666667
2022-05-29 16:00:00,2.9408499999999997,2.93705,268.34666666666664,380.57366333333334
2022-05-29 17:00:00,2.8648666666666665,2.8596833333333334,270.98333333333335,390.08110000000005
2022-05-29 18:00:00,2.7580999999999998,2.7548166666666662,273.1383333333333,410.85632499999997
2022-05-29 19:00:00,2.6287833333333332,2.6296000000000004,270.26666666666665,447.98448
2022-05-29 20:00:00,2.5076666666666667,2.509266666666667,269.4433333333333,423.213405
2022-05-29 21:00:00,2.4165666666666668,2.4219,344.435,381.07886833333333
2022-05-29 22:00:00,2.4180333333333333,2.4128166666666666,383.5183333333333,300.17209
2022-05-29 23:00:00,2.50245,2.488783333333333,382.51500000000004,215.69234666666668
2022-05-30 00:00:00,2.60665,2.5891333333333337,381.745,206.135365
2022-05-30 01:00:00,2.7151833333333335,2.6980833333333334,390.5516666666666,195.233465
2022-05-30 02:00:00,2.8648833333333332,2.84095,392.805,132.32031166666667
2022-05-30 03:00:00,3.0297,3.002733333333333,390.39000000000004,132.11528
2022-05-30 04:00:00,3.238516666666667,3.196183333333333,519.795,128.34015166666666
2022-05-30 05:00:00,3.49415,3.4457666666666666,533.6116666666667,147.3670283333333
2022-05-30 06:00:00,3.64475,3.593033333333333,268.2216666666667,209.19521
2022-05-30 07:00:00,3.609866666666667,3.5541,254.71166666666667,377.1349666666667
2022-05-30 08:00:00,3.5162666666666667,3.4604,250.61833333333334,357.09525666666667
2022-05-30 09:00:00,3.4303000000000003,3.3762666666666665,250.93833333333333,345.7204916666667
2022-05-30 10:00:00,3.363116666666667,3.310083333333333,251.80499999999998,349.12182333333334
2022-05-30 11:00:00,3.26905,3.21595,251.97333333333333,362.156795
2022-05-30 12:00:00,3.1801000000000004,3.128533333333333,251.85166666666666,365.020415
2022-05-30 13:00:00,3.0827833333333334,3.03125,253.155,401.70861499999995
2022-05-30 14:00:00,2.94605,2.8931833333333334,252.93666666666667,420.8279533333333
2022-05-30 15:00:00,2.872716666666667,2.8265000000000002,254.88166666666666,294.99323833333335
2022-05-30 16:00:00,2.83185,2.7843,256.725,278.21273333333335
2022-05-30 17:00:00,2.804866666666667,2.758766666666667,258.935,282.06504
2022-05-30 18:00:00,2.7925166666666663,2.7741666666666664,324.815,278.5697333333334
2022-05-30 19:00:00,2.7895666666666665,2.7742833333333334,319.8433333333333,323.67218833333334
2022-05-30 20:00:00,2.7568166666666665,2.7458833333333335,318.72666666666663,350.370355
2022-05-30 21:00:00,2.7507666666666664,2.7371333333333334,323.89500000000004,303.93733
2022-05-30 22:00:00,2.76155,2.7466500000000003,325.925,249.88487833333332
2022-05-30 23:00:00,2.803,2.7864,324.93666666666667,247.75760499999998
2022-05-31 00:00:00,2.83535,2.82035,321.995,264.97505666666666
2022-05-31 01:00:00,2.8859500000000002,2.867366666666667,320.555,206.86778666666666
2022-05-31 02:00:00,2.9538,2.9339500000000003,323.3883333333333,192.166865
2022-05-31 03:00:00,3.058466666666667,3.0312833333333336,323.5733333333334,127.433385
2022-05-31 04:00:00,3.183583333333333,3.1551,319.72166666666664,127.98882833333333
2022-05-31 05:00:00,3.290516666666667,3.2643,317.725,168.00455333333332
2022-05-31 06:00:00,3.3488333333333333,3.32645,320.72833333333335,249.7230133333333
2022-05-31 07:00:00,3.3371,3.3234,319.295,393.28454500000004
2022-05-31 08:00:00,3.250916666666667,3.2429333333333332,324.59166666666664,393.64209
2022-05-31 09:00:00,3.233566666666667,3.2190999999999996,328.775,302.6186416666667
2022-05-31 10:00:00,3.2430000000000003,3.22655,327.565,287.76709166666666
2022-05-31 11:00:00,3.2400666666666664,3.22495,327.5183333333333,337.4396483333333
2022-05-31 12:00:00,3.2217,3.206733333333333,327.27166666666665,345.89908333333335
2022-05-31 13:00:00,3.2024,3.1869,327.47999999999996,324.172295
2022-05-31 14:00:00,3.180066666666667,3.16595,326.4916666666667,353.61845
2022-05-31 15:00:00,3.131266666666667,3.1188333333333333,324.13,367.6447066666667
2022-05-31 16:00:00,3.09605,3.0824,323.6716666666667,355.346525
2022-05-31 17:00:00,3.0540000000000003,3.0407,323.55333333333334,377.6808333333333
2022-05-31 18:00:00,3.011016666666667,2.9968,323.2566666666667,361.23031833333334
2022-05-31 19:00:00,2.9951999999999996,2.9779166666666668,323.06,281.0600266666667
2022-05-31 20:00:00,2.9947833333333334,2.978,308.87833333333333,341.17034666666666
2022-05-31 21:00:00,2.9550166666666664,2.938616666666667,305.38666666666666,319.9222316666667
2022-05-31 22:00:00,2.9673833333333333,2.9455,303.77166666666665,236.57800833333334
2022-05-31 23:00:00,3.0002,2.97805,300.2,241.31396666666666
2022-06-01 00:00:00,3.0323833333333337,3.007566666666667,300.25,215.65669666666665
2022-06-01 01:00:00,3.0944333333333334,3.067466666666667,302.3066666666667,176.43949666666668
2022-06-01 02:00:00,3.179533333333333,3.150116666666667,302.19,151.69459666666668
2022-06-01 03:00:00,3.2738500000000004,3.2438833333333337,302.52666666666664,142.9132316666667
2022-06-01 04:00:00,3.3764333333333334,3.34395,300.97999999999996,133.26483333333334
2022-06-01 05:00:00,3.46255,3.4320999999999997,301.0566666666667,191.13651666666667
2022-06-01 06:00:00,3.4922833333333334,3.4705,348.57666666666665,274.10761333333335
2022-06-01 07:00:00,3.562222916666667,3.5596,438.74,272.0116
2022-06-01 08:00:00,3.622266666666667,3.63145,415.46,405.93528
2022-06-01 09:00:00,3.5536499999999998,3.548,250.94,363.466055
2022-06-01 10:00:00,3.4742333333333333,3.4610166666666666,249.67166666666665,361.22636
2022-06-01 11:00:00,3.389416666666667,3.3777666666666666,250.97,358.2276533333333
2022-06-01 12:00:00,3.3106999999999998,3.2975666666666665,249.88333333333333,306.99535333333336
2022-06-01 13:00:00,3.284566666666667,3.2665,242.43666666666667,275.6802383333333
2022-06-01 14:00:00,3.21705,3.2038,242.765,342.3392366666667
2022-06-01 15:00:00,3.15695,3.141566666666667,243.27666666666667,313.39948166666665
2022-06-01 16:00:00,3.07105,3.05855,242.77333333333334,365.3638916666667
2022-06-01 17:00:00,2.9812833333333333,2.9692999999999996,243.525,353.8845333333333
2022-06-01 18:00:00,2.884783333333333,2.8762833333333333,243.97333333333333,383.50645333333335
2022-06-01 19:00:00,2.7767833333333334,2.771,244.80499999999998,384.8317666666666
2022-06-01 20:00:00,2.652416666666667,2.6508333333333334,245.52166666666665,413.58090833333335
2022-06-01 21:00:00,2.5047333333333333,2.5103166666666668,254.13166666666666,466.95529999999997
2022-06-01 22:00:00,2.381266666666667,2.3903499999999998,297.7816666666667,375.79986833333334
2022-06-01 23:00:00,2.3815999999999997,2.409883333333333,421.585,296.2107516666667
2022-06-02 00:00:00,2.4781166666666667,2.4951999999999996,421.1633333333333,220.63604166666667
2022-06-02 01:00:00,2.6302666666666665,2.6397,420.69,165.27776833333334
2022-06-02 02:00:00,2.8000833333333333,2.8057333333333334,424.39166666666665,137.320685
2022-06-02 03:00:00,2.9873666666666665,2.9892,427.4266666666666,134.64884333333333
2022-06-02 04:00:00,3.1614166666666668,3.1626,427.60166666666663,150.00015333333334
2022-06-02 05:00:00,3.34465,3.3436,421.49666666666667,147.51798666666667
2022-06-02 06:00:00,3.4921,3.4947333333333335,419.865,230.83948999999998
2022-06-02 07:00:00,3.5376333333333334,3.5585999999999998,409.95166666666665,388.1405966666667
2022-06-02 08:00:00,3.533383333333333,3.5488666666666666,359.1633333333333,351.01716500000003
2022-06-02 09:00:00,3.514816666666667,3.50065,268.4583333333333,292.0795016666667
2022-06-02 10:00:00,3.5047333333333333,3.4863666666666666,268.67333333333335,277.76061666666664
2022-06-02 11:00:00,3.4633499999999997,3.4495500000000003,268.56333333333333,352.78489
2022-06-02 12:00:00,3.3913333333333333,3.3781833333333333,269.82666666666665,322.8661566666667
2022-06-02 13:00:00,3.3261333333333334,3.3159833333333335,269.97999999999996,390.11986666666667
2022-06-02 14:00:00,3.24255,3.23245,270.84166666666664,340.11487500000004
2022-06-02 15:00:00,3.1812166666666664,3.1703666666666668,274.755,341.3031833333333
2022-06-02 16:00:00,3.122716666666667,3.1139666666666668,274.565,352.87306
2022-06-02 17:00:00,3.078816666666667,3.064433333333333,272.7316666666667,290.42216666666667
2022-06-02 18:00:00,3.05455,3.0419833333333335,271.89500000000004,283.1361816666667
2022-06-02 19:00:00,2.9999333333333333,2.9929166666666664,271.42333333333335,389.1385216666667
2022-06-02 20:00:00,2.933133333333333,2.9275,289.77666666666664,320.6809866666666
2022-06-02 21:00:00,2.896716666666667,2.8985333333333334,308.9066666666667,325.63602166666664
2022-06-02 22:00:00,2.88105,2.8806000000000003,310.3816666666667,309.8736666666666
2022-06-02 23:00:00,2.8825333333333334,2.87935,312.75,280.55364000000003
2022-06-03 00:00:00,2.8810333333333333,2.8798833333333334,311.90333333333336,308.929565
2022-06-03 01:00:00,2.8746333333333336,2.8713166666666665,309.3666666666667,285.40724166666666
2022-06-03 02:00:00,2.8969666666666667,2.8901166666666667,311.9266666666666,253.22061166666666
2022-06-03 03:00:00,2.9238333333333335,2.9156833333333334,314.655,230.03316333333333
2022-06-03 04:00:00,2.9947833333333334,2.979416666666667,313.9483333333334,171.54025833333333
2022-06-03 05:00:00,3.0906499999999997,3.07145,313.625,155.47333500000002
2022-06-03 06:00:00,3.16945,3.1555000000000004,316.0883333333333,220.97659166666665
2022-06-03 07:00:00,3.1870666666666665,3.18115,439.5516666666666,365.63914666666665
2022-06-03 08:00:00,3.282166666666667,3.2588333333333335,576.61,370.3387916666667
2022-06-03 09:00:00,3.4054333333333333,3.3833333333333333,465.6433333333333,312.62730166666665
2022-06-03 10:00:00,3.4147666666666665,3.4183000000000003,316.2916666666667,336.93559666666664
2022-06-03 11:00:00,3.3792666666666666,3.38545,319.795,311.725965
2022-06-03 12:00:00,3.389416666666667,3.3893833333333334,321.2933333333333,285.6982933333333
2022-06-03 13:00:00,3.3871666666666664,3.39175,324.36333333333334,339.73878333333334
2022-06-03 14:00:00,3.341616666666667,3.35485,322.805,354.40687833333334
2022-06-03 15:00:00,3.3183000000000002,3.32715,324.07666666666665,340.67454
2022-06-03 16:00:00,3.2815333333333334,3.2922166666666666,321.425,370.331405
2022-06-03 17:00:00,3.2287000000000003,3.2430000000000003,322.62166666666667,395.3072716666667
2022-06-03 18:00:00,3.1577166666666665,3.1739166666666665,321.9483333333334,393.827965
2022-06-03 19:00:00,3.0950333333333333,3.1127,322.375,398.0022333333333
2022-06-03 20:00:00,3.02905,3.0448,321.7883333333333,356.12077000000005
2022-06-03 21:00:00,3.04,3.041633333333333,321.22833333333335,280.7674083333333
2022-06-03 22:00:00,3.0323166666666665,3.0409333333333333,321.74666666666667,333.78018833333334
2022-06-03 23:00:00,3.020966666666667,3.0253333333333337,319.34000000000003,281.6932166666667
2022-06-04 00:00:00,3.0547,3.053166666666667,320.35999999999996,242.14148166666666
2022-06-04 01:00:00,3.0985333333333336,3.094466666666667,318.3816666666667,231.01308500000002
2022-06-04 02:00:00,3.146916666666667,3.1425833333333335,320.8816666666667,229.90917833333333
2022-06-04 03:00:00,3.2015499999999997,3.1939833333333336,320.9216666666667,216.08652333333333
2022-06-04 04:00:00,3.2618333333333336,3.253216666666667,320.65333333333336,211.32071333333334
2022-06-04 05:00:00,3.3461,3.3331333333333335,321.0833333333333,152.96753666666666
2022-06-04 06:00:00,3.421266666666667,3.4115333333333333,322.99666666666667,225.933415
2022-06-04 07:00:00,3.4781833333333334,3.46915,322.3816666666667,247.84366166666666
2022-06-04 08:00:00,3.4548666666666668,3.465883333333333,324.01500000000004,376.7548566666666
2022-06-04 09:00:00,3.3934166666666665,3.390916666666667,244.86333333333332,380.556875
2022-06-04 10:00:00,3.27505,3.2673166666666664,231.13166666666666,349.2965266666667
2022-06-04 11:00:00,3.2044166666666665,3.1929833333333333,232.16666666666666,328.13720333333333
2022-06-04 12:00:00,3.1245,3.1152,232.27333333333334,321.7412933333333
2022-06-04 13:00:00,3.02675,3.0225333333333335,233.745,395.0103433333333
2022-06-04 14:00:00,2.9210833333333333,2.91675,234.425,343.33109833333333
2022-06-04 15:00:00,2.834566666666667,2.8309,237.77333333333334,358.01091
2022-06-04 16:00:00,2.73005,2.7287833333333333,235.12333333333333,361.61176166666667
2022-06-04 17:00:00,2.6461333333333332,2.6430333333333333,233.81666666666666,324.644115
2022-06-04 18:00:00,2.5860166666666666,2.58065,235.77,282.9856416666667
2022-06-04 19:00:00,2.5493666666666663,2.5424833333333337,234.38333333333333,309.54996166666666
2022-06-04 20:00:00,2.4682166666666663,2.4677000000000002,235.21666666666667,312.3323283333333
2022-06-04 21:00:00,2.417466666666667,2.421966666666667,301.47833333333335,298.359485
2022-06-04 22:00:00,2.439316666666667,2.477,424.84833333333336,301.06562
2022-06-04 23:00:00,2.4912666666666667,2.489116666666667,298.47999999999996,293.1691166666667
2022-06-05 00:00:00,2.4983166666666667,2.4861,297.03,252.03937
2022-06-05 01:00:00,2.536916666666667,2.51945,295.1666666666667,209.42272499999999
2022-06-05 02:00:00,2.5898833333333333,2.5701166666666664,297.2066666666667,199.60687833333336
2022-06-05 03:00:00,2.6347333333333336,2.616616666666667,298.4,219.39036666666667
2022-06-05 04:00:00,2.6912666666666665,2.6706999999999996,300.4316666666667,177.23359833333333
2022-06-05 05:00:00,2.850916666666667,2.8260833333333335,597.235,143.08464
2022-06-05 06:00:00,3.190316666666667,3.1785,727.3916666666667,183.25731499999998
2022-06-05 07:00:00,3.4025666666666665,3.3665833333333333,294.2583333333333,239.89287000000002
2022-06-05 08:00:00,3.3919,3.350016666666667,257.275,291.587175
2022-06-05 09:00:00,3.3266,3.2858666666666663,254.73166666666665,368.257365
2022-06-05 10:00:00,3.21835,3.1866833333333333,312.7933333333333,417.2916716666667
2022-06-05 11:00:00,3.1926,3.23075,500.1766666666666,346.50936
2022-06-05 12:00:00,3.29435,3.3017666666666665,438.11333333333334,308.5049716666666
2022-06-05 13:00:00,3.3880833333333333,3.3509,379.92333333333335,248.33180166666668
2022-06-05 14:00:00,3.4128499999999997,3.392233333333333,245.66833333333335,248.71735166666667
2022-06-05 15:00:00,3.389733333333333,3.3740333333333337,244.92666666666668,259.73646333333335
2022-06-05 16:00:00,3.3331500000000003,3.3238833333333333,241.56833333333333,328.55032666666665
2022-06-05 17:00:00,3.272883333333333,3.2624666666666666,244.43333333333334,297.7925016666667
2022-06-05 18:00:00,3.2435833333333335,3.2310166666666666,246.38333333333333,275.0846833333333
2022-06-05 19:00:00,3.1854999999999998,3.1784666666666666,240.48,321.92620999999997
2022-06-05 20:00:00,3.1206166666666664,3.1041499999999997,176.665,317.9475916666667
2022-06-05 21:00:00,2.9823999999999997,2.9518833333333334,113.39333333333335,332.3830066666667
2022-06-05 22:00:00,2.8238666666666665,2.7862500000000003,204.35833333333332,385.03134166666666
2022-06-05 23:00:00,2.7664,2.6914333333333333,357.3433333333333,384.00989833333335
2022-06-06 00:00:00,2.768866666666667,2.7047833333333333,359.51500000000004,280.1601816666667
2022-06-06 01:00:00,2.816533333333333,2.7571833333333333,353.155,233.01556333333335
2022-06-06 02:00:00,2.89845,2.8437,350.21500000000003,197.773725
2022-06-06 03:00:00,2.9932666666666665,2.9432166666666664,399.15833333333336,184.01608833333333
2022-06-06 04:00:00,3.14645,3.1001833333333333,396.51,179.38171
2022-06-06 05:00:00,3.2605333333333335,3.2101666666666664,363.87797101449274,182.91849333333332
2022-06-06 06:00:00,3.5261333333333336,3.504566666666667,366.75202898550725,176.72017833333334
2022-06-06 07:00:00,3.613383333333333,3.60455,343.4866666666667,239.411415
2022-06-06 08:00:00,3.6477333333333335,3.63265,278.2033333333333,269.45065166666666
2022-06-06 09:00:00,3.6261,3.6124500000000004,271.90333333333336,289.6722633333333
2022-06-06 10:00:00,3.584966666666667,3.5762666666666667,270.90833333333336,362.08923
2022-06-06 11:00:00,3.489316666666667,3.4865500000000003,273.92333333333335,359.91083333333336
2022-06-06 12:00:00,3.443366666666667,3.4343999999999997,279.06,313.6415183333333
2022-06-06 13:00:00,3.392866666666667,3.3885,281.385,369.8683316666667
2022-06-06 14:00:00,3.2746833333333334,3.2809833333333334,281.46500000000003,458.683595
2022-06-06 15:00:00,3.1712166666666666,3.173216666666667,282.8066666666667,355.04654666666664
2022-06-06 16:00:00,3.11585,3.1146499999999997,275.375,369.522425
2022-06-06 17:00:00,3.0450333333333335,3.041433333333333,267.48333333333335,340.2568116666667
2022-06-06 18:00:00,2.96605,2.966333333333333,268.02833333333336,356.3960583333334
2022-06-06 19:00:00,2.9206166666666666,2.91995,299.3883333333333,311.6354
2022-06-06 20:00:00,2.8979500000000002,2.9114,331.315,376.85804666666667
2022-06-06 21:00:00,2.8343333333333334,2.8536,333.18,373.86841333333336
2022-06-06 22:00:00,2.822483333333333,2.8325166666666663,332.775,291.866475
2022-06-06 23:00:00,2.8613833333333334,2.8645,337.23499999999996,272.5969
2022-06-07 00:00:00,2.8571833333333334,2.8658333333333332,356.37833333333333,314.35297166666663
2022-06-07 01:00:00,2.9611666666666663,2.9443833333333336,425.5433333333333,201.12513833333333
2022-06-07 02:00:00,3.1062000000000003,3.0862333333333334,425.815,192.30894
2022-06-07 03:00:00,3.2487166666666667,3.226316666666667,424.495,191.63179499999998
2022-06-07 04:00:00,3.4116500000000003,3.3830999999999998,419.1766666666666,135.04840833333333
2022-06-07 05:00:00,3.5835333333333335,3.5542666666666665,413.3566666666667,158.61982166666667
2022-06-07 06:00:00,3.7091,3.6856333333333335,375.045,263.60219166666667
2022-06-07 07:00:00,3.6889499999999997,3.6763166666666667,275.88,351.63505499999997
2022-06-07 08:00:00,3.5753666666666666,3.5553000000000003,185.68666666666667,434.81739166666665
2022-06-07 09:00:00,3.4093500000000003,3.3741833333333333,146.71,348.29233
2022-06-07 10:00:00,3.259183333333333,3.225983333333333,146.78166666666667,356.8639966666667
2022-06-07 11:00:00,3.1279666666666666,3.09345,147.70666666666665,288.1845216666667
2022-06-07 12:00:00,3.0334333333333334,3.0005666666666664,147.1,257.25820833333336
2022-06-07 13:00:00,2.9867333333333335,2.8793333333333333,133.69166666666666,266.67554666666666
2022-06-07 14:00:00,3.1132333333333335,2.5359666666666665,116.28833333333334,255.92795333333333
2022-06-07 15:00:00,3.2649666666666666,2.1684166666666664,116.69,284.2618366666667
2022-06-07 16:00:00,3.416116666666667,1.79785,115.55333333333333,271.7089966666667
2022-06-07 17:00:00,3.5661833333333335,1.38325,115.24499999999999,308.048485
2022-06-07 18:00:00,3.7154000000000003,2.3031,115.02333333333333,314.81028499999996
2022-06-07 19:00:00,3.8617333333333335,3.062,104.79833333333333,310.42647833333336
2022-06-07 20:00:00,3.7981833333333332,3.062,69.095,362.36588333333333
2022-06-07 21:00:00,3.3849500000000003,3.062,71.50833333333334,388.32549
2022-06-07 22:00:00,2.9599666666666664,3.062,107.22,340.75477500000005
2022-06-07 23:00:00,2.735383333333333,3.062,216.84666666666666,318.41713
2022-06-08 00:00:00,2.6233999999999997,3.062,245.61,254.01022333333333
2022-06-08 01:00:00,2.658466666666667,3.062,295.75,217.077935
2022-06-08 02:00:00,2.7853833333333333,3.062,295.06666666666666,166.275145
2022-06-08 03:00:00,2.953033333333333,3.062,298.49666666666667,156.830795
2022-06-08 04:00:00,3.163,3.062,368.06666666666666,151.08219833333334
2022-06-08 05:00:00,3.4750333333333336,3.062,389.925,141.77090833333332
2022-06-08 06:00:00,3.7432166666666666,3.062,318.48333333333335,200.68306833333332
2022-06-08 07:00:00,3.6924333333333332,3.062,221.68833333333333,348.30220833333334
2022-06-08 08:00:00,3.4019333333333335,3.062,249.66666666666666,463.33162833333336
2022-06-08 09:00:00,3.347066666666667,3.062,484.39500000000004,309.60392666666667
2022-06-08 10:00:00,3.49785,3.062,341.31166666666667,296.393555
2022-06-08 11:00:00,3.525716666666667,3.062,335.14166666666665,286.61807500000003
2022-06-08 12:00:00,3.5814333333333335,3.062,335.7133333333333,281.44048833333335
2022-06-08 13:00:00,3.6241333333333334,3.062,332.2366666666667,294.67720833333334
2022-06-08 14:00:00,3.6003833333333333,3.062,328.695,344.44346666666667
2022-06-08 15:00:00,3.553833333333333,3.062,330.68833333333333,374.88247333333334
2022-06-08 16:00:00,3.479116666666667,3.062,329.06,326.66398166666664
2022-06-08 17:00:00,3.4821166666666667,3.062,324.165,302.58935333333335
2022-06-08 18:00:00,3.470766666666667,3.062,327.5066666666667,324.45336000000003
2022-06-08 19:00:00,3.4536000000000002,3.062,328.45,323.83399833333334
2022-06-08 20:00:00,3.3504333333333336,3.062,214.44,344.29746166666666
2022-06-08 21:00:00,3.1284833333333335,3.062,216.52833333333334,350.0119616666667
2022-06-08 22:00:00,2.964716666666667,3.062,214.36833333333334,329.43944
2022-06-08 23:00:00,2.806433333333333,3.062,226.74833333333333,273.39317
2022-06-09 00:00:00,2.7811186440677966,3.062,233.81694915254238,217.30125084745765
2022-06-09 01:00:00,2.79935,3.062,235.36666666666667,199.15103333333334
2022-06-09 02:00:00,2.84285,3.062,235.80166666666668,181.78014166666665
2022-06-09 03:00:00,2.9118,3.062,235.14833333333334,169.33326666666665
2022-06-09 04:00:00,2.9890333333333334,3.062,237.4633333333333,162.70769666666666
2022-06-09 05:00:00,3.0924166666666664,3.062,236.89166666666668,144.290735
2022-06-09 06:00:00,3.1849833333333333,3.062,340.9533333333333,285.2290733333333
2022-06-09 07:00:00,3.1638,3.062,386.8933333333333,443.06692666666663
2022-06-09 08:00:00,3.0796833333333336,3.062,384.2366666666667,353.9967766666667
2022-06-09 09:00:00,3.1184833333333333,3.062,384.47166666666664,347.19514333333336
2022-06-09 10:00:00,3.123183333333333,3.062,383.62,358.580785
2022-06-09 11:00:00,3.1264,3.062,386.2866666666667,365.446675
2022-06-09 12:00:00,3.162916666666667,3.062,387.47333333333336,334.67017833333335
2022-06-09 13:00:00,3.149016666666667,3.062,387.865,386.05881500000004
2022-06-09 14:00:00,3.1814166666666663,3.062,313.49833333333333,282.5004183333333
2022-06-09 15:00:00,3.0982666666666665,3.062,287.2416666666667,366.75989500000003
2022-06-09 16:00:00,2.9927333333333332,3.062,300.64666666666665,333.8117066666666
2022-06-09 17:00:00,2.9933833333333335,3.062,325.1933333333333,256.087295
2022-06-09 18:00:00,2.9771833333333335,3.062,361.85333333333335,292.2902583333333
2022-06-09 19:00:00,2.84675,3.062,319.52666666666664,370.96911833333337
2022-06-09 20:00:00,2.5400833333333335,3.062,535.41,342.6180316666667
2022-06-09 21:00:00,2.2075166666666663,1.3514833333333334,532.5483333333334,356.735685
2022-06-09 22:00:00,1.8522333333333334,1.7881,528.2166666666667,357.15223833333334
2022-06-09 23:00:00,1.8869333333333331,1.9349833333333335,528.2783333333333,352.55700666666667
2022-06-10 00:00:00,2.02855,2.0591666666666666,522.7233333333334,261.86367333333334
2022-06-10 01:00:00,2.2022,2.2245166666666667,523.09,236.16670000000002
2022-06-10 02:00:00,2.4070666666666667,2.4270666666666667,531.48,170.89715833333332
2022-06-10 03:00:00,2.6433833333333334,2.65755,534.985,160.582945
2022-06-10 04:00:00,2.8632666666666666,2.8732333333333333,531.6716666666666,203.07052666666667
2022-06-10 05:00:00,3.0759,3.08135,531.3166666666667,179.40441
2022-06-10 06:00:00,3.2986,3.30315,520.2283333333334,202.85285333333334
2022-06-10 07:00:00,3.4318999999999997,3.4498166666666665,516.43,383.4070183333333
2022-06-10 08:00:00,3.44545,3.4461,339.60166666666663,391.48640166666667
2022-06-10 09:00:00,3.3792666666666666,3.3609166666666668,212.44333333333333,306.27479000000005
2022-06-10 10:00:00,3.3358,3.3153,244.92833333333334,271.61699000000004
2022-06-10 11:00:00,3.2999666666666667,3.2852666666666663,255.395,293.64196499999997
2022-06-10 12:00:00,3.249483333333333,3.23625,255.74833333333333,311.8481333333333
2022-06-10 13:00:00,3.2059833333333336,3.19345,255.98666666666668,320.33452166666666
2022-06-10 14:00:00,3.1390499999999997,3.128216666666667,253.35666666666665,328.68197
2022-06-10 15:00:00,3.0726,3.0638833333333335,259.72999999999996,322.319645
2022-06-10 16:00:00,3.00535,2.9980166666666666,258.87166666666667,363.722815
2022-06-10 17:00:00,2.9125333333333336,2.9105,261.55333333333334,381.9894333333333
2022-06-10 18:00:00,2.855933333333333,2.8468500000000003,262.76166666666666,282.23325666666665
2022-06-10 19:00:00,2.8209500000000003,2.8128499999999996,260.695,322.02666666666664
2022-06-10 20:00:00,2.7504666666666666,2.7485333333333335,259.545,364.77742
2022-06-10 21:00:00,2.6757833333333334,2.6710333333333334,259.05,304.06581833333337
2022-06-10 22:00:00,2.6740333333333335,2.653116666666667,329.39666666666665,271.7816183333333
2022-06-10 23:00:00,2.7228,2.6892666666666667,353.14833333333337,292.4918533333333
2022-06-11 00:00:00,2.767233333333333,2.7348500000000002,355.42,215.38533
2022-06-11 01:00:00,2.8591333333333333,2.824383333333333,358.64166666666665,194.82847166666667
2022-06-11 02:00:00,2.9604166666666667,2.9244166666666667,355.5516666666666,197.68670166666666
2022-06-11 03:00:00,3.0423166666666663,3.0045,354.885,225.68458166666667
2022-06-11 04:00:00,3.1144499999999997,3.0753500000000003,357.7066666666667,239.66289
2022-06-11 05:00:00,3.1871500000000004,3.147383333333333,356.2916666666667,214.723955
2022-06-11 06:00:00,3.2735833333333333,3.2327,356.14833333333337,197.914885
2022-06-11 07:00:00,3.3531,3.3182666666666667,313.9133333333333,248.91382666666667
2022-06-11 08:00:00,3.2836,3.2694166666666664,258.4616666666667,403.8130433333333
2022-06-11 09:00:00,3.2104,3.192133333333333,245.095,292.8326333333333
2022-06-11 10:00:00,3.14115,3.1269,244.28166666666667,389.75583666666665
2022-06-11 11:00:00,3.0350666666666664,3.021183333333333,247.895,334.5811966666667
2022-06-11 12:00:00,2.9861,2.968033333333333,248.43333333333334,296.77429666666666
2022-06-11 13:00:00,2.9181,2.903966666666667,249.75166666666667,372.37124
2022-06-11 14:00:00,2.8177499999999998,2.8067166666666665,250.70666666666665,352.70405666666665
2022-06-11 15:00:00,2.748816666666667,2.7374333333333336,255.30833333333334,333.4160983333333
2022-06-11 16:00:00,2.67255,2.6652833333333334,257.625,342.24913166666664
2022-06-11 17:00:00,2.60375,2.59435,260.24666666666667,349.8508566666667
2022-06-11 18:00:00,2.5393666666666665,2.5309666666666666,259.00166666666667,311.0645416666667
2022-06-11 19:00:00,2.4949999999999997,2.4885499999999996,310.82166666666666,317.42593833333336
2022-06-11 20:00:00,2.5937666666666668,2.652933333333333,699.8266666666666,340.49498
2022-06-11 21:00:00,2.735983333333333,2.715233333333333,375.8883333333333,327.02682999999996
2022-06-11 22:00:00,2.7811166666666667,2.745966666666667,374.505,274.240205
2022-06-11 23:00:00,2.8293166666666667,2.7945166666666665,376.0466666666667,266.0733266666667
2022-06-12 00:00:00,2.9121,2.8755333333333337,373.8366666666667,220.24349833333332
2022-06-12 01:00:00,2.9996,2.9630333333333336,377.425,226.88908
2022-06-12 02:00:00,3.0906833333333332,3.052416666666667,378.8233333333334,234.82529166666666
2022-06-12 03:00:00,3.1891499999999997,3.1502666666666665,373.925,179.06338499999998
2022-06-12 04:00:00,3.3167833333333334,3.274383333333333,371.68833333333333,146.620475
2022-06-12 05:00:00,3.4715333333333334,3.4259333333333335,355.49,158.46220666666667
2022-06-12 06:00:00,3.5972999999999997,3.5480500000000004,394.005,170.36048333333335
2022-06-12 07:00:00,3.7005833333333333,3.6749500000000004,387.0316666666667,267.69622
2022-06-12 08:00:00,3.6877666666666666,3.6780833333333334,291.25,364.3996016666667
2022-06-12 09:00:00,3.6274333333333333,3.611283333333333,268.38666666666666,330.0461433333333
2022-06-12 10:00:00,3.69025,3.6116666666666664,604.87,370.559775
2022-06-12 11:00:00,3.7856,3.7043833333333334,421.38666666666666,440.30296999999996
2022-06-12 12:00:00,3.6630666666666665,3.645883333333333,265.215,371.0542316666667
2022-06-12 13:00:00,3.5950333333333333,3.575683333333333,259.7683333333333,344.18226500000003
2022-06-12 14:00:00,3.5454833333333338,3.5233166666666667,261.6,271.89104000000003
2022-06-12 15:00:00,3.5169333333333332,3.4957166666666666,262.515,311.973655
2022-06-12 16:00:00,3.472,3.452183333333333,268.99,322.58036333333337
2022-06-12 17:00:00,3.3893,3.3766166666666666,262.73333333333335,365.986545
2022-06-12 18:00:00,3.32485,3.30985,259.92833333333334,341.622185
2022-06-12 19:00:00,3.2495,3.2360166666666665,262.85333333333335,347.2861966666667
2022-06-12 20:00:00,3.1843833333333333,3.17245,265.735,372.3378216666667
2022-06-12 21:00:00,3.030266666666667,3.0322833333333334,259.60499999999996,509.973015
2022-06-12 22:00:00,2.90865,2.901933333333333,261.59333333333336,335.2803216666667
2022-06-12 23:00:00,2.877283333333333,2.86695,310.5133333333333,281.85332666666665
2022-06-13 00:00:00,2.909966666666667,2.9056166666666665,355.1333333333333,258.54738166666664
2022-06-13 01:00:00,2.97305,2.9639666666666664,353.72166666666664,217.77565833333335
2022-06-13 02:00:00,3.0645000000000002,3.0504333333333333,354.9266666666666,194.53405
2022-06-13 03:00:00,3.1773666666666665,3.156966666666667,351.315,149.943115
2022-06-13 04:00:00,3.3143499999999997,3.292933333333333,354.5316666666667,123.04448833333332
2022-06-13 05:00:00,3.4337333333333335,3.4144833333333335,351.445,206.4969
2022-06-13 06:00:00,3.5225666666666666,3.5014,351.92333333333335,197.92252666666667
2022-06-13 07:00:00,3.5618166666666666,3.5551833333333334,352.10833333333335,332.3191766666667
2022-06-13 08:00:00,3.5228166666666665,3.5258166666666666,354.615,409.32316833333334
2022-06-13 09:00:00,3.4770166666666666,3.4654000000000003,237.075,302.90442666666667
2022-06-13 10:00:00,3.42045,3.435416666666667,291.99666666666667,351.09651
2022-06-13 11:00:00,3.3404833333333332,3.3384833333333335,203.33666666666667,331.8560933333334
2022-06-13 12:00:00,3.2342333333333335,3.238116666666667,209.11833333333334,384.5410966666667
2022-06-13 13:00:00,3.0538000000000003,3.0707333333333335,173.51666666666668,418.74896
2022-06-13 14:00:00,2.69165,3.1599999999999997,184.63,334.7704216666667
2022-06-13 15:00:00,2.3067,3.2491833333333333,106.00333333333333,348.55282
2022-06-13 16:00:00,2.2338333333333336,2.960383333333333,92.83166666666666,357.37625833333334
2022-06-13 17:00:00,1.76955,3.06745,92.86833333333334,320.47362833333335
2022-06-13 18:00:00,1.3348166666666665,3.1819166666666665,91.41333333333334,310.58073666666667
2022-06-13 19:00:00,2.5335000000000005,3.29545,91.57,316.11149
2022-06-13 20:00:00,3.071,3.409783333333333,91.64666666666668,338.116705
2022-06-13 21:00:00,3.071,3.2643666666666666,90.84333333333333,353.64541833333334
2022-06-13 22:00:00,3.071,2.9412833333333332,120.61166666666666,319.30768
2022-06-13 23:00:00,3.071,2.760166666666666,229.17000000000002,265.12055
2022-06-14 00:00:00,3.071,2.7082166666666665,230.19166666666666,267.37385166666667
2022-06-14 01:00:00,3.071,2.6355500000000003,229.52333333333334,246.75097833333334
2022-06-14 02:00:00,3.071,2.60735,229.98,231.371775
2022-06-14 03:00:00,3.071,2.5848333333333335,228.61166666666668,223.93109166666667
2022-06-14 04:00:00,3.071,2.6804,366.2,147.26776166666664
2022-06-14 05:00:00,3.071,3.0277499999999997,443.325,174.18458
2022-06-14 06:00:00,3.071,3.310566666666667,431.1633333333333,224.76283
2022-06-14 07:00:00,3.071,3.4505,389.3016666666666,385.063805
2022-06-14 08:00:00,3.071,3.3489333333333335,311.4683333333333,349.8060033333333
2022-06-14 09:00:00,3.071,3.347983333333333,310.75333333333333,266.1560866666667
2022-06-14 10:00:00,3.071,3.3562000000000003,312.35833333333335,296.6431983333333
2022-06-14 11:00:00,3.071,3.3929833333333335,313.07666666666665,248.08958166666667
2022-06-14 12:00:00,3.071,3.443166666666667,314.76,270.58449833333333
2022-06-14 13:00:00,3.071,3.4659666666666666,235.83666666666667,263.55219166666666
2022-06-14 14:00:00,3.071,3.3022666666666667,149.92166666666665,283.83663
2022-06-14 15:00:00,3.071,3.0982833333333333,149.9,298.1095033333333
2022-06-14 16:00:00,3.071,2.8637333333333337,149.49166666666667,337.7213816666666
2022-06-14 17:00:00,3.071,2.5455666666666668,150.08666666666667,365.26130666666666
2022-06-14 18:00:00,3.071,2.287783333333333,164.84333333333333,315.8355916666667
2022-06-14 19:00:00,3.071,2.0894500000000003,341.5816666666667,434.8659883333333
2022-06-14 20:00:00,3.071,1.9658666666666667,338.7066666666667,387.06860500000005
2022-06-14 21:00:00,3.071,1.9116166666666667,338.2066666666667,344.51795500000003
2022-06-14 22:00:00,3.071,1.9158333333333333,341.49666666666667,277.08836499999995
2022-06-14 23:00:00,3.071,2.0962,521.685,261.6785966666667
2022-06-15 00:00:00,3.071,2.2969166666666667,298.09000000000003,226.22921833333334
2022-06-15 01:00:00,3.071,2.40965,301.22333333333336,180.11668833333334
2022-06-15 02:00:00,3.071,2.55955,300.6116666666667,165.9516133333333
2022-06-15 03:00:00,3.071,2.72325,301.00166666666667,165.18093333333334
2022-06-15 04:00:00,3.071,2.8588999999999998,302.01500000000004,188.68887166666667
2022-06-15 05:00:00,3.071,3.0294833333333333,303.12333333333333,140.805675
2022-06-15 06:00:00,3.071,3.209683333333333,313.665,193.34429833333334
2022-06-15 07:00:00,3.071,3.25855,306.48833333333334,328.89998166666663
2022-06-15 08:00:00,3.071,3.1266333333333334,306.89500000000004,404.79954166666664
2022-06-15 09:00:00,3.071,3.0012666666666665,306.59166666666664,367.9197966666667
2022-06-15 10:00:00,3.071,2.9066166666666664,304.7433333333333,349.31716666666665
2022-06-15 11:00:00,3.071,2.8158833333333333,305.475,341.81491833333337
2022-06-15 12:00:00,3.071,2.7039166666666667,318.60999999999996,377.3201933333333
2022-06-15 13:00:00,3.071,2.74515,477.845,333.72441333333336
2022-06-15 14:00:00,3.071,2.94165,479.5,275.65639166666665
2022-06-15 15:00:00,3.071,3.0726500000000003,431.6116666666667,232.42779000000002
2022-06-15 16:00:00,3.071,2.9633,338.1,297.89378
2022-06-15 17:00:00,3.071,2.7123833333333334,433.17333333333335,301.60164499999996
2022-06-15 18:00:00,1.3938833333333334,2.5347,464.6766666666666,260.4373166666667
2022-06-15 19:00:00,1.5426166666666667,2.3995666666666664,517.7466666666667,348.3109433333333
2022-06-15 20:00:00,1.9935166666666668,2.0753,440.055,327.16223833333333
2022-06-15 21:00:00,2.1114166666666665,2.0952166666666665,437.3833333333333,332.3120866666667
2022-06-15 22:00:00,2.1427666666666667,2.1284666666666667,434.14000000000004,391.1773533333333
2022-06-15 23:00:00,2.1609333333333334,2.1450666666666667,440.0933333333333,353.3112516666667
2022-06-16 00:00:00,2.228666666666667,2.2146833333333333,430.915,292.144405
2022-06-16 01:00:00,2.3167833333333334,2.3030166666666667,423.9933333333333,252.13244833333334
2022-06-16 02:00:00,2.4352500000000004,2.4164000000000003,421.005,209.382995
2022-06-16 03:00:00,2.5756666666666663,2.5538666666666665,420.32666666666665,175.57210166666667
2022-06-16 04:00:00,2.740616666666667,2.7140666666666666,425.21500000000003,157.44843166666666
2022-06-16 05:00:00,2.9592,2.93385,453.53516129032255,145.70846
2022-06-16 06:00:00,3.36835,3.3511,541.1765053763442,203.67754666666667
2022-06-16 07:00:00,3.5014166666666666,3.5042833333333334,424.175,360.61040333333335
2022-06-16 08:00:00,3.485466666666667,3.4585999999999997,312.755,366.701935
2022-06-16 09:00:00,3.44345,3.414733333333333,303.18,327.71487666666667
2022-06-16 10:00:00,3.431,3.4068166666666664,274.03,276.8650666666666
2022-06-16 11:00:00,3.3866,3.3682166666666666,266.5783333333333,327.66855000000004
2022-06-16 12:00:00,3.355116666666667,3.3341,266.59333333333336,265.24966666666666
2022-06-16 13:00:00,3.3432000000000004,3.322866666666667,266.285,290.47841666666665
2022-06-16 14:00:00,3.30145,3.2830166666666667,266.8566666666667,296.3259716666667
2022-06-16 15:00:00,3.2726166666666665,3.2550499999999998,271.915,311.1885733333333
2022-06-16 16:00:00,3.1882333333333337,3.178533333333333,267.22,425.444825
2022-06-16 17:00:00,3.0810000000000004,3.0713500000000002,266.49833333333333,363.91882333333336
2022-06-16 18:00:00,3.0090833333333333,2.9970333333333334,263.19,340.26623166666667
2022-06-16 19:00:00,2.9539666666666666,2.9404666666666666,261.76,328.8404983333333
2022-06-16 20:00:00,2.9046833333333333,2.8916833333333334,262.29833333333335,313.7309266666667
2022-06-16 21:00:00,2.847466666666667,2.8413166666666667,297.8233333333334,351.36977
2022-06-16 22:00:00,2.8011166666666667,2.7832999999999997,260.37166666666667,319.0516766666667
2022-06-16 23:00:00,2.7604166666666665,2.741833333333333,262.90833333333336,298.38122333333337
2022-06-17 00:00:00,2.7438000000000002,2.7224166666666667,264.54,223.31261333333333
2022-06-17 01:00:00,2.7730666666666663,2.7500166666666668,259.8933333333333,188.99455833333334
2022-06-17 02:00:00,2.8183000000000002,2.7935166666666666,263.56166666666667,170.97185
2022-06-17 03:00:00,2.8708666666666667,2.84475,265.15,185.53245833333332
2022-06-17 04:00:00,2.9040000000000004,2.8798666666666666,266.675,202.32943166666666
2022-06-17 05:00:00,3.0314666666666668,2.9940833333333337,589.3766666666667,197.89356
2022-06-17 06:00:00,3.3340666666666667,3.310016666666667,645.527,258.72959000000003
2022-06-17 07:00:00,3.58015,3.5650666666666666,414.2896666666667,486.0172983333333
2022-06-17 08:00:00,3.4568,3.420466666666667,225.70833333333334,400.1839516666667
2022-06-17 09:00:00,3.36165,3.3304666666666667,264.7733333333333,314.9656766666667
2022-06-17 10:00:00,3.3345166666666666,3.3089333333333335,284.22833333333335,301.88824
2022-06-17 11:00:00,3.3003666666666667,3.2760499999999997,285.46666666666664,317.08667833333334
2022-06-17 12:00:00,3.2756333333333334,3.2506166666666667,284.5433333333333,306.58136833333333
2022-06-17 13:00:00,3.2500166666666668,3.2239833333333334,283.625,274.83846166666666
2022-06-17 14:00:00,3.2560166666666666,3.2290333333333336,284.82166666666666,252.60583666666668
2022-06-17 15:00:00,3.253816666666667,3.2271,286.10833333333335,286.56867666666665
2022-06-17 16:00:00,3.217616666666667,3.1940000000000004,284.68333333333334,336.00735999999995
2022-06-17 17:00:00,3.19315,3.1672166666666666,283.49666666666667,288.09051
2022-06-17 18:00:00,3.1599833333333334,3.1369666666666665,283.97166666666664,324.18662666666665
2022-06-17 19:00:00,3.098783333333333,3.0766833333333334,280.82,404.74490833333334
2022-06-17 20:00:00,2.9818,2.9641666666666664,281.52666666666664,401.9309866666666
2022-06-17 21:00:00,2.905133333333333,2.8885333333333336,284.65166666666664,373.64714166666664
2022-06-17 22:00:00,2.826416666666667,2.8108833333333334,286.97,395.91643833333336
2022-06-17 23:00:00,2.7888666666666664,2.7525666666666666,390.4816666666667,313.14663666666667
2022-06-18 00:00:00,2.87075,2.814833333333333,366.43666666666667,231.57117000000002
2022-06-18 01:00:00,2.95705,2.8997,366.4216666666667,208.00543666666667
2022-06-18 02:00:00,3.055633333333333,2.9997333333333334,366.12166666666667,191.83808
2022-06-18 03:00:00,3.165233333333333,3.1082666666666667,366.6166666666667,182.49914500000003
2022-06-18 04:00:00,3.275183333333333,3.215616666666667,371.8616666666667,191.741895
2022-06-18 05:00:00,3.3985833333333333,3.3418833333333335,373.065,153.479005
2022-06-18 06:00:00,3.5132666666666665,3.4497666666666666,372.49666666666667,219.813065
2022-06-18 07:00:00,3.5865,3.5198833333333335,361.0883333333333,264.698535
2022-06-18 08:00:00,3.575816666666667,3.5414499999999998,285.385,353.07982499999997
2022-06-18 09:00:00,3.500183333333333,3.47065,285.6766666666666,361.65932499999997
2022-06-18 10:00:00,3.4193333333333333,3.3925,286.03,374.76301666666666
2022-06-18 11:00:00,3.3413166666666667,3.3154666666666666,288.72999999999996,396.1575033333333
2022-06-18 12:00:00,3.2729500000000002,3.2472333333333334,288.9266666666666,369.98180333333335
2022-06-18 13:00:00,3.1979333333333333,3.171866666666667,285.87166666666667,363.667315
2022-06-18 14:00:00,3.1298833333333334,3.1038666666666668,288.3,360.76875
2022-06-18 15:00:00,3.06715,3.0422333333333333,286.21500000000003,363.0103766666667
2022-06-18 16:00:00,2.9926666666666666,2.9705999999999997,285.2133333333333,371.775555
2022-06-18 17:00:00,2.9497833333333334,2.925883333333333,287.09000000000003,293.0425466666667
2022-06-18 18:00:00,2.940833333333333,2.913483333333333,286.19666666666666,279.8785416666667
2022-06-18 19:00:00,2.9236999999999997,2.8967,296.06166666666667,331.50275500000004
2022-06-18 20:00:00,2.8842833333333333,2.8649,338.10499999999996,344.08925166666666
2022-06-18 21:00:00,2.8858333333333333,2.8634,337.56333333333333,306.6072716666667
2022-06-18 22:00:00,2.8644166666666666,2.84565,337.0816666666667,361.94461666666666
2022-06-18 23:00:00,2.8674166666666667,2.8455999999999997,337.1183333333333,266.6681233333333
2022-06-19 00:00:00,2.9101833333333333,2.8873166666666665,335.4066666666667,258.8823516666667
2022-06-19 01:00:00,2.9482333333333335,2.9244166666666667,337.6683333333333,253.164345
2022-06-19 02:00:00,2.9996500000000004,2.9740166666666665,339.39500000000004,232.79156
2022-06-19 03:00:00,3.06315,3.035283333333333,338.37833333333333,220.4992083333333
2022-06-19 04:00:00,3.1508333333333334,3.1193833333333334,339.23333333333335,154.09150833333334
2022-06-19 05:00:00,3.2713666666666668,3.2374333333333336,338.9166666666667,154.62145
2022-06-19 06:00:00,3.3638333333333335,3.3424,426.1983333333334,230.851475
2022-06-19 07:00:00,3.50955,3.49725,454.74833333333333,240.04923166666669
2022-06-19 08:00:00,3.5499666666666667,3.53255,277.4183333333333,294.96406
2022-06-19 09:00:00,3.5207166666666665,3.504633333333333,279.43333333333334,325.43108
2022-06-19 10:00:00,3.455966666666667,3.4446999999999997,274.5133333333333,350.34645
2022-06-19 11:00:00,3.400183333333333,3.3876333333333335,277.42833333333334,319.8961483333333
2022-06-19 12:00:00,3.3426666666666667,3.3345833333333332,279.37,393.6832383333333
2022-06-19 13:00:00,3.2390666666666665,3.235583333333333,280.295,392.2974116666667
2022-06-19 14:00:00,3.1554333333333333,3.1487666666666665,279.10333333333335,362.3545183333334
2022-06-19 15:00:00,3.0961333333333334,3.0881,281.70166666666665,352.5291466666667
2022-06-19 16:00:00,3.0450500000000003,3.0361333333333334,282.0,331.326885
2022-06-19 17:00:00,2.9929666666666668,2.985,281.04,338.2765116666667
2022-06-19 18:00:00,2.9076833333333334,2.9079166666666665,279.8183333333333,412.7527616666667
2022-06-19 19:00:00,2.8575,2.84795,280.385,289.38533333333334
2022-06-19 20:00:00,2.8022833333333335,2.8143000000000002,333.77166666666665,396.308935
2022-06-19 21:00:00,2.7769833333333334,2.7947833333333336,356.3383333333333,331.047655
2022-06-19 22:00:00,2.763933333333333,2.7884,353.8333333333333,393.482975
2022-06-19 23:00:00,2.7271833333333335,2.7459,350.9866666666667,317.15839500000004
2022-06-20 00:00:00,2.7802833333333337,2.783783333333333,350.5733333333334,240.87639
2022-06-20 01:00:00,2.84715,2.8467166666666666,353.87333333333333,218.11468833333336
2022-06-20 02:00:00,2.9447166666666664,2.9388666666666667,356.67333333333335,180.982335
2022-06-20 03:00:00,3.0566000000000004,3.0490166666666667,354.75,162.51528666666667
2022-06-20 04:00:00,3.1848,3.174516666666667,354.545,136.60580333333334
2022-06-20 05:00:00,3.31535,3.3051166666666663,356.02833333333336,172.36479833333334
2022-06-20 06:00:00,3.386016666666667,3.384916666666667,353.1383333333333,299.55284166666667
2022-06-20 07:00:00,3.3333166666666667,3.356666666666667,353.64500000000004,440.30738
2022-06-20 08:00:00,3.28145,3.3017666666666665,355.12166666666667,391.50906000000003
2022-06-20 09:00:00,3.231666666666667,3.2471666666666668,303.5783333333333,407.489345
2022-06-20 10:00:00,3.1227333333333336,3.1078666666666668,201.47,386.1402583333333
2022-06-20 11:00:00,3.007166666666667,2.9882,202.025,302.74930333333333
2022-06-20 12:00:00,2.9520833333333334,2.93145,203.18666666666667,260.9649933333333
2022-06-20 13:00:00,2.8866333333333336,2.86935,217.65833333333333,305.42526833333335
2022-06-20 14:00:00,2.79445,2.7864833333333334,284.85999999999996,388.02065500000003
2022-06-20 15:00:00,2.7650333333333332,2.7475,295.62833333333333,276.15425500000003
2022-06-20 16:00:00,2.7568166666666665,2.737983333333333,295.45,305.26749
2022-06-20 17:00:00,2.7512,2.7318,296.3683333333333,289.2971116666667
2022-06-20 18:00:00,2.704,2.69225,296.2633333333333,385.5065583333333
2022-06-20 19:00:00,2.6297,2.6156,320.705,372.56169500000004
2022-06-20 20:00:00,2.6058666666666666,2.577716666666667,366.32666666666665,422.15700166666664
2022-06-20 21:00:00,2.5328666666666666,2.507433333333333,372.175,410.52354333333335
2022-06-20 22:00:00,2.535083333333333,2.50085,402.1616666666667,349.8042566666666
2022-06-20 23:00:00,2.55705,2.5220666666666665,401.06666666666666,327.17421
2022-06-21 00:00:00,2.61885,2.5871666666666666,418.44166666666666,261.2116066666667
2022-06-21 01:00:00,2.7175166666666666,2.7129333333333334,442.3833333333333,240.09559666666667
2022-06-21 02:00:00,2.8532,2.84385,446.62166666666667,192.80583833333333
2022-06-21 03:00:00,3.0242166666666668,3.00975,447.3383333333333,180.55633666666665
2022-06-21 04:00:00,3.1748833333333333,3.14515,341.22,150.91517666666667
2022-06-21 05:00:00,3.288,3.2500833333333334,316.03,148.88426333333334
2022-06-21 06:00:00,3.3634666666666666,3.3285,318.2883333333333,242.25758
2022-06-21 07:00:00,3.3527,3.3242166666666666,317.0433333333333,387.05299833333333
2022-06-21 08:00:00,3.2886499999999996,3.2601333333333335,319.25333333333333,363.8967416666666
2022-06-21 09:00:00,3.2510499999999998,3.2256500000000004,296.82166666666666,327.03393166666666
2022-06-21 10:00:00,3.1870166666666666,3.169766666666667,282.9183333333333,354.58446833333335
2022-06-21 11:00:00,3.1588333333333334,3.137183333333333,282.01166666666666,277.07093
2022-06-21 12:00:00,3.145366666666667,3.1252666666666666,283.435,321.34890333333334
2022-06-21 13:00:00,3.0794,3.06425,283.7566666666667,361.53074166666664
2022-06-21 14:00:00,3.0240666666666667,3.0070333333333332,282.04833333333335,323.6269183333333
2022-06-21 15:00:00,2.9532000000000003,2.9378666666666664,284.35,420.31043166666666
2022-06-21 16:00:00,2.88545,2.8648499999999997,283.8883333333333,303.2911433333333
2022-06-21 17:00:00,2.8666,2.8485333333333336,282.88,305.29218000000003
2022-06-21 18:00:00,2.8114666666666666,2.7985333333333333,283.5133333333333,357.8867583333333
2022-06-21 19:00:00,2.7575333333333334,2.7427166666666665,283.12666666666667,316.0822716666667
2022-06-21 20:00:00,2.7192999999999996,2.7064000000000004,282.615,363.55928666666665
2022-06-21 21:00:00,2.6379666666666663,2.6444666666666667,359.755,388.97019
2022-06-21 22:00:00,2.6431666666666667,2.645766666666667,372.6383333333333,300.89917499999996
2022-06-21 23:00:00,2.6860333333333335,2.6855166666666666,363.87833333333333,290.489715
2022-06-22 00:00:00,2.71435,2.7144333333333335,367.30333333333334,301.61704833333334
2022-06-22 01:00:00,2.7558000000000002,2.751233333333333,368.6316666666667,276.42927
2022-06-22 02:00:00,2.8130499999999996,2.806033333333333,372.955,255.86390166666666
2022-06-22 03:00:00,2.9121,2.8956666666666666,373.4633333333333,170.91999166666668
2022-06-22 04:00:00,3.0428,3.0212999999999997,367.8333333333333,154.650345
2022-06-22 05:00:00,3.191866666666667,3.1645499999999998,439.08,156.14926166666666
2022-06-22 06:00:00,3.4699,3.4341333333333335,661.6283333333333,230.19491333333332
2022-06-22 07:00:00,3.5993333333333335,3.5878500000000004,433.68,467.720865
2022-06-22 08:00:00,3.4955333333333334,3.4445333333333332,271.5183333333333,412.22056333333336
2022-06-22 09:00:00,3.4387833333333333,3.3869666666666665,270.9316666666667,279.0340833333333
2022-06-22 10:00:00,3.425816666666667,3.374816666666667,270.35333333333335,292.3493016666667
2022-06-22 11:00:00,3.3812,3.33075,272.29,326.63838666666663
2022-06-22 12:00:00,3.3377666666666665,3.286983333333333,273.555,293.74956333333336
2022-06-22 13:00:00,3.3089333333333335,3.258766666666667,270.7316666666667,351.1521033333333
2022-06-22 14:00:00,3.213783333333333,3.162383333333333,271.2366666666667,372.72962333333334
2022-06-22 15:00:00,3.1517166666666667,3.1012666666666666,274.03499999999997,328.04890166666667
2022-06-22 16:00:00,3.0984,3.04915,275.25333333333333,354.10900000000004
2022-06-22 17:00:00,3.023233333333333,2.9738666666666664,267.8516666666667,341.1989966666667
2022-06-22 18:00:00,2.97665,2.9288833333333333,266.87166666666667,323.30174999999997
2022-06-22 19:00:00,2.8923166666666664,2.844333333333333,269.0866666666667,412.53118333333333
2022-06-22 20:00:00,2.780066666666667,2.733883333333333,267.735,401.28869166666664
2022-06-22 21:00:00,2.6626833333333333,2.6201833333333338,269.86833333333334,408.618045
2022-06-22 22:00:00,2.6073833333333334,2.564,281.93333333333334,299.762875
2022-06-22 23:00:00,2.5894833333333334,2.54755,280.3183333333333,264.87493
2022-06-23 00:00:00,2.5878333333333337,2.545466666666667,283.90999999999997,293.8695783333333
2022-06-23 01:00:00,2.575483333333333,2.5336833333333333,285.65999999999997,260.03062166666666
2022-06-23 02:00:00,2.588916666666667,2.547683333333333,284.29,225.97979666666666
2022-06-23 03:00:00,2.6486,2.6230666666666664,408.8016666666666,233.44651833333333
2022-06-23 04:00:00,2.78175,2.75485,419.1933333333333,155.111365
2022-06-23 05:00:00,3.0031499999999998,2.9718333333333335,443.2824054982818,154.07690333333332
2022-06-23 06:00:00,3.528566666666667,3.4950833333333335,612.1201030927836,229.14703
2022-06-23 07:00:00,3.88785,3.86885,432.4941580756014,371.58395
2022-06-23 08:00:00,3.8661833333333333,3.827433333333333,284.815,289.80531833333333
2022-06-23 09:00:00,3.8587,3.8116833333333333,286.27166666666665,291.20984166666665
2022-06-23 10:00:00,3.81815,3.78255,286.475,369.1265716666667
2022-06-23 11:00:00,3.7325500000000003,3.7018,285.8183333333333,321.95806166666665
2022-06-23 12:00:00,3.7308000000000003,3.6883833333333333,246.64833333333334,261.5843116666667
2022-06-23 13:00:00,3.6707666666666667,3.623816666666667,209.7866666666667,339.89772
2022-06-23 14:00:00,3.5652166666666667,3.5212999999999997,204.31833333333333,326.3054566666667
2022-06-23 15:00:00,3.4684833333333334,3.42535,206.78333333333333,348.72285
2022-06-23 16:00:00,3.34475,3.3056166666666664,205.15166666666667,373.74647166666665
2022-06-23 17:00:00,3.241133333333333,3.202316666666667,204.92666666666668,313.55845166666666
2022-06-23 18:00:00,3.172633333333333,3.1495333333333333,286.2583333333333,303.91343333333333
2022-06-23 19:00:00,3.11185,3.1131499999999996,315.5466666666667,401.74974333333336
2022-06-23 20:00:00,3.079016666666667,3.0693166666666665,313.77833333333336,297.1331583333333
2022-06-23 21:00:00,3.0622666666666665,3.0557166666666666,317.325,365.800725
2022-06-23 22:00:00,3.0159833333333332,3.0109833333333333,318.6333333333333,319.52866166666666
2022-06-23 23:00:00,3.02325,3.0125333333333333,324.1983333333334,291.177845
2022-06-24 00:00:00,3.0320833333333335,3.0208500000000003,326.60833333333335,261.78923000000003
2022-06-24 01:00:00,3.0760333333333336,3.0620499999999997,323.4816666666667,255.12242999999998
2022-06-24 02:00:00,3.1087333333333333,3.0949666666666666,324.37666666666667,236.406225
2022-06-24 03:00:00,3.1680333333333333,3.1474333333333333,322.7933333333333,212.39034666666666
2022-06-24 04:00:00,3.2228833333333333,3.1996666666666664,319.005,225.453725
2022-06-24 05:00:00,3.29665,3.2645166666666667,319.87,167.79233000000002
2022-06-24 06:00:00,3.435566666666667,3.37775,441.98583333333335,209.72024833333333
2022-06-24 07:00:00,3.5701666666666667,3.5687833333333336,447.9166666666667,311.28000499999996
2022-06-24 08:00:00,3.6085,3.6121333333333334,382.65333333333336,351.92106500000006
2022-06-24 09:00:00,3.605166666666667,3.5730333333333335,282.4933333333333,309.0642716666667
2022-06-24 10:00:00,3.5797666666666665,3.5426,283.82666666666665,298.4715766666667
2022-06-24 11:00:00,3.563683333333333,3.5255666666666667,284.02333333333337,277.47782166666667
2022-06-24 12:00:00,3.5578999999999996,3.5196833333333335,286.22666666666663,290.82867999999996
2022-06-24 13:00:00,3.5279499999999997,3.4929666666666668,285.01,312.6107733333334
2022-06-24 14:00:00,3.491116666666667,3.4561333333333333,285.27333333333337,321.907795
2022-06-24 15:00:00,3.4459,3.4116666666666666,285.56166666666667,325.46881833333333
2022-06-24 16:00:00,3.4022666666666668,3.36865,285.045,325.66619833333334
2022-06-24 17:00:00,3.33405,3.3055166666666667,285.025,430.37543833333336
2022-06-24 18:00:00,3.2140333333333335,3.188216666666667,284.9216666666667,390.35489333333334
2022-06-24 19:00:00,3.14575,3.1194333333333333,284.225,359.47206666666665
2022-06-24 20:00:00,3.0872333333333333,3.062,282.01,333.04726833333336
2022-06-24 21:00:00,3.084216666666667,3.043266666666667,338.76,291.46662333333336
2022-06-24 22:00:00,3.0754,3.0319,335.6766666666666,362.384725
2022-06-24 23:00:00,3.0795000000000003,3.035616666666667,334.88666666666666,268.66299
2022-06-25 00:00:00,3.1137,3.0685333333333333,338.27166666666665,263.48263833333334
2022-06-25 01:00:00,3.157883333333333,3.1105333333333336,340.39000000000004,240.562025
2022-06-25 02:00:00,3.2293499999999997,3.1801666666666666,338.07,187.41712833333335
2022-06-25 03:00:00,3.3284666666666665,3.27685,341.28333333333336,169.86318
2022-06-25 04:00:00,3.4339500000000003,3.3807666666666667,342.0066666666667,172.31491333333332
2022-06-25 05:00:00,3.5437,3.488383333333333,343.09666666666664,150.00309333333334
2022-06-25 06:00:00,3.6807166666666666,3.6123833333333333,433.9816666666667,214.38451
2022-06-25 07:00:00,3.7282,3.6846666666666668,255.86833333333334,275.5455666666667
2022-06-25 08:00:00,3.6553166666666663,3.6156833333333336,249.76666666666668,367.02990666666665
2022-06-25 09:00:00,3.5330833333333334,3.497316666666667,250.32333333333332,456.41938166666665
2022-06-25 10:00:00,3.3969333333333336,3.3628333333333336,249.49833333333333,376.8869616666667
2022-06-25 11:00:00,3.2948833333333334,3.2617,249.63833333333332,386.7362166666666
2022-06-25 12:00:00,3.1762333333333332,3.1477,248.50833333333333,384.92477833333334
2022-06-25 13:00:00,3.1002333333333336,3.068233333333333,250.28166666666667,315.47089166666666
2022-06-25 14:00:00,3.0534833333333333,3.0225666666666666,251.12833333333336,307.89602666666667
2022-06-25 15:00:00,2.9645,2.935,253.11166666666668,374.857175
2022-06-25 16:00:00,2.9012666666666664,2.8691000000000004,251.39833333333334,291.079395
2022-06-25 17:00:00,2.8750666666666667,2.8457999999999997,250.49833333333333,265.9731683333333
2022-06-25 18:00:00,2.8154,2.790233333333333,249.645,366.92143166666665
2022-06-25 19:00:00,2.7481500000000003,2.7213,251.69333333333333,296.094825
2022-06-25 20:00:00,2.693433333333333,2.6679833333333334,250.96833333333333,338.74870333333337
2022-06-25 21:00:00,2.5866,2.565733333333333,249.96166666666667,408.10881666666666
2022-06-25 22:00:00,2.4895,2.469266666666667,250.59166666666667,328.7312566666667
2022-06-25 23:00:00,2.4694999999999996,2.4751666666666665,396.5733333333334,299.53688166666666
2022-06-26 00:00:00,2.5300000000000002,2.536983333333333,407.40333333333336,278.52210833333334
2022-06-26 01:00:00,2.616433333333333,2.616816666666667,408.37,264.68565333333333
2022-06-26 02:00:00,2.7044,2.7026833333333333,409.59166666666664,223.17999166666667
2022-06-26 03:00:00,2.8434166666666667,2.8311166666666665,409.54833333333335,176.74211166666666
2022-06-26 04:00:00,2.9959833333333337,2.981866666666667,409.5933333333333,148.106565
2022-06-26 05:00:00,3.1611833333333332,3.143733333333333,410.75166666666667,161.84880166666665
2022-06-26 06:00:00,3.3000166666666666,3.2843999999999998,399.20166666666665,201.48209333333335
2022-06-26 07:00:00,3.39155,3.3609500000000003,303.06,206.26661666666666
2022-06-26 08:00:00,3.4154666666666667,3.3888666666666665,304.02833333333336,277.7485566666667
2022-06-26 09:00:00,3.3816166666666665,3.362216666666667,297.14833333333337,369.65263
2022-06-26 10:00:00,3.354316666666667,3.330366666666667,297.73833333333334,273.6078816666667
2022-06-26 11:00:00,3.345466666666667,3.324316666666667,297.92333333333335,336.174885
2022-06-26 12:00:00,3.296183333333333,3.2779666666666665,300.9216666666667,348.529635
2022-06-26 13:00:00,3.24205,3.2259333333333333,304.1933333333333,344.99851666666666
2022-06-26 14:00:00,3.1968,3.1825166666666664,302.245,382.70352333333335
2022-06-26 15:00:00,3.1257499999999996,3.1130333333333335,301.12666666666667,374.3453166666667
2022-06-26 16:00:00,3.064016666666667,3.0509333333333335,303.8883333333333,355.06172
2022-06-26 17:00:00,3.0180833333333337,3.00415,299.02166666666665,357.6500083333333
2022-06-26 18:00:00,2.96875,2.9554833333333335,300.18,347.5073366666667
2022-06-26 19:00:00,2.9018,2.8912166666666668,298.095,397.27948000000004
2022-06-26 20:00:00,2.8309166666666665,2.8175666666666666,323.595,358.33410333333336
2022-06-26 21:00:00,2.808466666666667,2.7916000000000003,334.8283333333333,342.29066166666667
2022-06-26 22:00:00,2.7726666666666664,2.7763166666666668,354.79833333333335,383.39178499999997
2022-06-26 23:00:00,2.7692666666666668,2.7650333333333332,357.97333333333336,276.1161
2022-06-27 00:00:00,2.854833333333333,2.837816666666667,378.0516666666666,207.13555666666667
2022-06-27 01:00:00,2.9495500000000003,2.93515,379.6633333333333,237.02206166666667
2022-06-27 02:00:00,3.0339666666666667,3.0172166666666667,379.51500000000004,223.39495666666664
2022-06-27 03:00:00,3.1327833333333337,3.1125833333333333,380.18666666666667,209.38323333333335
2022-06-27 04:00:00,3.2518499999999997,3.2256666666666667,378.1933333333333,152.59921666666665
2022-06-27 05:00:00,3.4055666666666666,3.3752333333333335,383.295,140.71583666666666
2022-06-27 06:00:00,3.52195,3.497983333333333,381.89500000000004,268.88867666666664
2022-06-27 07:00:00,3.53915,3.5245499999999996,380.14000000000004,340.3837383333333
2022-06-27 08:00:00,3.5318166666666664,3.5161666666666664,283.35833333333335,330.23411666666664
2022-06-27 09:00:00,3.4297666666666666,3.424983333333333,273.46666666666664,411.86289
2022-06-27 10:00:00,3.3659833333333333,3.3550166666666663,275.685,333.00719166666664
2022-06-27 11:00:00,3.3306,3.316533333333333,276.93,282.1689416666667
2022-06-27 12:00:00,3.3125,3.2988,276.93666666666667,301.86343
2022-06-27 13:00:00,3.2554666666666665,3.248283333333333,274.10833333333335,358.7264783333333
2022-06-27 14:00:00,3.1945166666666664,3.1872166666666666,276.7583333333333,331.8414333333333
2022-06-27 15:00:00,3.1415166666666665,3.1340500000000002,276.13666666666666,327.53740833333336
2022-06-27 16:00:00,3.1088833333333334,3.0997500000000002,275.39500000000004,295.84698166666664
2022-06-27 17:00:00,3.0404666666666667,3.040433333333333,273.53333333333336,418.8260466666667
2022-06-27 18:00:00,2.9625333333333335,2.9568166666666666,272.1116666666667,308.5048733333333
2022-06-27 19:00:00,2.9223833333333333,2.9169166666666664,275.01,320.44262999999995
2022-06-27 20:00:00,2.8615500000000003,2.8615333333333335,276.40333333333336,352.87172166666664
2022-06-27 21:00:00,2.77395,2.7794833333333333,274.27166666666665,419.48154
2022-06-27 22:00:00,2.6948833333333337,2.685416666666667,364.6616666666667,374.2278783333333
2022-06-27 23:00:00,2.7433833333333335,2.7220999999999997,381.23333333333335,243.986835
2022-06-28 00:00:00,2.8209166666666667,2.7990166666666667,379.57666666666665,258.35135833333334
2022-06-28 01:00:00,2.88525,2.8630666666666666,379.88,253.86390666666665
2022-06-28 02:00:00,2.9672833333333335,2.9425666666666666,381.815,228.34978333333336
2022-06-28 03:00:00,3.0613333333333332,3.033866666666667,380.87166666666667,219.87938166666666
2022-06-28 04:00:00,3.1776166666666668,3.14485,380.14000000000004,151.73691166666669
2022-06-28 05:00:00,3.3268166666666668,3.2922000000000002,381.40999999999997,145.85212166666668
2022-06-28 06:00:00,3.4551166666666666,3.421133333333333,383.2866666666667,226.27533666666668
2022-06-28 07:00:00,3.497333333333333,3.4707999999999997,389.38,347.11107999999996
2022-06-28 08:00:00,3.4883499999999996,3.4635333333333334,385.40333333333336,380.60333166666663
2022-06-28 09:00:00,3.5075,3.4783833333333334,387.09000000000003,287.30205166666667
2022-06-28 10:00:00,3.5776499999999998,3.54495,389.33,266.82883
2022-06-28 11:00:00,3.612816666666667,3.5654666666666666,249.35666666666665,280.0551133333333
2022-06-28 12:00:00,3.552133333333333,3.4943166666666667,207.59,297.81358
2022-06-28 13:00:00,3.4648333333333334,3.4078666666666666,208.69833333333332,351.8119633333333
2022-06-28 14:00:00,3.3437166666666664,3.2903333333333333,240.29,366.33464833333335
2022-06-28 15:00:00,3.2795,3.23665,267.06666666666666,314.32061
2022-06-28 16:00:00,3.2258,3.183133333333333,259.4533333333333,343.78519500000004
2022-06-28 17:00:00,3.136683333333333,3.0932166666666663,265.59,369.0588333333333
2022-06-28 18:00:00,3.0618166666666666,3.0209333333333332,266.3833333333333,354.94174833333335
2022-06-28 19:00:00,2.9905833333333334,2.9500499999999996,266.41,349.90401333333335
2022-06-28 20:00:00,2.91175,2.8729999999999998,266.47833333333335,389.82459666666665
2022-06-28 21:00:00,2.8153833333333336,2.7779833333333332,265.62,358.5580616666667
2022-06-28 22:00:00,2.758766666666667,2.7149833333333335,298.9316666666667,338.23222999999996
2022-06-28 23:00:00,2.734366666666667,2.6898833333333334,296.42333333333335,276.3649033333333
2022-06-29 00:00:00,2.7503499999999996,2.7085333333333335,305.2116666666667,256.59999166666665
2022-06-29 01:00:00,2.7765666666666666,2.7338666666666667,315.28,242.37034833333334
2022-06-29 02:00:00,2.8120833333333333,2.771533333333333,317.0383333333333,229.7639683333333
2022-06-29 03:00:00,2.8718,2.828516666666667,317.31,225.44683500000002
2022-06-29 04:00:00,2.9192166666666663,2.8763,317.09833333333336,204.423555
2022-06-29 05:00:00,2.99915,2.9576,314.1383333333333,158.6921066666667
2022-06-29 06:00:00,3.228333333333333,3.1831166666666664,437.5516666666666,219.50771500000002
2022-06-29 07:00:00,3.3477333333333332,3.2984500000000003,235.07999999999998,370.85778666666664
2022-06-29 08:00:00,3.2269,3.1802166666666665,234.315,343.26031666666665
2022-06-29 09:00:00,3.1805833333333333,3.1555166666666663,315.34833333333336,300.0174733333333
2022-06-29 10:00:00,3.148683333333333,3.1353500000000003,321.14000000000004,339.99691
2022-06-29 11:00:00,3.146066666666667,3.12905,319.8333333333333,282.0763783333333
2022-06-29 12:00:00,3.16395,3.1450666666666667,310.04833333333335,272.2195633333333
2022-06-29 13:00:00,3.1715500000000003,3.152,312.4066666666667,285.86555500000003
2022-06-29 14:00:00,3.1677833333333334,3.150516666666667,316.99,311.42280833333336
2022-06-29 15:00:00,3.1239,3.112083333333333,311.69666666666666,398.383225
2022-06-29 16:00:00,3.0602333333333336,3.0497,317.725,345.89224333333334
2022-06-29 17:00:00,3.033466666666667,3.0204166666666667,317.14000000000004,358.3766683333333
2022-06-29 18:00:00,2.9844,2.9727333333333332,314.17833333333334,372.15981666666664
2022-06-29 19:00:00,2.9095333333333335,2.9029000000000003,311.9633333333333,386.51426333333336
2022-06-29 20:00:00,2.8807833333333335,2.86795,310.7366666666667,325.67473
2022-06-29 21:00:00,2.8180833333333335,2.810783333333333,307.79,384.41721333333334
2022-06-29 22:00:00,2.783866666666667,2.7714833333333333,309.11333333333334,296.96387500000003
2022-06-29 23:00:00,2.804333333333333,2.7882166666666666,312.6166666666667,242.96003333333334
2022-06-30 00:00:00,2.832866666666667,2.8176,316.57666666666665,264.44715833333333
2022-06-30 01:00:00,2.8782666666666668,2.8576166666666665,316.5416666666667,196.361895
2022-06-30 02:00:00,2.952833333333333,2.9305166666666667,317.2683333333333,183.86557
2022-06-30 03:00:00,3.036083333333333,3.0105999999999997,318.59833333333336,174.23564
2022-06-30 04:00:00,3.12305,3.0963333333333334,320.14833333333337,173.31420166666666
2022-06-30 05:00:00,3.24555,3.2002666666666664,490.0366666666667,174.222375
2022-06-30 06:00:00,3.51955,3.4387833333333333,656.2900000000001,261.0634116666667
2022-06-30 07:00:00,3.706566666666667,3.6221,562.6800000000001,449.41980500000005
2022-06-30 08:00:00,3.6609333333333334,3.6075833333333334,443.9,446.684325
2022-06-30 09:00:00,3.6167833333333332,3.5903833333333335,254.64,320.21338166666663
2022-06-30 10:00:00,3.5681166666666666,3.541333333333333,250.67166666666665,301.26410666666663
2022-06-30 11:00:00,3.4976333333333334,3.4759666666666664,252.62166666666664,345.49775500000004
2022-06-30 12:00:00,3.4532000000000003,3.4263,251.38166666666666,271.53296
2022-06-30 13:00:00,3.417866666666667,3.393133333333333,251.06833333333333,299.2013983333334
2022-06-30 14:00:00,3.3811666666666667,3.355233333333333,250.11333333333332,275.700115
2022-06-30 15:00:00,3.33425,3.3125500000000003,251.85166666666666,293.91082166666666
2022-06-30 16:00:00,3.3054666666666668,3.2828999999999997,252.2866666666667,293.6453783333333
2022-06-30 17:00:00,3.2523666666666666,3.2304666666666666,246.27166666666665,300.6124566666667
2022-06-30 18:00:00,3.20485,3.183666666666667,245.4633333333333,296.66698833333334
2022-06-30 19:00:00,3.1287666666666665,3.11385,245.00833333333333,406.0980766666667
2022-06-30 20:00:00,2.9866666666666664,2.9771833333333335,244.29,434.14221
2022-06-30 21:00:00,2.8361500000000004,2.82955,245.97,428.19549
2022-06-30 22:00:00,2.7573,2.737816666666667,373.6933333333333,364.89295000000004
2022-06-30 23:00:00,2.7933499999999998,2.75875,418.84166666666664,312.1185133333333
2022-07-01 00:00:00,2.872316666666667,2.8371333333333335,419.6433333333333,254.22025
2022-07-01 01:00:00,2.9757333333333333,2.9394666666666667,421.955,231.5720016666667
2022-07-01 02:00:00,3.107766666666667,3.0687,425.19166666666666,190.0936966666667
2022-07-01 03:00:00,3.2554166666666666,3.2152833333333333,425.055,179.74490666666668
2022-07-01 04:00:00,3.4166666666666665,3.3729333333333336,428.98833333333334,152.83939216666667
2022-07-01 05:00:00,3.5889499999999996,3.5425166666666663,427.26666666666665,177.62288833333332
2022-07-01 06:00:00,3.7275666666666667,3.679733333333333,427.365,241.70424
2022-07-01 07:00:00,3.7361666666666666,3.7040833333333336,318.555,374.59983666666665
2022-07-01 08:00:00,3.688016666666667,3.6599333333333335,320.72166666666664,349.04860333333335
2022-07-01 09:00:00,3.6721500000000002,3.641366666666667,310.4616666666667,293.08756166666666
2022-07-01 10:00:00,3.6509333333333336,3.62895,273.4933333333333,318.67808499999995
2022-07-01 11:00:00,3.5964666666666667,3.5782666666666665,273.47833333333335,329.466645
2022-07-01 12:00:00,3.5141333333333336,3.5039333333333333,272.4433333333333,423.73646333333335
2022-07-01 13:00:00,3.4147833333333333,3.4020333333333332,273.47833333333335,351.32758
2022-07-01 14:00:00,3.35615,3.342016666666667,274.42,328.40715166666666
2022-07-01 15:00:00,3.3075166666666664,3.2936166666666664,278.435,340.42051833333335
2022-07-01 16:00:00,3.2531666666666665,3.2397833333333335,275.135,326.7923333333334
2022-07-01 17:00:00,3.1995833333333334,3.1867333333333336,276.5383333333333,312.214035
2022-07-01 18:00:00,3.179533333333333,3.163683333333333,275.37,312.2760183333333
2022-07-01 19:00:00,3.0993666666666666,3.0936000000000003,275.4,395.2444666666667
2022-07-01 20:00:00,3.0348666666666664,3.0239166666666666,292.63666666666666,299.73032
2022-07-01 21:00:00,3.0330166666666667,3.0416166666666666,349.04,309.109535
2022-07-01 22:00:00,3.0246666666666666,3.040633333333333,349.40833333333336,356.50078666666667
2022-07-01 23:00:00,3.014616666666667,3.0246166666666667,343.2083333333333,303.88802166666665
2022-07-02 00:00:00,3.024916666666667,3.0362666666666667,343.93333333333334,332.78371
2022-07-02 01:00:00,3.033983333333333,3.0382166666666666,342.845,267.487705
2022-07-02 02:00:00,3.0850500000000003,3.085266666666667,344.15,249.569465
2022-07-02 03:00:00,3.14445,3.14065,346.1166666666667,206.33217000000002
2022-07-02 04:00:00,3.24545,3.236616666666667,347.255,179.08444
2022-07-02 05:00:00,3.3601666666666667,3.3482,345.67833333333334,146.60877666666664
2022-07-02 06:00:00,3.4594,3.450483333333333,340.39500000000004,216.92492833333333
2022-07-02 07:00:00,3.4781166666666667,3.4574,237.4116666666667,276.1232233333333
2022-07-02 08:00:00,3.424116666666667,3.4065333333333334,237.465,313.22901333333334
2022-07-02 09:00:00,3.3473333333333333,3.3359,239.535,343.977555
2022-07-02 10:00:00,3.255733333333333,3.24595,240.32999999999998,356.1622683333333
2022-07-02 11:00:00,3.16675,3.1579333333333333,240.16333333333333,362.8453766666667
2022-07-02 12:00:00,3.0566999999999998,3.0495499999999995,239.98333333333332,362.92185666666666
2022-07-02 13:00:00,2.9680833333333334,2.9610166666666666,241.495,362.43134333333336
2022-07-02 14:00:00,2.888383333333333,2.8801166666666664,241.67000000000002,309.61500166666667
2022-07-02 15:00:00,2.8036000000000003,2.80035,240.75166666666667,400.7585133333333
2022-07-02 16:00:00,2.6731,2.6748666666666665,259.7116666666667,396.51259500000003
2022-07-02 17:00:00,2.63425,2.6198333333333332,400.7066666666667,330.0798183333334
2022-07-02 18:00:00,2.6982666666666666,2.6752,399.545,309.26353666666665
2022-07-02 19:00:00,2.7263,2.704333333333333,401.375,313.2431433333333
2022-07-02 20:00:00,2.7962,2.770383333333333,403.1183333333333,273.45105500000005
2022-07-02 21:00:00,2.8459333333333334,2.823266666666667,400.8833333333333,344.0084716666667
2022-07-02 22:00:00,2.8504833333333335,2.8297166666666667,400.60499999999996,356.23811666666666
2022-07-02 23:00:00,2.899083333333333,2.874216666666667,396.39000000000004,266.22591166666666
2022-07-03 00:00:00,2.98355,2.9534833333333332,394.01500000000004,237.96784833333334
2022-07-03 01:00:00,3.0881333333333334,3.055,387.82,195.40481166666666
2022-07-03 02:00:00,3.190183333333333,3.1571333333333333,384.22666666666663,226.84924666666666
2022-07-03 03:00:00,3.301083333333333,3.26565,385.27833333333336,199.13298666666665
2022-07-03 04:00:00,3.40385,3.3690333333333333,342.545,189.74239500000002
2022-07-03 05:00:00,3.4433166666666666,3.4126499999999997,265.435,240.69038
2022-07-03 06:00:00,3.4529833333333335,3.420733333333333,269.11833333333334,233.13349166666666
2022-07-03 07:00:00,3.4743500000000003,3.4396,267.87,213.54361500000002
2022-07-03 08:00:00,3.479,3.44685,265.865,267.52378500000003
2022-07-03 09:00:00,3.4207666666666667,3.3958,266.78166666666664,395.21209333333337
2022-07-03 10:00:00,3.3224666666666662,3.299183333333333,267.79833333333335,340.0869566666667
2022-07-03 11:00:00,3.2874166666666667,3.26105,266.555,300.90244
2022-07-03 12:00:00,3.234766666666667,3.2117833333333334,267.1166666666667,320.605585
2022-07-03 13:00:00,3.1811166666666666,3.1583166666666664,270.07,339.6312516666667
2022-07-03 14:00:00,3.1279833333333333,3.10355,268.3366666666667,313.081005
2022-07-03 15:00:00,3.048,3.02875,267.665,411.447495
2022-07-03 16:00:00,2.9681333333333333,2.9478999999999997,267.14,319.6085566666667
2022-07-03 17:00:00,2.909583333333333,2.8886166666666666,264.725,345.115495
2022-07-03 18:00:00,2.8194999999999997,2.8037833333333335,265.2866666666667,380.48000666666667
2022-07-03 19:00:00,2.7502833333333334,2.73205,266.9133333333333,325.11325666666664
2022-07-03 20:00:00,2.67085,2.665383333333333,296.10166666666663,388.2628266666667
2022-07-03 21:00:00,2.6201333333333334,2.607666666666667,309.55333333333334,321.29518333333334
2022-07-03 22:00:00,2.6165833333333333,2.6348833333333332,425.32666666666665,367.20276666666666
2022-07-03 23:00:00,2.6696,2.6786000000000003,427.9933333333333,268.35926666666666
2022-07-04 00:00:00,2.78575,2.7843333333333335,433.1683333333333,226.19330166666666
2022-07-04 01:00:00,2.909566666666667,2.908783333333333,436.5433333333333,240.616635
2022-07-04 02:00:00,3.0490500000000003,3.0391333333333335,436.29,176.64856666666668
2022-07-04 03:00:00,3.2162833333333336,3.2028166666666666,436.14666666666665,160.38297
2022-07-04 04:00:00,3.454016666666667,3.4172833333333332,594.765,132.87838233333335
2022-07-04 05:00:00,3.7743333333333333,3.7234333333333334,635.2183333333334,149.53054666666668
2022-07-04 06:00:00,3.9536333333333333,3.90435,250.36333333333332,297.92660666666666
2022-07-04 07:00:00,3.7873666666666663,3.7634833333333333,207.88500000000002,418.05085333333335
2022-07-04 08:00:00,3.7006666666666663,3.71105,403.55333333333334,344.68577666666664
2022-07-04 09:00:00,3.6765666666666665,3.68095,290.5566666666667,406.90631
2022-07-04 10:00:00,3.585066666666667,3.5858166666666667,290.87833333333333,380.32623500000005
2022-07-04 11:00:00,3.530533333333333,3.5266,282.74666666666667,343.490445
2022-07-04 12:00:00,3.459416666666667,3.4543833333333334,241.9,324.4172566666667
2022-07-04 13:00:00,3.4079333333333333,3.3924666666666665,234.04666666666665,300.2764883333333
2022-07-04 14:00:00,3.3517333333333337,3.337883333333333,235.95833333333334,293.36001000000005
2022-07-04 15:00:00,3.2926833333333336,3.2795,235.20499999999998,289.1920866666667
2022-07-04 16:00:00,3.2458032786885247,3.231655737704918,226.49016393442622,284.33513114754095
2022-07-04 17:00:00,3.19145,3.1811333333333334,235.79333333333335,317.94945666666666
2022-07-04 18:00:00,3.1199333333333334,3.1109,235.26333333333332,305.1159983333334
2022-07-04 19:00:00,3.0336,3.0255666666666667,257.285,380.63567666666665
2022-07-04 20:00:00,2.9796,2.9479333333333333,299.73833333333334,341.84753333333333
2022-07-04 21:00:00,2.9148833333333335,2.8858,301.12166666666667,407.5333566666667
2022-07-04 22:00:00,2.8327833333333334,2.812683333333333,342.07166666666666,379.17335333333335
2022-07-04 23:00:00,2.8276,2.806233333333333,350.8283333333333,318.99571833333334
2022-07-05 00:00:00,2.8294833333333336,2.808783333333333,351.50166666666667,296.5560033333333
2022-07-05 01:00:00,2.8847666666666667,2.860183333333333,348.97,216.53085000000002
2022-07-05 02:00:00,2.982266666666667,2.952366666666667,348.37,167.54415166666666
2022-07-05 03:00:00,3.0969333333333333,3.065116666666667,352.52000000000004,160.33140833333334
2022-07-05 04:00:00,3.2175333333333334,3.1818833333333334,350.2583333333333,145.48931333333334
2022-07-05 05:00:00,3.347383333333333,3.3120166666666666,352.06166666666667,149.91813333333332
2022-07-05 06:00:00,3.4335666666666667,3.403583333333333,352.92333333333335,301.36153
2022-07-05 07:00:00,3.4038,3.3794833333333334,345.6,366.44156000000004
2022-07-05 08:00:00,3.3794,3.3548666666666667,303.05333333333334,305.79907833333334
2022-07-05 09:00:00,3.3319666666666667,3.31235,302.32,396.31825166666664
2022-07-05 10:00:00,3.2918666666666665,3.267233333333333,302.2866666666667,275.314335
2022-07-05 11:00:00,3.2808333333333333,3.25765,302.1166666666667,331.11756833333334
2022-07-05 12:00:00,3.257883333333333,3.2329166666666667,302.6933333333333,318.0719416666667
2022-07-05 13:00:00,3.1971,3.1788833333333333,302.8833333333333,416.21098166666667
2022-07-05 14:00:00,3.11585,3.0956333333333332,301.98333333333335,327.44379000000004
2022-07-05 15:00:00,3.1040666666666668,3.079133333333333,294.065,294.3311166666666
2022-07-05 16:00:00,3.0820166666666666,3.0615333333333337,294.97666666666663,314.0907066666667
2022-07-05 17:00:00,3.0488166666666667,3.028583333333333,296.50166666666667,342.60458166666666
2022-07-05 18:00:00,2.9849166666666664,2.9683166666666665,299.14500000000004,361.63842833333337
2022-07-05 19:00:00,2.9333666666666667,2.9172166666666666,299.82666666666665,353.13368833333334
2022-07-05 20:00:00,2.88425,2.869,298.29,364.44679666666667
2022-07-05 21:00:00,2.81725,2.80305,296.65,371.77575833333333
2022-07-05 22:00:00,2.7683666666666666,2.7529166666666667,300.5366666666667,316.9327666666667
2022-07-05 23:00:00,2.7247500000000002,2.711,325.1116666666667,354.9290266666667
2022-07-06 00:00:00,2.7538666666666667,2.716066666666667,395.9816666666667,295.42573833333336
2022-07-06 01:00:00,2.8179166666666666,2.7798166666666666,397.65166666666664,255.43640833333333
2022-07-06 02:00:00,2.909966666666667,2.8698833333333336,395.49833333333333,233.77223833333335
2022-07-06 03:00:00,3.0258833333333333,2.98355,396.2416666666667,164.85516833333335
2022-07-06 04:00:00,3.17435,3.1308833333333337,397.675,151.79625333333334
2022-07-06 05:00:00,3.332066666666667,3.286216666666667,400.93,152.190115
2022-07-06 06:00:00,3.473383333333333,3.426483333333333,396.15333333333336,198.395085
2022-07-06 07:00:00,3.522366666666666,3.4756833333333335,393.755,396.9729883333333
2022-07-06 08:00:00,3.4968166666666667,3.4499166666666667,395.37666666666667,386.9879
2022-07-06 09:00:00,3.5118,3.4649666666666668,392.385,341.8285716666667
2022-07-06 10:00:00,3.533083333333333,3.482966666666667,337.39500000000004,297.54353833333334
2022-07-06 11:00:00,3.4978166666666666,3.4408499999999997,219.7866666666667,303.837375
2022-07-06 12:00:00,3.4295666666666667,3.3749,220.76833333333335,311.64256
2022-07-06 13:00:00,3.3457166666666667,3.2956,252.6,341.87774333333334
2022-07-06 14:00:00,3.2575833333333337,3.2183,276.1116666666667,400.552055
2022-07-06 15:00:00,3.1734500000000003,3.1350166666666666,276.64500000000004,354.3046816666666
2022-07-06 16:00:00,3.0938333333333334,3.0571833333333336,274.9816666666667,376.225445
2022-07-06 17:00:00,3.0094833333333333,2.9727,274.15833333333336,378.0593866666667
2022-07-06 18:00:00,2.922366666666667,2.8877666666666664,275.01666666666665,392.2882266666667
2022-07-06 19:00:00,2.82105,2.788,273.095,397.3150266666667
2022-07-06 20:00:00,2.7390166666666667,2.7071166666666664,273.35833333333335,331.72167833333333
2022-07-06 21:00:00,2.675,2.644633333333333,284.935,367.89343333333335
2022-07-06 22:00:00,2.6386833333333333,2.63625,433.35999999999996,360.58827
2022-07-06 23:00:00,2.692333333333333,2.6872666666666665,421.67,313.325905
2022-07-07 00:00:00,2.7626,2.7497166666666666,412.74,268.127945
2022-07-07 01:00:00,2.85565,2.8395333333333337,416.4316666666667,240.40358333333333
2022-07-07 02:00:00,2.9707166666666667,2.9505166666666667,418.04,217.084875
2022-07-07 03:00:00,3.1036833333333336,3.0787,416.55333333333334,179.62936
2022-07-07 04:00:00,3.2622833333333334,3.2322166666666665,422.01666666666665,153.23955833333332
2022-07-07 05:00:00,3.4356166666666668,3.4023333333333334,423.975,154.04457833333333
2022-07-07 06:00:00,3.5519666666666665,3.5292000000000003,427.175,307.79420666666664
2022-07-07 07:00:00,3.601116666666667,3.5812999999999997,427.9266666666666,344.90980666666667
2022-07-07 08:00:00,3.5761833333333333,3.5624499999999997,284.045,405.21277000000003
2022-07-07 09:00:00,3.4699166666666668,3.44945,238.88833333333332,335.03405000000004
2022-07-07 10:00:00,3.408066666666667,3.3856166666666665,239.17000000000002,312.7375166666667
2022-07-07 11:00:00,3.3455500000000002,3.323783333333333,239.81166666666667,287.10794
2022-07-07 12:00:00,3.3117500000000004,3.2885166666666668,240.145,276.3843233333333
2022-07-07 13:00:00,3.2404333333333333,3.2230333333333334,240.70166666666668,363.18063
2022-07-07 14:00:00,3.145033333333333,3.1296166666666663,240.71666666666667,352.90635166666664
2022-07-07 15:00:00,3.0364999999999998,3.0248166666666667,239.73166666666665,381.3067766666666
2022-07-07 16:00:00,2.9479333333333333,2.9337166666666668,239.83166666666665,310.4426383333333
2022-07-07 17:00:00,2.8757666666666664,2.8642666666666665,230.73333333333332,359.69218166666667
2022-07-07 18:00:00,2.7691666666666666,2.75955,231.40166666666667,364.170325
2022-07-07 19:00:00,2.6282833333333335,2.627616666666667,233.73833333333332,448.049965
2022-07-07 20:00:00,2.4794666666666667,2.4809833333333335,235.36666666666667,435.666005
2022-07-07 21:00:00,2.3089999999999997,2.3128,233.05166666666668,432.0759533333333
2022-07-07 22:00:00,2.2426666666666666,2.2616,416.7633333333333,320.7006633333333
2022-07-07 23:00:00,2.34395,2.358366666666667,451.51500000000004,235.93343833333333
2022-07-08 00:00:00,2.502616666666667,2.50615,454.6633333333333,184.71387000000001
2022-07-08 01:00:00,2.6567999999999996,2.6598333333333333,454.77333333333337,222.32022833333335
2022-07-08 02:00:00,2.8344666666666667,2.832866666666667,459.795,131.50451333333334
2022-07-08 03:00:00,3.0509166666666667,3.04365,459.0816666666667,113.491415
2022-07-08 04:00:00,3.2645833333333334,3.2563999999999997,459.9216666666667,149.29164333333335
2022-07-08 05:00:00,3.4356333333333335,3.428533333333333,455.77000000000004,193.9600716666667
2022-07-08 06:00:00,3.5915166666666667,3.5822833333333337,454.18833333333333,216.96103
2022-07-08 07:00:00,3.65755,3.6488,314.5683333333333,357.9827066666667
2022-07-08 08:00:00,3.5862333333333334,3.568833333333333,261.56666666666666,341.2799166666666
2022-07-08 09:00:00,3.5117166666666666,3.49535,263.63166666666666,351.90608833333334
2022-07-08 10:00:00,3.45645,3.4361666666666664,265.76166666666666,305.3873683333333
2022-07-08 11:00:00,3.4316833333333334,3.40745,266.94,266.13274333333334
2022-07-08 12:00:00,3.4229833333333333,3.3979,266.75166666666667,260.8509183333333
2022-07-08 13:00:00,3.3903499999999998,3.3700833333333335,264.905,317.69890166666664
2022-07-08 14:00:00,3.34455,3.3248166666666665,265.51,299.937065
2022-07-08 15:00:00,3.29285,3.2754833333333333,261.1616666666667,346.2901033333334
2022-07-08 16:00:00,3.2006,3.1891166666666666,263.57,387.6320266666667
2022-07-08 17:00:00,3.0996333333333337,3.089566666666667,262.90333333333336,395.290795
2022-07-08 18:00:00,2.9801,2.973383333333333,260.13,423.9099366666667
2022-07-08 19:00:00,2.8689999999999998,2.8602,260.2766666666667,370.15242166666667
2022-07-08 20:00:00,2.78485,2.778016666666667,261.8,374.19709500000005
2022-07-08 21:00:00,2.6965166666666667,2.6851166666666666,309.2933333333333,404.201695
2022-07-08 22:00:00,2.6212999999999997,2.603833333333333,322.8,370.30918333333335
2022-07-08 23:00:00,2.6371499999999997,2.6155166666666667,351.1633333333333,246.92212166666667
2022-07-09 00:00:00,2.712186440677966,2.691440677966102,366.42542372881354,204.93589491525424
2022-07-09 01:00:00,2.8257666666666665,2.799916666666667,362.975,186.03906666666668
2022-07-09 02:00:00,2.912783333333333,2.887716666666667,361.84000000000003,194.79262166666666
2022-07-09 03:00:00,3.0462,3.013516666666667,363.02833333333336,130.93714833333334
2022-07-09 04:00:00,3.1922,3.1576333333333335,362.74666666666667,132.96809833333333
2022-07-09 05:00:00,3.3305166666666666,3.2974666666666668,364.87666666666667,147.530205
2022-07-09 06:00:00,3.4565833333333336,3.4222166666666665,348.595,169.51959666666667
2022-07-09 07:00:00,3.527816666666667,3.49935,306.7566666666667,246.63648833333335
2022-07-09 08:00:00,3.4884,3.4773,310.345,397.84626833333334
2022-07-09 09:00:00,3.4281833333333336,3.41525,310.60333333333335,326.38983
2022-07-09 10:00:00,3.4265166666666667,3.4072833333333334,310.5133333333333,314.3360666666667
2022-07-09 11:00:00,3.353283333333333,3.3482333333333334,310.695,428.8159616666666
2022-07-09 12:00:00,3.278316666666667,3.27115,311.905,385.6811383333333
2022-07-09 13:00:00,3.205966666666667,3.1990833333333333,311.12666666666667,366.66128000000003
2022-07-09 14:00:00,3.1747,3.1638499999999996,311.1166666666667,336.92995833333333
2022-07-09 15:00:00,3.125983333333333,3.1185166666666664,311.0383333333333,349.871405
2022-07-09 16:00:00,3.1239833333333333,3.1065666666666667,310.90999999999997,259.23245833333334
2022-07-09 17:00:00,3.150916666666667,3.1317833333333334,313.245,252.14834000000002
2022-07-09 18:00:00,3.1495,3.137783333333333,310.65166666666664,345.317475
2022-07-09 19:00:00,3.083266666666667,3.0779833333333335,312.0433333333333,379.68478166666665
2022-07-09 20:00:00,3.0360500000000004,3.0265,312.11333333333334,351.6768566666667
2022-07-09 21:00:00,2.9847333333333332,2.976783333333333,308.18833333333333,358.02752
2022-07-09 22:00:00,2.965316666666667,2.9508,301.24666666666667,278.51360833333337
2022-07-09 23:00:00,2.9573166666666664,2.9449833333333335,302.06166666666667,323.57178
2022-07-10 00:00:00,2.9215500000000003,2.9113666666666664,302.4633333333333,303.39569666666665
2022-07-10 01:00:00,2.9340166666666665,2.9182833333333336,302.595,257.6806683333333
2022-07-10 02:00:00,2.9578833333333336,2.9404666666666666,304.575,230.54999166666667
2022-07-10 03:00:00,3.00625,2.9838999999999998,304.61333333333334,198.69369
2022-07-10 04:00:00,3.0934833333333334,3.0629,301.055,136.28513666666666
2022-07-10 05:00:00,3.1896666666666667,3.1584833333333333,299.2,148.72339666666667
2022-07-10 06:00:00,3.3013833333333333,3.2863166666666666,479.7633333333333,180.92918999999998
2022-07-10 07:00:00,3.5129499999999996,3.5113,511.545,199.33925833333333
2022-07-10 08:00:00,3.6357500000000003,3.6196166666666665,314.0383333333333,268.45610999999997
2022-07-10 09:00:00,3.5981333333333336,3.574883333333333,248.06166666666667,320.9453633333333
2022-07-10 10:00:00,3.541233333333333,3.5180833333333337,248.09833333333333,304.38460000000003
2022-07-10 11:00:00,3.43275,3.42015,253.93166666666667,446.92244
2022-07-10 12:00:00,3.307533333333333,3.2948,250.75666666666666,365.9506333333333
2022-07-10 13:00:00,3.2424000000000004,3.2242166666666665,249.78333333333333,315.574095
2022-07-10 14:00:00,3.183316666666667,3.1657333333333333,249.39166666666668,338.62373
2022-07-10 15:00:00,3.0606333333333335,3.054483333333333,249.355,409.23458166666666
2022-07-10 16:00:00,2.9759666666666664,2.96385,249.37333333333333,321.2923333333334
2022-07-10 17:00:00,2.9196,2.906966666666667,252.09666666666666,337.37136166666664
2022-07-10 18:00:00,2.8125666666666667,2.807733333333333,248.19833333333332,370.318005
2022-07-10 19:00:00,2.7510833333333333,2.7394000000000003,248.83666666666667,313.9682583333333
2022-07-10 20:00:00,2.674116666666667,2.6678333333333333,248.87666666666667,360.002005
2022-07-10 21:00:00,2.5718,2.5689333333333333,251.62666666666667,385.34100333333333
2022-07-10 22:00:00,2.5167,2.484383333333333,333.085,365.720415
2022-07-10 23:00:00,2.4979,2.4397499999999996,313.74,290.9153
2022-07-11 00:00:00,2.5293,2.4745,314.1316666666667,231.42512666666667
2022-07-11 01:00:00,2.565233333333333,2.5107500000000003,311.64500000000004,235.81281333333334
2022-07-11 02:00:00,2.6084,2.5550166666666665,309.4116666666667,224.24373500000002
2022-07-11 03:00:00,2.6397666666666666,2.58365,310.9166666666667,242.146345
2022-07-11 04:00:00,2.7026833333333333,2.6514499999999996,311.7416666666667,160.55143666666666
2022-07-11 05:00:00,2.9229333333333334,2.8731500000000003,323.0780952380953,154.03484333333333
2022-07-11 06:00:00,3.3161666666666667,3.263916666666667,317.35357142857146,210.26989166666667
2022-07-11 07:00:00,3.3798166666666662,3.3448333333333333,312.62333333333333,306.0354083333333
2022-07-11 08:00:00,3.335166666666667,3.3055333333333334,287.1183333333333,334.09037666666666
2022-07-11 09:00:00,3.315183333333333,3.283733333333333,284.37666666666667,266.48337166666664
2022-07-11 10:00:00,3.308583333333333,3.2782166666666663,287.3316666666667,314.3554833333334
2022-07-11 11:00:00,3.2655833333333333,3.237,286.7183333333333,305.5224583333333
2022-07-11 12:00:00,3.246683333333333,3.217033333333333,285.335,288.63132833333333
2022-07-11 13:00:00,3.2195833333333335,3.190733333333333,284.9266666666666,331.71710333333334
2022-07-11 14:00:00,3.1694833333333334,3.1443833333333333,284.93666666666667,324.1584683333333
2022-07-11 15:00:00,3.1373666666666664,3.1102333333333334,277.55,299.7337083333333
2022-07-11 16:00:00,3.0765000000000002,3.0543666666666667,277.0066666666667,383.0134
2022-07-11 17:00:00,2.9899,2.9694999999999996,276.57,377.87901
2022-07-11 18:00:00,2.9074999999999998,2.88805,278.075,363.46876833333334
2022-07-11 19:00:00,2.822,2.8057833333333333,277.9,383.12543666666664
2022-07-11 20:00:00,2.775116666666667,2.7537333333333334,277.55333333333334,278.35146999999995
2022-07-11 21:00:00,2.7531000000000003,2.7325,274.22166666666664,313.39590166666665
2022-07-11 22:00:00,2.707466666666667,2.6908833333333333,296.5183333333333,326.57788
2022-07-11 23:00:00,2.6905,2.67115,311.77333333333337,282.931665
2022-07-12 00:00:00,2.718566666666667,2.696966666666667,311.52333333333337,231.00445
2022-07-12 01:00:00,2.7638000000000003,2.740666666666667,315.0433333333333,252.399045
2022-07-12 02:00:00,2.7753666666666663,2.7549333333333332,315.98499999999996,254.65650833333333
2022-07-12 03:00:00,2.82045,2.7956999999999996,312.8016666666666,220.94432999999998
2022-07-12 04:00:00,2.8956333333333335,2.8625833333333333,358.02833333333336,203.34971666666667
2022-07-12 05:00:00,2.9932000000000003,2.9595333333333333,344.85166666666663,163.2697
2022-07-12 06:00:00,3.130333333333333,3.0830833333333336,421.30833333333334,199.05438833333335
2022-07-12 07:00:00,3.219066666666667,3.1704,416.5133333333333,352.48060833333335
2022-07-12 08:00:00,3.2005666666666666,3.1584333333333334,373.0783333333333,414.71256
2022-07-12 09:00:00,3.131066666666667,3.115016666666667,288.5466666666667,322.10064500000004
2022-07-12 10:00:00,3.0995833333333334,3.0835333333333335,289.9116666666667,358.99466666666666
2022-07-12 11:00:00,3.0349166666666667,3.0210333333333335,263.39666666666665,294.4020433333333
2022-07-12 12:00:00,3.0031833333333333,2.9887333333333337,229.28833333333333,257.964525
2022-07-12 13:00:00,2.9994333333333336,2.9741333333333335,303.925,259.7966166666667
2022-07-12 14:00:00,3.008283333333333,2.980366666666667,320.97999999999996,311.647625
2022-07-12 15:00:00,2.9794833333333335,2.954,317.3666666666667,362.34083166666665
2022-07-12 16:00:00,2.943033333333333,2.9191333333333334,291.6116666666667,300.3992166666667
2022-07-12 17:00:00,2.9153499999999997,2.8975999999999997,281.205,307.83697166666667
2022-07-12 18:00:00,2.8613333333333335,2.8469333333333333,285.12,358.138275
2022-07-12 19:00:00,2.7660833333333334,2.758383333333333,283.9266666666666,445.42441333333335
2022-07-12 20:00:00,2.6733666666666664,2.6628333333333334,283.0883333333333,347.81154
2022-07-12 21:00:00,2.5806833333333334,2.5753666666666666,280.6683333333333,421.8630383333333
2022-07-12 22:00:00,2.4991666666666665,2.4890333333333334,301.40333333333336,326.7208583333333
2022-07-12 23:00:00,2.5724333333333336,2.52845,444.22666666666663,239.84880333333334
2022-07-13 00:00:00,2.70765,2.66005,443.35333333333335,204.974345
2022-07-13 01:00:00,2.8649,2.81615,450.2366666666667,182.16813833333333
2022-07-13 02:00:00,3.0372166666666667,2.9860166666666665,449.09000000000003,167.2343383333333
2022-07-13 03:00:00,3.2086166666666665,3.15415,450.01666666666665,176.83953333333332
2022-07-13 04:00:00,3.3777,3.3217833333333333,464.67833333333334,189.256065
2022-07-13 05:00:00,3.5508,3.49045,460.67333333333335,223.30872666666667
2022-07-13 06:00:00,3.6494333333333335,3.5870666666666664,428.18333333333334,327.0352916666667
2022-07-13 07:00:00,3.6141833333333335,3.5869833333333334,298.165,381.64335
2022-07-13 08:00:00,3.5549000000000004,3.5288,296.6766666666666,314.37385333333333
2022-07-13 09:00:00,3.5397833333333333,3.511283333333333,297.5,315.00639666666666
2022-07-13 10:00:00,3.5125,3.4847166666666665,297.1983333333334,301.44215499999996
2022-07-13 11:00:00,3.506,3.4761499999999996,291.50166666666667,275.0440933333333
2022-07-13 12:00:00,3.4999833333333332,3.469333333333333,287.82,297.5128383333333
2022-07-13 13:00:00,3.4248333333333334,3.40485,291.2933333333333,407.70815166666665
2022-07-13 14:00:00,3.3753333333333333,3.350283333333333,291.35,287.84010666666666
2022-07-13 15:00:00,3.375583333333333,3.3471833333333336,292.21,275.29243
2022-07-13 16:00:00,3.361866666666667,3.3356166666666667,293.09833333333336,309.64303666666666
2022-07-13 17:00:00,3.3520666666666665,3.3230166666666667,292.62833333333333,261.21005833333334
2022-07-13 18:00:00,3.3398499999999998,3.3141499999999997,291.8016666666666,331.41269666666665
2022-07-13 19:00:00,3.2782666666666667,3.2571833333333333,290.72999999999996,368.223935
2022-07-13 20:00:00,3.193033333333333,3.1755,286.0516666666666,390.86637666666667
2022-07-13 21:00:00,3.1276,3.1074833333333336,290.085,336.55702833333334
2022-07-13 22:00:00,3.0857,3.0647333333333333,287.25333333333333,332.54554666666667
2022-07-13 23:00:00,3.0450833333333334,3.0234,304.7566666666667,307.01808
2022-07-14 00:00:00,3.0437833333333333,3.0294166666666666,275.7866666666667,253.55481166666667
2022-07-14 01:00:00,3.033983333333333,3.0165833333333336,272.3233333333333,279.00414166666667
2022-07-14 02:00:00,3.0423166666666663,3.0227833333333334,287.6566666666667,211.04797833333333
2022-07-14 03:00:00,3.104966666666667,3.07915,288.7183333333333,159.67386
2022-07-14 04:00:00,3.179933333333333,3.151683333333333,279.975,158.80880666666664
2022-07-14 05:00:00,3.2570666666666668,3.2312833333333333,327.755,146.715805
2022-07-14 06:00:00,3.402816666666667,3.419166666666667,496.4483333333334,210.52724166666667
2022-07-14 07:00:00,3.488916666666667,3.52035,418.7433333333333,418.511945
2022-07-14 08:00:00,3.428166666666667,3.4349166666666666,332.70166666666665,376.19733333333335
2022-07-14 09:00:00,3.427833333333333,3.42095,332.825,307.88182500000005
2022-07-14 10:00:00,3.4298333333333333,3.42125,328.23833333333334,294.51447666666667
2022-07-14 11:00:00,3.4508,3.4387,332.96500000000003,270.6799516666667
2022-07-14 12:00:00,3.465433333333333,3.4560999999999997,327.9816666666667,303.79515333333336
2022-07-14 13:00:00,3.4556833333333334,3.4490666666666665,326.43333333333334,328.47316166666667
2022-07-14 14:00:00,3.4411833333333335,3.4318,305.2366666666667,306.7004
2022-07-14 15:00:00,3.393266666666667,3.3546666666666667,210.62333333333333,313.41316166666667
2022-07-14 16:00:00,3.3287,3.311583333333333,291.71666666666664,363.79536333333334
2022-07-14 17:00:00,3.235466666666667,3.2255666666666665,289.6616666666667,399.96613666666667
2022-07-14 18:00:00,3.1727833333333333,3.157766666666667,295.4133333333333,316.5511483333333
2022-07-14 19:00:00,3.1582500000000002,3.1422666666666665,297.17833333333334,310.83272500000004
2022-07-14 20:00:00,3.101783333333333,3.09275,296.9166666666667,382.38527
2022-07-14 21:00:00,3.0268666666666664,3.0169833333333336,296.81333333333333,373.13497333333333
2022-07-14 22:00:00,2.9705166666666667,2.961183333333333,297.65333333333336,354.809475
2022-07-14 23:00:00,2.9356500000000003,2.9223666666666666,304.1666666666667,283.952535
2022-07-15 00:00:00,2.9662833333333336,2.9640666666666666,362.3333333333333,260.203645
2022-07-15 01:00:00,3.0179166666666664,3.0065833333333334,330.77833333333336,248.24678166666666
2022-07-15 02:00:00,3.0589166666666667,3.045866666666667,331.10833333333335,238.559735
2022-07-15 03:00:00,3.1239666666666666,3.10605,330.59833333333336,192.58463666666665
2022-07-15 04:00:00,3.21975,3.195683333333333,330.325,159.110165
2022-07-15 05:00:00,3.3301166666666666,3.3036000000000003,330.5066666666667,159.98148
2022-07-15 06:00:00,3.4200666666666666,3.3977,337.26500000000004,219.08872833333334
2022-07-15 07:00:00,3.41205,3.410616666666667,338.7433333333333,382.82557166666663
2022-07-15 08:00:00,3.4375,3.4079166666666665,415.99,292.36719999999997
2022-07-15 09:00:00,3.4638833333333334,3.402816666666667,258.685,326.9712833333333
2022-07-15 10:00:00,3.3875,3.3242,258.56333333333333,341.09829833333333
2022-07-15 11:00:00,3.3436666666666666,3.2842333333333333,254.13,256.6812983333333
2022-07-15 12:00:00,3.328033333333333,3.2689333333333335,254.79,279.30945833333334
2022-07-15 13:00:00,3.2754499999999998,3.2154499999999997,252.70833333333334,329.627525
2022-07-15 14:00:00,3.189,3.1275666666666666,253.25666666666666,402.8289616666667
2022-07-15 15:00:00,3.0647333333333333,3.004033333333333,253.07666666666668,387.64970166666666
2022-07-15 16:00:00,2.99885,2.943833333333333,254.23333333333332,285.91657000000004
2022-07-15 17:00:00,2.9516833333333334,2.933466666666667,293.5133333333333,295.57357666666667
2022-07-15 18:00:00,2.9315833333333337,2.9352500000000004,313.47166666666664,337.64568333333335
2022-07-15 19:00:00,2.8718333333333335,2.8779,299.8883333333333,380.6599233333333
2022-07-15 20:00:00,2.8114666666666666,2.8150833333333334,301.6183333333333,335.56227333333334
2022-07-15 21:00:00,2.7937833333333333,2.7939333333333334,300.71666666666664,301.18802
2022-07-15 22:00:00,2.792051724137931,2.7886724137931034,325.29655172413794,298.2610965517241
2022-07-15 23:00:00,2.84775,2.8217833333333333,369.1766666666666,240.90159
2022-07-16 00:00:00,2.9172000000000002,2.8928166666666666,389.0816666666667,282.925225
2022-07-16 01:00:00,2.9597333333333333,2.9374166666666666,394.98833333333334,284.84556833333335
2022-07-16 02:00:00,3.039916666666667,3.011016666666667,396.7883333333333,237.1582283333333
2022-07-16 03:00:00,3.1443833333333333,3.1141833333333335,393.865,212.67753166666668
2022-07-16 04:00:00,3.26465,3.2275666666666667,392.7366666666667,176.161035
2022-07-16 05:00:00,3.40035,3.3629666666666664,394.2683333333333,175.59746666666666
2022-07-16 06:00:00,3.53745,3.4962999999999997,391.1716666666667,177.39825833333333
2022-07-16 07:00:00,3.6113333333333335,3.5695666666666668,353.9916666666667,317.62204833333334
2022-07-16 08:00:00,3.59775,3.5631166666666667,278.93,302.19869166666666
2022-07-16 09:00:00,3.5501666666666667,3.5130333333333335,254.20666666666665,340.108545
2022-07-16 10:00:00,3.4340508474576272,3.4032033898305083,247.25084745762712,392.17186101694915
2022-07-16 11:00:00,3.3417000000000003,3.3104999999999998,255.66,352.482015
2022-07-16 12:00:00,3.2834166666666667,3.2493833333333333,255.11499999999998,314.95153500000004
2022-07-16 13:00:00,3.2227,3.190116666666667,263.06333333333333,320.25504
2022-07-16 14:00:00,3.16995,3.1366666666666663,256.8566666666667,324.4043966666667
2022-07-16 15:00:00,3.0991,3.067333333333333,257.0383333333333,338.53452833333336
2022-07-16 16:00:00,3.0321333333333333,3.000516666666667,256.7416666666667,323.40491166666664
2022-07-16 17:00:00,2.9805166666666665,2.9505666666666666,259.55,307.9167033333333
2022-07-16 18:00:00,2.94115,2.91075,260.38666666666666,318.686705
2022-07-16 19:00:00,2.8638,2.8369500000000003,260.48833333333334,347.0433933333333
2022-07-16 20:00:00,2.8071833333333336,2.77835,259.215,293.6831833333333
2022-07-16 21:00:00,2.78895,2.7817166666666666,350.9816666666667,318.11547333333334
2022-07-16 22:00:00,2.8064666666666667,2.81345,369.73333333333335,289.1710983333333
2022-07-16 23:00:00,2.8459833333333338,2.83995,337.9583333333333,264.7776583333333
2022-07-17 00:00:00,2.89575,2.8869833333333332,338.77666666666664,240.94107833333334
2022-07-17 01:00:00,2.9453666666666667,2.938,343.2,259.56253333333336
2022-07-17 02:00:00,2.9699,2.9642666666666666,344.35833333333335,271.64921166666664
2022-07-17 03:00:00,3.03275,3.0191,346.0183333333333,222.83993999999998
2022-07-17 04:00:00,3.1042666666666667,3.089933333333333,346.9216666666667,212.97786333333335
2022-07-17 05:00:00,3.2016333333333336,3.1795166666666663,345.76666666666665,161.82666616666666
2022-07-17 06:00:00,3.3190000000000004,3.2938,348.0433333333333,159.34474833333334
2022-07-17 07:00:00,3.43815,3.446566666666667,478.48333333333335,231.78208333333333
2022-07-17 08:00:00,3.5722,3.5886,471.92,259.4942066666667
2022-07-17 09:00:00,3.6794000000000002,3.698516666666667,473.005,294.8659533333333
2022-07-17 10:00:00,3.7814166666666664,3.80075,471.7183333333333,293.53974666666664
2022-07-17 11:00:00,3.8584166666666664,3.884666666666667,469.925,370.82392833333336
2022-07-17 12:00:00,3.8718333333333335,3.8728833333333332,274.255,374.9024416666667
2022-07-17 13:00:00,3.7394000000000003,3.7002666666666664,148.42333333333332,390.830725
2022-07-17 14:00:00,3.5775333333333332,3.54085,147.64,323.81794
2022-07-17 15:00:00,3.4622,3.4261166666666667,147.23999999999998,292.70344
2022-07-17 16:00:00,3.34805,3.3147499999999996,148.25,306.530245
2022-07-17 17:00:00,3.216,3.1878,205.85666666666665,366.22874333333334
2022-07-17 18:00:00,3.1411333333333333,3.1759666666666666,466.87666666666667,398.20178833333335
2022-07-17 19:00:00,3.20845,3.2323,472.54833333333335,316.8847733333333
2022-07-17 20:00:00,3.2679666666666667,3.2781499999999997,339.0466666666667,348.824865
2022-07-17 21:00:00,3.2051333333333334,3.1887666666666665,228.765,353.3432716666667
2022-07-17 22:00:00,3.1224333333333334,3.080233333333333,343.45166666666665,447.14698500000003
2022-07-17 23:00:00,3.06845,3.010166666666666,367.63666666666666,334.6797416666667
2022-07-18 00:00:00,3.1281833333333333,3.079216666666667,370.63666666666666,206.825525
2022-07-18 01:00:00,3.2346333333333335,3.184683333333333,367.37666666666667,177.91863666666669
2022-07-18 02:00:00,3.353933333333333,3.3023499999999997,367.99666666666667,166.91038166666667
2022-07-18 03:00:00,3.4794,3.427,368.1766666666666,158.29923666666667
2022-07-18 04:00:00,3.6173166666666665,3.5631666666666666,365.33,129.009095
2022-07-18 05:00:00,3.734783333333333,3.6761833333333334,233.74833333333333,185.32757166666667
2022-07-18 06:00:00,3.7296666666666667,3.7175833333333332,356.64000000000004,230.01787333333334
2022-07-18 07:00:00,3.75715,3.7635,345.6066666666667,335.5558516666667
2022-07-18 08:00:00,3.7131666666666665,3.732466666666667,343.72,384.46816333333334
2022-07-18 09:00:00,3.67055,3.674116666666667,274.425,370.10816166666666
2022-07-18 10:00:00,3.6038833333333335,3.5896333333333335,245.95833333333334,288.93076833333333
2022-07-18 11:00:00,3.5672,3.5527333333333333,247.02666666666667,295.05556666666666
2022-07-18 12:00:00,3.5118333333333336,3.500716666666667,247.925,311.904675
2022-07-18 13:00:00,3.4706166666666665,3.4543833333333334,239.40333333333334,264.86813166666667
2022-07-18 14:00:00,3.4457666666666666,3.428233333333333,240.07166666666666,256.08221833333334
2022-07-18 15:00:00,3.407566666666667,3.3949166666666666,240.78833333333333,291.96897666666666
2022-07-18 16:00:00,3.3585,3.346416666666667,236.52166666666665,311.54420166666665
2022-07-18 17:00:00,3.28055,3.2733833333333333,234.79166666666666,310.057905
2022-07-18 18:00:00,3.1989,3.1952333333333334,234.34666666666666,374.6540166666667
2022-07-18 19:00:00,3.0897333333333337,3.08885,233.31333333333333,353.286765
2022-07-18 20:00:00,2.9997666666666665,2.99865,232.95166666666668,336.643205
2022-07-18 21:00:00,2.9235333333333333,2.920183333333333,234.16,322.5199383333333
2022-07-18 22:00:00,2.8548833333333334,2.8472333333333335,258.96,319.8031916666667
2022-07-18 23:00:00,2.855233333333333,2.81385,362.59166666666664,314.7534616666666
2022-07-19 00:00:00,2.862283333333333,2.828216666666667,367.23499999999996,332.38533333333334
2022-07-19 01:00:00,2.914283333333333,2.878533333333333,368.53333333333336,212.694325
2022-07-19 02:00:00,3.0163,2.9789833333333333,367.78499999999997,179.77716
2022-07-19 03:00:00,3.1384333333333334,3.1002333333333336,371.7633333333333,160.27355500000002
2022-07-19 04:00:00,3.27225,3.232133333333333,375.32166666666666,156.358505
2022-07-19 05:00:00,3.431166666666667,3.3811833333333334,457.2916666666667,150.92771499999998
2022-07-19 06:00:00,3.6620666666666666,3.601916666666667,460.5516666666666,197.54315333333335
2022-07-19 07:00:00,3.7233,3.6172666666666666,333.8283333333333,391.925255
2022-07-19 08:00:00,3.6427833333333335,3.5304,304.6983333333334,407.7453816666667
2022-07-19 09:00:00,3.4825833333333334,3.4512666666666667,105.25166666666668,302.52484833333335
2022-07-19 10:00:00,3.3307833333333337,3.3085166666666668,105.02166666666668,352.2540583333333
2022-07-19 11:00:00,3.1629333333333336,3.140216666666667,105.35333333333332,278.46644833333335
2022-07-19 12:00:00,3.0445833333333336,3.0223,106.02,260.59645166666667
2022-07-19 13:00:00,2.9099333333333335,2.891833333333333,104.52333333333333,320.723315
2022-07-19 14:00:00,2.732466666666667,2.7168666666666668,104.69,353.5333616666667
2022-07-19 15:00:00,2.558333333333333,2.5439000000000003,104.57,335.9858066666667
2022-07-19 16:00:00,2.4071,2.391033333333333,105.12666666666668,293.01330666666667
2022-07-19 17:00:00,2.157233333333333,2.3686000000000003,113.53,296.36510166666665
2022-07-19 18:00:00,1.7499166666666668,2.49065,96.76833333333335,315.73805333333337
2022-07-19 19:00:00,1.5287166666666667,2.61415,97.195,414.91325666666665
2022-07-19 20:00:00,3.071,2.736083333333333,97.50166666666668,376.03207333333336
2022-07-19 21:00:00,3.071,2.750983333333333,97.64833333333333,390.46540166666665
2022-07-19 22:00:00,3.071,2.3872833333333334,97.545,342.85573999999997
2022-07-19 23:00:00,3.071,2.2142166666666667,305.74833333333333,287.08962833333334
2022-07-20 00:00:00,3.071,2.242233333333333,315.09833333333336,268.09606333333335
2022-07-20 01:00:00,3.071,2.3300666666666667,364.685,236.25244166666667
2022-07-20 02:00:00,3.071,2.4867166666666667,364.67833333333334,217.68435
2022-07-20 03:00:00,3.071,2.67225,363.7583333333333,182.86437166666667
2022-07-20 04:00:00,3.071,2.9084166666666667,367.49666666666667,187.349745
2022-07-20 05:00:00,3.071,3.0920166666666664,369.73833333333334,205.10626333333332
2022-07-20 06:00:00,3.071,3.2934833333333335,368.09666666666664,206.39713500000002
2022-07-20 07:00:00,3.071,3.3874666666666666,271.71833333333336,291.4455633333334
2022-07-20 08:00:00,3.071,3.2843333333333335,289.47,313.75523499999997
2022-07-20 09:00:00,3.071,3.2677,341.5316666666667,317.4811183333333
2022-07-20 10:00:00,3.071,3.2393666666666667,339.35499999999996,379.2599
2022-07-20 11:00:00,3.071,3.17035,338.555,387.27726666666666
2022-07-20 12:00:00,3.071,3.0318666666666667,453.32,311.5489766666667
2022-07-20 13:00:00,2.1781833333333336,2.6368666666666667,506.23499999999996,325.0003566666667
2022-07-20 14:00:00,1.6517166666666665,2.1942333333333335,514.3430751173709,319.464845
2022-07-20 15:00:00,2.188816666666667,2.1738,552.4218309859154,371.98550666666665
2022-07-20 16:00:00,2.569866666666667,2.5403000000000002,391.2669014084507,359.37214
2022-07-20 17:00:00,2.908,2.8505333333333334,501.90152582159624,341.96420333333333
2022-07-20 18:00:00,3.0912333333333333,3.012716666666667,609.1266666666667,334.8139566666667
2022-07-20 19:00:00,3.177133333333333,3.109583333333333,356.2633333333333,392.65495
2022-07-20 20:00:00,3.0871,3.0408666666666666,264.39,369.23033666666663
2022-07-20 21:00:00,3.016516666666667,2.972766666666667,261.1333333333333,331.0522466666667
2022-07-20 22:00:00,2.976516666666667,2.9298166666666665,312.75,315.49103
2022-07-20 23:00:00,3.01065,2.9638666666666666,446.8433333333333,312.10657833333335
2022-07-21 00:00:00,3.121666666666667,3.075416666666667,449.0783333333333,234.01867333333334
2022-07-21 01:00:00,3.2602333333333333,3.2116666666666664,451.72833333333335,231.36504000000002
2022-07-21 02:00:00,3.39555,3.34485,449.85999999999996,235.259855
2022-07-21 03:00:00,3.5349500000000003,3.48235,452.52666666666664,224.26826166666666
2022-07-21 04:00:00,3.6755666666666666,3.6199999999999997,457.055,245.733845
2022-07-21 05:00:00,3.7953333333333332,3.757166666666667,374.955,170.39433333333332
2022-07-21 06:00:00,3.8987833333333333,3.872516666666667,358.89000000000004,256.0959133333333
2022-07-21 07:00:00,3.9122833333333333,3.8423333333333334,316.3066666666667,402.7518816666667
2022-07-21 08:00:00,3.84825,3.779933333333333,312.98333333333335,337.4159866666667
2022-07-21 09:00:00,3.8336833333333336,3.769566666666667,311.29,292.53587
2022-07-21 10:00:00,3.842633333333333,3.779033333333333,309.0733333333334,290.265875
2022-07-21 11:00:00,3.8492,3.7849500000000003,309.97166666666664,302.995865
2022-07-21 12:00:00,3.83145,3.7650833333333336,308.5083333333333,303.55910166666666
2022-07-21 13:00:00,3.8334833333333336,3.76865,314.6683333333333,293.50979333333333
2022-07-21 14:00:00,3.831733333333333,3.7654,305.6183333333333,322.2247
2022-07-21 15:00:00,3.79755,3.7305166666666665,306.6716666666667,353.55982500000005
2022-07-21 16:00:00,3.7539666666666665,3.6870833333333333,310.8883333333333,369.12466666666666
2022-07-21 17:00:00,3.7119333333333335,3.646916666666667,309.05,331.4743583333333
2022-07-21 18:00:00,3.6822666666666666,3.6167000000000002,308.9933333333333,352.5906266666667
2022-07-21 19:00:00,3.634916666666667,3.56805,268.97166666666664,396.2297533333333
2022-07-21 20:00:00,3.47585,3.407033333333333,170.48833333333332,419.872655
2022-07-21 21:00:00,3.322483333333333,3.2603166666666668,166.34,345.8058283333333
2022-07-21 22:00:00,3.2080166666666665,3.1499333333333337,164.79833333333332,306.58439833333335
2022-07-21 23:00:00,3.11285,3.0570166666666667,163.3383333333333,276.358675
2022-07-22 00:00:00,3.04545,2.99145,161.45166666666668,223.051415
2022-07-22 01:00:00,3.0315166666666666,2.99395,322.96666666666664,195.25835666666666
2022-07-22 02:00:00,3.1692000000000005,3.1423,437.76500000000004,174.39659500000002
2022-07-22 03:00:00,3.3399,3.30995,432.34000000000003,168.27987166666668
2022-07-22 04:00:00,3.506866666666667,3.4726166666666667,425.685,159.32872833333334
2022-07-22 05:00:00,3.6599500000000003,3.629766666666667,369.7816666666667,178.81827166666665
2022-07-22 06:00:00,3.7255,3.7081,356.1333333333333,317.75407
2022-07-22 07:00:00,3.6647666666666665,3.6506666666666665,319.42,486.45171
2022-07-22 08:00:00,3.5768333333333335,3.5572,313.71,346.0038533333333
2022-07-22 09:00:00,3.543133333333333,3.5072666666666668,226.43833333333333,340.51302166666665
2022-07-22 10:00:00,3.4206833333333337,3.372133333333333,182.0366666666667,403.50923166666666
2022-07-22 11:00:00,3.2980500000000004,3.270166666666667,270.6516666666667,318.349835
2022-07-22 12:00:00,3.2764666666666664,3.251516666666667,277.47166666666664,293.84146
2022-07-22 13:00:00,3.25825,3.235,278.89666666666665,301.3064783333333
2022-07-22 14:00:00,3.198583333333333,3.18035,279.56333333333333,395.76357666666667
2022-07-22 15:00:00,3.121583333333333,3.10165,280.9816666666667,328.5814066666666
2022-07-22 16:00:00,3.112,3.0884833333333335,284.53,272.17801833333334
2022-07-22 17:00:00,3.1049833333333337,3.0808000000000004,277.2033333333333,293.98647
2022-07-22 18:00:00,3.0755500000000002,3.0546833333333336,276.045,313.3423916666667
2022-07-22 19:00:00,3.0419166666666664,3.020283333333333,275.21500000000003,294.28193666666664
2022-07-22 20:00:00,3.019766666666667,3.0002833333333334,279.26500000000004,338.95211
2022-07-22 21:00:00,2.9231833333333332,2.9133833333333334,279.1433333333333,450.6467416666666
2022-07-22 22:00:00,2.8024666666666667,2.7943833333333337,279.97999999999996,408.57261666666665
2022-07-22 23:00:00,2.7471166666666664,2.7422,338.08,334.52392
2022-07-23 00:00:00,2.764616666666667,2.764333333333333,355.03,288.47153833333334
2022-07-23 01:00:00,2.814716666666667,2.80625,352.03333333333336,241.12057000000001
2022-07-23 02:00:00,2.9027499999999997,2.8873333333333333,353.1166666666667,194.21563
2022-07-23 03:00:00,3.00685,2.9882,352.2583333333333,195.870805
2022-07-23 04:00:00,3.0795000000000003,3.0661833333333335,351.0433333333333,243.66241166666666
2022-07-23 05:00:00,3.1665,3.1471666666666667,352.1716666666667,186.02985666666666
2022-07-23 06:00:00,3.2610333333333332,3.2426666666666666,362.6683333333333,216.91722833333333
2022-07-23 07:00:00,3.346566666666667,3.33015,365.57,238.72546666666668
2022-07-23 08:00:00,3.39515,3.386216666666667,369.26666666666665,296.953675
2022-07-23 09:00:00,3.4155666666666664,3.4101833333333333,366.3883333333333,363.097755
2022-07-23 10:00:00,3.4050000000000002,3.4010166666666666,366.9933333333333,348.9729183333333
2022-07-23 11:00:00,3.4098666666666664,3.4043666666666668,366.59666666666664,325.7476716666667
2022-07-23 12:00:00,3.4310833333333335,3.4253333333333336,366.27333333333337,348.066745
2022-07-23 13:00:00,3.4198,3.4166499999999997,365.43833333333333,367.55170333333336
2022-07-23 14:00:00,3.4187,3.4129,367.5066666666667,324.129775
2022-07-23 15:00:00,3.4509,3.44235,368.09166666666664,315.69323833333334
2022-07-23 16:00:00,3.43845,3.4135166666666668,244.72666666666666,384.66864333333336
2022-07-23 17:00:00,3.30815,3.2695,202.14333333333335,366.3840116666667
2022-07-23 18:00:00,3.210383333333333,3.172433333333333,201.665,323.4595033333333
2022-07-23 19:00:00,3.1295166666666665,3.093933333333333,201.51833333333335,295.60412833333334
2022-07-23 20:00:00,3.0496166666666666,3.016033333333333,201.905,310.47915666666665
2022-07-23 21:00:00,2.99235,2.97025,279.13,282.608715
2022-07-23 22:00:00,2.9940166666666665,2.978083333333333,300.90333333333336,286.66308833333335
2022-07-23 23:00:00,2.9741166666666667,2.9534499999999997,339.9183333333333,355.69550833333335
2022-07-24 00:00:00,2.99905,2.9706833333333336,344.455,250.635985
2022-07-24 01:00:00,3.070666666666667,3.037183333333333,340.075,198.66079833333333
2022-07-24 02:00:00,3.1571333333333333,3.1228333333333333,341.26500000000004,217.58629000000002
2022-07-24 03:00:00,3.2249666666666665,3.1905,341.13666666666666,230.06875499999998
2022-07-24 04:00:00,3.290316666666667,3.25435,339.43,217.44840166666665
2022-07-24 05:00:00,3.37305,3.3365666666666667,353.12666666666667,195.10875833333333
2022-07-24 06:00:00,3.4846833333333334,3.4453166666666664,360.3566666666667,180.56284
2022-07-24 07:00:00,3.5801000000000003,3.5413833333333335,357.07,216.09265
2022-07-24 08:00:00,3.6316833333333336,3.6021333333333336,287.6816666666667,259.6141383333333
2022-07-24 09:00:00,3.6214833333333334,3.5982333333333334,270.4266666666667,274.3218816666667
2022-07-24 10:00:00,3.5902499999999997,3.5715333333333334,268.26,345.752515
2022-07-24 11:00:00,3.4855666666666663,3.4765333333333337,270.115,449.1202216666667
2022-07-24 12:00:00,3.4042833333333333,3.3874166666666667,272.035,288.04655833333334
2022-07-24 13:00:00,3.397683333333333,3.3768666666666665,268.6016666666667,284.78568
2022-07-24 14:00:00,3.3393333333333337,3.3272833333333334,265.6,378.33431
2022-07-24 15:00:00,3.2504333333333335,3.241033333333333,266.25166666666667,378.85685166666667
2022-07-24 16:00:00,3.1962166666666665,3.18205,268.8666666666667,304.718935
2022-07-24 17:00:00,3.1565833333333333,3.14445,268.4633333333333,351.55388500000004
2022-07-24 18:00:00,3.0534499999999998,3.0489,266.84666666666664,410.78411
2022-07-24 19:00:00,2.98295,2.972666666666667,267.96833333333336,315.1367166666667
2022-07-24 20:00:00,2.9433833333333337,2.9341,273.35,332.28429500000004
2022-07-24 21:00:00,2.878516666666667,2.8802666666666665,305.96666666666664,390.8498116666667
2022-07-24 22:00:00,2.816333333333333,2.8192333333333335,306.75166666666667,349.50134833333334
2022-07-24 23:00:00,2.810016666666667,2.8064000000000004,307.3366666666667,304.1503016666667
2022-07-25 00:00:00,2.7983166666666666,2.7942833333333335,313.28,289.0727316666667
2022-07-25 01:00:00,2.847283333333333,2.8346333333333336,317.96,210.047225
2022-07-25 02:00:00,2.9171,2.9009833333333335,317.2883333333333,186.25307333333333
2022-07-25 03:00:00,3.00795,2.9867666666666666,317.03499999999997,171.47745666666665
2022-07-25 04:00:00,3.1034333333333333,3.0803000000000003,318.165,144.80374166666667
2022-07-25 05:00:00,3.215716666666667,3.190816666666667,317.6633333333333,148.36602499999998
2022-07-25 06:00:00,3.3156166666666667,3.3057333333333334,410.0466666666667,215.74577
2022-07-25 07:00:00,3.39385,3.4149499999999997,420.81166666666667,367.168155
2022-07-25 08:00:00,3.3949166666666666,3.3923166666666664,320.795,358.00142166666666
2022-07-25 09:00:00,3.3448166666666665,3.33625,314.85333333333335,380.75477666666666
2022-07-25 10:00:00,3.290633333333333,3.2834999999999996,312.49,374.883065
2022-07-25 11:00:00,3.236283333333333,3.2307833333333336,312.455,372.68273666666664
2022-07-25 12:00:00,3.1972333333333336,3.189533333333333,312.35,339.8944266666667
2022-07-25 13:00:00,3.17165,3.1618,310.28333333333336,327.8179066666667
2022-07-25 14:00:00,3.1614333333333335,3.1488666666666663,311.5866666666667,295.8226666666667
2022-07-25 15:00:00,3.1460166666666667,3.1369499999999997,301.87,334.2324233333333
2022-07-25 16:00:00,3.0927166666666666,3.0869,312.82666666666665,359.7501633333333
2022-07-25 17:00:00,3.093233333333333,3.0787666666666667,301.1633333333333,287.934035
2022-07-25 18:00:00,3.0548,3.0516,288.7883333333333,367.04147
2022-07-25 19:00:00,2.9985166666666667,2.9947,288.8933333333333,343.55157333333335
2022-07-25 20:00:00,2.95125,2.9497,295.195,351.43200833333333
2022-07-25 21:00:00,2.894766666666667,2.8968333333333334,299.08,373.99511666666666
2022-07-25 22:00:00,2.8405833333333335,2.8415166666666667,292.77833333333336,358.7220116666667
2022-07-25 23:00:00,2.8005333333333335,2.797633333333333,290.595,318.19265
2022-07-26 00:00:00,2.7619833333333332,2.7619499999999997,293.85999999999996,341.7480433333333
2022-07-26 01:00:00,2.762783333333333,2.754433333333333,293.1,233.16373333333334
2022-07-26 02:00:00,2.8228166666666668,2.804933333333333,292.5066666666667,175.220245
2022-07-26 03:00:00,2.8957166666666665,2.8762333333333334,290.5816666666667,173.95090666666667
2022-07-26 04:00:00,2.9626666666666663,2.9429000000000003,292.27833333333336,170.98148166666667
2022-07-26 05:00:00,3.0408666666666666,3.01975,291.93666666666667,187.79660166666665
2022-07-26 06:00:00,3.0841333333333334,3.053733333333333,447.02166666666665,354.7645933333333
2022-07-26 07:00:00,3.2073166666666664,3.1236666666666664,626.1816666666667,414.9477533333333
2022-07-26 08:00:00,3.37565,3.3004000000000002,628.6516666666666,310.295385
2022-07-26 09:00:00,3.4475333333333333,3.4191,304.345,317.40545833333334
2022-07-26 10:00:00,3.4088,3.3972333333333333,293.185,348.1278566666667
2022-07-26 11:00:00,3.3452166666666665,3.3378333333333337,292.02166666666665,352.13045666666665
2022-07-26 12:00:00,3.33095,3.3178833333333335,291.5183333333333,263.4559566666666
2022-07-26 13:00:00,3.2904166666666663,3.2804166666666665,293.155,333.19550999999996
2022-07-26 14:00:00,3.2594666666666665,3.249,299.45166666666665,325.2397883333333
2022-07-26 15:00:00,3.244466666666667,3.230116666666667,300.73333333333335,285.1206833333333
2022-07-26 16:00:00,3.24055,3.2278000000000002,301.8666666666667,299.7833483333333
2022-07-26 17:00:00,3.2096,3.20255,304.10166666666663,330.2430283333333
2022-07-26 18:00:00,3.1818000000000004,3.1734166666666668,298.90166666666664,357.92609833333336
2022-07-26 19:00:00,3.0832166666666665,3.0867500000000003,299.845,459.3581566666666
2022-07-26 20:00:00,2.9959333333333333,2.9977500000000004,309.0083333333333,376.6566966666667
2022-07-26 21:00:00,2.929133333333333,2.9353833333333332,308.49833333333333,422.771695
2022-07-26 22:00:00,2.8634,2.8595333333333333,321.43333333333334,346.47818666666666
2022-07-26 23:00:00,2.9101166666666667,2.8741833333333333,381.0566666666667,268.6350233333333
2022-07-27 00:00:00,2.977116666666667,2.9407666666666668,373.84166666666664,269.41096166666665
2022-07-27 01:00:00,3.0380666666666665,2.9989166666666667,371.63666666666666,255.94094833333332
2022-07-27 02:00:00,3.115933333333333,3.0750666666666664,372.71666666666664,237.64022500000002
2022-07-27 03:00:00,3.19355,3.15205,370.96,228.00483833333334
2022-07-27 04:00:00,3.3015,3.260183333333333,329.09833333333336,157.53072666666668
2022-07-27 05:00:00,3.3790666666666667,3.346033333333333,258.28166666666664,151.79727666666668
2022-07-27 06:00:00,3.4156833333333334,3.3882,264.51666666666665,253.23263333333335
2022-07-27 07:00:00,3.3813000000000004,3.3622500000000004,266.85333333333335,355.741315
2022-07-27 08:00:00,3.3040666666666665,3.28275,327.67333333333335,381.8520966666667
2022-07-27 09:00:00,3.2907333333333333,3.2546666666666666,359.70166666666665,342.24502666666666
2022-07-27 10:00:00,3.32045,3.2817166666666666,354.12833333333333,287.54022999999995
2022-07-27 11:00:00,3.341733333333333,3.3035666666666668,359.0516666666666,342.860275
2022-07-27 12:00:00,3.328116666666667,3.292133333333333,360.18833333333333,372.59297
2022-07-27 13:00:00,3.2995666666666663,3.2660666666666667,357.2883333333333,391.631915
2022-07-27 14:00:00,3.283383333333333,3.246866666666667,357.54833333333335,339.05929833333334
2022-07-27 15:00:00,3.2899499999999997,3.25545,354.07666666666665,338.75964833333336
2022-07-27 16:00:00,3.2642499999999997,3.23105,359.5866666666667,399.98808333333335
2022-07-27 17:00:00,3.2535000000000003,3.2182166666666663,357.9916666666667,321.20321666666666
2022-07-27 18:00:00,3.28135,3.2441166666666663,356.4933333333333,312.55791166666666
2022-07-27 19:00:00,3.2745333333333333,3.235116666666667,326.14666666666665,361.2119633333333
2022-07-27 20:00:00,3.2123666666666666,3.1573333333333333,260.435,392.53996166666667
2022-07-27 21:00:00,3.13965,3.0865333333333336,260.965,326.65717666666666
2022-07-27 22:00:00,3.077033333333333,3.0437999999999996,306.65166666666664,346.74912
2022-07-27 23:00:00,3.02245,3.03245,330.88666666666666,349.91539
2022-07-28 00:00:00,3.0426166666666665,3.038733333333333,332.93,242.097475
2022-07-28 01:00:00,3.11035,3.100983333333333,333.07,231.88375166666668
2022-07-28 02:00:00,3.165783333333333,3.1576833333333334,334.305,232.40130499999998
2022-07-28 03:00:00,3.2335166666666666,3.2215333333333334,334.34000000000003,219.76069999999999
2022-07-28 04:00:00,3.3141333333333334,3.29595,395.45,202.49204666666668
2022-07-28 05:00:00,3.5065999999999997,3.4669833333333333,509.75,170.27472333333333
2022-07-28 06:00:00,3.683666666666667,3.646916666666667,374.9933333333333,227.04198666666667
2022-07-28 07:00:00,3.6731166666666666,3.6498666666666666,280.5366666666667,370.62833666666666
2022-07-28 08:00:00,3.5953833333333334,3.5748166666666665,276.2883333333333,338.99447
2022-07-28 09:00:00,3.55975,3.5370166666666667,276.85333333333335,324.42933
2022-07-28 10:00:00,3.5069666666666666,3.4894499999999997,276.6766666666666,354.46667999999994
2022-07-28 11:00:00,3.4615333333333336,3.4427333333333334,281.52333333333337,314.32821333333334
2022-07-28 12:00:00,3.4352500000000004,3.4148,282.8,299.8521283333333
2022-07-28 13:00:00,3.4261,3.4050000000000002,279.8833333333333,279.27752
2022-07-28 14:00:00,3.388316666666667,3.3735166666666667,280.1433333333333,359.08170333333334
2022-07-28 15:00:00,3.320333333333333,3.3097333333333334,282.69666666666666,399.25761166666666
2022-07-28 16:00:00,3.215616666666667,3.20875,276.5066666666667,397.24316999999996
2022-07-28 17:00:00,3.1431,3.1343,275.3383333333333,358.58554333333336
2022-07-28 18:00:00,3.07815,3.06925,275.375,361.960985
2022-07-28 19:00:00,3.0174000000000003,3.0061666666666667,272.72166666666664,330.07245
2022-07-28 20:00:00,2.9806166666666667,2.9687166666666664,277.81666666666666,313.03115333333335
2022-07-28 21:00:00,2.9370833333333333,2.92925,279.33,377.390515
2022-07-28 22:00:00,2.8484833333333333,2.8449666666666666,280.04833333333335,360.69142999999997
2022-07-28 23:00:00,2.8376666666666663,2.835266666666667,333.72999999999996,265.8548166666667
2022-07-29 00:00:00,2.88375,2.8842833333333333,345.4133333333333,256.62840166666666
2022-07-29 01:00:00,2.9479666666666664,2.942316666666667,346.32166666666666,216.41997333333333
2022-07-29 02:00:00,3.041316666666667,3.0295666666666667,349.2566666666667,205.7943
2022-07-29 03:00:00,3.1228333333333333,3.11165,348.78499999999997,204.75163833333332
2022-07-29 04:00:00,3.228416666666667,3.212216666666667,351.8933333333333,160.36884333333333
2022-07-29 05:00:00,3.3516833333333333,3.33595,350.87,185.778295
2022-07-29 06:00:00,3.4111166666666666,3.4032666666666667,348.27666666666664,281.1816766666667
2022-07-29 07:00:00,3.407166666666667,3.41355,349.6383333333333,408.11438
2022-07-29 08:00:00,3.33645,3.3515333333333337,347.8833333333333,433.4324633333334
2022-07-29 09:00:00,3.263383333333333,3.2812833333333336,349.275,434.1525183333333
2022-07-29 10:00:00,3.2270333333333334,3.2357,348.37166666666667,355.00060833333333
2022-07-29 11:00:00,3.234366666666667,3.2335,347.84000000000003,288.40157833333336
2022-07-29 12:00:00,3.2739,3.268,320.52000000000004,296.20971166666664
2022-07-29 13:00:00,3.2403833333333334,3.2222,244.79666666666665,319.39098666666666
2022-07-29 14:00:00,3.2012833333333335,3.1792166666666666,243.77,279.4502383333333
2022-07-29 15:00:00,3.1619499999999996,3.1419166666666665,243.43166666666667,299.4429783333333
2022-07-29 16:00:00,3.10825,3.090133333333333,243.27333333333334,324.136285
2022-07-29 17:00:00,3.034766666666667,3.0201,242.54333333333335,375.64841
2022-07-29 18:00:00,2.9400833333333334,2.927633333333333,242.35833333333332,337.8649016666667
2022-07-29 19:00:00,2.87695,2.8629666666666664,240.71,311.44411
2022-07-29 20:00:00,2.8135,2.8009833333333334,244.79,381.84925
2022-07-29 21:00:00,2.684683333333333,2.68025,242.1,423.922115
2022-07-29 22:00:00,2.5622166666666666,2.55825,243.34833333333333,396.2193716666667
2022-07-29 23:00:00,2.477616666666667,2.4577833333333334,262.945,344.39823
2022-07-30 00:00:00,2.4383333333333335,2.401683333333333,227.17833333333334,282.87449166666664
2022-07-30 01:00:00,2.38915,2.353133333333333,226.48999999999998,265.893665
2022-07-30 02:00:00,2.3978166666666665,2.3569833333333334,304.72666666666663,183.667515
2022-07-30 03:00:00,2.5647333333333333,2.4943833333333334,470.1116666666667,169.28621333333334
2022-07-30 04:00:00,2.75775,2.687816666666667,466.4216666666667,164.40477333333334
2022-07-30 05:00:00,2.9541,2.880733333333333,466.35,174.19419666666667
2022-07-30 06:00:00,3.1391833333333334,3.07255,561.935,192.2774533333333
2022-07-30 07:00:00,3.4209,3.3924499999999997,693.44,294.69632
2022-07-30 08:00:00,3.4950833333333335,3.458966666666667,314.62833333333333,330.9010916666667
2022-07-30 09:00:00,3.4983500000000003,3.4526666666666666,339.2916666666667,346.490395
2022-07-30 10:00:00,3.46615,3.4216333333333333,349.31333333333333,407.8748833333333
2022-07-30 11:00:00,3.4249666666666667,3.38105,348.61333333333334,363.07979666666665
2022-07-30 12:00:00,3.4205166666666664,3.3768666666666665,346.5366666666667,323.58838166666663
2022-07-30 13:00:00,3.4294166666666666,3.385,347.9916666666667,330.9512716666667
2022-07-30 14:00:00,3.4118,3.368466666666667,346.62333333333333,377.2114
2022-07-30 15:00:00,3.3774,3.3338833333333335,349.0466666666667,393.361225
2022-07-30 16:00:00,3.34845,3.3058666666666667,349.17333333333335,347.76590666666664
2022-07-30 17:00:00,3.3330833333333336,3.2917833333333335,348.97999999999996,359.51428000000004
2022-07-30 18:00:00,3.3321666666666667,3.2891833333333333,349.585,329.62593166666665
2022-07-30 19:00:00,3.3462666666666667,3.30375,346.6,298.9820133333333
2022-07-30 20:00:00,3.3568833333333337,3.3134333333333337,341.745,326.67744666666664
2022-07-30 21:00:00,3.3608333333333333,3.3165666666666667,345.21500000000003,312.42923666666667
2022-07-30 22:00:00,3.371566666666667,3.3267,341.495,340.309575
2022-07-30 23:00:00,3.3417000000000003,3.2960833333333333,279.6116666666667,302.3758266666666
2022-07-31 00:00:00,3.34355,3.2972166666666665,279.23499999999996,245.53882000000002
2022-07-31 01:00:00,3.3567166666666663,3.310566666666667,279.7183333333333,257.9253616666667
2022-07-31 02:00:00,3.366983333333333,3.319166666666667,279.27666666666664,245.33152333333334
2022-07-31 03:00:00,3.3892499999999997,3.3411666666666666,281.43,225.00037833333332
2022-07-31 04:00:00,3.434166666666667,3.383983333333333,277.52000000000004,174.96144166666667
2022-07-31 05:00:00,3.5069999999999997,3.4570833333333337,275.19,149.267425
2022-07-31 06:00:00,3.6439000000000004,3.5821666666666667,467.4,174.073705
2022-07-31 07:00:00,3.74635,3.693633333333333,199.80499999999998,263.86868833333335
2022-07-31 08:00:00,3.6887833333333333,3.6430833333333337,234.04,313.24097333333333
2022-07-31 09:00:00,3.63565,3.5903333333333336,230.87166666666664,296.09225
2022-07-31 10:00:00,3.5458166666666666,3.502016666666667,230.34166666666667,393.29537999999997
2022-07-31 11:00:00,3.465033333333333,3.422366666666667,230.76833333333335,305.05035000000004
2022-07-31 12:00:00,3.39695,3.3555166666666665,232.185,312.6942716666666
2022-07-31 13:00:00,3.3463166666666666,3.304466666666667,230.66666666666666,312.6479566666667
2022-07-31 14:00:00,3.2638166666666666,3.2239333333333335,229.74166666666667,328.79600500000004
2022-07-31 15:00:00,3.20885,3.1702,233.09166666666667,299.57991666666663
2022-07-31 16:00:00,3.1440166666666665,3.1059166666666664,234.25166666666667,347.25892833333336
2022-07-31 17:00:00,3.0311333333333335,2.995633333333333,233.02833333333334,413.23286833333333
2022-07-31 18:00:00,2.9083666666666668,2.8764499999999997,233.01333333333332,389.47591833333337
2022-07-31 19:00:00,2.8106166666666668,2.7796333333333334,231.98166666666665,343.490435
2022-07-31 20:00:00,2.7135833333333332,2.685083333333333,230.95833333333334,382.35055166666666
2022-07-31 21:00:00,2.6123,2.5854,232.41,350.44336833333335
2022-07-31 22:00:00,2.55285,2.5193999999999996,274.96666666666664,343.69834333333336
2022-07-31 23:00:00,2.505666666666667,2.4713833333333333,274.63,291.03663166666666
2022-08-01 00:00:00,2.5056999999999996,2.470466666666667,275.60999999999996,243.29850333333334
2022-08-01 01:00:00,2.5385833333333334,2.5047833333333336,278.1166666666667,196.83565
2022-08-01 02:00:00,2.593166666666667,2.5568999999999997,278.8833333333333,189.35007
2022-08-01 03:00:00,2.644566666666667,2.606866666666667,277.4583333333333,189.898495
2022-08-01 04:00:00,2.710716666666667,2.673783333333333,277.56666666666666,147.07864666666669
2022-08-01 05:00:00,2.83755,2.7946,518.97,152.50582666666665
2022-08-01 06:00:00,3.1672833333333332,3.120983333333333,729.7816666666666,214.90607166666666
2022-08-01 07:00:00,3.4556666666666667,3.4018333333333337,723.6716666666667,339.8684416666667
2022-08-01 08:00:00,3.591666666666667,3.5747166666666668,477.31666666666666,379.54085833333335
2022-08-01 09:00:00,3.592633333333333,3.5549833333333334,267.55333333333334,369.338935
2022-08-01 10:00:00,3.4850333333333334,3.4232333333333336,231.31833333333333,454.37057
2022-08-01 11:00:00,3.3177499999999998,3.2567333333333335,230.11166666666668,457.613745
2022-08-01 12:00:00,3.182166666666667,3.1252333333333335,239.07833333333335,365.87235
2022-08-01 13:00:00,3.12885,3.076916666666667,252.96833333333333,289.95027833333336
2022-08-01 14:00:00,3.0935833333333336,3.0427999999999997,253.67666666666668,283.87361
2022-08-01 15:00:00,3.0631333333333335,3.01265,254.04166666666666,288.7811233333333
2022-08-01 16:00:00,3.039216666666667,2.9883333333333337,254.43833333333333,271.44126666666665
2022-08-01 17:00:00,3.0209833333333336,2.9712166666666664,253.91333333333333,284.65398999999996
2022-08-01 18:00:00,2.9572,2.907233333333333,253.99333333333334,375.040635
2022-08-01 19:00:00,2.87955,2.8375500000000002,303.60166666666663,333.80972166666663
2022-08-01 20:00:00,2.8926166666666666,2.8760166666666667,405.195,326.7655683333333
2022-08-01 21:00:00,2.9086,2.8979,405.9483333333334,388.3834183333333
2022-08-01 22:00:00,2.8984666666666663,2.8888166666666666,385.37833333333333,433.05325
2022-08-01 23:00:00,2.808333333333333,2.7950333333333335,343.7566666666667,485.65154
2022-08-02 00:00:00,2.7672666666666665,2.7486,364.245,324.8220166666667
2022-08-02 01:00:00,2.8066000000000004,2.781566666666667,364.35,260.03471666666667
2022-08-02 02:00:00,2.9013833333333334,2.8695333333333335,365.88666666666666,184.24221833333334
2022-08-02 03:00:00,3.0263666666666666,2.989233333333333,374.65,167.89624333333333
2022-08-02 04:00:00,3.169033333333333,3.127216666666667,381.02000000000004,151.10189333333335
2022-08-02 05:00:00,3.3045666666666667,3.2668000000000004,377.205,176.14368000000002
2022-08-02 06:00:00,3.4281,3.3919,390.56,191.36747666666668
2022-08-02 07:00:00,3.5138833333333332,3.4878833333333334,376.78499999999997,288.89821166666667
2022-08-02 08:00:00,3.5407333333333333,3.517533333333333,314.57,292.5817866666667
2022-08-02 09:00:00,3.518666666666667,3.4991666666666665,284.1383333333333,327.18817666666666
2022-08-02 10:00:00,3.4751666666666665,3.45745,279.525,340.6813016666667
2022-08-02 11:00:00,3.4301166666666663,3.4137333333333335,285.23499999999996,308.37110666666666
2022-08-02 12:00:00,3.4209166666666664,3.3997,284.7033333333333,296.47485
2022-08-02 13:00:00,3.3825166666666666,3.3671166666666665,284.70166666666665,348.4572116666667
2022-08-02 14:00:00,3.3389666666666664,3.324683333333333,282.89833333333337,329.2677266666667
2022-08-02 15:00:00,3.2791,3.27005,284.7433333333333,386.51714833333335
2022-08-02 16:00:00,3.216133333333333,3.20335,286.4,349.93808666666666
2022-08-02 17:00:00,3.1431166666666663,3.1370666666666667,287.22666666666663,412.90599000000003
2022-08-02 18:00:00,3.0278,3.027083333333333,286.9533333333333,448.5326366666667
2022-08-02 19:00:00,2.95625,2.9478500000000003,284.72666666666663,335.1034466666667
2022-08-02 20:00:00,2.917666666666667,2.909383333333333,283.73499999999996,327.90670166666666
2022-08-02 21:00:00,2.9097500000000003,2.8858333333333333,356.31333333333333,339.71342999999996
2022-08-02 22:00:00,2.91915,2.89695,360.22666666666663,303.4304716666667
2022-08-02 23:00:00,2.9412499999999997,2.9199833333333336,368.0083333333333,340.88916
2022-08-03 00:00:00,2.978416666666667,2.9541833333333334,376.425,253.23816
2022-08-03 01:00:00,3.0616333333333334,3.03215,376.8616666666667,241.01609333333332
2022-08-03 02:00:00,3.1500833333333333,3.11955,378.07166666666666,229.10843000000003
2022-08-03 03:00:00,3.2426666666666666,3.210983333333333,374.0,234.49748499999998
2022-08-03 04:00:00,3.3181000000000003,3.2849500000000003,372.87833333333333,215.92212333333333
2022-08-03 05:00:00,3.4484,3.4107833333333333,372.0316666666667,164.97702666666666
2022-08-03 06:00:00,3.5630333333333337,3.52505,376.8283333333333,220.33890166666666
2022-08-03 07:00:00,3.621966666666667,3.590116666666667,369.11333333333334,331.15351666666663
2022-08-03 08:00:00,3.6075500000000003,3.591616666666667,306.06666666666666,326.37539
2022-08-03 09:00:00,3.572883333333333,3.5621,304.76,355.30136166666665
2022-08-03 10:00:00,3.5022499999999996,3.4988666666666663,306.27000000000004,444.9816116666667
2022-08-03 11:00:00,3.393133333333333,3.3909666666666665,304.7316666666667,389.08209999999997
2022-08-03 12:00:00,3.3773833333333334,3.365216666666667,303.30833333333334,309.2446683333334
2022-08-03 13:00:00,3.3259166666666666,3.3091166666666667,228.80833333333334,352.825825
2022-08-03 14:00:00,3.2382833333333334,3.2207166666666667,225.175,340.91439
2022-08-03 15:00:00,3.156066666666667,3.1386333333333334,223.19833333333332,329.60602
2022-08-03 16:00:00,3.075416666666667,3.059683333333333,225.54166666666666,349.96337
2022-08-03 17:00:00,2.968433333333333,2.955033333333333,225.30166666666668,352.1161783333334
2022-08-03 18:00:00,2.881466666666667,2.8711333333333333,224.38500000000002,387.1347016666667
2022-08-03 19:00:00,2.7605333333333335,2.7510166666666667,225.39666666666665,349.7324366666666
2022-08-03 20:00:00,2.6889166666666666,2.6776166666666668,225.76000000000002,321.00411833333334
2022-08-03 21:00:00,2.5820833333333337,2.5789166666666667,225.81666666666666,417.08989333333335
2022-08-03 22:00:00,2.4749333333333334,2.47565,340.0733333333334,354.2806466666667
2022-08-03 23:00:00,2.5385,2.5425833333333334,432.55,273.234725
2022-08-04 00:00:00,2.6193833333333334,2.6257333333333337,430.5316666666667,327.40199
2022-08-04 01:00:00,2.6873833333333335,2.692266666666667,430.53499999999997,277.57077000000004
2022-08-04 02:00:00,2.7947333333333333,2.7932333333333332,434.52333333333337,260.77857666666665
2022-08-04 03:00:00,2.9254333333333333,2.915916666666667,435.77166666666665,196.58350000000002
2022-08-04 04:00:00,3.0858166666666667,3.0696,432.6183333333333,191.41853333333333
2022-08-04 05:00:00,3.2434333333333334,3.2240666666666664,434.48333333333335,174.42371666666668
2022-08-04 06:00:00,3.4055166666666663,3.3867166666666666,432.72166666666664,204.88991666666666
2022-08-04 07:00:00,3.4884333333333335,3.4825999999999997,378.7566666666667,367.10590833333333
2022-08-04 08:00:00,3.4484833333333333,3.4254333333333333,263.16833333333335,324.93790333333334
2022-08-04 09:00:00,3.4027666666666665,3.3821333333333334,260.695,314.1935833333334
2022-08-04 10:00:00,3.3623833333333333,3.3421000000000003,260.535,301.20532000000003
2022-08-04 11:00:00,3.327566666666667,3.308266666666667,264.40666666666664,327.116395
2022-08-04 12:00:00,3.2629,3.2449500000000002,261.7083333333333,340.88520666666665
2022-08-04 13:00:00,3.2117500000000003,3.19315,263.27166666666665,320.94507
2022-08-04 14:00:00,3.151733333333333,3.1361833333333333,266.3333333333333,361.5228916666667
2022-08-04 15:00:00,3.0584,3.0472333333333332,265.31166666666667,391.67705166666667
2022-08-04 16:00:00,2.9907166666666667,2.9754500000000004,264.81,337.98758999999995
2022-08-04 17:00:00,2.9347166666666666,2.9205666666666668,264.73333333333335,334.43671333333333
2022-08-04 18:00:00,2.8737666666666666,2.86065,265.945,361.62911833333334
2022-08-04 19:00:00,2.7781833333333332,2.770233333333333,263.225,429.11899166666666
2022-08-04 20:00:00,2.6759,2.668433333333333,265.3833333333333,341.512925
2022-08-04 21:00:00,2.6249333333333333,2.6147,265.63666666666666,335.9084266666667
2022-08-04 22:00:00,2.5780499999999997,2.5682,266.95,317.7349733333333
2022-08-04 23:00:00,2.5676,2.545,354.3883333333333,301.1705083333334
2022-08-05 00:00:00,2.6329,2.6007666666666664,376.96500000000003,245.69876166666666
2022-08-05 01:00:00,2.7120166666666665,2.6798833333333336,376.17833333333334,244.87055333333333
2022-08-05 02:00:00,2.799583333333333,2.765233333333333,380.0466666666667,227.96994
2022-08-05 03:00:00,2.898283333333333,2.863,382.17833333333334,220.50061666666667
2022-08-05 04:00:00,3.0010333333333334,2.9635666666666665,378.27166666666665,217.04713833333332
2022-08-05 05:00:00,3.1019666666666668,3.0635833333333333,391.4616666666667,213.65451333333334
2022-08-05 06:00:00,3.2518499999999997,3.244066666666667,601.1916666666667,273.709105
2022-08-05 07:00:00,3.440633333333333,3.4430666666666667,585.1916666666667,319.06566000000004
2022-08-05 08:00:00,3.5181999999999998,3.490933333333333,268.9633333333333,297.3007866666667
2022-08-05 09:00:00,3.4919000000000002,3.4639666666666664,269.26,298.65042166666666
2022-08-05 10:00:00,3.4349,3.4099,270.115,374.28932
2022-08-05 11:00:00,3.356796296296296,3.3316666666666666,260.4148148148148,348.7774888888889
2022-08-05 12:00:00,3.3055499999999998,3.2786166666666663,269.84333333333336,300.29392333333334
2022-08-05 13:00:00,3.2531475409836066,3.2275737704918033,260.844262295082,358.18998852459015
2022-08-05 14:00:00,3.1887833333333333,3.1633,269.71833333333336,367.94702666666666
2022-08-05 15:00:00,3.1018166666666667,3.078133333333333,268.575,356.766415
2022-08-05 16:00:00,3.0608166666666667,3.0364166666666668,268.21666666666664,311.33908499999995
2022-08-05 17:00:00,3.0178833333333333,2.9937,267.5383333333333,330.8908533333333
2022-08-05 18:00:00,2.9374333333333333,2.91845,268.875,431.74109166666665
2022-08-05 19:00:00,2.80485,2.7870666666666666,267.195,417.68848499999996
2022-08-05 20:00:00,2.7510833333333333,2.7301333333333333,266.0133333333334,290.87165666666664
2022-08-05 21:00:00,2.72465,2.69605,310.03499999999997,382.26683833333334
2022-08-05 22:00:00,2.6869,2.6426000000000003,403.42833333333334,342.54626833333333
2022-08-05 23:00:00,2.783466666666667,2.7262,454.64666666666665,265.5101183333333
2022-08-06 00:00:00,2.8799166666666665,2.8480333333333334,386.0083333333333,232.63460166666667
2022-08-06 01:00:00,2.96925,2.9438666666666666,378.35333333333335,230.742625
2022-08-06 02:00:00,3.0378,3.013516666666667,379.995,275.48469
2022-08-06 03:00:00,3.1261,3.0985666666666662,383.87833333333333,221.469565
2022-08-06 04:00:00,3.203333333333333,3.1767166666666666,383.04833333333335,280.47743833333334
2022-08-06 05:00:00,3.2993666666666663,3.2672000000000003,379.77166666666665,169.16352666666666
2022-08-06 06:00:00,3.4561833333333336,3.410283333333333,438.805,206.61593499999998
2022-08-06 07:00:00,3.591716666666667,3.539266666666667,434.7933333333333,240.85351
2022-08-06 08:00:00,3.637016666666667,3.603133333333333,285.3883333333333,287.8707933333333
2022-08-06 09:00:00,3.606733333333333,3.5821833333333335,285.245,329.3644816666667
2022-08-06 10:00:00,3.553366666666667,3.53265,284.55833333333334,386.22755666666666
2022-08-06 11:00:00,3.46875,3.4506666666666663,285.625,404.16242666666665
2022-08-06 12:00:00,3.3850166666666666,3.3677,285.1766666666666,388.321075
2022-08-06 13:00:00,3.2994166666666667,3.2830999999999997,284.85833333333335,393.59614
2022-08-06 14:00:00,3.2388333333333335,3.2215166666666666,286.275,346.86126666666667
2022-08-06 15:00:00,3.185016666666667,3.1683666666666666,289.5,375.39602
2022-08-06 16:00:00,3.1235,3.10615,286.5466666666667,346.31515666666667
2022-08-06 17:00:00,3.0877833333333333,3.06855,287.245,324.53174333333334
2022-08-06 18:00:00,3.06595,3.0467166666666667,287.68833333333333,302.0143
2022-08-06 19:00:00,3.0206500000000003,3.00555,286.115,363.87767333333335
2022-08-06 20:00:00,2.986816666666667,2.968033333333333,288.56333333333333,299.374895
2022-08-06 21:00:00,2.961516666666667,2.9451666666666667,289.0516666666666,320.1480633333333
2022-08-06 22:00:00,2.9352666666666667,2.9109833333333333,240.96,301.8395433333333
2022-08-06 23:00:00,2.8679333333333332,2.8442999999999996,233.19833333333332,327.55607
2022-08-07 00:00:00,2.8097,2.7847333333333335,236.11666666666667,300.86991333333333
2022-08-07 01:00:00,2.7889833333333334,2.7609166666666667,237.44333333333333,212.41563499999998
2022-08-07 02:00:00,2.812816666666667,2.7827333333333333,236.62833333333336,183.23944333333333
2022-08-07 03:00:00,2.8303833333333333,2.80285,239.425,241.12792166666668
2022-08-07 04:00:00,2.8307333333333333,2.8093500000000002,324.73833333333334,201.10724166666665
2022-08-07 05:00:00,2.9915333333333334,3.01715,586.0416666666666,202.541565
2022-08-07 06:00:00,3.2320333333333333,3.259716666666667,588.465,221.59602833333332
2022-08-07 07:00:00,3.4345166666666667,3.4644,588.1083333333333,320.53535666666664
2022-08-07 08:00:00,3.6142499999999997,3.6396666666666664,586.9733333333334,279.65261833333335
2022-08-07 09:00:00,3.791533333333333,3.7992666666666666,468.12333333333333,299.23405833333334
2022-08-07 10:00:00,3.845966666666667,3.8173666666666666,322.3183333333333,310.65122499999995
2022-08-07 11:00:00,3.8283,3.8019833333333333,320.1066666666667,364.766535
2022-08-07 12:00:00,3.7729333333333335,3.7502833333333334,317.7633333333333,364.35283499999997
2022-08-07 13:00:00,3.760183333333333,3.7354,303.01500000000004,314.53578833333336
2022-08-07 14:00:00,3.707,3.6945166666666664,268.195,347.23158333333333
2022-08-07 15:00:00,3.653233333333333,3.6416,272.47999999999996,345.234255
2022-08-07 16:00:00,3.5647499999999996,3.5606333333333335,271.9,424.2757166666667
2022-08-07 17:00:00,3.46755,3.462816666666667,265.16833333333335,371.1241616666667
2022-08-07 18:00:00,3.3853999999999997,3.3827333333333334,267.1383333333333,388.9468683333333
2022-08-07 19:00:00,3.3032833333333333,3.299183333333333,263.5183333333333,345.59797
2022-08-07 20:00:00,3.24805,3.23915,237.0883333333333,327.18584833333335
2022-08-07 21:00:00,3.1750666666666665,3.1676,237.9,332.03270833333335
2022-08-07 22:00:00,3.1248833333333335,3.1196833333333336,297.8183333333333,312.27754166666665
2022-08-07 23:00:00,3.1286,3.124083333333333,307.3383333333333,281.833765
2022-08-08 00:00:00,3.145118644067797,3.1376101694915253,326.8474576271187,255.32616610169492
2022-08-08 01:00:00,3.1985666666666663,3.1861166666666665,325.87333333333333,257.60778
2022-08-08 02:00:00,3.2375333333333334,3.22345,324.365,223.719135
2022-08-08 03:00:00,3.3165833333333334,3.296683333333333,323.7,176.57814833333333
2022-08-08 04:00:00,3.4270666666666667,3.4021666666666666,326.885,133.10253666666668
2022-08-08 05:00:00,3.5480666666666667,3.5215166666666664,325.64500000000004,147.29097
2022-08-08 06:00:00,3.6331333333333333,3.6130833333333334,329.93833333333333,244.42351
2022-08-08 07:00:00,3.6130333333333335,3.6132166666666667,331.07666666666665,428.1440033333334
2022-08-08 08:00:00,3.5134833333333333,3.5046166666666663,287.625,438.47333
2022-08-08 09:00:00,3.428116666666667,3.4105333333333334,299.82,391.9590866666667
2022-08-08 10:00:00,3.391366666666667,3.376716666666667,328.52666666666664,324.19957
2022-08-08 11:00:00,3.360316666666667,3.35,326.72,400.36261666666667
2022-08-08 12:00:00,3.3268833333333334,3.3138833333333335,326.97833333333335,315.75008833333334
2022-08-08 13:00:00,3.3364166666666666,3.321466666666667,328.5816666666667,316.399935
2022-08-08 14:00:00,3.329833333333333,3.316333333333333,329.71666666666664,312.7310933333334
2022-08-08 15:00:00,3.3455500000000002,3.3284333333333334,329.3616666666667,287.9096133333333
2022-08-08 16:00:00,3.34445,3.3303333333333334,281.39166666666665,310.80939
2022-08-08 17:00:00,3.3192333333333335,3.3054833333333336,283.07166666666666,298.20948166666665
2022-08-08 18:00:00,3.2996333333333334,3.2872333333333335,283.3883333333333,340.19991833333336
2022-08-08 19:00:00,3.2065,3.2057833333333337,284.56166666666667,452.145695
2022-08-08 20:00:00,3.09085,3.0899833333333335,282.555,404.47670833333336
2022-08-08 21:00:00,3.0000166666666668,2.9994500000000004,281.97333333333336,417.62101666666666
2022-08-08 22:00:00,2.910816666666667,2.9096666666666664,280.33,384.1707666666667
2022-08-08 23:00:00,2.8674166666666667,2.8709166666666666,334.5883333333333,307.5560616666667
2022-08-09 00:00:00,2.901483333333333,2.9035,345.25333333333333,277.0575983333334
2022-08-09 01:00:00,2.9384333333333337,2.9381166666666667,339.115,265.7127116666667
2022-08-09 02:00:00,2.989716666666667,2.98525,342.935,229.17454166666667
2022-08-09 03:00:00,3.0900000000000003,3.0763000000000003,342.14500000000004,166.09719833333332
2022-08-09 04:00:00,3.2016,3.185583333333333,342.2566666666667,161.37789166666667
2022-08-09 05:00:00,3.3210166666666665,3.3045166666666663,342.77000000000004,154.83091000000002
2022-08-09 06:00:00,3.4196999999999997,3.4054,349.9266666666666,215.614365
2022-08-09 07:00:00,3.4787000000000003,3.4748333333333337,356.6983333333334,309.3217916666666
2022-08-09 08:00:00,3.4831166666666666,3.47885,324.875,318.97053666666665
2022-08-09 09:00:00,3.4587999999999997,3.4481166666666665,295.44,335.9941416666667
2022-08-09 10:00:00,3.4327166666666664,3.4217999999999997,296.305,316.9816866666667
2022-08-09 11:00:00,3.4000333333333335,3.39215,294.3,365.5166483333333
2022-08-09 12:00:00,3.354133333333333,3.3452833333333336,297.365,311.240355
2022-08-09 13:00:00,3.3150666666666666,3.3103333333333333,297.4183333333333,381.0030666666667
2022-08-09 14:00:00,3.2578,3.25345,298.3233333333334,364.12103833333333
2022-08-09 15:00:00,3.19925,3.1947166666666664,299.21666666666664,367.6846433333333
2022-08-09 16:00:00,3.1620166666666667,3.1557999999999997,297.93833333333333,317.6183333333333
2022-08-09 17:00:00,3.14485,3.1390000000000002,297.3833333333333,338.24661000000003
2022-08-09 18:00:00,3.0965333333333334,3.0935166666666665,298.595,346.62964666666664
2022-08-09 19:00:00,3.0444833333333334,3.0447166666666665,295.50166666666667,386.86533833333334
2022-08-09 20:00:00,2.9983666666666666,2.9936833333333337,294.3383333333333,332.03236499999997
2022-08-09 21:00:00,2.9486333333333334,2.947483333333333,292.0683333333333,358.1359166666667
2022-08-09 22:00:00,2.92245,2.9151833333333332,307.85333333333335,311.2445466666667
2022-08-09 23:00:00,2.9284499999999998,2.9114333333333335,337.38666666666666,298.1076916666667
2022-08-10 00:00:00,2.95975,2.9426,337.97333333333336,281.621035
2022-08-10 01:00:00,2.9665666666666666,2.952,338.31,332.57910333333336
2022-08-10 02:00:00,2.9846833333333334,2.96585,337.4816666666667,257.6697683333333
2022-08-10 03:00:00,3.04765,3.025516666666667,339.38666666666666,221.091045
2022-08-10 04:00:00,3.1286666666666667,3.1028333333333333,338.625,179.012685
2022-08-10 05:00:00,3.24755,3.2163,343.0933333333333,165.04755166666666
2022-08-10 06:00:00,3.4600999999999997,3.5002333333333335,493.5491666666667,269.07979
2022-08-10 07:00:00,3.7227,3.7002499999999996,379.7366666666667,306.68028
2022-08-10 08:00:00,3.711316666666667,3.685683333333333,277.60833333333335,288.3493633333334
2022-08-10 09:00:00,3.7028000000000003,3.675116666666667,270.80333333333334,282.23586166666666
2022-08-10 10:00:00,3.6868333333333334,3.6586333333333334,276.0066666666667,288.51612833333337
2022-08-10 11:00:00,3.658183333333333,3.6320833333333336,276.0683333333333,330.1923716666667
2022-08-10 12:00:00,3.6127833333333332,3.588983333333333,273.7366666666667,320.60556166666663
2022-08-10 13:00:00,3.5534499999999998,3.532166666666667,273.77666666666664,391.21279
2022-08-10 14:00:00,3.4861833333333334,3.4638666666666666,273.775,320.15838833333333
2022-08-10 15:00:00,3.4525833333333336,3.4306666666666668,271.4016666666667,308.75195833333333
2022-08-10 16:00:00,3.4068666666666667,3.386483333333333,271.3366666666667,363.4447816666667
2022-08-10 17:00:00,3.324516666666667,3.308266666666667,275.51666666666665,383.53046166666667
2022-08-10 18:00:00,3.2318,3.2197999999999998,279.78499999999997,425.1918816666667
2022-08-10 19:00:00,3.1175166666666665,3.1081,279.5083333333333,424.68219166666665
2022-08-10 20:00:00,3.0177166666666664,3.00775,278.9933333333333,417.6634833333334
2022-08-10 21:00:00,2.9517666666666664,2.9392333333333336,279.40333333333336,315.00723833333336
2022-08-10 22:00:00,2.9246499999999997,2.909683333333333,291.685,314.32475
2022-08-10 23:00:00,2.9416333333333333,2.912116666666667,333.4433333333333,252.14175166666666
2022-08-11 00:00:00,2.9994666666666663,2.96805,336.2883333333333,232.59812
2022-08-11 01:00:00,3.065516666666667,3.0325166666666665,337.01500000000004,209.08019166666665
2022-08-11 02:00:00,3.152016666666667,3.11745,339.30833333333334,200.64341833333336
2022-08-11 03:00:00,3.2375333333333334,3.2013833333333332,338.00166666666667,188.64442666666667
2022-08-11 04:00:00,3.3406333333333333,3.3028833333333334,338.93,152.06334999999999
2022-08-11 05:00:00,3.4624333333333337,3.4223166666666667,342.92333333333335,152.990965
2022-08-11 06:00:00,3.6271833333333334,3.627083333333333,429.17249999999996,201.81105166666666
2022-08-11 07:00:00,3.70225,3.7087999999999997,392.705,379.143275
2022-08-11 08:00:00,3.640333333333333,3.6271666666666667,276.2866666666667,426.69727666666665
2022-08-11 09:00:00,3.5684666666666667,3.5471,275.5883333333333,339.58469333333335
2022-08-11 10:00:00,3.504233333333333,3.4854,276.405,412.10416499999997
2022-08-11 11:00:00,3.391116666666667,3.3765333333333336,276.2966666666667,405.91750333333334
2022-08-11 12:00:00,3.3285,3.31115,278.9533333333333,321.69487000000004
2022-08-11 13:00:00,3.3034833333333333,3.2855,281.975,297.32672833333334
2022-08-11 14:00:00,3.2836833333333333,3.2641,277.0366666666667,304.3422033333334
2022-08-11 15:00:00,3.2604666666666664,3.240083333333333,276.1716666666667,300.74701
2022-08-11 16:00:00,3.2215333333333334,3.2046666666666668,274.495,344.5710233333333
2022-08-11 17:00:00,3.1649666666666665,3.1445166666666666,218.32000000000002,320.6453633333333
2022-08-11 18:00:00,3.1088666666666667,3.0873833333333334,276.445,298.74532833333336
2022-08-11 19:00:00,3.080433333333333,3.0779833333333335,361.2416666666667,334.63678
2022-08-11 20:00:00,3.1108333333333333,3.1204666666666667,396.62833333333333,354.3051016666667
2022-08-11 21:00:00,3.0872333333333333,3.1077166666666667,396.14666666666665,418.01908333333336
2022-08-11 22:00:00,3.040433333333333,3.0531,341.84833333333336,481.63104500000003
2022-08-11 23:00:00,2.9552166666666664,2.9507333333333334,300.76500000000004,358.56176
2022-08-12 00:00:00,2.95295,2.94045,315.84166666666664,277.75568833333335
2022-08-12 01:00:00,2.98235,2.9650499999999997,315.17,233.82763500000001
2022-08-12 02:00:00,3.0446833333333334,3.023216666666667,316.005,208.73441833333334
2022-08-12 03:00:00,3.1203833333333337,3.096783333333333,317.2316666666667,181.62760500000002
2022-08-12 04:00:00,3.20895,3.1866333333333334,363.53499999999997,167.33087500000002
2022-08-12 05:00:00,3.3971666666666667,3.4243666666666663,589.1083333333333,166.85540166666667
2022-08-12 06:00:00,3.653383333333333,3.684166666666667,539.1433333333333,208.44551166666668
2022-08-12 07:00:00,3.76965,3.7454666666666667,300.205,310.56599666666665
2022-08-12 08:00:00,3.7393333333333336,3.715716666666667,301.47,328.43607333333335
2022-08-12 09:00:00,3.7080166666666665,3.6866833333333333,300.555,354.89472
2022-08-12 10:00:00,3.6762,3.6523833333333333,301.13,316.1627933333333
2022-08-12 11:00:00,3.65915,3.6359166666666667,301.47166666666664,327.9992383333334
2022-08-12 12:00:00,3.5970333333333335,3.58025,300.97999999999996,414.35093333333333
2022-08-12 13:00:00,3.5225333333333335,3.5099333333333336,262.77000000000004,345.11747
2022-08-12 14:00:00,3.4520166666666667,3.444866666666667,247.17999999999998,347.57164833333337
2022-08-12 15:00:00,3.371283333333333,3.3665333333333334,247.40666666666667,358.7478766666666
2022-08-12 16:00:00,3.275916666666667,3.2764,248.38333333333333,406.28609666666665
2022-08-12 17:00:00,3.147683333333333,3.1476333333333333,281.4566666666667,454.81560333333334
2022-08-12 18:00:00,3.0700833333333337,3.0585666666666667,283.87,346.8762766666667
2022-08-12 19:00:00,3.0264499999999996,3.0143166666666668,282.42,336.96192666666667
2022-08-12 20:00:00,2.98435,2.9733666666666667,281.78499999999997,328.52984166666664
2022-08-12 21:00:00,2.9499500000000003,2.94055,282.32666666666665,313.83924833333333
2022-08-12 22:00:00,2.9386,2.939416666666667,355.585,315.37081666666666
2022-08-12 23:00:00,2.936,2.95,384.385,404.56697499999996
2022-08-13 00:00:00,2.9739999999999998,2.9496333333333333,383.0,275.88583666666665
2022-08-13 01:00:00,3.046683333333333,3.0199833333333332,385.13666666666666,263.7122783333333
2022-08-13 02:00:00,3.129116666666667,3.099483333333333,384.25333333333333,246.96460833333333
2022-08-13 03:00:00,3.2195166666666664,3.1883,384.06,233.96232999999998
2022-08-13 04:00:00,3.3266,3.29295,384.37833333333333,186.29736999999997
2022-08-13 05:00:00,3.4627499999999998,3.425316666666667,385.62166666666667,165.44499666666667
2022-08-13 06:00:00,3.5998333333333337,3.56185,387.6066666666667,203.83159166666667
2022-08-13 07:00:00,3.688216666666667,3.6521166666666667,383.615,270.58671333333336
2022-08-13 08:00:00,3.7461333333333333,3.7148,349.34833333333336,292.88957833333336
2022-08-13 09:00:00,3.7135000000000002,3.6994333333333334,296.93833333333333,379.66211500000003
2022-08-13 10:00:00,3.6224,3.6160666666666668,295.945,450.87809
2022-08-13 11:00:00,3.5360333333333336,3.5242333333333336,282.60999999999996,340.64995333333337
2022-08-13 12:00:00,3.5054333333333334,3.474883333333333,226.40833333333333,305.41709333333336
2022-08-13 13:00:00,3.42055,3.3937666666666666,226.71,367.27355
2022-08-13 14:00:00,3.2941333333333334,3.2725,223.48999999999998,424.47805666666665
2022-08-13 15:00:00,3.18255,3.158183333333333,225.93833333333333,342.8525333333333
2022-08-13 16:00:00,3.1103333333333336,3.085183333333333,225.45333333333335,308.44449499999996
2022-08-13 17:00:00,3.0225999999999997,3.0015666666666667,224.255,394.3188016666666
2022-08-13 18:00:00,2.9283,2.9054999999999995,219.34333333333333,282.95783666666665
2022-08-13 19:00:00,2.8914666666666666,2.8678833333333333,219.785,273.0532383333333
2022-08-13 20:00:00,2.83235,2.8112333333333335,218.82999999999998,351.61553333333336
2022-08-13 21:00:00,2.7136833333333334,2.7075,290.31333333333333,395.20867
2022-08-13 22:00:00,2.7283166666666667,2.70395,392.82,281.33086333333335
2022-08-13 23:00:00,2.787583333333333,2.7593,391.935,325.9363133333334
2022-08-14 00:00:00,2.8347333333333333,2.8093500000000002,401.73833333333334,264.37195333333335
2022-08-14 01:00:00,2.9195166666666665,2.9158,391.31333333333333,243.82674
2022-08-14 02:00:00,3.0138833333333332,3.0051833333333335,393.00166666666667,223.868955
2022-08-14 03:00:00,3.1355666666666666,3.1205833333333337,393.76,184.89723666666666
2022-08-14 04:00:00,3.272483333333333,3.255866666666667,394.0783333333333,184.285535
2022-08-14 05:00:00,3.375983333333333,3.366633333333333,399.0316666666667,268.5140916666667
2022-08-14 06:00:00,3.4617666666666667,3.4500333333333333,404.47166666666664,246.5252933333333
2022-08-14 07:00:00,3.5611,3.5475166666666667,400.9933333333333,246.61431
2022-08-14 08:00:00,3.6154,3.5890166666666667,288.88,272.137155
2022-08-14 09:00:00,3.6136833333333334,3.5871,289.345,289.24166333333335
2022-08-14 10:00:00,3.5909666666666666,3.56765,288.9633333333333,344.39564333333334
2022-08-14 11:00:00,3.5298333333333334,3.509666666666667,291.42833333333334,368.54205833333333
2022-08-14 12:00:00,3.473583333333333,3.453016666666667,288.46,345.9874566666667
2022-08-14 13:00:00,3.45625,3.4307666666666665,287.9166666666667,280.3180433333334
2022-08-14 14:00:00,3.440816666666667,3.420166666666667,288.6766666666666,333.0430833333333
2022-08-14 15:00:00,3.3860666666666663,3.36885,289.905,370.884505
2022-08-14 16:00:00,3.322583333333333,3.3054333333333332,288.73499999999996,369.84148
2022-08-14 17:00:00,3.2577833333333337,3.242633333333333,287.4866666666667,364.1961933333333
2022-08-14 18:00:00,3.193,3.1805666666666665,290.74666666666667,389.27692666666667
2022-08-14 19:00:00,3.1358,3.122266666666667,288.745,348.83190666666667
2022-08-14 20:00:00,3.0813333333333333,3.0696999999999997,288.335,366.97089666666665
2022-08-14 21:00:00,3.0235,3.01125,288.3066666666667,353.7697
2022-08-14 22:00:00,2.9848333333333334,2.9717,285.5316666666667,311.33121166666666
2022-08-14 23:00:00,2.978466666666667,2.9621166666666667,306.06333333333333,261.289895
2022-08-15 00:00:00,3.0374166666666667,3.019433333333333,354.7816666666667,229.25149833333333
2022-08-15 01:00:00,3.0988333333333333,3.0814333333333335,357.30833333333334,257.151305
2022-08-15 02:00:00,3.19305,3.1687000000000003,358.65,180.90188166666667
2022-08-15 03:00:00,3.3082,3.2811166666666667,356.7866666666667,172.9900616666667
2022-08-15 04:00:00,3.4342333333333332,3.403516666666667,358.34833333333336,153.36619833333333
2022-08-15 05:00:00,3.557933333333333,3.5261333333333336,360.3883333333333,170.70354166666667
2022-08-15 06:00:00,3.6790333333333334,3.6450166666666663,355.12833333333333,173.47893666666667
2022-08-15 07:00:00,3.74225,3.7174833333333335,349.39666666666665,330.99175333333335
2022-08-15 08:00:00,3.6980833333333334,3.68515,289.295,379.04453666666666
2022-08-15 09:00:00,3.6677833333333334,3.6475166666666667,289.90333333333336,281.51710333333335
2022-08-15 10:00:00,3.632433333333333,3.6186166666666666,288.57,382.41359166666666
2022-08-15 11:00:00,3.5560833333333335,3.548216666666667,288.72999999999996,407.935955
2022-08-15 12:00:00,3.4562999999999997,3.4515833333333332,285.335,398.71248333333335
2022-08-15 13:00:00,3.389733333333333,3.38245,287.57666666666665,370.0193933333333
2022-08-15 14:00:00,3.326516666666667,3.32035,288.99,366.2319
2022-08-15 15:00:00,3.28545,3.2767,288.42833333333334,309.2494766666667
2022-08-15 16:00:00,3.2930333333333333,3.278383333333333,289.405,265.751805
2022-08-15 17:00:00,3.2728166666666665,3.264933333333333,289.555,338.6789283333334
2022-08-15 18:00:00,3.1803000000000003,3.1839333333333335,289.28,464.1623183333333
2022-08-15 19:00:00,3.08745,3.0859,289.8683333333333,387.399405
2022-08-15 20:00:00,3.0280666666666667,3.0247333333333333,290.2683333333333,349.6480683333333
2022-08-15 21:00:00,2.9696000000000002,2.9693,292.74,372.8628033333333
2022-08-15 22:00:00,2.912716666666667,2.9133166666666668,291.7083333333333,365.07430166666666
2022-08-15 23:00:00,2.8477333333333332,2.8494333333333333,293.12,393.11287166666665
2022-08-16 00:00:00,2.80245,2.7988,295.1316666666667,295.8245316666667
2022-08-16 01:00:00,2.818033333333333,2.8091166666666667,296.5883333333333,259.42059
2022-08-16 02:00:00,2.85355,2.8405666666666667,295.6116666666667,196.47638666666666
2022-08-16 03:00:00,2.9282666666666666,2.911283333333333,296.02166666666665,172.4277416666667
2022-08-16 04:00:00,3.02,2.996683333333333,299.4933333333333,132.71893833333334
2022-08-16 05:00:00,3.1368,3.1058833333333333,382.6933333333333,159.55295333333333
2022-08-16 06:00:00,3.307733333333333,3.26755,436.075,187.95740833333332
2022-08-16 07:00:00,3.436783333333333,3.3933666666666666,436.625,287.2389
2022-08-16 08:00:00,3.4878833333333334,3.443166666666667,434.0866666666667,379.04559
2022-08-16 09:00:00,3.5370333333333335,3.498066666666667,380.7916666666667,285.93421666666666
2022-08-16 10:00:00,3.5659,3.5381666666666667,353.90999999999997,339.04561666666666
2022-08-16 11:00:00,3.5416666666666665,3.5157833333333333,351.25,377.21840833333334
2022-08-16 12:00:00,3.53345,3.5073,335.01,329.8019116666666
2022-08-16 13:00:00,3.51945,3.502533333333333,298.72999999999996,319.96874833333334
2022-08-16 14:00:00,3.485783333333333,3.4724500000000003,299.435,340.82616666666667
2022-08-16 15:00:00,3.4481166666666665,3.4360500000000003,300.53333333333336,349.2097933333333
2022-08-16 16:00:00,3.4253,3.4115166666666665,300.7183333333333,307.1688183333333
2022-08-16 17:00:00,3.4076,3.3943166666666666,299.84000000000003,344.1991883333333
2022-08-16 18:00:00,3.338616666666667,3.334,299.6333333333333,420.9249066666667
2022-08-16 19:00:00,3.2697333333333334,3.261416666666667,301.37,353.25053833333334
2022-08-16 20:00:00,3.2363500000000003,3.2272833333333333,298.81166666666667,359.267075
2022-08-16 21:00:00,3.1843833333333333,3.1770833333333335,297.51666666666665,344.3783
2022-08-16 22:00:00,3.163416666666667,3.152133333333333,295.42,324.596735
2022-08-16 23:00:00,3.120483333333333,3.1154333333333333,294.64833333333337,370.78179166666666
2022-08-17 00:00:00,3.0949999999999998,3.0818166666666666,297.80333333333334,252.61268166666665
2022-08-17 01:00:00,3.13245,3.1185166666666664,300.0383333333333,258.7955866666667
2022-08-17 02:00:00,3.159066666666667,3.1424499999999997,298.575,236.26434166666667
2022-08-17 03:00:00,3.206033333333333,3.18635,298.46,219.91218833333332
2022-08-17 04:00:00,3.25795,3.235066666666667,299.0433333333333,191.69741166666665
2022-08-17 05:00:00,3.3485333333333336,3.3207333333333335,298.85999999999996,158.25187666666667
2022-08-17 06:00:00,3.4256333333333333,3.3969,397.5933333333333,222.06603166666667
2022-08-17 07:00:00,3.589,3.5521333333333334,558.3,301.3439466666667
2022-08-17 08:00:00,3.64695,3.6262833333333333,281.12166666666667,324.89079166666664
2022-08-17 09:00:00,3.5938333333333334,3.5767499999999997,278.53499999999997,326.61763833333333
2022-08-17 10:00:00,3.5379666666666667,3.5233666666666665,278.51166666666666,364.32552000000004
2022-08-17 11:00:00,3.472983333333333,3.4587333333333334,279.50333333333333,329.1703066666667
2022-08-17 12:00:00,3.4217500000000003,3.4068833333333335,280.23333333333335,316.631515
2022-08-17 13:00:00,3.396266666666667,3.3789000000000002,276.26,296.2119633333333
2022-08-17 14:00:00,3.35305,3.33865,279.35166666666663,327.84417833333333
2022-08-17 15:00:00,3.2954,3.283166666666667,279.9566666666667,339.80599666666666
2022-08-17 16:00:00,3.2517,3.2372500000000004,279.27166666666665,305.84817333333336
2022-08-17 17:00:00,3.1918,3.18455,279.3316666666667,388.24478
2022-08-17 18:00:00,3.0829,3.080033333333333,278.4133333333333,407.31404833333335
2022-08-17 19:00:00,3.014533333333333,3.0034,278.2583333333333,315.48952333333335
2022-08-17 20:00:00,2.9726500000000002,2.9648499999999998,277.37333333333333,317.04846833333335
2022-08-17 21:00:00,2.939216666666667,2.9303666666666666,280.625,295.5871783333333
2022-08-17 22:00:00,2.9294166666666666,2.9083666666666668,336.40833333333336,316.40491833333334
2022-08-17 23:00:00,2.932733333333333,2.9080333333333335,355.98499999999996,322.39519666666666
2022-08-18 00:00:00,2.946633333333333,2.9195166666666665,357.53499999999997,266.49564333333336
2022-08-18 01:00:00,3.0235833333333333,2.9944166666666665,362.8016666666666,219.41135500000001
2022-08-18 02:00:00,3.0925000000000002,3.06295,363.72166666666664,237.2781183333333
2022-08-18 03:00:00,3.1741333333333333,3.1418000000000004,365.02166666666665,210.63864999999998
2022-08-18 04:00:00,3.2673166666666664,3.2327999999999997,365.56333333333333,199.93265166666666
2022-08-18 05:00:00,3.3748666666666667,3.3376500000000004,372.02166666666665,163.37466833333335
2022-08-18 06:00:00,3.5313999999999997,3.4850666666666665,451.9433333333333,213.078505
2022-08-18 07:00:00,3.6248833333333335,3.578016666666667,442.1333333333333,329.39431666666667
2022-08-18 08:00:00,3.6117666666666666,3.5893,299.60166666666663,352.71511
2022-08-18 09:00:00,3.54755,3.535083333333333,291.35499999999996,355.32981166666667
2022-08-18 10:00:00,3.499416666666667,3.4825833333333334,275.93,314.90140833333334
2022-08-18 11:00:00,3.45725,3.4378,277.255,294.52674
2022-08-18 12:00:00,3.4465833333333333,3.42415,275.845,268.148415
2022-08-18 13:00:00,3.4229,3.405733333333333,279.8383333333333,306.6202583333333
2022-08-18 14:00:00,3.3752500000000003,3.3606833333333332,276.5366666666667,325.94796833333334
2022-08-18 15:00:00,3.3409666666666666,3.3256333333333337,276.875,311.62831833333337
2022-08-18 16:00:00,3.2722333333333333,3.2628333333333335,277.15,344.71921333333336
2022-08-18 17:00:00,3.2182000000000004,3.2070833333333337,275.62,336.43998666666664
2022-08-18 18:00:00,3.1589666666666667,3.1504166666666666,274.78333333333336,350.4026866666666
2022-08-18 19:00:00,3.0859333333333336,3.0802833333333335,275.9483333333334,400.52888333333334
2022-08-18 20:00:00,2.97795,2.976183333333333,273.33,391.1581066666667
2022-08-18 21:00:00,2.90755,2.9073833333333337,290.85,353.29148
2022-08-18 22:00:00,2.8715166666666665,2.8884499999999997,326.165,316.72431166666667
2022-08-18 23:00:00,2.8871499999999997,2.8956500000000003,322.47,272.63287333333335
2022-08-19 00:00:00,2.9278166666666667,2.930266666666667,321.47333333333336,219.23492
2022-08-19 01:00:00,3.001716666666667,2.9967333333333332,323.56666666666666,186.56652
2022-08-19 02:00:00,3.0883499999999997,3.0809166666666665,325.885,182.12611166666665
2022-08-19 03:00:00,3.1816666666666666,3.172616666666667,324.6933333333333,168.347895
2022-08-19 04:00:00,3.2692166666666664,3.260483333333333,325.315,178.89155166666666
2022-08-19 05:00:00,3.3739666666666666,3.3604666666666665,326.6566666666667,151.78056833333332
2022-08-19 06:00:00,3.446466666666667,3.4411666666666667,325.07,273.46104
2022-08-19 07:00:00,3.4176,3.4264666666666668,327.74833333333333,395.03049833333336
2022-08-19 08:00:00,3.356466666666667,3.3678833333333333,329.75,347.96264333333335
2022-08-19 09:00:00,3.34145,3.35145,325.64833333333337,357.92875166666664
2022-08-19 10:00:00,3.2962,3.309566666666667,329.75333333333333,377.6443683333334
2022-08-19 11:00:00,3.2499,3.2631333333333337,329.72166666666664,362.25216
2022-08-19 12:00:00,3.2533000000000003,3.256866666666667,332.36333333333334,270.7607933333333
2022-08-19 13:00:00,3.2715,3.278966666666667,329.97999999999996,313.55127166666665
2022-08-19 14:00:00,3.2657499999999997,3.2736500000000004,331.185,303.03492
2022-08-19 15:00:00,3.2632166666666667,3.2743333333333333,332.37666666666667,348.3432516666666
2022-08-19 16:00:00,3.246466666666667,3.2545,332.10833333333335,292.61898333333335
2022-08-19 17:00:00,3.2691333333333334,3.27415,331.38666666666666,286.67598
2022-08-19 18:00:00,3.295733333333333,3.28405,321.56333333333333,296.9375283333333
2022-08-19 19:00:00,3.2984,3.2431666666666668,316.19666666666666,336.1096183333333
2022-08-19 20:00:00,3.2622166666666668,3.2051000000000003,313.37166666666667,402.356085
2022-08-19 21:00:00,3.1907,3.1344166666666666,312.32,346.69258
2022-08-19 22:00:00,3.1648833333333335,3.1109333333333336,312.87666666666667,331.0862333333333
2022-08-19 23:00:00,3.136,3.085566666666667,294.96666666666664,310.487635
2022-08-20 00:00:00,3.12105,3.072683333333333,293.43,289.974965
2022-08-20 01:00:00,3.120166666666667,3.0747833333333334,291.59833333333336,233.09043166666666
2022-08-20 02:00:00,3.1665,3.1225333333333336,289.87166666666667,190.36486333333332
2022-08-20 03:00:00,3.2274499999999997,3.183383333333333,291.2116666666667,175.62381666666667
2022-08-20 04:00:00,3.2800000000000002,3.23105,293.7583333333333,239.11882333333332
2022-08-20 05:00:00,3.31885,3.2719333333333336,292.76500000000004,181.595845
2022-08-20 06:00:00,3.3827333333333334,3.3350999999999997,294.05,203.29056
2022-08-20 07:00:00,3.4200166666666667,3.3693,297.3933333333333,234.38734666666667
2022-08-20 08:00:00,3.4482166666666667,3.395966666666667,293.9266666666666,279.9441166666667
2022-08-20 09:00:00,3.4259,3.3706666666666667,293.905,313.30652
2022-08-20 10:00:00,3.402066666666667,3.3470166666666668,292.225,322.7879183333333
2022-08-20 11:00:00,3.373083333333333,3.3195833333333336,293.85999999999996,300.68234
2022-08-20 12:00:00,3.3417833333333333,3.2867,292.2866666666667,352.35875166666665
2022-08-20 13:00:00,3.2923833333333334,3.2380333333333335,292.5416666666667,336.84305333333333
2022-08-20 14:00:00,3.2564833333333336,3.2032499999999997,294.0,316.2860083333333
2022-08-20 15:00:00,3.2075666666666667,3.1527833333333333,294.7883333333333,389.5932516666666
2022-08-20 16:00:00,3.1434333333333333,3.08935,294.025,352.53171000000003
2022-08-20 17:00:00,3.0687833333333336,3.0120333333333336,293.6433333333333,427.9698583333333
2022-08-20 18:00:00,2.973316666666667,2.9196166666666667,293.5083333333333,350.8151833333333
2022-08-20 19:00:00,2.9605,2.9128499999999997,293.0816666666667,259.6343816666667
2022-08-20 20:00:00,2.9589,2.9093166666666668,291.6,312.39315999999997
2022-08-20 21:00:00,2.9118833333333334,2.8615500000000003,288.85999999999996,369.8587483333333
2022-08-20 22:00:00,2.853533333333333,2.804533333333333,289.995,301.76408
2022-08-20 23:00:00,2.854516666666667,2.8230500000000003,360.43833333333333,296.81153333333333
2022-08-21 00:00:00,2.90795,2.881533333333333,381.6816666666667,241.67118666666664
2022-08-21 01:00:00,2.9986,2.96975,380.555,212.42388333333335
2022-08-21 02:00:00,3.1126666666666667,3.0810166666666663,379.09666666666664,178.3049366666667
2022-08-21 03:00:00,3.2365666666666666,3.2034666666666665,377.22666666666663,183.86296833333333
2022-08-21 04:00:00,3.3584,3.3231333333333333,377.45166666666665,155.51328
2022-08-21 05:00:00,3.4918,3.4559,377.74833333333333,191.46913833333335
2022-08-21 06:00:00,3.5937333333333332,3.5576333333333334,382.0,218.89145
2022-08-21 07:00:00,3.6780833333333334,3.645366666666667,342.71500000000003,249.35502666666667
2022-08-21 08:00:00,3.6707666666666667,3.652816666666667,282.03333333333336,315.44594333333333
2022-08-21 09:00:00,3.624616666666667,3.6107500000000003,285.4316666666667,345.4240383333333
2022-08-21 10:00:00,3.5472166666666665,3.5378,282.065,394.6335983333333
2022-08-21 11:00:00,3.4804666666666666,3.4671833333333333,285.3016666666666,327.9473933333333
2022-08-21 12:00:00,3.44515,3.4307833333333333,285.88,316.10804833333333
2022-08-21 13:00:00,3.4193333333333333,3.4042000000000003,286.5383333333333,292.73032166666667
2022-08-21 14:00:00,3.4079166666666665,3.39165,286.425,306.60593
2022-08-21 15:00:00,3.3708666666666667,3.3577833333333333,287.5566666666667,288.726255
2022-08-21 16:00:00,3.3664833333333335,3.3528000000000002,287.14500000000004,318.69295
2022-08-21 17:00:00,3.3056,3.2984166666666668,287.14500000000004,354.29007
2022-08-21 18:00:00,3.2444833333333336,3.23745,285.3183333333333,375.4301183333333
2022-08-21 19:00:00,3.1655666666666664,3.1607666666666665,278.01500000000004,376.2698916666667
2022-08-21 20:00:00,3.0821833333333335,3.080366666666667,283.50166666666667,400.6689316666667
2022-08-21 21:00:00,2.96555,2.9678666666666667,285.57666666666665,460.2386016666667
2022-08-21 22:00:00,2.8450833333333336,2.846366666666667,292.9066666666667,397.36912666666666
2022-08-21 23:00:00,2.7962333333333333,2.791116666666667,297.5683333333333,333.31757166666665
2022-08-22 00:00:00,2.79115,2.7789166666666665,294.11333333333334,226.77567833333333
2022-08-22 01:00:00,2.8463166666666666,2.8304666666666667,296.2133333333333,181.51362
2022-08-22 02:00:00,2.92035,2.9029666666666665,300.20166666666665,169.12912
2022-08-22 03:00:00,3.0038666666666667,2.9823999999999997,297.9183333333333,159.680485
2022-08-22 04:00:00,3.085733333333333,3.0633333333333335,295.255,167.68173833333333
2022-08-22 05:00:00,3.1661833333333336,3.1416833333333334,296.46,150.12054500000002
2022-08-22 06:00:00,3.2426000000000004,3.2214666666666667,316.405,197.23759166666665
2022-08-22 07:00:00,3.2964166666666666,3.290016666666667,360.77000000000004,282.1033366666667
2022-08-22 08:00:00,3.2925166666666663,3.294233333333333,329.02666666666664,387.77379
2022-08-22 09:00:00,3.2140166666666667,3.2026666666666666,264.69,373.92248333333333
2022-08-22 10:00:00,3.1599500000000003,3.1426000000000003,268.34,298.5872033333333
2022-08-22 11:00:00,3.128216666666667,3.1111166666666668,269.02000000000004,299.85826
2022-08-22 12:00:00,3.0765333333333333,3.0623,265.97166666666664,355.26996833333334
2022-08-22 13:00:00,3.011883333333333,2.9983999999999997,266.91833333333335,331.36708333333337
2022-08-22 14:00:00,2.9511333333333334,2.9393333333333334,265.45166666666665,349.2042116666667
2022-08-22 15:00:00,2.8699333333333334,2.8618333333333337,269.2866666666667,382.5019683333333
2022-08-22 16:00:00,2.7747666666666664,2.7670833333333333,267.90666666666664,356.8618883333333
2022-08-22 17:00:00,2.734766666666667,2.7239833333333334,265.90666666666664,311.38335166666667
2022-08-22 18:00:00,2.681966666666667,2.6740666666666666,268.87,316.19592
2022-08-22 19:00:00,2.6350166666666666,2.62745,267.8666666666667,348.59313000000003
2022-08-22 20:00:00,2.57105,2.5645666666666664,268.815,327.942135
2022-08-22 21:00:00,2.5266499999999996,2.5195166666666666,270.4316666666667,298.77664833333336
2022-08-22 22:00:00,2.5411166666666665,2.5065166666666667,416.85999999999996,355.07713666666666
2022-08-22 23:00:00,2.547266666666667,2.5159499999999997,341.5366666666667,337.4964683333334
2022-08-23 00:00:00,2.56955,2.5365333333333333,384.43833333333333,269.34270833333335
2022-08-23 01:00:00,2.6435166666666663,2.6077,385.7683333333333,250.39558166666666
2022-08-23 02:00:00,2.72115,2.6858166666666667,385.97333333333336,232.15949
2022-08-23 03:00:00,2.8365,2.799983333333333,387.3666666666667,176.83241
2022-08-23 04:00:00,2.9696333333333333,2.9311000000000003,388.795,158.01435666666666
2022-08-23 05:00:00,3.1314333333333333,3.0897833333333335,481.84000000000003,169.92111000000003
2022-08-23 06:00:00,3.38045,3.3146833333333334,636.0166666666667,287.11480166666666
2022-08-23 07:00:00,3.4577,3.3916833333333334,345.35833333333335,384.01411666666667
2022-08-23 08:00:00,3.4308666666666667,3.36865,346.14833333333337,299.59251166666667
2022-08-23 09:00:00,3.43685,3.383866666666667,296.3,298.26390499999997
2022-08-23 10:00:00,3.408983333333333,3.35895,292.9266666666666,301.52767166666666
2022-08-23 11:00:00,3.4040000000000004,3.3552166666666663,292.85166666666663,276.9135866666667
2022-08-23 12:00:00,3.3865499999999997,3.3375666666666666,293.06166666666667,310.0719133333333
2022-08-23 13:00:00,3.3819999999999997,3.3341833333333333,294.8383333333333,258.089705
2022-08-23 14:00:00,3.384783333333333,3.3360166666666666,294.97333333333336,302.95069166666667
2022-08-23 15:00:00,3.36125,3.3123666666666667,293.60166666666663,299.9436216666667
2022-08-23 16:00:00,3.3365666666666667,3.2885166666666668,292.01666666666665,321.9175133333334
2022-08-23 17:00:00,3.3000166666666666,3.2525833333333334,288.1616666666667,321.71638333333334
2022-08-23 18:00:00,3.25115,3.2030833333333333,288.14666666666665,385.89912833333335
2022-08-23 19:00:00,3.1273666666666666,3.0772166666666667,288.96666666666664,493.9218283333333
2022-08-23 20:00:00,3.0067999999999997,2.960983333333333,287.58,373.42697000000004
2022-08-23 21:00:00,2.9452833333333337,2.9023,283.005,325.21764833333333
2022-08-23 22:00:00,2.9219166666666667,2.904233333333333,333.76500000000004,272.72888166666667
2022-08-23 23:00:00,2.9551333333333334,2.970833333333333,378.92833333333334,265.0296716666667
2022-08-24 00:00:00,3.0236500000000004,3.036783333333333,384.05833333333334,256.6197966666667
2022-08-24 01:00:00,3.1162666666666667,3.1266666666666665,386.69666666666666,194.91457499999999
2022-08-24 02:00:00,3.2465166666666665,3.252666666666667,388.12833333333333,170.13544000000002
2022-08-24 03:00:00,3.3754,3.380533333333333,386.96666666666664,177.75919833333333
2022-08-24 04:00:00,3.5117333333333334,3.5097666666666667,379.90833333333336,149.21528666666666
2022-08-24 05:00:00,3.6519,3.649,381.40999999999997,195.18055666666666
2022-08-24 06:00:00,3.7354333333333334,3.7283666666666666,323.68666666666667,228.26451166666666
2022-08-24 07:00:00,3.743866666666667,3.7333166666666666,278.1633333333333,317.53956999999997
2022-08-24 08:00:00,3.67795,3.6751,278.62,357.62239000000005
2022-08-24 09:00:00,3.6227333333333336,3.6175333333333333,278.35833333333335,328.25420833333334
2022-08-24 10:00:00,3.5819833333333335,3.5762666666666667,280.12833333333333,320.041875
2022-08-24 11:00:00,3.5215,3.520483333333333,279.75,357.89286
2022-08-24 12:00:00,3.4333833333333335,3.4387833333333333,279.04833333333335,431.273475
2022-08-24 13:00:00,3.3346666666666667,3.3372666666666664,278.9116666666667,335.10048166666667
2022-08-24 14:00:00,3.322216666666667,3.3164000000000002,282.1,287.500505
2022-08-24 15:00:00,3.3063999999999996,3.299316666666667,280.9166666666667,274.77143333333333
2022-08-24 16:00:00,3.2939833333333337,3.2876666666666665,281.47666666666663,277.71386
2022-08-24 17:00:00,3.286016666666667,3.2801833333333335,280.71666666666664,281.29816666666665
2022-08-24 18:00:00,3.2750333333333335,3.26855,280.1566666666667,285.54389999999995
2022-08-24 19:00:00,3.2348333333333334,3.23605,279.5733333333334,346.17162833333333
2022-08-24 20:00:00,3.1614833333333334,3.1685166666666666,280.62833333333333,384.01394
2022-08-24 21:00:00,3.0703833333333335,3.081233333333333,279.75166666666667,387.898325
2022-08-24 22:00:00,2.986083333333333,2.9964500000000003,277.9116666666667,379.121555
2022-08-24 23:00:00,2.92255,2.92315,325.32666666666665,366.91138166666667
2022-08-25 00:00:00,2.90875,2.899083333333333,339.13,300.3031983333333
2022-08-25 01:00:00,2.9488833333333333,2.933683333333333,342.0316666666667,235.73234166666668
2022-08-25 02:00:00,3.0359666666666665,3.01355,340.23333333333335,169.45672333333331
2022-08-25 03:00:00,3.1440833333333336,3.1200166666666664,343.135,161.116645
2022-08-25 04:00:00,3.25495,3.229433333333333,342.8366666666667,165.70940333333334
2022-08-25 05:00:00,3.3502333333333336,3.3262333333333336,340.39833333333337,207.620515
2022-08-25 06:00:00,3.4103,3.3864666666666663,337.51166666666666,240.91314333333332
2022-08-25 07:00:00,3.4300333333333333,3.4105,338.505,360.60133833333333
2022-08-25 08:00:00,3.3876833333333334,3.3737666666666666,343.62,344.29076499999996
2022-08-25 09:00:00,3.3957333333333333,3.3773,340.42833333333334,279.965805
2022-08-25 10:00:00,3.4219999999999997,3.4027666666666665,342.23833333333334,307.24290833333333
2022-08-25 11:00:00,3.442833333333333,3.4215,338.1816666666667,257.9949316666667
2022-08-25 12:00:00,3.4833166666666666,3.46245,338.57166666666666,284.72225333333336
2022-08-25 13:00:00,3.4698333333333333,3.454716666666667,339.7116666666667,353.538565
2022-08-25 14:00:00,3.4652000000000003,3.4473333333333334,340.0416666666667,316.667175
2022-08-25 15:00:00,3.4582166666666665,3.4416333333333333,340.5566666666667,351.97262166666667
2022-08-25 16:00:00,3.417866666666667,3.4038166666666663,341.35833333333335,366.82695333333334
2022-08-25 17:00:00,3.3942166666666664,3.3787666666666665,334.9166666666667,365.6917133333334
2022-08-25 18:00:00,3.3487999999999998,3.3323833333333335,322.425,349.78083499999997
2022-08-25 19:00:00,3.3443,3.3238166666666666,323.32166666666666,296.19210166666664
2022-08-25 20:00:00,3.3385499999999997,3.3204,314.4266666666666,316.94707666666665
2022-08-25 21:00:00,3.3008666666666664,3.2866333333333335,304.47833333333335,378.5637666666667
2022-08-25 22:00:00,3.2563833333333334,3.23915,306.775,286.81776
2022-08-25 23:00:00,3.273233333333333,3.2529166666666667,305.165,260.32589666666667
2022-08-26 00:00:00,3.2957833333333335,3.2731666666666666,304.65833333333336,247.60175166666667
2022-08-26 01:00:00,3.3232333333333335,3.30095,305.595,237.29861833333334
2022-08-26 02:00:00,3.3651666666666666,3.3410333333333333,310.00333333333333,221.85092833333334
2022-08-26 03:00:00,3.416533333333333,3.390633333333333,309.5,210.22942833333335
2022-08-26 04:00:00,3.4867166666666667,3.4548833333333335,306.78333333333336,167.27326833333333
2022-08-26 05:00:00,3.580366666666667,3.546966666666667,304.745,151.26040333333333
2022-08-26 06:00:00,3.65505,3.6226166666666666,283.6616666666667,200.89062166666665
2022-08-26 07:00:00,3.6278333333333332,3.59755,227.89833333333334,350.07017333333334
2022-08-26 08:00:00,3.4989666666666666,3.4880833333333334,286.4633333333333,488.2497783333334
2022-08-26 09:00:00,3.347583333333333,3.3427166666666666,287.23499999999996,406.98097333333334
2022-08-26 10:00:00,3.311,3.2938166666666664,288.7116666666667,294.38819333333333
2022-08-26 11:00:00,3.2922333333333333,3.274783333333333,289.35499999999996,300.864665
2022-08-26 12:00:00,3.2723333333333335,3.2547333333333333,289.49833333333333,283.762785
2022-08-26 13:00:00,3.2678833333333333,3.2500333333333336,289.7316666666667,286.94748999999996
2022-08-26 14:00:00,3.244266666666667,3.2290666666666668,288.64000000000004,317.51097666666664
2022-08-26 15:00:00,3.2043833333333334,3.1897499999999996,287.09166666666664,333.0223766666667
2022-08-26 16:00:00,3.14915,3.13745,288.07166666666666,340.569775
2022-08-26 17:00:00,3.121866666666667,3.1056000000000004,287.14500000000004,303.01724
2022-08-26 18:00:00,3.0744166666666666,3.0625333333333336,286.51166666666666,371.6446633333333
2022-08-26 19:00:00,2.999083333333333,2.9888166666666667,285.60999999999996,358.60184833333335
2022-08-26 20:00:00,2.9572833333333337,2.9413833333333335,284.3883333333333,296.27558666666664
2022-08-26 21:00:00,2.9341500000000003,2.91975,283.96666666666664,340.88552833333335
2022-08-26 22:00:00,2.863583333333333,2.854033333333333,300.885,369.576865
2022-08-26 23:00:00,2.842516666666667,2.8161833333333335,339.97166666666664,301.421845
2022-08-27 00:00:00,2.8779166666666667,2.8488166666666666,340.65,265.85252833333334
2022-08-27 01:00:00,2.890833333333333,2.8651833333333334,346.32166666666666,321.63282999999996
2022-08-27 02:00:00,2.9391499999999997,2.908333333333333,348.1566666666667,199.14888166666665
2022-08-27 03:00:00,3.04125,3.0075833333333333,345.81,170.08423166666668
2022-08-27 04:00:00,3.1496333333333335,3.11455,344.0466666666667,170.91304666666667
2022-08-27 05:00:00,3.2649166666666667,3.2272833333333333,343.03499999999997,153.43285333333333
2022-08-27 06:00:00,3.4154,3.3801,514.0316666666666,188.01246333333333
2022-08-27 07:00:00,3.6228,3.587216666666667,561.98,275.77354833333334
2022-08-27 08:00:00,3.7101333333333333,3.6737333333333333,276.935,312.143665
2022-08-27 09:00:00,3.634133333333333,3.6026833333333332,232.82833333333335,344.51858166666665
2022-08-27 10:00:00,3.5396833333333335,3.512,235.905,381.36831166666667
2022-08-27 11:00:00,3.41095,3.3843,238.62166666666664,438.1417133333333
2022-08-27 12:00:00,3.2770333333333337,3.2533666666666665,236.54333333333335,388.10549833333334
2022-08-27 13:00:00,3.1816,3.1572999999999998,236.27833333333334,361.4330233333333
2022-08-27 14:00:00,3.1056000000000004,3.079533333333333,235.68833333333333,288.71270499999997
2022-08-27 15:00:00,3.0563833333333337,3.03105,235.62666666666667,329.388645
2022-08-27 16:00:00,2.9733,2.951416666666667,235.965,336.064595
2022-08-27 17:00:00,2.916116666666667,2.892933333333333,237.78333333333333,295.342535
2022-08-27 18:00:00,2.866516666666667,2.84465,235.48833333333332,313.48477166666663
2022-08-27 19:00:00,2.8013,2.78045,235.565,290.1165316666667
2022-08-27 20:00:00,2.7752,2.753533333333333,238.60166666666666,273.3181
2022-08-27 21:00:00,2.7117999999999998,2.69545,238.26000000000002,347.02974333333333
2022-08-27 22:00:00,2.6824333333333334,2.646183333333333,341.95,297.434335
2022-08-27 23:00:00,2.7298,2.6845166666666667,372.2366666666667,281.4025066666666
2022-08-28 00:00:00,2.7664166666666663,2.7195833333333335,372.545,347.1720666666667
2022-08-28 01:00:00,2.7873,2.7424666666666666,370.28,261.34189833333335
2022-08-28 02:00:00,2.86435,2.81825,371.6183333333333,219.54324333333335
2022-08-28 03:00:00,2.9772333333333334,2.9314833333333334,375.43333333333334,175.668485
2022-08-28 04:00:00,3.1422000000000003,3.08125,497.59000000000003,170.98081
2022-08-28 05:00:00,3.37135,3.3060166666666664,515.2116666666667,152.646245
2022-08-28 06:00:00,3.5925333333333334,3.51665,516.17,228.84850833333334
2022-08-28 07:00:00,3.723583333333333,3.6577833333333336,379.53333333333336,245.86088333333333
2022-08-28 08:00:00,3.7393833333333335,3.6955666666666667,285.4816666666667,299.645445
2022-08-28 09:00:00,3.69095,3.6492,283.28,361.96580166666666
2022-08-28 10:00:00,3.6438833333333336,3.6016833333333333,283.365,312.68276833333334
2022-08-28 11:00:00,3.6361,3.5957500000000002,283.0683333333333,276.93451999999996
2022-08-28 12:00:00,3.590883333333333,3.5522833333333335,283.6616666666667,410.32528333333335
2022-08-28 13:00:00,3.5024333333333333,3.464583333333333,286.5866666666667,365.00662166666666
2022-08-28 14:00:00,3.4547833333333333,3.41915,286.62166666666667,324.9783133333333
2022-08-28 15:00:00,3.4242333333333335,3.3878333333333335,285.8316666666667,359.5093533333333
2022-08-28 16:00:00,3.3505666666666665,3.3162666666666665,285.155,364.3745783333333
2022-08-28 17:00:00,3.3024833333333334,3.2690833333333336,283.0433333333333,343.5027733333333
2022-08-28 18:00:00,3.242233333333333,3.2117999999999998,283.47333333333336,377.25043666666664
2022-08-28 19:00:00,3.1605166666666666,3.1295833333333336,282.26666666666665,387.488655
2022-08-28 20:00:00,3.09515,3.0663666666666667,282.47333333333336,361.92338333333333
2022-08-28 21:00:00,3.0191500000000002,2.9909833333333333,282.68833333333333,390.74623833333334
2022-08-28 22:00:00,2.9647666666666668,2.936183333333333,284.06166666666667,315.02791
2022-08-28 23:00:00,2.9461333333333335,2.9152833333333334,301.0683333333333,277.65502833333335
2022-08-29 00:00:00,3.0370833333333334,2.982766666666667,436.175,214.610525
2022-08-29 01:00:00,3.1755666666666666,3.11865,434.06,242.88665666666665
2022-08-29 02:00:00,3.2999500000000004,3.2416833333333335,427.63666666666666,193.73834833333333
2022-08-29 03:00:00,3.4591,3.399916666666667,428.6716666666667,170.65078833333334
2022-08-29 04:00:00,3.6359,3.576783333333333,429.2133333333333,135.46870166666665
2022-08-29 05:00:00,3.81885,3.7570833333333336,427.17333333333335,155.29070666666667
2022-08-29 06:00:00,3.9547833333333333,3.884333333333333,356.5416666666667,298.20139666666665
2022-08-29 07:00:00,3.8747,3.824683333333333,241.44500000000002,393.73499333333336
2022-08-29 08:00:00,3.7796833333333333,3.7333833333333333,256.37333333333333,362.36027
2022-08-29 09:00:00,3.70275,3.6552333333333333,265.79,367.27200833333336
2022-08-29 10:00:00,3.60735,3.5599166666666666,264.84666666666664,424.04983833333335
2022-08-29 11:00:00,3.5254166666666666,3.4798833333333334,265.14,326.6238566666667
2022-08-29 12:00:00,3.4958666666666667,3.4514833333333335,264.7683333333333,278.05723666666665
2022-08-29 13:00:00,3.4617666666666667,3.4174166666666665,263.36,312.0064166666667
2022-08-29 14:00:00,3.4317833333333336,3.3877499999999996,265.0083333333333,299.752845
2022-08-29 15:00:00,3.3846333333333334,3.3416833333333336,266.0833333333333,350.1867966666667
2022-08-29 16:00:00,3.327716666666667,3.28575,264.81166666666667,291.25603666666666
2022-08-29 17:00:00,3.3196,3.2775166666666666,264.39666666666665,281.269695
2022-08-29 18:00:00,3.294683333333333,3.25195,264.2866666666667,286.9366616666667
2022-08-29 19:00:00,3.2353666666666663,3.1939833333333336,263.8283333333333,415.15191166666665
2022-08-29 20:00:00,3.13295,3.0936166666666667,263.19,362.057185
2022-08-29 21:00:00,3.059266666666667,3.0217666666666667,270.77833333333336,366.0305583333333
2022-08-29 22:00:00,3.007633333333333,2.9820166666666665,309.0133333333333,318.39872833333334
2022-08-29 23:00:00,3.0017833333333335,2.9754666666666667,310.52000000000004,301.709895
2022-08-30 00:00:00,3.00235,2.9756,309.23499999999996,282.62006
2022-08-30 01:00:00,3.0187166666666667,2.99055,304.2133333333333,248.83202166666666
2022-08-30 02:00:00,3.081866666666667,3.049383333333333,312.10999999999996,174.52065166666668
2022-08-30 03:00:00,3.1733,3.1387333333333336,315.025,164.31572833333334
2022-08-30 04:00:00,3.2661333333333333,3.2300833333333334,307.33,155.47597333333334
2022-08-30 05:00:00,3.3714999999999997,3.3331666666666666,308.85499999999996,139.81289
2022-08-30 06:00:00,3.4494166666666666,3.4129,308.5133333333333,257.4947833333333
2022-08-30 07:00:00,3.4163666666666668,3.3867499999999997,308.3016666666666,418.40204166666666
2022-08-30 08:00:00,3.3217,3.295866666666667,308.93833333333333,407.757455
2022-08-30 09:00:00,3.2936666666666667,3.2624333333333335,306.61333333333334,275.82327833333335
2022-08-30 10:00:00,3.3125166666666668,3.2815166666666666,306.65333333333336,280.879495
2022-08-30 11:00:00,3.3017833333333333,3.2707333333333333,290.96500000000003,55.971289999999996
2022-08-30 12:00:00,3.2721500000000003,3.2418666666666667,288.62666666666667,0.0
2022-08-30 13:00:00,3.2474,3.219066666666667,287.095,0.0
2022-08-30 14:00:00,3.1963166666666667,3.17125,282.89833333333337,0.0
2022-08-30 15:00:00,3.1595333333333335,3.1363833333333333,282.23333333333335,0.0
2022-08-30 16:00:00,3.116233333333333,3.0940833333333333,282.3066666666667,0.0
2022-08-30 17:00:00,3.08215,3.0585999999999998,280.975,0.0
2022-08-30 18:00:00,3.0661,3.044633333333333,303.33,77.99333333333334
2022-08-30 19:00:00,3.0753166666666667,3.07,365.93333333333334,423.74833333333333
2022-08-30 20:00:00,3.065833333333333,3.06405,366.9916666666667,481.97833333333335
2022-08-30 21:00:00,3.0189833333333334,3.0191333333333334,367.32166666666666,509.635
2022-08-30 22:00:00,3.0000833333333334,2.997383333333333,369.6716666666667,415.56166666666667
2022-08-30 23:00:00,3.04155,3.0321166666666666,359.6333333333333,367.8
2022-08-31 00:00:00,3.0937666666666668,3.084616666666667,319.0516666666666,367.8
2022-08-31 01:00:00,3.13435,3.128816666666667,319.6183333333333,367.8
2022-08-31 02:00:00,3.1936833333333334,3.1826333333333334,321.75166666666667,328.23499999999996
2022-08-31 03:00:00,3.2547333333333333,3.2421833333333336,322.045,267.1633333333333
2022-08-31 04:00:00,3.3181000000000003,3.30515,320.795,255.67666666666668
2022-08-31 05:00:00,3.397366666666666,3.3797333333333333,320.6433333333333,213.37
2022-08-31 06:00:00,3.4813,3.46555,326.1433333333333,280.22
2022-08-31 07:00:00,3.4964333333333335,3.4936333333333334,328.98333333333335,416.4933333333333
2022-08-31 08:00:00,3.45445,3.4584833333333336,326.44666666666666,447.4266666666666
2022-08-31 09:00:00,3.4643,3.4519666666666664,298.325,309.3183333333333
2022-08-31 10:00:00,3.4787833333333333,3.4627,280.3683333333333,333.6616666666667
2022-08-31 11:00:00,3.4600999999999997,3.44695,279.85499999999996,368.85999999999996
2022-08-31 12:00:00,3.4444500000000002,3.4298833333333336,280.69666666666666,351.39500000000004
2022-08-31 13:00:00,3.43425,3.42,280.94666666666666,346.85166666666663
2022-08-31 14:00:00,3.428933333333333,3.4129833333333335,278.56,327.665
2022-08-31 15:00:00,3.41155,3.4001666666666663,278.35833333333335,368.8233333333334
2022-08-31 16:00:00,3.3108999999999997,3.312116666666667,277.60333333333335,369.0
2022-08-31 17:00:00,3.212483333333333,3.2123666666666666,279.06666666666666,369.0
2022-08-31 18:00:00,3.1043166666666666,3.1081333333333334,279.27166666666665,369.0
2022-08-31 19:00:00,3.009466666666667,3.0133,278.46500000000003,395.3066666666667
2022-08-31 20:00:00,2.9212166666666666,2.9228666666666663,278.4066666666667,433.705
2022-08-31 21:00:00,2.9016499999999996,2.895,278.7433333333333,339.43666666666667
2022-08-31 22:00:00,2.8794,2.8731500000000003,314.74,418.73833333333334
2022-08-31 23:00:00,2.895566666666667,2.87345,394.73499999999996,376.2583333333333
2022-09-01 00:00:00,2.97445,2.9476500000000003,399.87666666666667,295.73499999999996
2022-09-01 01:00:00,3.0831166666666667,3.053816666666667,398.37666666666667,254.97833333333335
2022-09-01 02:00:00,3.2166333333333332,3.1849,399.5816666666667,212.62666666666667
2022-09-01 03:00:00,3.3576166666666665,3.325216666666667,400.18666666666667,228.00666666666666
2022-09-01 04:00:00,3.4932999999999996,3.459233333333333,399.2066666666667,213.77166666666665
2022-09-01 05:00:00,3.64725,3.6091166666666665,401.5783333333333,188.40833333333333
2022-09-01 06:00:00,3.7723166666666668,3.735466666666667,316.53499999999997,268.68833333333333
2022-09-01 07:00:00,3.750383333333333,3.720833333333333,263.13666666666666,435.59000000000003
2022-09-01 08:00:00,3.6021,3.5795833333333333,265.22999999999996,475.8
2022-09-01 09:00:00,3.4630666666666667,3.4412000000000003,264.78333333333336,475.8
2022-09-01 10:00:00,3.362216666666667,3.340533333333333,265.255,475.8
2022-09-01 11:00:00,3.2938166666666664,3.2714166666666666,266.05833333333334,475.8
2022-09-01 12:00:00,3.2368,3.2148,265.4016666666667,409.54833333333335
2022-09-01 13:00:00,3.19505,3.1705166666666664,259.96,357.68
2022-09-01 14:00:00,3.1837,3.1571833333333337,259.52833333333336,300.75166666666667
2022-09-01 15:00:00,3.1896666666666667,3.1626,260.7083333333333,304.46500000000003
2022-09-01 16:00:00,3.1687,3.1452999999999998,261.7316666666667,367.775
2022-09-01 17:00:00,3.1527833333333333,3.1288833333333335,266.61,320.77333333333337
2022-09-01 18:00:00,3.1364500000000004,3.1145833333333335,268.165,359.15
2022-09-01 19:00:00,3.07755,3.0581166666666664,265.75666666666666,521.635
2022-09-01 20:00:00,2.9703833333333334,2.952516666666667,256.52000000000004,425.72333333333336
2022-09-01 21:00:00,2.885383333333333,2.8699166666666667,258.0883333333333,529.1316666666667
2022-09-01 22:00:00,2.7626166666666667,2.7480333333333333,260.85333333333335,478.575
2022-09-01 23:00:00,2.6914000000000002,2.675,331.5933333333333,434.455
2022-09-02 00:00:00,2.78415,2.7672000000000003,544.7333333333333,424.8
2022-09-02 01:00:00,2.9610666666666665,2.9422,547.26,405.6
2022-09-02 02:00:00,3.1682,3.1445833333333337,548.6783333333333,296.8
2022-09-02 03:00:00,3.40605,3.3782833333333335,548.3216666666667,296.8
2022-09-02 04:00:00,3.634783333333333,3.6050833333333334,529.3833333333333,296.545
2022-09-02 05:00:00,3.7547166666666665,3.7044333333333332,219.415,181.63166666666666
2022-09-02 06:00:00,3.8031,3.7512833333333333,265.6116666666667,237.65833333333333
2022-09-02 07:00:00,3.7994,3.744133333333333,262.1116666666667,410.5866666666667
2022-09-02 08:00:00,3.7249166666666667,3.670466666666667,262.20166666666665,436.01666666666665
2022-09-02 09:00:00,3.677133333333333,3.6236666666666664,262.48333333333335,351.53499999999997
2022-09-02 10:00:00,3.6606333333333336,3.607666666666667,262.18333333333334,359.23499999999996
2022-09-02 11:00:00,3.5978333333333334,3.5437333333333334,262.27833333333336,475.12333333333333
2022-09-02 12:00:00,3.5405333333333333,3.4894166666666666,260.94,330.34166666666664
2022-09-02 13:00:00,3.509183333333333,3.45755,260.9433333333333,443.8566666666667
2022-09-02 14:00:00,3.413483333333333,3.3622333333333336,263.35333333333335,452.175
2022-09-02 15:00:00,3.353083333333333,3.3063333333333333,252.905,403.2033333333333
2022-09-02 16:00:00,3.26735,3.2175333333333334,257.55833333333334,500.3
2022-09-02 17:00:00,3.17135,3.124483333333333,257.47,500.3
2022-09-02 18:00:00,3.1199,3.0747,256.935,500.3
2022-09-02 19:00:00,3.06895,3.0283333333333333,305.85166666666663,500.3
2022-09-02 20:00:00,3.0120500000000003,3.0157499999999997,371.47833333333335,415.675
2022-09-02 21:00:00,3.0658000000000003,3.0623666666666667,366.6383333333333,307.1633333333333
2022-09-02 22:00:00,3.1320833333333336,3.1309833333333335,367.02333333333337,344.3233333333334
2022-09-02 23:00:00,3.16375,3.164833333333333,364.8816666666667,350.3683333333333
2022-09-03 00:00:00,3.2388333333333335,3.23135,369.85499999999996,288.0833333333333
2022-09-03 01:00:00,3.3073166666666665,3.3031,371.55333333333334,314.53333333333336
2022-09-03 02:00:00,3.4085666666666667,3.393866666666667,374.4633333333333,219.99666666666664
2022-09-03 03:00:00,3.49325,3.4622333333333333,228.73833333333332,267.8383333333333
2022-09-03 04:00:00,3.479133333333333,3.439516666666667,180.31833333333333,252.23166666666665
2022-09-03 05:00:00,3.4494666666666665,3.4092333333333333,180.84666666666666,253.59833333333333
2022-09-03 06:00:00,3.425316666666667,3.3857333333333335,177.98,274.875
2022-09-03 07:00:00,3.366433333333333,3.3368166666666665,216.30833333333334,386.84166666666664
2022-09-03 08:00:00,3.2570666666666668,3.233983333333333,222.185,432.8
2022-09-03 09:00:00,3.1481,3.1498,349.59166666666664,432.8
2022-09-03 10:00:00,3.1441500000000002,3.1553666666666667,383.705,432.8
2022-09-03 11:00:00,3.18405,3.1885166666666667,384.7816666666667,420.43333333333334
2022-09-03 12:00:00,3.230933333333333,3.2359666666666667,385.1433333333333,379.36333333333334
2022-09-03 13:00:00,3.2318333333333333,3.2483833333333334,384.81666666666666,499.4616666666667
2022-09-03 14:00:00,3.2290666666666668,3.2393833333333335,385.85,398.78333333333336
2022-09-03 15:00:00,3.2550166666666667,3.2666,383.47166666666664,473.26666666666665
2022-09-03 16:00:00,3.21475,3.2347166666666665,384.17,498.8616666666667
2022-09-03 17:00:00,3.232466666666667,3.2415833333333333,385.7633333333333,399.76
2022-09-03 18:00:00,3.249483333333333,3.2613166666666666,384.33,441.0083333333333
2022-09-03 19:00:00,3.2652833333333335,3.2741833333333332,381.2683333333333,404.8233333333334
2022-09-03 20:00:00,3.272283333333333,3.2864,379.7183333333333,480.58
2022-09-03 21:00:00,3.234,3.2429,348.0433333333333,505.14166666666665
2022-09-03 22:00:00,3.226516666666667,3.1984500000000002,320.19666666666666,358.2133333333333
2022-09-03 23:00:00,3.258483333333333,3.2298,338.26500000000004,307.84000000000003
2022-09-04 00:00:00,3.3222,3.2916666666666665,340.5383333333333,267.475
2022-09-04 01:00:00,3.3965666666666667,3.3650666666666664,341.14166666666665,256.1
2022-09-04 02:00:00,3.4705999999999997,3.4381166666666667,341.2033333333333,250.23333333333332
2022-09-04 03:00:00,3.5649,3.5295833333333335,344.0466666666667,234.1
2022-09-04 04:00:00,3.6620666666666666,3.6253499999999996,318.7816666666667,234.1
2022-09-04 05:00:00,3.7659666666666665,3.7258500000000003,306.275,192.15166666666667
2022-09-04 06:00:00,3.86495,3.823183333333333,308.7683333333333,188.03
2022-09-04 07:00:00,3.9393666666666665,3.901216666666667,308.2966666666667,301.2066666666667
2022-09-04 08:00:00,3.9370333333333334,3.9060333333333332,283.0133333333333,356.60499999999996
2022-09-04 09:00:00,3.8896,3.86585,283.37166666666667,493.64666666666665
2022-09-04 10:00:00,3.81595,3.790433333333333,283.42333333333335,401.8
2022-09-04 11:00:00,3.7872666666666666,3.7607166666666667,284.1166666666667,400.435
2022-09-04 12:00:00,3.7356166666666666,3.7118666666666664,284.27333333333337,451.65
2022-09-04 13:00:00,3.671583333333333,3.6492166666666668,282.5433333333333,428.45
2022-09-04 14:00:00,3.610716666666667,3.5899,278.86333333333334,479.835
2022-09-04 15:00:00,3.4993833333333333,3.484183333333333,279.0316666666667,537.7083333333334
2022-09-04 16:00:00,3.4322500000000002,3.410483333333333,281.065,361.97
2022-09-04 17:00:00,3.4154166666666668,3.3923166666666664,279.27833333333336,339.9
2022-09-04 18:00:00,3.3676666666666666,3.3479666666666668,279.31333333333333,339.9
2022-09-04 19:00:00,3.3360333333333334,3.31555,280.25,339.9
2022-09-04 20:00:00,3.2812333333333332,3.2644333333333337,280.8366666666667,363.41499999999996
2022-09-04 21:00:00,3.2132833333333335,3.1975,278.8933333333333,457.225
2022-09-04 22:00:00,3.13995,3.1247666666666665,285.29833333333335,447.73833333333334
2022-09-04 23:00:00,3.1121166666666666,3.09865,320.5566666666667,389.295
2022-09-05 00:00:00,3.0885333333333334,3.07985,321.87833333333333,433.88666666666666
2022-09-05 01:00:00,3.0873,3.072883333333333,329.59166666666664,315.00333333333333
2022-09-05 02:00:00,3.1683,3.1451,334.8883333333333,219.79333333333335
2022-09-05 03:00:00,3.26475,3.2394333333333334,335.62166666666667,203.31666666666666
2022-09-05 04:00:00,3.39125,3.3596500000000002,334.18,154.7866666666667
2022-09-05 05:00:00,3.513316666666667,3.48215,329.07,188.67999999999998
2022-09-05 06:00:00,3.6048,3.5766166666666668,330.2183333333333,266.26166666666666
2022-09-05 07:00:00,3.6197,3.602433333333333,328.405,477.37166666666667
2022-09-05 08:00:00,3.53365,3.5253,329.8566666666667,495.7316666666667
2022-09-05 09:00:00,3.5153000000000003,3.5012833333333333,319.0833333333333,386.9716666666667
2022-09-05 10:00:00,3.5035000000000003,3.491716666666667,316.685,387.1
2022-09-05 11:00:00,3.511416666666667,3.49365,315.60999999999996,387.1
2022-09-05 12:00:00,3.5387666666666666,3.52245,316.3233333333334,387.1
2022-09-05 13:00:00,3.55495,3.5375666666666663,305.42333333333335,362.0516666666667
2022-09-05 14:00:00,3.5587999999999997,3.544166666666667,307.35833333333335,388.7116666666667
2022-09-05 15:00:00,3.5252833333333333,3.5147666666666666,307.30333333333334,424.04833333333335
2022-09-05 16:00:00,3.496866666666667,3.48515,297.945,425.47833333333335
2022-09-05 17:00:00,3.4275666666666664,3.422683333333333,285.90166666666664,477.53333333333336
2022-09-05 18:00:00,3.3386333333333336,3.3382,283.58,522.935
2022-09-05 19:00:00,3.2484166666666665,3.2455166666666666,281.25166666666667,443.4116666666667
2022-09-05 20:00:00,3.216416666666667,3.206233333333333,282.85333333333335,372.8833333333333
2022-09-05 21:00:00,3.1675666666666666,3.1656833333333334,288.39666666666665,465.4566666666667
2022-09-05 22:00:00,3.096433333333333,3.0974333333333335,289.38666666666666,431.07666666666665
2022-09-05 23:00:00,3.0840666666666667,3.074383333333333,305.795,328.51166666666666
2022-09-06 00:00:00,3.13125,3.116633333333333,343.7816666666667,271.6433333333333
2022-09-06 01:00:00,3.2266166666666667,3.2127166666666667,371.44,243.36333333333332
2022-09-06 02:00:00,3.345783333333333,3.3287666666666667,371.5566666666667,208.04833333333332
2022-09-06 03:00:00,3.4766333333333335,3.455033333333333,369.9116666666667,199.54666666666665
2022-09-06 04:00:00,3.61195,3.58865,372.6633333333333,176.78833333333333
2022-09-06 05:00:00,3.7619166666666666,3.7386833333333334,372.825,169.57833333333335
2022-09-06 06:00:00,3.872183333333333,3.84095,261.5466666666667,220.83333333333334
2022-09-06 07:00:00,3.8538833333333335,3.8342666666666667,258.56333333333333,424.6983333333334
2022-09-06 08:00:00,3.7624500000000003,3.7511333333333337,260.15833333333336,505.77666666666664
2022-09-06 09:00:00,3.643066666666667,3.6332166666666668,251.80833333333334,520.5
2022-09-06 10:00:00,3.515716666666667,3.508016666666667,255.13500000000002,494.52333333333337
2022-09-06 11:00:00,3.4488166666666666,3.433966666666667,256.3566666666667,394.915
2022-09-06 12:00:00,3.4008499999999997,3.3867333333333334,257.225,367.60499999999996
2022-09-06 13:00:00,3.3680499999999998,3.3526666666666665,252.23166666666665,401.555
2022-09-06 14:00:00,3.28035,3.2704,249.925,424.01500000000004
2022-09-06 15:00:00,3.253633333333333,3.2354333333333334,253.315,307.545
2022-09-06 16:00:00,3.2474166666666666,3.22995,254.66833333333335,331.3933333333333
2022-09-06 17:00:00,3.2203500000000003,3.2044333333333332,254.07166666666666,339.7933333333333
2022-09-06 18:00:00,3.181366666666667,3.1703333333333332,253.16666666666666,435.70166666666665
2022-09-06 19:00:00,3.080633333333333,3.0754,250.74666666666664,452.2816666666667
2022-09-06 20:00:00,3.0284166666666668,3.0167,250.23666666666668,357.445
2022-09-06 21:00:00,2.9669499999999998,2.9585333333333335,296.5183333333333,500.865
2022-09-06 22:00:00,2.9100166666666665,2.882366666666667,373.35833333333335,540.3116666666667
2022-09-06 23:00:00,2.8793833333333336,2.8483,373.18333333333334,448.6766666666666
2022-09-07 00:00:00,2.890050847457627,2.8585932203389834,373.2338983050847,370.58474576271186
2022-09-07 01:00:00,2.9495333333333336,2.9182333333333332,368.38,315.4266666666666
2022-09-07 02:00:00,3.0375666666666663,3.0041333333333333,369.385,224.89166666666668
2022-09-07 03:00:00,3.1622833333333333,3.1277166666666667,369.4133333333333,202.64333333333335
2022-09-07 04:00:00,3.293966666666667,3.2554333333333334,370.4066666666667,199.57333333333332
2022-09-07 05:00:00,3.422166666666667,3.3821999999999997,372.17,216.48166666666665
2022-09-07 06:00:00,3.5268,3.4872500000000004,371.54,315.49666666666667
2022-09-07 07:00:00,3.5689833333333336,3.5296333333333334,373.80333333333334,415.7183333333333
2022-09-07 08:00:00,3.5473833333333333,3.5167833333333336,329.50333333333333,449.72166666666664
2022-09-07 09:00:00,3.5036,3.4862333333333333,287.2966666666667,392.33
2022-09-07 10:00:00,3.4601166666666665,3.4449666666666667,288.52000000000004,440.995
2022-09-07 11:00:00,3.4088166666666666,3.390833333333333,287.22166666666664,380.04833333333335
2022-09-07 12:00:00,3.3864499999999995,3.3687,285.4816666666667,373.22833333333335
2022-09-07 13:00:00,3.3748666666666667,3.3556166666666667,285.02000000000004,354.2683333333333
2022-09-07 14:00:00,3.3496666666666663,3.33205,285.82166666666666,401.79833333333335
2022-09-07 15:00:00,3.3142666666666667,3.2981333333333334,287.4116666666667,422.095
2022-09-07 16:00:00,3.2307833333333336,3.22115,287.26500000000004,512.0
2022-09-07 17:00:00,3.1552000000000002,3.1437,286.45166666666665,424.795
2022-09-07 18:00:00,3.1307666666666667,3.1151333333333335,284.9166666666667,359.7416666666667
2022-09-07 19:00:00,3.0787833333333334,3.069733333333333,284.69666666666666,517.83
2022-09-07 20:00:00,2.99285,2.98415,283.815,411.8666666666667
2022-09-07 21:00:00,2.9677166666666666,2.955233333333333,285.22999999999996,399.80333333333334
2022-09-07 22:00:00,2.9423666666666666,2.9322333333333335,369.385,391.30833333333334
2022-09-07 23:00:00,3.00155,2.9983,425.47666666666663,354.3666666666667
2022-09-08 00:00:00,3.1058499999999998,3.0966666666666667,426.94166666666666,290.73833333333334
2022-09-08 01:00:00,3.2386833333333334,3.2233500000000004,429.53,250.07833333333335
2022-09-08 02:00:00,3.389866666666667,3.3698166666666665,431.27166666666665,228.34666666666666
2022-09-08 03:00:00,3.5512,3.5283333333333333,432.40166666666664,209.62666666666667
2022-09-08 04:00:00,3.6982333333333335,3.6787666666666667,432.72333333333336,284.26500000000004
2022-09-08 05:00:00,3.8184,3.7987333333333333,425.43,322.1166666666667
2022-09-08 06:00:00,3.861066666666667,3.8428833333333334,262.5366666666667,368.45166666666665
2022-09-08 07:00:00,3.7575333333333334,3.7361333333333335,245.52,563.1016666666667
2022-09-08 08:00:00,3.6006833333333335,3.574683333333333,264.6983333333333,589.3316666666667
2022-09-08 09:00:00,3.4890333333333334,3.4612833333333333,267.86,429.85499999999996
2022-09-08 10:00:00,3.458183333333333,3.4287833333333335,270.88,349.83
2022-09-08 11:00:00,3.425883333333333,3.3967,270.2733333333333,399.39166666666665
2022-09-08 12:00:00,3.3666666666666667,3.3398166666666667,269.59333333333336,429.12166666666667
2022-09-08 13:00:00,3.3178666666666667,3.2904833333333334,268.87,385.48333333333335
2022-09-08 14:00:00,3.287516666666667,3.2595666666666663,268.9316666666667,368.225
2022-09-08 15:00:00,3.2618,3.232133333333333,269.2116666666667,352.68333333333334
2022-09-08 16:00:00,3.243933333333333,3.2136333333333336,263.775,331.37666666666667
2022-09-08 17:00:00,3.234766666666667,3.2048666666666668,264.8566666666667,349.6766666666666
2022-09-08 18:00:00,3.1925000000000003,3.1655666666666664,265.6333333333333,427.0883333333333
2022-09-08 19:00:00,3.10495,3.0833166666666667,265.375,508.54833333333335
2022-09-08 20:00:00,2.9788833333333335,2.959983333333333,263.1166666666667,548.3816666666667
2022-09-08 21:00:00,2.8681833333333335,2.8406333333333333,313.905,544.95
2022-09-08 22:00:00,2.791166666666667,2.75605,327.63,481.02833333333336
2022-09-08 23:00:00,2.7781333333333333,2.7437666666666667,328.025,363.08
2022-09-09 00:00:00,2.7979333333333334,2.7626666666666666,326.365,323.18666666666667
2022-09-09 01:00:00,2.846883333333333,2.8116833333333333,330.08,282.0433333333333
2022-09-09 02:00:00,2.91935,2.8830999999999998,329.195,241.45333333333335
2022-09-09 03:00:00,2.99975,2.9626666666666663,327.98833333333334,226.73
2022-09-09 04:00:00,3.096966666666667,3.0581666666666667,330.5866666666667,196.065
2022-09-09 05:00:00,3.2103166666666665,3.1697833333333336,330.795,192.81333333333333
2022-09-09 06:00:00,3.309966666666667,3.2682166666666665,329.1166666666667,218.34166666666667
2022-09-09 07:00:00,3.3692166666666665,3.326716666666667,328.7116666666667,362.6816666666667
2022-09-09 08:00:00,3.38995,3.3476500000000002,328.725,336.15999999999997
2022-09-09 09:00:00,3.3853999999999997,3.3432833333333334,324.79833333333335,427.12
2022-09-09 10:00:00,3.37455,3.3336833333333336,330.3433333333333,394.8316666666667
2022-09-09 11:00:00,3.3711166666666665,3.328866666666667,330.9133333333333,394.20166666666665
2022-09-09 12:00:00,3.3325,3.2898666666666667,330.36333333333334,577.5699999999999
2022-09-09 13:00:00,3.2039,3.16195,329.7866666666667,579.7133333333334
2022-09-09 14:00:00,3.148216666666667,3.1077500000000002,330.685,426.42333333333335
2022-09-09 15:00:00,3.12245,3.0825833333333335,341.805,444.2183333333333
2022-09-09 16:00:00,3.123266666666667,3.0898166666666667,369.98833333333334,376.34666666666664
2022-09-09 17:00:00,3.179666666666667,3.1449,371.25333333333333,302.06166666666667
2022-09-09 18:00:00,3.258666666666667,3.2228166666666667,372.60333333333335,304.6633333333333
2022-09-09 19:00:00,3.323,3.287116666666667,371.7916666666667,330.60333333333335
2022-09-09 20:00:00,3.37175,3.3352,369.89666666666665,398.6933333333333
2022-09-09 21:00:00,3.3956500000000003,3.3586,333.915,354.3933333333333
2022-09-09 22:00:00,3.38545,3.34055,255.68333333333334,353.82666666666665
2022-09-09 23:00:00,3.3894666666666664,3.3364666666666665,310.1433333333333,316.8066666666667
2022-09-10 00:00:00,3.4272666666666667,3.37365,311.64500000000004,279.64500000000004
2022-09-10 01:00:00,3.4654666666666665,3.411083333333333,312.2916666666667,289.74666666666667
2022-09-10 02:00:00,3.5317166666666666,3.47855,313.385,225.05166666666668
2022-09-10 03:00:00,3.6133333333333337,3.5595,309.7316666666667,228.07333333333332
2022-09-10 04:00:00,3.6831,3.62755,307.52333333333337,229.20333333333335
2022-09-10 05:00:00,3.7522499999999996,3.6953666666666667,299.92,255.43666666666667
2022-09-10 06:00:00,3.796766666666667,3.73795,299.435,299.42333333333335
2022-09-10 07:00:00,3.8174166666666665,3.7569333333333335,302.9,310.59000000000003
2022-09-10 08:00:00,3.8085166666666668,3.74325,304.4533333333333,476.4616666666667
2022-09-10 09:00:00,3.761616666666667,3.6994833333333332,307.07166666666666,361.1566666666667
2022-09-10 10:00:00,3.7805666666666666,3.7198833333333337,304.62,311.58
2022-09-10 11:00:00,3.8021833333333332,3.7487666666666666,253.51833333333335,281.6666666666667
2022-09-10 12:00:00,3.7882333333333333,3.743333333333333,212.40333333333334,282.60499999999996
2022-09-10 13:00:00,3.7534666666666667,3.7104166666666667,213.54666666666665,330.305
2022-09-10 14:00:00,3.707133333333333,3.6634666666666664,210.18333333333334,323.37333333333333
2022-09-10 15:00:00,3.67955,3.6363833333333333,209.79333333333335,287.8183333333333
2022-09-10 16:00:00,3.606133333333333,3.5649333333333337,210.655,448.20166666666665
2022-09-10 17:00:00,3.5328500000000003,3.4917000000000002,211.95833333333334,342.8433333333333
2022-09-10 18:00:00,3.4710666666666667,3.43075,208.20499999999998,362.89000000000004
2022-09-10 19:00:00,3.402133333333333,3.3629333333333333,210.10666666666665,373.2133333333333
2022-09-10 20:00:00,3.3361,3.2992833333333333,210.06833333333333,347.03499999999997
2022-09-10 21:00:00,3.2888666666666664,3.2509333333333337,207.98666666666668,323.725
2022-09-10 22:00:00,3.247783333333333,3.2123166666666667,235.89333333333335,317.505
2022-09-10 23:00:00,3.2248666666666663,3.20315,313.23833333333334,424.23499999999996
2022-09-11 00:00:00,3.2055000000000002,3.1837166666666668,336.97,339.85333333333335
2022-09-11 01:00:00,3.283583333333333,3.2601166666666668,352.115,238.98166666666665
2022-09-11 02:00:00,3.3798166666666662,3.3547166666666666,357.2883333333333,248.12166666666664
2022-09-11 03:00:00,3.4905833333333334,3.4599333333333333,356.31666666666666,203.86666666666667
2022-09-11 04:00:00,3.6036333333333332,3.5730500000000003,357.5366666666667,218.62666666666667
2022-09-11 05:00:00,3.721233333333333,3.690716666666667,330.775,184.07666666666668
2022-09-11 06:00:00,3.81555,3.7903499999999997,291.4916666666667,188.09166666666667
2022-09-11 07:00:00,3.8833333333333333,3.85845,270.365,245.69333333333333
2022-09-11 08:00:00,3.898283333333333,3.8749333333333333,246.55,322.05833333333334
2022-09-11 09:00:00,3.8458666666666668,3.82815,240.39666666666665,373.72333333333336
2022-09-11 10:00:00,3.7934666666666668,3.7782666666666667,240.91333333333333,401.38666666666666
2022-09-11 11:00:00,3.7054166666666664,3.6962166666666665,242.07666666666668,492.31666666666666
2022-09-11 12:00:00,3.604633333333333,3.5940833333333333,239.36499999999998,419.075
2022-09-11 13:00:00,3.5352166666666665,3.524016666666667,240.09166666666667,403.39000000000004
2022-09-11 14:00:00,3.48155,3.467316666666667,240.80333333333334,362.3383333333333
2022-09-11 15:00:00,3.4243,3.4126833333333333,239.28,413.25
2022-09-11 16:00:00,3.3449833333333334,3.3370166666666665,238.08333333333334,437.0733333333334
2022-09-11 17:00:00,3.2623333333333333,3.254366666666667,242.07333333333332,393.93833333333333
2022-09-11 18:00:00,3.2113666666666663,3.2003333333333335,237.95,391.71
2022-09-11 19:00:00,3.1302166666666666,3.1248666666666667,238.61666666666667,427.82666666666665
2022-09-11 20:00:00,3.09315,3.0867500000000003,295.84166666666664,314.4433333333333
2022-09-11 21:00:00,3.1062000000000003,3.108566666666667,317.14833333333337,381.07666666666665
2022-09-11 22:00:00,3.1007333333333333,3.103816666666667,313.98833333333334,368.47666666666663
2022-09-11 23:00:00,3.108366666666667,3.109266666666667,319.255,342.7366666666667
2022-09-12 00:00:00,3.1346666666666665,3.1353,320.4533333333333,327.615
2022-09-12 01:00:00,3.171316666666667,3.16695,318.8833333333333,300.06166666666667
2022-09-12 02:00:00,3.2202333333333333,3.2125,320.56333333333333,278.25333333333333
2022-09-12 03:00:00,3.28235,3.2725666666666666,320.15333333333336,243.04500000000002
2022-09-12 04:00:00,3.37805,3.3634166666666667,317.64166666666665,172.58666666666667
2022-09-12 05:00:00,3.4865833333333334,3.4701833333333334,313.67833333333334,221.10833333333332
2022-09-12 06:00:00,3.553533333333333,3.5373333333333337,291.065,220.975
2022-09-12 07:00:00,3.5985,3.5688666666666666,207.605,243.55
2022-09-12 08:00:00,3.5708166666666665,3.5468166666666665,209.5366666666667,334.14666666666665
2022-09-12 09:00:00,3.5058000000000002,3.4860666666666664,211.32666666666668,391.22999999999996
2022-09-12 10:00:00,3.413683333333333,3.3983333333333334,211.685,450.7116666666667
2022-09-12 11:00:00,3.2750833333333333,3.2661333333333333,212.60166666666666,478.755
2022-09-12 12:00:00,3.1648833333333335,3.1551,212.00333333333336,458.125
2022-09-12 13:00:00,3.060166666666667,3.0503666666666667,212.27666666666667,420.49833333333333
2022-09-12 14:00:00,2.9544333333333332,2.947866666666667,212.21666666666667,452.55333333333334
2022-09-12 15:00:00,2.866416666666667,2.8622666666666663,291.195,397.30333333333334
2022-09-12 16:00:00,2.8705166666666666,2.8676833333333334,335.955,378.5066666666667
2022-09-12 17:00:00,2.878316666666666,2.876,336.6383333333333,400.325
2022-09-12 18:00:00,2.82705,2.8359,337.88666666666666,545.3883333333333
2022-09-12 19:00:00,2.7866666666666666,2.78895,347.6316666666667,405.4683333333333
2022-09-12 20:00:00,2.7777666666666665,2.7962333333333333,390.7683333333333,508.87
2022-09-12 21:00:00,2.738916666666667,2.7616500000000004,389.8066666666667,468.57
2022-09-12 22:00:00,2.791116666666667,2.7957833333333335,387.625,337.87666666666667
2022-09-12 23:00:00,2.858633333333333,2.8617,387.40166666666664,329.35499999999996
2022-09-13 00:00:00,2.916433333333333,2.9247500000000004,398.12333333333333,393.5833333333333
2022-09-13 01:00:00,2.9947333333333335,2.9899833333333334,423.9633333333333,284.945
2022-09-13 02:00:00,3.139616666666667,3.1249833333333332,425.4133333333333,225.51166666666668
2022-09-13 03:00:00,3.2957666666666667,3.2780666666666667,422.1,208.40166666666667
2022-09-13 04:00:00,3.467633333333333,3.447216666666667,408.6933333333333,158.91833333333335
2022-09-13 05:00:00,3.64065,3.6195833333333334,406.6616666666667,185.16333333333333
2022-09-13 06:00:00,3.7681,3.751183333333333,375.2816666666667,296.42833333333334
2022-09-13 07:00:00,3.7901833333333332,3.7759666666666667,314.32,431.5866666666667
2022-09-13 08:00:00,3.7117666666666667,3.7064166666666667,275.15166666666664,520.5400000000001
2022-09-13 09:00:00,3.6021,3.5988166666666666,275.23333333333335,483.42833333333334
2022-09-13 10:00:00,3.5425166666666663,3.5342,275.94166666666666,426.665
2022-09-13 11:00:00,3.4745833333333334,3.4694833333333337,276.1633333333333,439.98499999999996
2022-09-13 12:00:00,3.419433333333333,3.41185,276.0816666666667,391.83
2022-09-13 13:00:00,3.387583333333333,3.380033333333333,274.3316666666667,423.3366666666667
2022-09-13 14:00:00,3.3164166666666666,3.3186833333333334,274.13666666666666,476.325
2022-09-13 15:00:00,3.307,3.31,274.2,469.4
2022-09-13 16:00:00,3.307,3.31,274.2,469.4
2022-09-13 17:00:00,3.2804999999999995,3.2720666666666665,360.455,257.725
2022-09-13 18:00:00,3.3403,3.3339333333333334,457.29666666666674,244.94333333333333
2022-09-13 19:00:00,3.3704833333333335,3.3645833333333335,358.5383333333333,294.23333333333335
2022-09-13 20:00:00,3.371,3.366,358.5,302.6
2022-09-13 21:00:00,3.371,3.366,358.5,302.6
2022-09-13 22:00:00,3.371,3.366,358.5,302.6
2022-09-13 23:00:00,3.371,3.366,358.5,302.6
2022-09-14 00:00:00,3.371,3.366,358.5,302.6
2022-09-14 01:00:00,3.371,3.366,358.5,302.6
2022-09-14 02:00:00,3.371,3.366,358.5,302.6
2022-09-14 03:00:00,3.371,3.366,358.5,302.6
2022-09-14 04:00:00,3.371,3.366,358.5,302.6
2022-09-14 05:00:00,3.371,3.366,358.5,302.6
2022-09-14 06:00:00,3.371,3.366,358.5,302.6
2022-09-14 07:00:00,3.371,3.366,358.5,302.6
2022-09-14 08:00:00,3.371,3.366,358.5,302.6
2022-09-14 09:00:00,3.371,3.366,358.5,302.6
2022-09-14 10:00:00,3.371,3.366,358.5,302.6
2022-09-14 11:00:00,3.371,3.366,358.5,302.6
2022-09-14 12:00:00,3.371,3.366,358.5,302.6
2022-09-14 13:00:00,3.371,3.366,358.5,302.6
2022-09-14 14:00:00,3.366,3.3609333333333336,352.525,297.5566666666667
2022-09-14 15:00:00,3.50405,3.489616666666667,318.825,297.3683333333334
2022-09-14 16:00:00,3.688616666666667,3.6682333333333332,232.03833333333333,271.03
2022-09-14 17:00:00,3.6195666666666666,3.60335,231.61666666666667,315.005
2022-09-14 18:00:00,3.513116666666667,3.5012,232.36499999999998,334.01166666666666
2022-09-14 19:00:00,3.3931666666666667,3.3868666666666667,231.77666666666667,379.0183333333333
2022-09-14 20:00:00,3.2744,3.26665,228.41,329.46500000000003
2022-09-14 21:00:00,3.1778666666666666,3.16885,231.42833333333334,298.72166666666664
2022-09-14 22:00:00,3.1224166666666666,3.1101,222.325,260.4866666666667
2022-09-14 23:00:00,3.0396,3.008966666666667,117.09333333333333,252.9
2022-09-15 00:00:00,2.9429000000000003,2.9112,118.01333333333334,204.38333333333333
2022-09-15 01:00:00,2.8736166666666665,2.8411666666666666,117.14,177.94333333333333
2022-09-15 02:00:00,2.81965,2.7875666666666663,119.08500000000001,166.875
2022-09-15 03:00:00,2.825483333333333,2.790966666666667,326.51666666666665,159.46833333333333
2022-09-15 04:00:00,2.953933333333333,2.9185666666666665,372.4933333333333,129.8
2022-09-15 05:00:00,3.0863333333333336,3.04995,369.1316666666667,166.79333333333335
2022-09-15 06:00:00,3.2870333333333335,3.2066333333333334,645.0866666666666,230.87333333333333
2022-09-15 07:00:00,3.410816666666667,3.338016666666667,350.8016666666666,370.2416666666667
2022-09-15 08:00:00,3.2813333333333334,3.220066666666667,291.4133333333333,438.85833333333335
2022-09-15 09:00:00,3.1491833333333332,3.09165,291.05833333333334,383.81666666666666
2022-09-15 10:00:00,3.06365,3.0109833333333333,291.655,323.25166666666667
2022-09-15 11:00:00,3.0402833333333334,2.9911499999999998,287.4633333333333,242.77333333333334
2022-09-15 12:00:00,3.033333333333333,2.983433333333333,283.88666666666666,261.34333333333336
2022-09-15 13:00:00,3.0138000000000003,2.9649666666666668,285.83,274.3933333333333
2022-09-15 14:00:00,3.0109333333333335,2.963083333333333,287.67833333333334,229.49333333333334
2022-09-15 15:00:00,3.016966666666667,2.9686666666666666,286.69666666666666,242.85666666666665
2022-09-15 16:00:00,3.0211166666666665,2.9736333333333334,288.3316666666667,237.0883333333333
2022-09-15 17:00:00,3.0176666666666665,2.9672666666666667,289.055,285.2966666666667
2022-09-15 18:00:00,2.970266666666667,2.9193333333333333,288.6566666666667,315.73833333333334
2022-09-15 19:00:00,2.9193833333333337,2.86675,287.42833333333334,319.1383333333333
2022-09-15 20:00:00,2.8592166666666667,2.807733333333333,288.97833333333335,325.5883333333333
2022-09-15 21:00:00,2.7882166666666666,2.736616666666667,289.02000000000004,376.89000000000004
2022-09-15 22:00:00,2.683133333333333,2.63305,289.8,368.27166666666665
2022-09-15 23:00:00,2.608166666666667,2.5512666666666663,337.1183333333333,350.3
2022-09-16 00:00:00,2.5957333333333334,2.543433333333333,339.495,275.35166666666663
2022-09-16 01:00:00,2.616233333333333,2.5653833333333336,340.875,228.24666666666664
2022-09-16 02:00:00,2.6912499999999997,2.644066666666667,342.06,164.4116666666667
2022-09-16 03:00:00,2.7971999999999997,2.7501666666666664,339.67,144.92999999999998
2022-09-16 04:00:00,2.9114500000000003,2.86385,342.175,133.85
2022-09-16 05:00:00,3.0311,2.9808666666666666,337.945,149.245
2022-09-16 06:00:00,3.1851333333333334,3.1319833333333333,494.72999999999996,169.26833333333335
2022-09-16 07:00:00,3.362616666666667,3.2981333333333334,516.065,280.6316666666667
2022-09-16 08:00:00,3.4084833333333333,3.3693999999999997,355.9866666666667,324.545
2022-09-16 09:00:00,3.35805,3.3424666666666667,300.845,327.64833333333337
2022-09-16 10:00:00,3.3085166666666668,3.2934833333333335,303.31666666666666,286.245
2022-09-16 11:00:00,3.3062166666666664,3.28575,299.97999999999996,255.13333333333333
2022-09-16 12:00:00,3.298583333333333,3.2798000000000003,297.39666666666665,270.1166666666667
2022-09-16 13:00:00,3.2749,3.2576666666666667,297.0433333333333,306.085
2022-09-16 14:00:00,3.2196833333333337,3.2070333333333334,300.35333333333335,316.28499999999997
2022-09-16 15:00:00,3.1994666666666665,3.1822999999999997,297.64666666666665,283.805
2022-09-16 16:00:00,3.1586833333333333,3.145583333333333,299.59666666666664,335.12
2022-09-16 17:00:00,3.0874333333333337,3.078533333333333,295.455,329.84000000000003
2022-09-16 18:00:00,3.0585999999999998,3.0439166666666666,299.3066666666667,278.32166666666666
2022-09-16 19:00:00,3.0131666666666663,3.0042833333333334,299.47333333333336,338.6766666666666
2022-09-16 20:00:00,2.9569166666666664,2.946833333333333,297.7883333333333,309.64500000000004
2022-09-16 21:00:00,2.936166666666667,2.9232,296.03499999999997,263.40833333333336
2022-09-16 22:00:00,2.929133333333333,2.9147666666666665,308.10499999999996,262.4766666666667
2022-09-16 23:00:00,2.9295166666666663,2.91635,323.92833333333334,279.975
2022-09-17 00:00:00,2.95165,2.9322999999999997,318.2566666666667,213.315
2022-09-17 01:00:00,3.004166666666667,2.981466666666667,324.26,214.395
2022-09-17 02:00:00,3.0325333333333333,3.013116666666667,323.7866666666667,258.6433333333333
2022-09-17 03:00:00,3.0688833333333334,3.0446,323.27333333333337,197.42333333333332
2022-09-17 04:00:00,3.113,3.0932166666666663,324.375,250.57166666666666
2022-09-17 05:00:00,3.1744166666666667,3.1446833333333335,325.455,135.88333333333333
2022-09-17 06:00:00,3.3766833333333333,3.33345,642.13,170.69833333333332
2022-09-17 07:00:00,3.64515,3.6005333333333334,537.4216666666666,233.67833333333334
2022-09-17 08:00:00,3.6675166666666663,3.6494666666666666,271.3516666666667,304.22166666666664
2022-09-17 09:00:00,3.584883333333333,3.5756333333333337,270.1716666666667,325.74833333333333
2022-09-17 10:00:00,3.530066666666667,3.518133333333333,270.63666666666666,295.0383333333333
2022-09-17 11:00:00,3.4579999999999997,3.4500666666666664,270.69,362.3316666666667
2022-09-17 12:00:00,3.3790666666666667,3.36745,270.36,296.4316666666667
2022-09-17 13:00:00,3.3204,3.312116666666667,269.49666666666667,323.22166666666664
2022-09-17 14:00:00,3.2503,3.2396333333333334,262.0833333333333,303.53333333333336
2022-09-17 15:00:00,3.196566666666667,3.184166666666667,260.62,315.76666666666665
2022-09-17 16:00:00,3.097766666666667,3.0923333333333334,260.21833333333336,342.0133333333333
2022-09-17 17:00:00,3.02285,3.0130333333333335,258.865,321.77833333333336
2022-09-17 18:00:00,2.9515333333333333,2.9434166666666663,259.22,313.1183333333333
2022-09-17 19:00:00,2.8886833333333333,2.8801166666666664,259.665,266.67833333333334
2022-09-17 20:00:00,2.8820666666666668,2.8648833333333332,308.03,283.05333333333334
2022-09-17 21:00:00,2.83685,2.8249,314.72166666666664,349.96
2022-09-17 22:00:00,2.7973833333333333,2.7803999999999998,308.63666666666666,264.20666666666665
2022-09-17 23:00:00,2.8234,2.8023499999999997,312.0933333333333,219.17000000000002
2022-09-18 00:00:00,2.8727,2.849683333333333,315.2866666666667,190.01666666666668
2022-09-18 01:00:00,2.9375,2.91295,315.1983333333334,189.59666666666666
2022-09-18 02:00:00,3.0005666666666664,2.973,314.07,171.61666666666667
2022-09-18 03:00:00,3.0865500000000003,3.05605,314.81666666666666,150.29
2022-09-18 04:00:00,3.185083333333333,3.1539,316.62666666666667,152.01000000000002
2022-09-18 05:00:00,3.25255,3.2228,316.695,189.92333333333332
2022-09-18 06:00:00,3.3169666666666666,3.2923,376.7,199.77166666666665
2022-09-18 07:00:00,3.4369666666666663,3.4446333333333334,528.7633333333333,250.10833333333332
2022-09-18 08:00:00,3.547166666666667,3.5141,414.745,324.34833333333336
2022-09-18 09:00:00,3.570133333333333,3.5251333333333337,405.8283333333333,339.00333333333333
2022-09-18 10:00:00,3.5633,3.5275666666666665,330.6633333333333,290.18833333333333
2022-09-18 11:00:00,3.557,3.527933333333333,292.2183333333333,258.54
2022-09-18 12:00:00,3.514216666666667,3.488983333333333,290.2933333333333,330.72333333333336
2022-09-18 13:00:00,3.4733333333333336,3.4459500000000003,288.77333333333337,295.945
2022-09-18 14:00:00,3.4160833333333334,3.3907000000000003,288.40333333333336,320.775
2022-09-18 15:00:00,3.37745,3.3505833333333332,291.68666666666667,268.62166666666667
2022-09-18 16:00:00,3.383283333333333,3.3514333333333335,292.00166666666667,232.50833333333333
2022-09-18 17:00:00,3.3918166666666663,3.3615500000000003,290.56333333333333,256.31
2022-09-18 18:00:00,3.3327166666666668,3.3120166666666666,291.46,403.5516666666666
2022-09-18 19:00:00,3.209566666666667,3.1916333333333333,294.195,372.8183333333333
2022-09-18 20:00:00,3.1343666666666667,3.1143833333333335,290.65,335.9916666666667
2022-09-18 21:00:00,3.0724333333333336,3.0528,288.025,340.505
2022-09-18 22:00:00,2.9916166666666664,2.9735500000000004,286.84666666666664,335.4533333333333
2022-09-18 23:00:00,2.94735,2.9256499999999996,290.615,289.01666666666665
2022-09-19 00:00:00,2.9073166666666665,2.8878,293.625,321.02333333333337
2022-09-19 01:00:00,2.8786833333333335,2.8538,294.5,230.16833333333335
2022-09-19 02:00:00,2.930833333333333,2.9001,294.27000000000004,161.81166666666667
2022-09-19 03:00:00,3.0065833333333334,2.9747,298.25166666666667,142.45833333333334
2022-09-19 04:00:00,3.1386499999999997,3.1271166666666668,474.9066666666667,113.49333333333334
2022-09-19 05:00:00,3.380533333333333,3.380533333333333,526.6183333333333,128.83166666666665
2022-09-19 06:00:00,3.59125,3.5837833333333338,408.49833333333333,202.1616666666667
2022-09-19 07:00:00,3.604616666666667,3.595266666666667,296.50333333333333,294.56333333333333
2022-09-19 08:00:00,3.5697166666666664,3.5625333333333336,292.8433333333333,318.115
2022-09-19 09:00:00,3.5024333333333333,3.4995,289.24833333333333,324.8283333333333
2022-09-19 10:00:00,3.4662833333333336,3.4556666666666667,290.46,260.35499999999996
2022-09-19 11:00:00,3.4546833333333336,3.4461333333333335,297.15,296.1383333333333
2022-09-19 12:00:00,3.440316666666667,3.4275,297.4916666666667,259.9
2022-09-19 13:00:00,3.4076,3.4023499999999998,292.46,316.81666666666666
2022-09-19 14:00:00,3.34285,3.3424666666666667,293.82166666666666,340.44666666666666
2022-09-19 15:00:00,3.288816666666667,3.2843,294.27833333333336,287.2083333333333
2022-09-19 16:00:00,3.2731,3.26565,292.77000000000004,274.31666666666666
2022-09-19 17:00:00,3.2643833333333334,3.2535666666666665,293.21500000000003,255.34333333333333
2022-09-19 18:00:00,3.212416666666667,3.2134,292.1983333333334,366.97666666666663
2022-09-19 19:00:00,3.13855,3.1391666666666667,291.62,326.32
2022-09-19 20:00:00,3.08945,3.0867500000000003,289.93666666666667,288.0516666666666
2022-09-19 21:00:00,3.0643333333333334,3.05805,300.64000000000004,327.2
2022-09-19 22:00:00,3.019633333333333,3.0010499999999998,331.0683333333333,291.3316666666667
2022-09-19 23:00:00,3.0554,3.0292833333333333,334.1333333333333,227.38333333333333
2022-09-20 00:00:00,3.09035,3.0634666666666663,322.04833333333335,236.83333333333334
2022-09-20 01:00:00,3.1199333333333334,3.0941,322.27166666666665,232.85333333333335
2022-09-20 02:00:00,3.1667,3.1374500000000003,324.96,199.95333333333335
2022-09-20 03:00:00,3.2375333333333334,3.2051166666666666,323.18333333333334,162.905
2022-09-20 04:00:00,3.3375833333333333,3.3032,323.3816666666667,134.69333333333333
2022-09-20 05:00:00,3.451416666666667,3.414433333333333,325.7133333333333,130.88666666666666
2022-09-20 06:00:00,3.5365166666666665,3.504233333333333,326.65999999999997,217.03
2022-09-20 07:00:00,3.5220333333333333,3.4988666666666663,325.47,368.8233333333334
2022-09-20 08:00:00,3.447,3.42615,331.025,344.60166666666663
2022-09-20 09:00:00,3.42705,3.4016333333333333,326.10999999999996,289.65166666666664
2022-09-20 10:00:00,3.4061,3.3825833333333337,325.23333333333335,328.4316666666667
2022-09-20 11:00:00,3.3848833333333332,3.358633333333333,325.5566666666667,261.20166666666665
2022-09-20 12:00:00,3.4072833333333334,3.37565,250.985,243.83666666666667
2022-09-20 13:00:00,3.3583166666666666,3.3499166666666667,285.37166666666667,278.72833333333335
2022-09-20 14:00:00,3.3231666666666664,3.3195833333333336,286.96666666666664,279.9066666666667
2022-09-20 15:00:00,3.2955166666666664,3.291233333333333,287.75,277.2433333333333
2022-09-20 16:00:00,3.2797,3.274383333333333,287.49,283.1433333333333
2022-09-20 17:00:00,3.227616666666667,3.229766666666667,286.83,316.00166666666667
2022-09-20 18:00:00,3.17245,3.1736500000000003,280.76666666666665,324.0566666666667
2022-09-20 19:00:00,3.1083,3.1085333333333334,273.58,309.39166666666665
2022-09-20 20:00:00,3.07055,3.065533333333333,272.545,272.39
2022-09-20 21:00:00,3.0265166666666667,3.02655,271.23333333333335,316.0683333333333
2022-09-20 22:00:00,2.9457166666666668,2.9448833333333337,303.5883333333333,365.1116666666667
2022-09-20 23:00:00,2.8879333333333337,2.880533333333333,299.195,292.6316666666667
2022-09-21 00:00:00,2.8833333333333333,2.870816666666667,300.47666666666663,249.715
2022-09-21 01:00:00,2.9150770833333337,2.8975999999999997,302.29,186.85166666666666
2022-09-21 02:00:00,2.9785833333333334,2.9577999999999998,302.295,170.49166666666667
2022-09-21 03:00:00,3.0523499999999997,3.0287833333333336,300.4533333333333,152.32833333333335
2022-09-21 04:00:00,3.1347666666666667,3.1101,301.62166666666667,146.345
2022-09-21 05:00:00,3.223383333333333,3.197166666666667,301.8066666666667,144.55166666666668
2022-09-21 06:00:00,3.2984500000000003,3.274,300.5733333333334,181.97166666666666
2022-09-21 07:00:00,3.2866333333333335,3.2763833333333334,297.705,365.62833333333333
2022-09-21 08:00:00,3.1817333333333333,3.17855,296.17833333333334,370.4566666666667
2022-09-21 09:00:00,3.1092500000000003,3.1025833333333335,289.65833333333336,334.64166666666665
2022-09-21 10:00:00,3.0431666666666666,3.0357,289.5433333333333,318.1
2022-09-21 11:00:00,3.00365,2.995233333333333,289.14000000000004,286.90333333333336
2022-09-21 12:00:00,2.9823166666666667,2.9718500000000003,296.4866666666667,282.56
2022-09-21 13:00:00,2.9567833333333335,2.9484500000000002,297.9066666666667,267.5733333333333
2022-09-21 14:00:00,2.9595333333333333,2.94795,297.9933333333333,244.79666666666665
2022-09-21 15:00:00,2.971233333333333,2.958366666666667,299.87833333333333,247.05666666666667
2022-09-21 16:00:00,2.9870333333333337,2.9697000000000005,297.5816666666667,221.76000000000002
2022-09-21 17:00:00,2.980566666666667,2.9684833333333334,293.0566666666667,307.20166666666665
2022-09-21 18:00:00,2.9180333333333333,2.9114500000000003,292.96666666666664,329.7583333333333
2022-09-21 19:00:00,2.8388333333333335,2.8392666666666666,293.1766666666666,369.73333333333335
2022-09-21 20:00:00,2.784683333333333,2.7775833333333333,290.62833333333333,293.9866666666667
2022-09-21 21:00:00,2.7342500000000003,2.73175,294.6766666666666,343.0383333333333
2022-09-21 22:00:00,2.67445,2.6713666666666667,299.65166666666664,298.17833333333334
2022-09-21 23:00:00,2.6562333333333332,2.6484,306.12,283.76166666666666
2022-09-22 00:00:00,2.6819166666666665,2.699516666666667,463.90833333333336,254.56333333333333
2022-09-22 01:00:00,2.8154833333333333,2.8271333333333333,466.6666666666667,208.04500000000002
2022-09-22 02:00:00,2.9837166666666666,2.9918666666666667,468.9,161.55
2022-09-22 03:00:00,3.1679000000000004,3.17295,466.2116666666667,162.38666666666668
2022-09-22 04:00:00,3.32235,3.326716666666667,465.175,200.84666666666666
2022-09-22 05:00:00,3.45995,3.4303833333333333,228.46,128.795
2022-09-22 06:00:00,3.5040666666666667,3.4797333333333333,298.64666666666665,177.29333333333335
2022-09-22 07:00:00,3.53185,3.5202999999999998,310.19666666666666,269.0466666666667
2022-09-22 08:00:00,3.4877166666666666,3.482066666666667,294.37666666666667,346.47666666666663
2022-09-22 09:00:00,3.41945,3.4131,294.87833333333333,317.165
2022-09-22 10:00:00,3.4010000000000002,3.38675,296.3333333333333,257.2916666666667
2022-09-22 11:00:00,3.38545,3.3745666666666665,289.89833333333337,301.055
2022-09-22 12:00:00,3.31715,3.3136333333333337,296.2633333333333,338.805
2022-09-22 13:00:00,3.27595,3.2681833333333334,296.085,286.18666666666667
2022-09-22 14:00:00,3.2402333333333333,3.23415,289.1933333333333,324.6983333333334
2022-09-22 15:00:00,3.1923000000000004,3.1822999999999997,284.6383333333333,273.7683333333333
2022-09-22 16:00:00,3.1757166666666667,3.165766666666667,292.60499999999996,266.35
2022-09-22 17:00:00,3.1536,3.1465,292.85333333333335,290.295
2022-09-22 18:00:00,3.1251166666666665,3.116816666666667,288.9116666666667,266.5683333333333
2022-09-22 19:00:00,3.1207833333333337,3.1101666666666667,290.47166666666664,261.215
2022-09-22 20:00:00,3.0826,3.0790833333333336,293.72666666666663,334.2066666666667
2022-09-22 21:00:00,3.0256666666666665,3.0230666666666663,292.04833333333335,294.96
2022-09-22 22:00:00,2.9872666666666663,2.9834,292.85999999999996,308.35999999999996
2022-09-22 23:00:00,2.9704333333333333,2.9625166666666667,311.37166666666667,242.77
2022-09-23 00:00:00,3.0073333333333334,2.9991833333333333,325.89500000000004,218.96
2022-09-23 01:00:00,3.0703166666666664,3.0573333333333332,327.94,185.97666666666666
2022-09-23 02:00:00,3.1360333333333332,3.1255666666666664,327.6683333333333,202.075
2022-09-23 03:00:00,3.1880666666666664,3.1765166666666667,327.3933333333333,209.30833333333334
2022-09-23 04:00:00,3.2553,3.24055,329.21,188.10833333333332
2022-09-23 05:00:00,3.3250666666666664,3.309633333333333,326.7033333333333,190.26000000000002
2022-09-23 06:00:00,3.4599333333333333,3.44005,567.5366666666666,224.61166666666668
2022-09-23 07:00:00,3.6267833333333335,3.613183333333333,511.025,326.12166666666667
2022-09-23 08:00:00,3.5698833333333337,3.558883333333333,228.845,364.40166666666664
2022-09-23 09:00:00,3.4933666666666667,3.4688333333333334,219.63333333333333,244.09
2022-09-23 10:00:00,3.4507499999999998,3.4265,219.5,258.475
2022-09-23 11:00:00,3.3886333333333334,3.3656833333333336,220.15666666666667,254.10833333333332
2022-09-23 12:00:00,3.338016666666667,3.3162499999999997,220.6,269.005
2022-09-23 13:00:00,3.2861,3.261483333333333,217.86,239.29833333333332
2022-09-23 14:00:00,3.2373,3.2151333333333336,217.23666666666668,261.22
2022-09-23 15:00:00,3.189516666666667,3.165783333333333,217.20499999999998,234.12666666666667
2022-09-23 16:00:00,3.1454666666666666,3.1247333333333334,216.275,241.54166666666666
2022-09-23 17:00:00,3.0740166666666666,3.0570000000000004,216.65833333333333,341.365
2022-09-23 18:00:00,2.9274833333333334,2.9168333333333334,217.085,357.57166666666666
2022-09-23 19:00:00,2.81225,2.8009,216.25333333333336,374.12333333333333
2022-09-23 20:00:00,2.6543833333333335,2.6466833333333333,218.065,357.9266666666666
2022-09-23 21:00:00,2.5549833333333334,2.5537666666666667,304.31333333333333,293.59833333333336
2022-09-23 22:00:00,2.582466666666667,2.5940000000000003,385.56,259.295
2022-09-23 23:00:00,2.645783333333333,2.6561666666666666,385.1316666666667,252.755
2022-09-24 00:00:00,2.7022,2.710866666666667,383.81,233.07333333333332
2022-09-24 01:00:00,2.8052,2.803366666666667,385.53333333333336,175.28333333333333
2022-09-24 02:00:00,2.9283,2.9235333333333333,387.17333333333335,167.28833333333333
2022-09-24 03:00:00,3.0550166666666665,3.046766666666667,386.9116666666667,167.76333333333332
2022-09-24 04:00:00,3.1843166666666667,3.1749,386.04833333333335,150.65166666666667
2022-09-24 05:00:00,3.328816666666667,3.31575,388.85833333333335,131.89666666666668
2022-09-24 06:00:00,3.4759666666666664,3.4625166666666667,386.55833333333334,160.05833333333334
2022-09-24 07:00:00,3.5898499999999998,3.5767333333333338,386.78333333333336,192.78333333333333
2022-09-24 08:00:00,3.665116666666667,3.6611833333333332,381.255,274.59666666666664
2022-09-24 09:00:00,3.6509,3.628433333333333,241.64166666666668,313.14500000000004
2022-09-24 10:00:00,3.5374666666666665,3.5157833333333333,241.30833333333334,411.1816666666667
2022-09-24 11:00:00,3.3679,3.3499,243.095,398.4066666666667
2022-09-24 12:00:00,3.2596166666666666,3.2392166666666666,239.89833333333334,311.245
2022-09-24 13:00:00,3.18175,3.1597,235.485,310.575
2022-09-24 14:00:00,3.09125,3.0715833333333333,235.78,321.8683333333333
2022-09-24 15:00:00,2.9930166666666667,2.9759666666666664,236.44333333333333,324.42833333333334
2022-09-24 16:00:00,2.9341,2.9167,260.455,243.16833333333335
2022-09-24 17:00:00,2.937183333333333,2.91925,267.34166666666664,215.95666666666665
2022-09-24 18:00:00,2.9399333333333333,2.9238833333333334,272.2416666666667,259.1166666666667
2022-09-24 19:00:00,2.8882,2.8760666666666665,272.65833333333336,293.025
2022-09-24 20:00:00,2.8742666666666663,2.8581833333333337,272.8483333333333,234.25833333333333
2022-09-24 21:00:00,2.8765666666666667,2.88785,346.6683333333333,258.725
2022-09-24 22:00:00,2.8970333333333333,2.913483333333333,344.74,279.795
2022-09-24 23:00:00,2.879166666666667,2.8800499999999998,325.32,357.7916666666667
2022-09-25 00:00:00,2.8718333333333335,2.8366333333333333,336.8383333333333,252.84
2022-09-25 01:00:00,2.9171,2.8795833333333336,338.55833333333334,222.51833333333335
2022-09-25 02:00:00,2.97545,2.9385833333333333,336.755,191.01666666666668
2022-09-25 03:00:00,3.0676833333333335,3.0293166666666664,335.7583333333333,150.285
2022-09-25 04:00:00,3.175483333333333,3.136,334.295,132.13833333333335
2022-09-25 05:00:00,3.2977333333333334,3.2569,333.05333333333334,128.15
2022-09-25 06:00:00,3.4060166666666665,3.3645333333333336,370.725,170.29
2022-09-25 07:00:00,3.5469,3.51155,466.60333333333335,201.25833333333333
2022-09-25 08:00:00,3.6094166666666667,3.5865500000000003,343.42833333333334,327.9916666666667
2022-09-25 09:00:00,3.5655833333333335,3.5509,293.46500000000003,305.19
2022-09-25 10:00:00,3.5202,3.504766666666667,290.60333333333335,286.7
2022-09-25 11:00:00,3.5034666666666667,3.4846999999999997,291.32666666666665,275.01666666666665
2022-09-25 12:00:00,3.485783333333333,3.46925,293.6166666666667,273.74666666666667
2022-09-25 13:00:00,3.4339500000000003,3.4233333333333333,290.09666666666664,359.935
2022-09-25 14:00:00,3.3432833333333334,3.3343333333333334,288.46,347.65333333333336
2022-09-25 15:00:00,3.2893166666666667,3.2761666666666667,291.405,293.685
2022-09-25 16:00:00,3.2638833333333332,3.25005,294.02666666666664,306.05
2022-09-25 17:00:00,3.196966666666667,3.1893666666666665,293.455,330.7866666666667
2022-09-25 18:00:00,3.1629833333333335,3.1502833333333333,290.745,264.68333333333334
2022-09-25 19:00:00,3.14625,3.134466666666667,287.06166666666667,302.29
2022-09-25 20:00:00,3.0772833333333334,3.0718666666666667,291.06,329.52333333333337
2022-09-25 21:00:00,3.0343999999999998,3.0244833333333334,290.1933333333333,298.9133333333333
2022-09-25 22:00:00,2.9998666666666667,2.9899,290.38,280.5383333333333
2022-09-25 23:00:00,2.9893333333333336,2.978083333333333,307.23333333333335,262.14166666666665
2022-09-26 00:00:00,2.991216666666667,2.97905,315.27666666666664,254.32333333333332
2022-09-26 01:00:00,3.0039166666666666,2.9921833333333336,319.0933333333333,264.04833333333335
2022-09-26 02:00:00,3.0371,3.0191999999999997,321.2816666666667,200.30499999999998
2022-09-26 03:00:00,3.1115500000000003,3.0890333333333335,320.53,152.25666666666666
2022-09-26 04:00:00,3.2255833333333332,3.1965,320.0883333333333,108.43
2022-09-26 05:00:00,3.3536,3.320333333333333,353.56666666666666,121.65833333333333
2022-09-26 06:00:00,3.5018833333333332,3.4666166666666665,404.45,167.19666666666666
2022-09-26 07:00:00,3.55125,3.530466666666667,307.5066666666667,354.71500000000003
2022-09-26 08:00:00,3.4202,3.4112,270.45166666666665,387.875
2022-09-26 09:00:00,3.3272833333333334,3.3150666666666666,271.2883333333333,326.5133333333333
2022-09-26 10:00:00,3.2852166666666665,3.268533333333333,271.77166666666665,266.2866666666667
2022-09-26 11:00:00,3.2704,3.2510166666666667,271.7116666666667,232.48833333333332
2022-09-26 12:00:00,3.2602166666666665,3.2429833333333336,271.9866666666667,265.4816666666667
2022-09-26 13:00:00,3.2314000000000003,3.2153666666666667,268.2316666666667,267.12
2022-09-26 14:00:00,3.1864,3.173,268.6433333333333,301.3283333333333
2022-09-26 15:00:00,3.1224166666666666,3.11145,267.0833333333333,320.4116666666667
2022-09-26 16:00:00,3.0679166666666666,3.05615,267.65666666666664,302.37
2022-09-26 17:00:00,2.9626500000000004,2.9574,267.92833333333334,372.72
2022-09-26 18:00:00,2.9074,2.8960333333333335,267.3183333333333,277.99666666666667
2022-09-26 19:00:00,2.86415,2.8551,267.12,280.47833333333335
2022-09-26 20:00:00,2.8168333333333333,2.807733333333333,266.8883333333333,293.0883333333333
2022-09-26 21:00:00,2.7515,2.7457333333333334,261.835,340.7183333333333
2022-09-26 22:00:00,2.6548833333333333,2.6486500000000004,290.5366666666667,333.805
2022-09-26 23:00:00,2.69575,2.6665,405.28,227.73999999999998
2022-09-27 00:00:00,2.7896833333333335,2.7586166666666667,398.77000000000004,201.79
2022-09-27 01:00:00,2.8971666666666667,2.864816666666667,396.94666666666666,216.96
2022-09-27 02:00:00,2.9891666666666667,2.95565,395.3433333333333,208.76166666666668
2022-09-27 03:00:00,3.09085,3.055066666666667,397.955,203.05
2022-09-27 04:00:00,3.203533333333333,3.1683666666666666,421.695,166.20333333333335
2022-09-27 05:00:00,3.3654,3.3143666666666665,340.365,122.41333333333334
2022-09-27 06:00:00,3.5063833333333334,3.46995,465.99833333333333,198.8
2022-09-27 07:00:00,3.5508499999999996,3.5579833333333335,357.8666666666667,335.475
2022-09-27 08:00:00,3.5070166666666664,3.5223,362.9866666666667,332.0066666666667
2022-09-27 09:00:00,3.52805,3.5330166666666667,358.64000000000004,285.46
2022-09-27 10:00:00,3.528,3.54,358.5,306.5
2022-09-27 11:00:00,3.5312833333333336,3.542416666666667,358.6166666666667,303.995
2022-09-27 12:00:00,3.5777,3.57025,296.06166666666667,270.76666666666665
2022-09-27 13:00:00,3.5516333333333336,3.540766666666667,276.8833333333333,277.2033333333333
2022-09-27 14:00:00,3.5398666666666667,3.525516666666667,279.2883333333333,249.01833333333335
2022-09-27 15:00:00,3.5018000000000002,3.49415,280.1333333333333,316.8366666666667
2022-09-27 16:00:00,3.4352500000000004,3.4305666666666665,281.0566666666667,333.14833333333337
2022-09-27 17:00:00,3.3665499999999997,3.3619166666666667,280.1716666666667,305.915
2022-09-27 18:00:00,3.302233333333333,3.301933333333333,282.45,370.595
2022-09-27 19:00:00,3.2060166666666663,3.205766666666667,279.4266666666666,326.58
2022-09-27 20:00:00,3.165966666666667,3.1595500000000003,280.1433333333333,276.26
2022-09-27 21:00:00,3.1372666666666666,3.13335,284.955,283.635
2022-09-27 22:00:00,3.1172666666666666,3.110666666666667,284.71500000000003,247.59333333333333
2022-09-27 23:00:00,3.117033333333333,3.1070833333333336,277.10833333333335,240.12333333333333
2022-09-28 00:00:00,3.1258833333333333,3.11495,277.5416666666667,229.525
2022-09-28 01:00:00,3.111066666666667,3.1030666666666664,278.05333333333334,247.875
2022-09-28 02:00:00,3.139933333333333,3.1235833333333334,276.96500000000003,174.02833333333334
2022-09-28 03:00:00,3.199,3.1769166666666666,276.635,146.76833333333335
2022-09-28 04:00:00,3.2680000000000002,3.2458666666666667,278.5133333333333,148.89166666666668
2022-09-28 05:00:00,3.3471333333333333,3.3218166666666664,279.1333333333333,123.78833333333334
2022-09-28 06:00:00,3.47065,3.4730833333333333,534.7216666666667,190.25
2022-09-28 07:00:00,3.5248666666666666,3.484933333333333,214.425,402.435
2022-09-28 08:00:00,3.3680833333333333,3.3348500000000003,287.88,417.7633333333333
2022-09-28 09:00:00,3.2496333333333336,3.2224333333333335,285.5,357.385
2022-09-28 10:00:00,3.1621499999999996,3.1357333333333335,287.2,378.35833333333335
2022-09-28 11:00:00,3.1013499999999996,3.0722666666666667,287.99833333333333,256.67333333333335
2022-09-28 12:00:00,3.0952833333333336,3.0668833333333336,287.3066666666667,255.92333333333332
2022-09-28 13:00:00,3.0899,3.0599333333333334,286.67333333333335,262.905
2022-09-28 14:00:00,3.06745,3.0384666666666664,286.31333333333333,256.405
2022-09-28 15:00:00,3.0778666666666665,3.0486500000000003,286.19166666666666,228.86833333333334
2022-09-28 16:00:00,3.0818833333333333,3.0528,281.98833333333334,237.63833333333332
2022-09-28 17:00:00,3.0792333333333333,3.0504333333333333,282.4566666666667,242.43333333333334
2022-09-28 18:00:00,3.0841333333333334,3.0548333333333333,282.655,236.51666666666668
2022-09-28 19:00:00,3.0493666666666663,3.023683333333333,283.40999999999997,338.15999999999997
2022-09-28 20:00:00,2.97125,2.946883333333333,283.47166666666664,356.825
2022-09-28 21:00:00,2.8682166666666666,2.8470500000000003,282.225,388.4183333333333
2022-09-28 22:00:00,2.7720333333333333,2.7517333333333336,300.0433333333333,333.4933333333333
2022-09-28 23:00:00,2.733766666666667,2.7199166666666668,336.42833333333334,321.68
2022-09-29 00:00:00,2.731466666666667,2.7150333333333334,340.9133333333333,245.66666666666666
2022-09-29 01:00:00,2.80245,2.7787333333333333,341.7916666666667,174.37666666666667
2022-09-29 02:00:00,2.8975333333333335,2.8732166666666665,342.52166666666665,161.48166666666665
2022-09-29 03:00:00,3.0025833333333334,2.9755833333333332,342.76,146.84666666666666
2022-09-29 04:00:00,3.1181,3.0891499999999996,345.14833333333337,139.65333333333334
2022-09-29 05:00:00,3.276416666666667,3.247316666666667,510.85333333333335,155.4633333333333
2022-09-29 06:00:00,3.4809,3.4576333333333333,582.325,278.5183333333333
2022-09-29 07:00:00,3.5899,3.5781666666666667,455.325,346.6333333333333
2022-09-29 08:00:00,3.528316666666667,3.52375,276.87166666666667,375.28499999999997
2022-09-29 09:00:00,3.4719333333333333,3.4556666666666667,271.19166666666666,255.595
2022-09-29 10:00:00,3.460666666666667,3.4421666666666666,266.6816666666667,244.595
2022-09-29 11:00:00,3.4502666666666664,3.4307333333333334,268.195,237.6
2022-09-29 12:00:00,3.4108666666666663,3.39685,269.1483333333333,326.26166666666666
2022-09-29 13:00:00,3.362416666666667,3.3455333333333335,268.93833333333333,261.225
2022-09-29 14:00:00,3.333366666666667,3.3173666666666666,267.99666666666667,266.32
2022-09-29 15:00:00,3.316333333333333,3.2983833333333332,267.58,235.05166666666668
2022-09-29 16:00:00,3.295733333333333,3.2810833333333336,266.975,285.14833333333337
2022-09-29 17:00:00,3.2375,3.225916666666667,267.45,301.31166666666667
2022-09-29 18:00:00,3.2051333333333334,3.189216666666667,268.405,255.39666666666665
2022-09-29 19:00:00,3.1651666666666665,3.1540666666666666,265.31333333333333,311.94666666666666
2022-09-29 20:00:00,3.06655,3.0626666666666664,264.64500000000004,365.795
2022-09-29 21:00:00,2.9913833333333333,2.982466666666667,265.87,294.6816666666667
2022-09-29 22:00:00,2.9508,2.951416666666667,325.03499999999997,290.42833333333334
2022-09-29 23:00:00,2.94525,2.9435000000000002,302.28333333333336,287.56666666666666
2022-09-30 00:00:00,2.93755,2.92595,290.56166666666667,238.98666666666668
2022-09-30 01:00:00,2.9676166666666663,2.9508,291.725,177.245
2022-09-30 02:00:00,3.0362500000000003,3.0145166666666667,291.575,156.46666666666667
2022-09-30 03:00:00,3.1004333333333336,3.0793666666666666,292.2683333333333,176.35333333333335
2022-09-30 04:00:00,3.1578,3.1367,295.21,168.05166666666668
2022-09-30 05:00:00,3.2286,3.203316666666667,307.98499999999996,157.70333333333335
2022-09-30 06:00:00,3.33435,3.3011833333333334,369.02666666666664,167.52833333333334
2022-09-30 07:00:00,3.4051166666666663,3.3749333333333333,366.90333333333336,314.68833333333333
2022-09-30 08:00:00,3.3411270833333333,3.31615,365.85999999999996,419.77833333333336
2022-09-30 09:00:00,3.29115,3.2640833333333332,358.37333333333333,319.09833333333336
2022-09-30 10:00:00,3.2998333333333334,3.2778666666666667,308.065,268.9733333333333
2022-09-30 11:00:00,3.259983333333333,3.246466666666667,292.2883333333333,296.6983333333334
2022-09-30 12:00:00,3.2466500000000003,3.230166666666667,293.3816666666667,254.37333333333333
2022-09-30 13:00:00,3.2359,3.2201999999999997,292.795,284.26500000000004
2022-09-30 14:00:00,3.2069666666666667,3.192,294.305,279.68333333333334
2022-09-30 15:00:00,3.1984166666666667,3.18075,292.4166666666667,259.3516666666667
2022-09-30 16:00:00,3.1683499999999998,3.1547666666666667,290.26500000000004,319.57166666666666
2022-09-30 17:00:00,3.1066000000000003,3.0967333333333333,293.2883333333333,309.3233333333334
2022-09-30 18:00:00,3.0865500000000003,3.0702833333333337,288.72666666666663,250.39666666666665
2022-09-30 19:00:00,3.092966666666667,3.0755500000000002,284.07666666666665,255.775
2022-09-30 20:00:00,3.0471166666666667,3.038416666666667,285.35166666666663,312.4166666666667
2022-09-30 21:00:00,3.009583333333333,2.9981999999999998,285.87,292.5066666666667
2022-09-30 22:00:00,2.9542833333333336,2.9491500000000004,289.02000000000004,337.665
2022-09-30 23:00:00,2.88185,2.8796166666666663,307.225,316.5083333333333
2022-10-01 00:00:00,2.8921166666666664,2.8844833333333333,310.95,232.29833333333332
2022-10-01 01:00:00,2.910816666666667,2.9008166666666666,335.36333333333334,246.31166666666667
2022-10-01 02:00:00,2.9779833333333334,2.9743666666666666,414.49,223.19333333333333
2022-10-01 03:00:00,3.084683333333333,3.0778666666666665,413.9583333333333,205.47333333333333
2022-10-01 04:00:00,3.2157666666666667,3.2022,414.655,158.58333333333334
2022-10-01 05:00:00,3.3827,3.364933333333333,415.09166666666664,131.82333333333332
2022-10-01 06:00:00,3.5485333333333333,3.527333333333333,417.495,153.86499999999998
2022-10-01 07:00:00,3.6718166666666665,3.6576333333333335,395.8183333333333,234.26833333333335
2022-10-01 08:00:00,3.6876166666666665,3.6638666666666664,275.12,269.59666666666664
2022-10-01 09:00:00,3.67355,3.6479333333333335,273.955,256.05
2022-10-01 10:00:00,3.63315,3.6122500000000004,274.89000000000004,319.435
2022-10-01 11:00:00,3.5711333333333335,3.5509333333333335,276.22,281.93833333333333
2022-10-01 12:00:00,3.5507,3.528116666666667,275.6166666666667,261.6933333333333
2022-10-01 13:00:00,3.5272,3.50485,276.6716666666667,301.28
2022-10-01 14:00:00,3.4422,3.4263166666666667,276.83,375.0783333333333
2022-10-01 15:00:00,3.325216666666667,3.3129,278.43666666666667,365.5083333333333
2022-10-01 16:00:00,3.26805,3.2488333333333332,276.98499999999996,285.26
2022-10-01 17:00:00,3.2211833333333337,3.20465,277.46500000000003,308.1383333333333
2022-10-01 18:00:00,3.1456166666666667,3.13255,276.98833333333334,352.6383333333333
2022-10-01 19:00:00,3.103933333333333,3.08395,276.6066666666667,234.89833333333334
2022-10-01 20:00:00,3.1161666666666665,3.0955333333333335,276.935,219.28333333333333
2022-10-01 21:00:00,3.1119333333333334,3.094333333333333,270.10499999999996,256.1766666666667
2022-10-01 22:00:00,3.0998,3.0795000000000003,272.0683333333333,238.41833333333335
2022-10-01 23:00:00,3.096233333333333,3.0759166666666666,282.60833333333335,238.77333333333334
2022-10-02 00:00:00,3.1114166666666665,3.0891,285.0,209.36333333333332
2022-10-02 01:00:00,3.1417333333333333,3.1184833333333333,286.8616666666667,191.40833333333333
2022-10-02 02:00:00,3.19435,3.1672833333333332,288.3666666666667,189.22666666666666
2022-10-02 03:00:00,3.226316666666667,3.20055,288.635,182.435
2022-10-02 04:00:00,3.29665,3.2673833333333335,283.69666666666666,139.13166666666666
2022-10-02 05:00:00,3.403966666666667,3.4134,521.6516666666666,173.965
2022-10-02 06:00:00,3.6255,3.65645,529.2083333333334,226.57166666666666
2022-10-02 07:00:00,3.73175,3.7113,339.51,237.28333333333333
2022-10-02 08:00:00,3.7607500000000003,3.7420666666666667,330.0,294.595
2022-10-02 09:00:00,3.66695,3.646866666666667,207.98166666666665,397.30833333333334
2022-10-02 10:00:00,3.5158666666666667,3.4905166666666667,204.96666666666667,328.43666666666667
2022-10-02 11:00:00,3.4196666666666666,3.3930833333333337,204.97166666666666,303.245
2022-10-02 12:00:00,3.3200166666666666,3.2948833333333334,207.33333333333334,286.9433333333333
2022-10-02 13:00:00,3.25715,3.2308000000000003,207.655,239.20499999999998
2022-10-02 14:00:00,3.2121833333333334,3.18445,207.79166666666666,228.68166666666667
2022-10-02 15:00:00,3.1713999999999998,3.1462333333333334,209.44166666666666,237.53166666666667
2022-10-02 16:00:00,3.114916666666667,3.0922666666666667,209.88,266.80833333333334
2022-10-02 17:00:00,3.0478666666666663,3.0246166666666667,207.36833333333334,262.14166666666665
2022-10-02 18:00:00,2.9632833333333335,2.943433333333333,206.605,331.06166666666667
2022-10-02 19:00:00,2.82905,2.8152833333333334,208.155,345.40166666666664
2022-10-02 20:00:00,2.7143,2.7001666666666666,208.39166666666668,299.4183333333333
2022-10-02 21:00:00,2.6418666666666666,2.626633333333333,210.66666666666666,254.215
2022-10-02 22:00:00,2.5682833333333335,2.554216666666667,210.50166666666667,304.32166666666666
2022-10-02 23:00:00,2.468033333333333,2.463916666666667,294.86333333333334,314.39833333333337
2022-10-03 00:00:00,2.5078833333333335,2.509866666666667,419.205,231.715
2022-10-03 01:00:00,2.6278833333333336,2.6214333333333335,424.09666666666664,185.935
2022-10-03 02:00:00,2.7702833333333334,2.758383333333333,422.90999999999997,173.82833333333335
2022-10-03 03:00:00,2.9202833333333333,2.9065,423.34666666666664,157.98833333333332
2022-10-03 04:00:00,3.0810166666666663,3.0622166666666666,425.99,149.57999999999998
2022-10-03 05:00:00,3.2478,3.2252,425.4166666666667,144.37166666666664
2022-10-03 06:00:00,3.4087666666666667,3.3878,438.67,186.28833333333333
2022-10-03 07:00:00,3.5536666666666665,3.5509333333333335,510.5316666666667,199.71166666666667
2022-10-03 08:00:00,3.6588,3.6324166666666664,238.85666666666665,217.83333333333334
2022-10-03 09:00:00,3.6365333333333334,3.6007000000000002,177.355,218.86833333333334
2022-10-03 10:00:00,3.549516666666667,3.509583333333333,144.035,307.4066666666667
2022-10-03 11:00:00,3.37905,3.3426166666666663,143.88,339.2916666666667
2022-10-03 12:00:00,3.225616666666667,3.19175,144.33333333333334,321.2683333333333
2022-10-03 13:00:00,3.06035,3.02805,144.67999999999998,337.68
2022-10-03 14:00:00,2.90875,2.8779,144.25833333333333,313.155
2022-10-03 15:00:00,2.7727999999999997,2.7436,146.08166666666665,283.0833333333333
2022-10-03 16:00:00,2.668966666666667,2.6671166666666664,278.3683333333333,300.97166666666664
2022-10-03 17:00:00,2.6400833333333336,2.6456166666666667,297.60499999999996,283.97333333333336
2022-10-03 18:00:00,2.5993500000000003,2.6090666666666666,297.48833333333334,323.445
2022-10-03 19:00:00,2.5387,2.551216666666667,297.325,331.81666666666666
2022-10-03 20:00:00,2.4747666666666666,2.4888833333333333,295.3933333333333,341.88
2022-10-03 21:00:00,2.41255,2.4274833333333334,296.425,330.4933333333333
2022-10-03 22:00:00,2.3737166666666667,2.3788770833333337,350.3016666666666,299.2633333333333
2022-10-03 23:00:00,2.432466666666667,2.414283333333333,416.8066666666667,260.41833333333335
2022-10-04 00:00:00,2.5168666666666666,2.4963333333333333,420.0366666666667,238.05333333333334
2022-10-04 01:00:00,2.61555,2.5919833333333333,420.9483333333334,210.4
2022-10-04 02:00:00,2.7597666666666667,2.732966666666667,422.55,153.14666666666665
2022-10-04 03:00:00,2.924716666666667,2.8941,424.65333333333336,145.03333333333333
2022-10-04 04:00:00,3.1007166666666666,3.0654166666666667,422.555,118.23833333333333
2022-10-04 05:00:00,3.271666666666667,3.2364,418.945,187.78
2022-10-04 06:00:00,3.3789666666666665,3.3626333333333336,459.4795698924731,246.01333333333332
2022-10-04 07:00:00,3.6589,3.7119333333333335,448.41626344086023,268.455
2022-10-04 08:00:00,3.7775000000000003,3.7063333333333333,279.05333333333334,307.315
2022-10-04 09:00:00,3.74755,3.6767499999999997,276.335,246.835
2022-10-04 10:00:00,3.7272833333333333,3.6533,277.365,291.57
2022-10-04 11:00:00,3.677033333333333,3.60335,278.39500000000004,286.795
2022-10-04 12:00:00,3.6504,3.578416666666667,274.68,294.2933333333333
2022-10-04 13:00:00,3.5920666666666667,3.5206166666666667,269.3483333333333,280.65166666666664
2022-10-04 14:00:00,3.557933333333333,3.489833333333333,268.9616666666667,286.5683333333333
2022-10-04 15:00:00,3.5185166666666663,3.4503833333333334,273.3333333333333,279.88666666666666
2022-10-04 16:00:00,3.4946833333333336,3.43,270.84666666666664,243.99666666666664
2022-10-04 17:00:00,3.46755,3.4017666666666666,268.3516666666667,287.07666666666665
2022-10-04 18:00:00,3.4398833333333334,3.3762499999999998,267.455,238.325
2022-10-04 19:00:00,3.4148666666666667,3.3501333333333334,265.86,303.0083333333333
2022-10-04 20:00:00,3.3251833333333334,3.2536833333333335,263.91,382.14000000000004
2022-10-04 21:00:00,3.2354333333333334,3.1698166666666667,264.6933333333333,277.5
2022-10-04 22:00:00,3.2076,3.1469666666666662,264.155,263.8016666666667
2022-10-04 23:00:00,3.169633333333333,3.10825,259.595,268.0866666666667
2022-10-05 00:00:00,3.145966666666667,3.0881499999999997,261.62166666666667,225.88500000000002
2022-10-05 01:00:00,3.156433333333333,3.101183333333333,262.41,199.18333333333334
2022-10-05 02:00:00,3.1813333333333333,3.1268833333333332,261.7966666666667,175.95499999999998
2022-10-05 03:00:00,3.2279,3.175483333333333,261.95500000000004,155.15166666666667
2022-10-05 04:00:00,3.2674333333333334,3.2121166666666667,263.85833333333335,185.82166666666666
2022-10-05 05:00:00,3.29555,3.2387666666666663,267.75333333333333,204.49333333333334
2022-10-05 06:00:00,3.33685,3.301933333333333,443.45,215.58666666666667
2022-10-05 07:00:00,3.4514666666666667,3.442333333333333,395.10166666666663,292.5
2022-10-05 08:00:00,3.3990333333333336,3.404433333333333,292.9633333333333,316.27333333333337
2022-10-05 09:00:00,3.3848666666666665,3.380533333333333,292.38666666666666,255.41666666666666
2022-10-05 10:00:00,3.3869,3.38,292.20166666666665,229.75833333333333
2022-10-05 11:00:00,3.4121666666666663,3.401933333333333,293.3333333333333,212.83166666666665
2022-10-05 12:00:00,3.4147666666666665,3.4122666666666666,292.7883333333333,292.425
2022-10-05 13:00:00,3.368533333333333,3.3706166666666664,294.10333333333335,305.72666666666663
2022-10-05 14:00:00,3.348066666666667,3.34285,291.975,238.7866666666667
2022-10-05 15:00:00,3.3704666666666667,3.358166666666667,282.8383333333333,202.67000000000002
2022-10-05 16:00:00,3.4000333333333335,3.3910166666666663,287.25,242.12833333333336
2022-10-05 17:00:00,3.34295,3.3499666666666665,286.12666666666667,375.2416666666667
2022-10-05 18:00:00,3.237083333333333,3.2489,285.94166666666666,349.22166666666664
2022-10-05 19:00:00,3.183866666666667,3.1875500000000003,285.17,314.3
2022-10-05 20:00:00,3.1148666666666665,3.1241833333333333,284.84833333333336,342.74
2022-10-05 21:00:00,3.0482500000000003,3.0556666666666668,283.56166666666667,308.1633333333333
2022-10-05 22:00:00,3.01845,3.0188333333333333,278.045,271.5883333333333
2022-10-05 23:00:00,2.980433333333333,2.98355,283.55,278.9
2022-10-06 00:00:00,2.9848500000000002,2.980366666666667,284.405,228.99833333333333
2022-10-06 01:00:00,2.9933833333333335,2.9871,283.89000000000004,213.04166666666666
2022-10-06 02:00:00,3.0490333333333335,3.0332166666666667,284.7933333333333,148.86
2022-10-06 03:00:00,3.12545,3.1094333333333335,288.115,143.57166666666666
2022-10-06 04:00:00,3.2034000000000002,3.185483333333333,289.19666666666666,147.76000000000002
2022-10-06 05:00:00,3.283333333333333,3.2657000000000003,291.90833333333336,139.44666666666666
2022-10-06 06:00:00,3.354433333333333,3.337683333333333,289.8316666666667,180.27666666666667
2022-10-06 07:00:00,3.3454333333333333,3.354016666666667,333.7566666666667,330.1066666666667
2022-10-06 08:00:00,3.30775,3.3375500000000002,382.52833333333336,330.875
2022-10-06 09:00:00,3.336316666666667,3.35505,379.84833333333336,297.9533333333333
2022-10-06 10:00:00,3.348,3.368666666666667,378.97999999999996,296.02333333333337
2022-10-06 11:00:00,3.368866666666667,3.3888666666666665,379.39500000000004,307.835
2022-10-06 12:00:00,3.3862666666666663,3.4023833333333333,378.9483333333334,290.0416666666667
2022-10-06 13:00:00,3.4063833333333333,3.4246833333333333,374.69,310.81666666666666
2022-10-06 14:00:00,3.4229333333333334,3.4356999999999998,374.87166666666667,266.11333333333334
2022-10-06 15:00:00,3.495816666666667,3.4930333333333334,328.8816666666667,208.55833333333334
2022-10-06 16:00:00,3.502533333333333,3.4754500000000004,188.05166666666668,231.93166666666667
2022-10-06 17:00:00,3.4522833333333334,3.42355,189.04,225.94
2022-10-06 18:00:00,3.3605666666666667,3.3419166666666666,201.16,336.6816666666667
2022-10-06 19:00:00,3.22525,3.218033333333333,225.5366666666667,342.9433333333333
2022-10-06 20:00:00,3.142033333333333,3.1311833333333334,226.57166666666666,290.69
2022-10-06 21:00:00,3.072033333333333,3.060416666666667,225.47666666666666,271.06333333333333
2022-10-06 22:00:00,3.0013333333333336,2.990666666666667,226.88333333333333,301.42833333333334
2022-10-06 23:00:00,2.9320833333333334,2.92225,261.24333333333334,287.5133333333333
2022-10-07 00:00:00,2.913983050847458,2.91828813559322,326.8084745762712,250.42542372881357
2022-10-07 01:00:00,2.9200166666666667,2.9307166666666666,326.3616666666667,253.8383333333333
2022-10-07 02:00:00,2.98115,2.97825,326.31333333333333,183.07666666666668
2022-10-07 03:00:00,3.0632666666666664,3.056166666666667,328.01500000000004,161.89833333333334
2022-10-07 04:00:00,3.1572999999999998,3.1485,326.97,150.57999999999998
2022-10-07 05:00:00,3.26025,3.24915,329.49833333333333,142.15166666666667
2022-10-07 06:00:00,3.352883333333333,3.3455,335.60833333333335,189.6
2022-10-07 07:00:00,3.3918833333333334,3.3950166666666663,337.14833333333337,269.285
2022-10-07 08:00:00,3.3859833333333333,3.3951166666666666,333.74666666666667,299.335
2022-10-07 09:00:00,3.36905,3.3779833333333333,308.1066666666667,322.96
2022-10-07 10:00:00,3.2868,3.28265,241.70499999999998,354.915
2022-10-07 11:00:00,3.2131833333333333,3.20225,240.41333333333333,255.85833333333332
2022-10-07 12:00:00,3.1707166666666664,3.1592,241.32166666666666,261.18833333333333
2022-10-07 13:00:00,3.1247833333333332,3.115816666666667,241.91833333333335,290.45
2022-10-07 14:00:00,3.0550166666666665,3.048216666666667,240.89333333333335,276.74833333333333
2022-10-07 15:00:00,3.0120500000000003,3.000916666666667,241.58333333333334,263.47999999999996
2022-10-07 16:00:00,2.9511666666666665,2.9495666666666667,247.09333333333333,314.30333333333334
2022-10-07 17:00:00,2.8771,2.8749166666666666,250.32833333333335,272.06666666666666
2022-10-07 18:00:00,2.851116666666667,2.8444333333333334,248.71,246.71833333333333
2022-10-07 19:00:00,2.82715,2.8194666666666666,245.90333333333334,260.6016666666667
2022-10-07 20:00:00,2.7477333333333336,2.7500666666666667,242.91833333333335,321.8366666666667
2022-10-07 21:00:00,2.6864500000000002,2.6841,243.14166666666668,278.48333333333335
2022-10-07 22:00:00,2.6256,2.620833333333333,287.04,297.35333333333335
2022-10-07 23:00:00,2.6431666666666667,2.6121833333333333,366.34000000000003,265.1933333333333
2022-10-08 00:00:00,2.7047000000000003,2.6728,366.15333333333336,206.64
2022-10-08 01:00:00,2.79935,2.7659666666666665,368.62833333333333,183.40666666666667
2022-10-08 02:00:00,2.8880833333333333,2.854233333333333,369.43833333333333,212.74166666666667
2022-10-08 03:00:00,2.9710666666666667,2.934566666666667,368.81666666666666,203.38833333333332
2022-10-08 04:00:00,3.0563833333333337,3.0202166666666668,375.97,200.85833333333332
2022-10-08 05:00:00,3.1953166666666664,3.1674,467.18333333333334,150.9633333333333
2022-10-08 06:00:00,3.3738333333333332,3.3562333333333334,530.7783333333333,193.685
2022-10-08 07:00:00,3.5795166666666662,3.5643499999999997,431.14500000000004,207.38500000000002
2022-10-08 08:00:00,3.554483333333333,3.5320666666666667,200.715,324.7433333333333
2022-10-08 09:00:00,3.450616666666667,3.4281833333333336,199.39,295.21666666666664
2022-10-08 10:00:00,3.3419833333333333,3.3223166666666666,199.875,314.1116666666667
2022-10-08 11:00:00,3.2371333333333334,3.2159833333333334,199.39666666666665,298.27833333333336
2022-10-08 12:00:00,3.157433333333333,3.1370833333333334,201.42333333333332,257.1983333333333
2022-10-08 13:00:00,3.089566666666667,3.0704166666666666,199.15,276.815
2022-10-08 14:00:00,2.9650499999999997,2.953016666666667,199.725,366.9066666666667
2022-10-08 15:00:00,2.8364666666666665,2.8237666666666663,199.645,314.5066666666667
2022-10-08 16:00:00,2.7186166666666667,2.709166666666667,199.98666666666668,330.9933333333333
2022-10-08 17:00:00,2.616983333333333,2.605033333333333,203.27666666666667,251.51000000000002
2022-10-08 18:00:00,2.5792,2.5655666666666668,209.45833333333334,233.46
2022-10-08 19:00:00,2.5253666666666663,2.5156,211.29666666666665,245.63666666666668
2022-10-08 20:00:00,2.4889666666666668,2.4783833333333334,211.37666666666667,225.495
2022-10-08 21:00:00,2.415783333333333,2.4115666666666664,213.085,331.64000000000004
2022-10-08 22:00:00,2.309283333333333,2.31035,271.915,283.02833333333336
2022-10-08 23:00:00,2.3489166666666668,2.3891833333333334,481.3366666666667,245.64333333333335
2022-10-09 00:00:00,2.49195,2.5309833333333334,482.45166666666665,209.97
2022-10-09 01:00:00,2.6561666666666666,2.6942833333333334,484.4166666666667,189.075
2022-10-09 02:00:00,2.8352166666666667,2.871166666666667,489.47833333333335,176.20166666666668
2022-10-09 03:00:00,3.0287,3.0601833333333333,495.68666666666667,165.815
2022-10-09 04:00:00,3.233366666666667,3.2570333333333332,491.6116666666667,145.465
2022-10-09 05:00:00,3.4517499999999997,3.4678166666666663,488.6633333333333,139.335
2022-10-09 06:00:00,3.627683333333333,3.6384666666666665,375.4483333333334,202.03833333333333
2022-10-09 07:00:00,3.6464,3.627666666666667,221.85166666666666,251.50833333333333
2022-10-09 08:00:00,3.5923833333333333,3.5808666666666666,252.77166666666665,268.13166666666666
2022-10-09 09:00:00,3.5427166666666663,3.5391666666666666,265.77000000000004,298.255
2022-10-09 10:00:00,3.4677000000000002,3.4706166666666665,266.645,366.02333333333337
2022-10-09 11:00:00,3.37615,3.377416666666667,266.465,293.205
2022-10-09 12:00:00,3.3625,3.354416666666667,264.18833333333333,239.37666666666667
2022-10-09 13:00:00,3.326783333333333,3.3248,264.305,295.97333333333336
2022-10-09 14:00:00,3.2771666666666666,3.2756,265.235,262.83
2022-10-09 15:00:00,3.2756,3.265733333333333,265.135,212.675
2022-10-09 16:00:00,3.286216666666667,3.2769666666666666,264.74,219.21166666666667
2022-10-09 17:00:00,3.277333333333333,3.2724666666666664,265.90666666666664,279.5366666666667
2022-10-09 18:00:00,3.18365,3.1933333333333334,266.02833333333336,350.935
2022-10-09 19:00:00,3.1165666666666665,3.119666666666667,264.49666666666667,308.1616666666667
2022-10-09 20:00:00,3.061916666666667,3.0645499999999997,267.06166666666667,280.17
2022-10-09 21:00:00,3.02375,3.02695,271.175,291.0566666666667
2022-10-09 22:00:00,2.9947833333333334,2.9942833333333336,269.785,238.38666666666668
2022-10-09 23:00:00,2.9785833333333334,2.9805333333333333,267.61333333333334,277.50333333333333
2022-10-10 00:00:00,2.93045,2.9342333333333332,265.635,269.72
2022-10-10 01:00:00,2.9344333333333332,2.9279,268.345,205.33666666666667
2022-10-10 02:00:00,2.9614666666666665,2.9530666666666665,268.4216666666667,192.005
2022-10-10 03:00:00,2.9705999999999997,2.9671000000000003,267.6616666666667,224.51833333333335
2022-10-10 04:00:00,2.996866666666667,2.9865666666666666,269.61833333333334,155.55166666666668
2022-10-10 05:00:00,3.2047166666666667,3.1509666666666667,661.2208333333333,127.705
2022-10-10 06:00:00,3.5779833333333335,3.5441333333333334,713.8633333333333,156.32999999999998
2022-10-10 07:00:00,3.7750166666666667,3.7537000000000003,362.03499999999997,183.42833333333334
2022-10-10 08:00:00,3.8278499999999998,3.80325,280.97666666666663,233.89833333333334
2022-10-10 09:00:00,3.8112333333333335,3.790316666666667,277.85166666666663,280.65999999999997
2022-10-10 10:00:00,3.7764,3.7556833333333333,275.89500000000004,271.37333333333333
2022-10-10 11:00:00,3.73385,3.7168833333333335,273.22999999999996,315.5316666666667
2022-10-10 12:00:00,3.6377666666666664,3.6274,270.9483333333333,383.52833333333336
2022-10-10 13:00:00,3.54965,3.5362666666666667,267.8933333333333,302.5516666666666
2022-10-10 14:00:00,3.5077,3.4923333333333333,270.815,284.825
2022-10-10 15:00:00,3.455633333333333,3.4427000000000003,267.915,314.92
2022-10-10 16:00:00,3.3651833333333334,3.3572166666666665,267.59666666666664,354.89000000000004
2022-10-10 17:00:00,3.314672916666667,3.2995499999999995,268.15333333333336,240.29166666666666
2022-10-10 18:00:00,3.2977,3.2848333333333333,267.35333333333335,299.5316666666667
2022-10-10 19:00:00,3.20865,3.2022166666666667,268.6333333333333,339.22999999999996
2022-10-10 20:00:00,3.1409000000000002,3.133166666666667,267.6483333333333,299.79
2022-10-10 21:00:00,3.1061166666666664,3.0943166666666664,268.05,260.27000000000004
2022-10-10 22:00:00,3.0828166666666665,3.0715500000000002,268.265,276.65833333333336
2022-10-10 23:00:00,3.0361833333333332,3.0277833333333333,280.40833333333336,283.2683333333333
2022-10-11 00:00:00,3.0260499999999997,3.0132,289.8433333333333,240.92833333333334
2022-10-11 01:00:00,3.0402,3.026116666666667,293.2316666666667,222.28166666666667
2022-10-11 02:00:00,3.0874666666666664,3.06865,292.585,156.57999999999998
2022-10-11 03:00:00,3.1658,3.1435666666666666,293.0083333333333,155.595
2022-10-11 04:00:00,3.2166833333333336,3.197083333333333,292.93666666666667,180.9633333333333
2022-10-11 05:00:00,3.292266666666667,3.2680833333333337,287.77833333333336,157.57666666666668
2022-10-11 06:00:00,3.3922166666666667,3.3785000000000003,531.36,201.10833333333332
2022-10-11 07:00:00,3.5702166666666666,3.572483333333333,598.8866666666667,341.89166666666665
2022-10-11 08:00:00,3.6023,3.5999333333333334,285.3066666666667,317.42333333333335
2022-10-11 09:00:00,3.5761166666666666,3.559483333333333,263.65333333333336,237.835
2022-10-11 10:00:00,3.5643000000000002,3.5485666666666664,263.5416666666667,252.24166666666667
2022-10-11 11:00:00,3.50195,3.4942833333333336,259.47166666666664,344.0783333333333
2022-10-11 12:00:00,3.426933333333333,3.4166166666666666,260.1383333333333,302.67833333333334
2022-10-11 13:00:00,3.36145,3.3528499999999997,259.89500000000004,310.0383333333333
2022-10-11 14:00:00,3.290033333333333,3.282766666666667,260.3566666666667,309.18333333333334
2022-10-11 15:00:00,3.2491166666666667,3.236616666666667,261.9483333333333,252.30666666666667
2022-10-11 16:00:00,3.2251333333333334,3.2134333333333336,260.17333333333335,258.89500000000004
2022-10-11 17:00:00,3.1867,3.1778166666666667,259.34499999999997,297.48499999999996
2022-10-11 18:00:00,3.12735,3.1200166666666664,260.59,272.17833333333334
2022-10-11 19:00:00,3.0882833333333335,3.0808833333333334,254.0,296.74
2022-10-11 20:00:00,3.0150833333333336,3.0114,256.7033333333333,308.65166666666664
2022-10-11 21:00:00,2.9430166666666664,2.941333333333333,254.53833333333333,323.745
2022-10-11 22:00:00,2.8703,2.866416666666667,256.62333333333333,282.7883333333333
2022-10-11 23:00:00,2.8865833333333333,2.8844,362.5683333333333,227.93666666666667
2022-10-12 00:00:00,2.9420833333333336,2.9291,342.9683333333333,241.165
2022-10-12 01:00:00,2.9774000000000003,2.9649833333333335,346.51666666666665,244.19666666666666
2022-10-12 02:00:00,3.0274,3.0112666666666663,348.2183333333333,217.03333333333333
2022-10-12 03:00:00,3.0997,3.0816833333333333,351.4866666666667,185.15
2022-10-12 04:00:00,3.2070166666666666,3.18385,350.49833333333333,144.15833333333333
2022-10-12 05:00:00,3.32145,3.296983333333333,347.2633333333333,149.25333333333336
2022-10-12 06:00:00,3.4515333333333333,3.4311166666666666,403.43833333333333,159.98166666666665
2022-10-12 07:00:00,3.5292666666666666,3.5261666666666667,386.4166666666667,337.345
2022-10-12 08:00:00,3.478666666666667,3.48715,333.2816666666667,331.0083333333333
2022-10-12 09:00:00,3.46305,3.4664333333333333,325.03,291.425
2022-10-12 10:00:00,3.474416666666667,3.4718333333333335,331.7316666666667,245.1616666666667
2022-10-12 11:00:00,3.50665,3.5025166666666667,330.3,245.37833333333336
2022-10-12 12:00:00,3.5269833333333334,3.524783333333333,331.85499999999996,269.1666666666667
2022-10-12 13:00:00,3.53235,3.5311666666666666,323.65166666666664,261.56666666666666
2022-10-12 14:00:00,3.5202166666666668,3.4998666666666667,222.535,266.165
2022-10-12 15:00:00,3.4592,3.438216666666667,224.90666666666667,292.435
2022-10-12 16:00:00,3.3512,3.335066666666667,225.23166666666665,364.76666666666665
2022-10-12 17:00:00,3.2224500000000003,3.2083,223.63333333333333,321.1933333333333
2022-10-12 18:00:00,3.1609833333333333,3.14325,222.92166666666665,247.99166666666667
2022-10-12 19:00:00,3.1190166666666665,3.09945,222.16833333333335,251.47833333333335
2022-10-12 20:00:00,3.05135,3.0364666666666666,222.715,307.385
2022-10-12 21:00:00,2.942266666666667,2.9427333333333334,273.3,356.78333333333336
2022-10-12 22:00:00,2.8809666666666667,2.8846166666666666,293.775,271.77166666666665
2022-10-12 23:00:00,2.8886166666666666,2.8874666666666666,311.47666666666663,237.00166666666667
2022-10-13 00:00:00,2.9281333333333333,2.925483333333333,319.6,199.85333333333335
2022-10-13 01:00:00,2.9981166666666668,2.99035,322.02333333333337,180.76166666666668
2022-10-13 02:00:00,3.0543833333333335,3.0487166666666665,322.1816666666667,210.19333333333333
2022-10-13 03:00:00,3.11365,3.1051333333333333,323.585,192.69333333333333
2022-10-13 04:00:00,3.173016666666667,3.165516666666667,325.60333333333335,207.17833333333334
2022-10-13 05:00:00,3.2526333333333337,3.2372333333333336,326.12166666666667,145.55333333333334
2022-10-13 06:00:00,3.3457166666666667,3.337,357.545,201.14333333333335
2022-10-13 07:00:00,3.3728833333333332,3.395083333333333,399.76500000000004,347.10499999999996
2022-10-13 08:00:00,3.3422666666666667,3.373483333333333,392.8366666666667,373.1666666666667
2022-10-13 09:00:00,3.341533333333333,3.36065,387.98499999999996,294.8383333333333
2022-10-13 10:00:00,3.4076666666666666,3.4119499999999996,380.0833333333333,233.875
2022-10-13 11:00:00,3.4428,3.4366,275.67833333333334,250.675
2022-10-13 12:00:00,3.4268833333333335,3.4212166666666666,277.0933333333333,252.13166666666666
2022-10-13 13:00:00,3.405866666666667,3.4017833333333334,276.8366666666667,279.4866666666667
2022-10-13 14:00:00,3.3586,3.359983333333333,276.99833333333333,300.6666666666667
2022-10-13 15:00:00,3.3181000000000003,3.318366666666667,277.01166666666666,294.455
2022-10-13 16:00:00,3.2777833333333333,3.276933333333333,276.585,276.37166666666667
2022-10-13 17:00:00,3.2453,3.2460333333333335,279.1666666666667,287.9116666666667
2022-10-13 18:00:00,3.2050833333333335,3.2070833333333337,279.125,295.325
2022-10-13 19:00:00,3.1421333333333332,3.1493166666666665,279.335,322.835
2022-10-13 20:00:00,3.0872666666666664,3.0923833333333333,278.26500000000004,314.915
2022-10-13 21:00:00,3.0246666666666666,3.03045,277.7366666666667,312.9066666666667
2022-10-13 22:00:00,2.9854,2.9867166666666667,276.2366666666667,278.2316666666667
2022-10-13 23:00:00,2.9496666666666664,2.9520666666666666,278.555,283.81666666666666
2022-10-14 00:00:00,2.9415833333333334,2.9358999999999997,277.8666666666667,208.19333333333333
2022-10-14 01:00:00,2.9844166666666667,2.970466666666667,278.305,169.27333333333334
2022-10-14 02:00:00,3.02055,3.01115,278.85499999999996,208.67166666666665
2022-10-14 03:00:00,3.0710166666666665,3.054866666666667,279.17333333333335,147.28333333333333
2022-10-14 04:00:00,3.1392499999999997,3.1223,282.34833333333336,147.38166666666666
2022-10-14 05:00:00,3.2132333333333336,3.195066666666667,284.77166666666665,151.49333333333334
2022-10-14 06:00:00,3.459483333333333,3.4398833333333334,404.84083333333336,226.725
2022-10-14 07:00:00,3.5377666666666667,3.534116666666667,316.7916666666667,313.40833333333336
2022-10-14 08:00:00,3.4664,3.4623500000000003,238.28,353.57666666666665
2022-10-14 09:00:00,3.350416666666667,3.34675,238.04833333333332,334.345
2022-10-14 10:00:00,3.2702999999999998,3.2624833333333334,238.425,280.9566666666667
2022-10-14 11:00:00,3.2226333333333335,3.2125,237.56,279.98333333333335
2022-10-14 12:00:00,3.1760499999999996,3.1658,237.73166666666665,247.45
2022-10-14 13:00:00,3.1334500000000003,3.1240666666666663,238.925,259.35333333333335
2022-10-14 14:00:00,3.0745833333333334,3.069866666666667,240.75333333333336,299.31333333333333
2022-10-14 15:00:00,3.016535714285714,3.010089285714286,238.66071428571428,249.70357142857142
2022-10-14 16:00:00,2.981728813559322,2.976745762711864,234.6949152542373,276.55762711864406
2022-10-14 17:00:00,2.9361666666666664,2.9292166666666666,240.895,239.14166666666668
2022-10-14 18:00:00,2.9015833333333334,2.8962166666666667,239.58166666666665,269.02833333333336
2022-10-14 19:00:00,2.841933333333333,2.8401,238.9116666666667,286.65999999999997
2022-10-14 20:00:00,2.7573,2.759866666666667,239.22166666666666,324.2866666666667
2022-10-14 21:00:00,2.67765,2.6799000000000004,237.64333333333335,311.85166666666663
2022-10-14 22:00:00,2.5875166666666667,2.5923833333333333,240.67999999999998,308.2366666666667
2022-10-14 23:00:00,2.5242,2.5256333333333334,246.92166666666665,290.0833333333333
2022-10-15 00:00:00,2.4879000000000002,2.4846,251.31333333333333,217.22
2022-10-15 01:00:00,2.512516666666667,2.5023833333333334,254.06,169.64833333333334
2022-10-15 02:00:00,2.5555833333333333,2.5439999999999996,256.97166666666664,156.52666666666667
2022-10-15 03:00:00,2.5998333333333337,2.5865666666666667,254.85666666666665,172.01000000000002
2022-10-15 04:00:00,2.6277,2.6165833333333333,255.57666666666668,177.65833333333333
2022-10-15 05:00:00,2.83905,2.8217833333333333,684.0475,134.30166666666668
2022-10-15 06:00:00,3.190816666666667,3.1742166666666667,707.435,174.30166666666668
2022-10-15 07:00:00,3.441933333333333,3.3859500000000002,450.02166666666665,292.84833333333336
2022-10-15 08:00:00,3.4567,3.3825,444.185,334.7933333333333
2022-10-15 09:00:00,3.492766666666667,3.43705,368.96,292.03333333333336
2022-10-15 10:00:00,3.4688166666666667,3.4347,288.97833333333335,266.05333333333334
2022-10-15 11:00:00,3.4644666666666666,3.43115,286.43833333333333,245.03166666666667
2022-10-15 12:00:00,3.4362166666666667,3.4036,283.0566666666667,328.90999999999997
2022-10-15 13:00:00,3.3389,3.30975,283.4133333333333,394.03333333333336
2022-10-15 14:00:00,3.2518333333333334,3.2225166666666665,283.87166666666667,309.755
2022-10-15 15:00:00,3.2177166666666666,3.18795,285.51500000000004,270.05
2022-10-15 16:00:00,3.20465,3.1727333333333334,287.835,246.54166666666666
2022-10-15 17:00:00,3.211116666666667,3.1804833333333336,285.3616666666667,237.04
2022-10-15 18:00:00,3.202116666666667,3.17065,284.1616666666667,280.76666666666665
2022-10-15 19:00:00,3.1626499999999997,3.134666666666667,283.6933333333333,297.115
2022-10-15 20:00:00,3.0979666666666668,3.0707,283.9216666666667,360.2183333333333
2022-10-15 21:00:00,3.04455,3.0158,284.89666666666665,256.425
2022-10-15 22:00:00,3.0459666666666667,3.0155833333333333,285.1333333333333,242.05
2022-10-15 23:00:00,3.034966666666667,3.0052166666666666,285.155,254.80499999999998
2022-10-16 00:00:00,3.0484,3.01545,285.9216666666667,201.34166666666667
2022-10-16 01:00:00,3.0767499999999997,3.0453333333333332,287.26500000000004,223.54
2022-10-16 02:00:00,3.09145,3.05965,288.03499999999997,221.5883333333333
2022-10-16 03:00:00,3.114516666666667,3.0811333333333333,288.5433333333333,211.28833333333333
2022-10-16 04:00:00,3.153633333333333,3.1207166666666666,289.43666666666667,161.45166666666668
2022-10-16 05:00:00,3.2382166666666667,3.201983333333333,290.00333333333333,130.105
2022-10-16 06:00:00,3.32885,3.2973,346.0833333333333,136.69500000000002
2022-10-16 07:00:00,3.49085,3.4768333333333334,574.01,188.76333333333332
2022-10-16 08:00:00,3.713416666666667,3.686716666666667,419.695,236.84833333333333
2022-10-16 09:00:00,3.6883833333333333,3.6616666666666666,279.4583333333333,332.17333333333335
2022-10-16 10:00:00,3.6266666666666665,3.5988166666666666,278.93333333333334,306.9133333333333
2022-10-16 11:00:00,3.5864666666666665,3.5593166666666667,280.97666666666663,273.9216666666667
2022-10-16 12:00:00,3.5612500000000002,3.53275,279.28333333333336,277.68666666666667
2022-10-16 13:00:00,3.504366666666667,3.4805,277.7433333333333,342.59666666666664
2022-10-16 14:00:00,3.4303833333333333,3.406566666666667,277.4633333333333,312.2816666666667
2022-10-16 15:00:00,3.3677,3.34615,277.85333333333335,345.9533333333333
2022-10-16 16:00:00,3.2771833333333333,3.2574666666666667,276.77000000000004,331.585
2022-10-16 17:00:00,3.232466666666667,3.20955,276.7933333333333,265.70666666666665
2022-10-16 18:00:00,3.2203500000000003,3.1965333333333334,276.38,252.61333333333332
2022-10-16 19:00:00,3.1963,3.1744833333333333,279.07666666666665,279.5883333333333
2022-10-16 20:00:00,3.1466,3.1287833333333332,274.815,349.9116666666667
2022-10-16 21:00:00,3.0519833333333333,3.0347999999999997,274.67833333333334,319.65999999999997
2022-10-16 22:00:00,3.0014333333333334,2.9844166666666667,280.48499999999996,311.89500000000004
2022-10-16 23:00:00,2.952,2.9305000000000003,295.7033333333333,296.39500000000004
2022-10-17 00:00:00,2.9533,2.9280833333333334,296.44,214.78833333333333
2022-10-17 01:00:00,2.979316666666667,2.9552666666666667,304.4866666666667,241.17833333333334
2022-10-17 02:00:00,2.996383333333333,2.9713833333333337,304.5416666666667,220.01666666666668
2022-10-17 03:00:00,3.039733333333333,3.0119499999999997,301.55333333333334,188.825
2022-10-17 04:00:00,3.1231999999999998,3.0907833333333334,298.87333333333333,111.68666666666667
2022-10-17 05:00:00,3.2274000000000003,3.1935833333333337,299.39833333333337,128.98999999999998
2022-10-17 06:00:00,3.371183333333333,3.357466666666667,587.325,187.84333333333333
2022-10-17 07:00:00,3.5947166666666663,3.581733333333333,473.4583333333333,261.38666666666666
2022-10-17 08:00:00,3.5829833333333334,3.5588166666666665,222.975,309.2116666666667
2022-10-17 09:00:00,3.4853,3.4632333333333336,221.75833333333333,298.0316666666667
2022-10-17 10:00:00,3.4000166666666667,3.3798000000000004,222.13,313.77833333333336
2022-10-17 11:00:00,3.3301666666666665,3.30705,221.87333333333333,245.54333333333335
2022-10-17 12:00:00,3.287916666666667,3.265516666666667,223.13166666666666,253.025
2022-10-17 13:00:00,3.23775,3.2150333333333334,223.00166666666667,255.56833333333333
2022-10-17 14:00:00,3.1727833333333333,3.1539,224.525,283.25333333333333
2022-10-17 15:00:00,3.114816666666667,3.0949833333333334,226.04833333333332,258.08166666666665
2022-10-17 16:00:00,3.0672333333333333,3.0470166666666665,226.2,263.58
2022-10-17 17:00:00,2.9837333333333333,2.9697999999999998,230.70166666666668,333.3016666666666
2022-10-17 18:00:00,2.860966666666667,2.852433333333333,230.51666666666668,361.53499999999997
2022-10-17 19:00:00,2.7696666666666667,2.7577,228.13500000000002,292.80333333333334
2022-10-17 20:00:00,2.70435,2.691133333333333,227.21666666666667,247.735
2022-10-17 21:00:00,2.6730666666666663,2.6572833333333334,219.79833333333332,236.86666666666667
2022-10-17 22:00:00,2.63245,2.6239666666666666,281.135,259.79
2022-10-17 23:00:00,2.6052666666666666,2.6328,390.0566666666667,343.37333333333333
2022-10-18 00:00:00,2.6533,2.6652666666666667,390.415,214.71833333333333
2022-10-18 01:00:00,2.75755,2.762383333333333,393.8933333333333,206.54333333333335
2022-10-18 02:00:00,2.8588333333333336,2.8634666666666666,397.3566666666667,204.56
2022-10-18 03:00:00,2.965533333333333,2.968233333333333,395.28333333333336,191.95833333333334
2022-10-18 04:00:00,3.0911666666666666,3.0895,399.73499999999996,143.96833333333333
2022-10-18 05:00:00,3.25345,3.2498333333333336,405.25333333333333,135.29833333333332
2022-10-18 06:00:00,3.410083333333333,3.4037,396.67833333333334,158.745
2022-10-18 07:00:00,3.5084,3.5076833333333335,390.54833333333335,246.45666666666665
2022-10-18 08:00:00,3.53465,3.5524666666666667,397.195,349.23833333333334
2022-10-18 09:00:00,3.4996,3.5237,388.0466666666667,367.5783333333333
2022-10-18 10:00:00,3.5084333333333335,3.5200166666666663,370.27833333333336,307.72999999999996
2022-10-18 11:00:00,3.515633333333333,3.4959333333333333,264.2233333333333,234.76166666666668
2022-10-18 12:00:00,3.503833333333333,3.48335,263.2416666666667,256.1766666666667
2022-10-18 13:00:00,3.4683,3.4489333333333336,263.92333333333335,274.2083333333333
2022-10-18 14:00:00,3.44355,3.4232500000000003,264.92333333333335,252.93666666666667
2022-10-18 15:00:00,3.4233833333333332,3.40405,264.72833333333335,252.03333333333333
2022-10-18 16:00:00,3.3981666666666666,3.3790833333333334,267.2866666666667,273.685
2022-10-18 17:00:00,3.3402833333333333,3.3255500000000002,265.34,316.0566666666667
2022-10-18 18:00:00,3.2785333333333333,3.2634,264.9116666666667,288.525
2022-10-18 19:00:00,3.24045,3.2242,263.47166666666664,294.64000000000004
2022-10-18 20:00:00,3.1765166666666667,3.1623499999999996,263.21833333333336,291.65333333333336
2022-10-18 21:00:00,3.1356166666666665,3.120566666666667,263.9916666666667,277.78499999999997
2022-10-18 22:00:00,3.0844666666666667,3.0707833333333334,262.3016666666667,297.09833333333336
2022-10-18 23:00:00,3.0379666666666667,3.0302833333333337,291.4183333333333,268.7416666666667
2022-10-19 00:00:00,3.05625,3.0486500000000003,306.5733333333334,205.34166666666667
2022-10-19 01:00:00,3.1099666666666668,3.098066666666667,309.685,194.465
2022-10-19 02:00:00,3.1770666666666667,3.161583333333333,308.42333333333335,158.5
2022-10-19 03:00:00,3.2557,3.2395,308.5433333333333,158.54500000000002
2022-10-19 04:00:00,3.3613166666666667,3.3362833333333333,389.635,138.06
2022-10-19 05:00:00,3.5495333333333337,3.5121333333333333,465.43833333333333,148.44833333333332
2022-10-19 06:00:00,3.7265666666666664,3.689433333333333,439.3,203.9116666666667
2022-10-19 07:00:00,3.7390833333333333,3.7084333333333332,314.225,395.5733333333334
2022-10-19 08:00:00,3.6256833333333334,3.6001333333333334,294.6566666666667,376.98499999999996
2022-10-19 09:00:00,3.534566666666667,3.5171333333333332,270.53,326.4266666666666
2022-10-19 10:00:00,3.4844333333333335,3.4650000000000003,269.97833333333335,275.72166666666664
2022-10-19 11:00:00,3.4729666666666668,3.4497833333333334,270.18333333333334,230.06666666666666
2022-10-19 12:00:00,3.4659833333333334,3.443566666666667,269.7133333333333,239.84666666666666
2022-10-19 13:00:00,3.4646333333333335,3.4411833333333335,272.95166666666665,227.65833333333333
2022-10-19 14:00:00,3.4531666666666667,3.4308166666666664,270.48833333333334,256.7733333333333
2022-10-19 15:00:00,3.4525833333333336,3.428533333333333,277.78,225.02666666666667
2022-10-19 16:00:00,3.4200166666666667,3.40335,281.26166666666666,333.9216666666667
2022-10-19 17:00:00,3.35155,3.3366333333333333,281.43333333333334,312.19666666666666
2022-10-19 18:00:00,3.3148666666666666,3.295866666666667,271.16833333333335,265.20666666666665
2022-10-19 19:00:00,3.289916666666667,3.2714,269.865,270.15666666666664
2022-10-19 20:00:00,3.221766666666667,3.208566666666667,269.835,360.63
2022-10-19 21:00:00,3.122866666666667,3.112016666666667,268.30333333333334,368.67
2022-10-19 22:00:00,3.0277833333333333,3.01355,273.4166666666667,322.0366666666667
2022-10-19 23:00:00,2.9754,2.96,275.415,284.2966666666667
2022-10-20 00:00:00,2.962,2.943566666666667,275.4,219.95
2022-10-20 01:00:00,2.9992,2.9750666666666663,274.635,174.63
2022-10-20 02:00:00,3.0453833333333336,3.021166666666667,276.68333333333334,164.095
2022-10-20 03:00:00,3.1114,3.085083333333333,276.245,141.89333333333335
2022-10-20 04:00:00,3.184566666666667,3.15715,275.7316666666667,134.37333333333333
2022-10-20 05:00:00,3.2855833333333333,3.2812833333333336,457.9483333333334,121.64166666666667
2022-10-20 06:00:00,3.5368166666666667,3.5759,576.0766666666666,164.64666666666665
2022-10-20 07:00:00,3.671666666666667,3.6624333333333334,344.52666666666664,316.98833333333334
2022-10-20 08:00:00,3.6212500000000003,3.6157666666666666,340.39833333333337,372.03499999999997
2022-10-20 09:00:00,3.55515,3.5536666666666665,321.51,340.81666666666666
2022-10-20 10:00:00,3.5462166666666666,3.534066666666667,291.56666666666666,231.91666666666666
2022-10-20 11:00:00,3.5669666666666666,3.5537666666666667,290.51,241.035
2022-10-20 12:00:00,3.5514333333333337,3.542933333333333,290.3333333333333,261.955
2022-10-20 13:00:00,3.541166666666667,3.5301833333333335,270.4433333333333,269.0183333333333
2022-10-20 14:00:00,3.4871333333333334,3.4754666666666667,237.985,292.7816666666667
2022-10-20 15:00:00,3.4177666666666666,3.4074166666666668,238.54500000000002,284.51166666666666
2022-10-20 16:00:00,3.3733500000000003,3.359933333333333,238.32999999999998,256.50666666666666
2022-10-20 17:00:00,3.329833333333333,3.3169166666666663,237.42833333333334,255.61333333333332
2022-10-20 18:00:00,3.2941333333333334,3.2805999999999997,235.65833333333333,245.80333333333334
2022-10-20 19:00:00,3.2282,3.2215166666666666,237.31833333333333,325.28333333333336
2022-10-20 20:00:00,3.1491833333333332,3.1411333333333333,235.29,289.6333333333333
2022-10-20 21:00:00,3.060283333333333,3.0570999999999997,256.49,331.85499999999996
2022-10-20 22:00:00,2.9996,3.006266666666667,283.02833333333336,271.2
2022-10-20 23:00:00,2.99185,2.9955833333333337,288.39000000000004,273.45166666666665
2022-10-21 00:00:00,2.961266666666667,2.96775,291.2566666666667,272.3383333333333
2022-10-21 01:00:00,2.9612333333333334,2.9605,281.39833333333337,225.63333333333333
2022-10-21 02:00:00,2.98515,2.979433333333333,278.865,200.09333333333333
2022-10-21 03:00:00,3.0225666666666666,3.0139666666666667,280.2966666666667,169.08333333333334
2022-10-21 04:00:00,3.0953666666666666,3.0822166666666666,284.27666666666664,128.50833333333333
2022-10-21 05:00:00,3.1896166666666668,3.1750833333333333,302.96500000000003,129.74333333333334
2022-10-21 06:00:00,3.2671166666666664,3.2524,331.9633333333333,229.12
2022-10-21 07:00:00,3.2870333333333335,3.27725,329.7683333333333,282.39666666666665
2022-10-21 08:00:00,3.260183333333333,3.2562833333333336,328.2583333333333,313.97666666666663
2022-10-21 09:00:00,3.26245,3.253133333333333,325.4533333333333,258.74833333333333
2022-10-21 10:00:00,3.283333333333333,3.2734333333333336,325.415,238.25833333333333
2022-10-21 11:00:00,3.321483333333333,3.3082166666666666,325.35833333333335,234.29
2022-10-21 12:00:00,3.3445000000000005,3.3337,326.4,262.49333333333334
2022-10-21 13:00:00,3.3360166666666666,3.3309166666666665,327.31,301.54833333333335
2022-10-21 14:00:00,3.3189333333333333,3.3141499999999997,327.7183333333333,301.97
2022-10-21 15:00:00,3.2969,3.2925166666666663,326.885,311.6
2022-10-21 16:00:00,3.2718,3.268066666666667,329.025,329.0816666666667
2022-10-21 17:00:00,3.2390333333333334,3.234166666666667,329.0,288.69
2022-10-21 18:00:00,3.2574666666666667,3.246783333333333,326.59000000000003,252.83333333333334
2022-10-21 19:00:00,3.2798166666666666,3.269066666666667,328.60166666666663,247.71166666666667
2022-10-21 20:00:00,3.2855833333333333,3.278383333333333,328.06666666666666,306.135
2022-10-21 21:00:00,3.2739,3.2650333333333332,329.7083333333333,252.70166666666668
2022-10-21 22:00:00,3.3110333333333335,3.2979166666666666,328.35166666666663,238.48
2022-10-21 23:00:00,3.34095,3.3292,312.5083333333333,233.57333333333332
2022-10-22 00:00:00,3.3619666666666665,3.3498395833333334,319.22333333333336,236.48833333333332
2022-10-22 01:00:00,3.4064166666666664,3.3895166666666667,320.7916666666667,201.79666666666665
2022-10-22 02:00:00,3.46775,3.4476999999999998,319.19,184.91833333333335
2022-10-22 03:00:00,3.5302999999999995,3.5109833333333333,321.12333333333333,200.91833333333335
2022-10-22 04:00:00,3.585466666666667,3.5669833333333334,303.97999999999996,200.35166666666666
2022-10-22 05:00:00,3.616633333333333,3.602933333333333,270.15333333333336,191.65833333333333
2022-10-22 06:00:00,3.6618166666666667,3.642866666666667,268.04833333333335,150.57000000000002
2022-10-22 07:00:00,3.7035,3.6876499999999997,255.42333333333332,206.075
2022-10-22 08:00:00,3.6403666666666665,3.6468333333333334,261.46833333333336,355.90166666666664
2022-10-22 09:00:00,3.5457666666666667,3.5530666666666666,267.39500000000004,345.795
2022-10-22 10:00:00,3.4707500000000002,3.4745833333333334,264.96666666666664,314.86333333333334
2022-10-22 11:00:00,3.399716666666667,3.403966666666667,267.885,306.31166666666667
2022-10-22 12:00:00,3.372266666666667,3.3697999999999997,270.31166666666667,245.53833333333333
2022-10-22 13:00:00,3.360116666666667,3.35815,271.62333333333333,269.36833333333334
2022-10-22 14:00:00,3.30965,3.3128666666666664,272.8666666666667,296.68
2022-10-22 15:00:00,3.235516666666667,3.2459333333333333,272.06333333333333,361.15999999999997
2022-10-22 16:00:00,3.1697833333333336,3.174066666666667,272.03333333333336,275.225
2022-10-22 17:00:00,3.1442666666666668,3.1456,273.29,256.375
2022-10-22 18:00:00,3.1351999999999998,3.135683333333333,273.77333333333337,249.73
2022-10-22 19:00:00,3.1077500000000002,3.11215,269.9633333333333,303.8333333333333
2022-10-22 20:00:00,3.030333333333333,3.0403499999999997,267.40666666666664,314.9566666666667
2022-10-22 21:00:00,2.98665,2.991033333333333,268.23333333333335,273.63666666666666
2022-10-22 22:00:00,2.93425,2.9427833333333333,268.54333333333335,304.34666666666664
2022-10-22 23:00:00,2.9239,2.9180833333333336,315.94666666666666,238.7866666666667
2022-10-23 00:00:00,2.9588833333333335,2.947583333333333,330.7316666666667,231.23166666666665
2022-10-23 01:00:00,3.0252666666666665,3.0071166666666667,336.2066666666667,173.15166666666667
2022-10-23 02:00:00,3.1180000000000003,3.098783333333333,340.2583333333333,164.37833333333336
2022-10-23 03:00:00,3.216466666666667,3.1950999999999996,339.4066666666667,162.53833333333333
2022-10-23 04:00:00,3.3190166666666667,3.2944833333333334,337.34000000000003,145.59833333333333
2022-10-23 05:00:00,3.415033333333333,3.3918166666666663,338.53499999999997,176.9
2022-10-23 06:00:00,3.5063833333333334,3.4880333333333335,416.81333333333333,188.08166666666665
2022-10-23 07:00:00,3.655866666666667,3.657233333333333,494.06,245.26333333333332
2022-10-23 08:00:00,3.7334833333333335,3.7100333333333335,306.43333333333334,235.98999999999998
2022-10-23 09:00:00,3.7415333333333334,3.7210166666666664,282.86333333333334,236.26000000000002
2022-10-23 10:00:00,3.71995,3.70315,260.40333333333336,320.6383333333333
2022-10-23 11:00:00,3.61645,3.6034,253.47833333333335,311.90833333333336
2022-10-23 12:00:00,3.5798666666666668,3.5614333333333335,255.59166666666667,266.07666666666665
2022-10-23 13:00:00,3.5094833333333333,3.4987333333333335,256.4483333333333,348.7883333333333
2022-10-23 14:00:00,3.41845,3.4061333333333335,253.84666666666666,288.85333333333335
2022-10-23 15:00:00,3.3884499999999997,3.3727500000000004,256.59333333333336,257.6166666666667
2022-10-23 16:00:00,3.3555,3.34345,261.57666666666665,277.9216666666667
2022-10-23 17:00:00,3.2696166666666664,3.265,258.7583333333333,382.3816666666667
2022-10-23 18:00:00,3.163116666666667,3.1582,258.44166666666666,326.2416666666667
2022-10-23 19:00:00,3.0936666666666666,3.0877166666666667,258.81166666666667,299.22999999999996
2022-10-23 20:00:00,3.030466666666667,3.02535,254.88833333333332,316.43666666666667
2022-10-23 21:00:00,2.9691666666666667,2.9610666666666665,256.72166666666664,260.2116666666667
2022-10-23 22:00:00,2.9269333333333334,2.923483333333333,264.99666666666667,326.3383333333333
2022-10-23 23:00:00,2.8445666666666667,2.8403833333333335,283.5366666666667,327.12166666666667
2022-10-24 00:00:00,2.8188666666666666,2.8087,284.8566666666667,217.05666666666667
2022-10-24 01:00:00,2.869866666666667,2.8533,287.0,162.48166666666665
2022-10-24 02:00:00,2.9606500000000002,2.94985,372.1983333333334,152.50833333333333
2022-10-24 03:00:00,3.0902499999999997,3.07865,371.76666666666665,142.7
2022-10-24 04:00:00,3.239,3.223183333333333,373.3183333333333,109.795
2022-10-24 05:00:00,3.39195,3.3756833333333334,374.49833333333333,129.48833333333334
2022-10-24 06:00:00,3.52765,3.511816666666667,379.22999999999996,167.11666666666667
2022-10-24 07:00:00,3.610133333333333,3.603,354.47,262.6816666666667
2022-10-24 08:00:00,3.5560666666666667,3.548016666666667,256.26,358.745
2022-10-24 09:00:00,3.4571166666666664,3.4497333333333335,255.25333333333336,351.3616666666667
2022-10-24 10:00:00,3.3614666666666664,3.352883333333333,254.55666666666667,317.32166666666666
2022-10-24 11:00:00,3.3034000000000003,3.2952,273.505,309.59833333333336
2022-10-24 12:00:00,3.2262166666666667,3.2313,298.60499999999996,326.85833333333335
2022-10-24 13:00:00,3.2173166666666666,3.2112166666666666,300.2116666666667,247.54833333333332
2022-10-24 14:00:00,3.234783333333333,3.2252666666666667,302.1166666666667,221.61833333333334
2022-10-24 15:00:00,3.2646,3.2544166666666663,305.52833333333336,223.15833333333333
2022-10-24 16:00:00,3.2939333333333334,3.283933333333333,300.49666666666667,226.09333333333333
2022-10-24 17:00:00,3.2875666666666663,3.2846333333333333,299.57,284.97
2022-10-24 18:00:00,3.27055,3.2674166666666666,299.835,270.1633333333333
2022-10-24 19:00:00,3.239616666666667,3.241216666666667,299.8233333333334,325.15833333333336
2022-10-24 20:00:00,3.2053333333333334,3.203133333333333,297.4166666666667,282.625
2022-10-24 21:00:00,3.1694666666666667,3.16995,288.275,305.9433333333333
2022-10-24 22:00:00,3.1319500000000002,3.1319500000000002,291.1383333333333,292.72999999999996
2022-10-24 23:00:00,3.07775,3.079016666666667,277.99666666666667,325.87666666666667
2022-10-25 00:00:00,3.0393666666666665,3.0340833333333332,275.1383333333333,262.10833333333335
2022-10-25 01:00:00,3.0353333333333334,3.02415,275.29,199.77833333333334
2022-10-25 02:00:00,3.0859333333333336,3.06845,275.97166666666664,160.30166666666668
2022-10-25 03:00:00,3.146666666666667,3.1281000000000003,275.12,151.50666666666666
2022-10-25 04:00:00,3.2256666666666667,3.2191166666666664,372.35166666666663,132.75666666666666
2022-10-25 05:00:00,3.4047166666666664,3.41845,462.97166666666664,128.17
2022-10-25 06:00:00,3.5869166666666668,3.60495,469.24833333333333,210.605
2022-10-25 07:00:00,3.6734333333333336,3.6979166666666665,400.5416666666667,310.8666666666667
2022-10-25 08:00:00,3.6483833333333333,3.6424499999999997,273.94666666666666,335.2883333333333
2022-10-25 09:00:00,3.5855166666666665,3.5753,272.8016666666667,288.565
2022-10-25 10:00:00,3.5725166666666666,3.556233333333333,273.32166666666666,234.315
2022-10-25 11:00:00,3.5672,3.5520833333333335,273.37833333333333,260.49833333333333
2022-10-25 12:00:00,3.5479,3.53215,273.89000000000004,238.75
2022-10-25 13:00:00,3.529533333333333,3.5176166666666666,273.60999999999996,280.80333333333334
2022-10-25 14:00:00,3.464733333333333,3.459,273.5383333333333,334.00333333333333
2022-10-25 15:00:00,3.419566666666667,3.408783333333333,273.33,262.76166666666666
2022-10-25 16:00:00,3.4007333333333336,3.3889,274.0183333333333,257.865
2022-10-25 17:00:00,3.372383333333333,3.36385,278.98833333333334,297.2116666666667
2022-10-25 18:00:00,3.32985,3.3215,279.7116666666667,272.4766666666667
2022-10-25 19:00:00,3.3116333333333334,3.3009333333333335,274.8066666666667,267.51
2022-10-25 20:00:00,3.269566666666667,3.263,271.735,317.5883333333333
2022-10-25 21:00:00,3.1719500000000003,3.1721333333333335,274.68333333333334,361.37333333333333
2022-10-25 22:00:00,3.1067166666666663,3.1010333333333335,269.25166666666667,286.7066666666667
2022-10-25 23:00:00,3.0798166666666664,3.0705833333333334,267.65333333333336,268.81
2022-10-26 00:00:00,3.0514,3.0421666666666667,275.6566666666667,247.15
2022-10-26 01:00:00,3.0580333333333334,3.04595,275.56,213.855
2022-10-26 02:00:00,3.0809,3.0670333333333333,273.33,189.79333333333335
2022-10-26 03:00:00,3.1386166666666666,3.1173166666666665,275.67,142.9
2022-10-26 04:00:00,3.2096500000000003,3.1878333333333333,277.90333333333336,145.19500000000002
2022-10-26 05:00:00,3.325616666666667,3.3120666666666665,473.745,125.28999999999999
2022-10-26 06:00:00,3.5682,3.5606,555.125,172.55166666666668
2022-10-26 07:00:00,3.6746833333333333,3.62695,245.14,299.8883333333333
2022-10-26 08:00:00,3.5362999999999998,3.5309666666666666,247.965,396.6816666666667
2022-10-26 09:00:00,3.4425000000000003,3.4309999999999996,249.25,265.7033333333333
2022-10-26 10:00:00,3.428166666666667,3.4105166666666666,248.94666666666666,225.35833333333332
2022-10-26 11:00:00,3.4112333333333336,3.395766666666667,250.53833333333333,250.525
2022-10-26 12:00:00,3.365016666666667,3.3538,250.94500000000002,284.59666666666664
2022-10-26 13:00:00,3.31275,3.3003333333333336,250.975,275.8816666666667
2022-10-26 14:00:00,3.2582666666666666,3.247383333333333,250.19666666666666,285.95166666666665
2022-10-26 15:00:00,3.20615,3.1973833333333332,251.4116666666667,301.6166666666667
2022-10-26 16:00:00,3.1315666666666666,3.1255333333333337,250.73833333333332,317.0066666666667
2022-10-26 17:00:00,3.0501666666666667,3.0449333333333333,252.90166666666667,292.81666666666666
2022-10-26 18:00:00,3.0094166666666666,3.0025166666666667,252.65666666666667,295.155
2022-10-26 19:00:00,2.9394833333333334,2.934066666666667,250.54666666666665,282.15833333333336
2022-10-26 20:00:00,2.89725,2.89195,272.62333333333333,269.7233333333333
2022-10-26 21:00:00,2.8820166666666664,2.8857500000000003,311.8433333333333,283.4483333333334
2022-10-26 22:00:00,2.86895,2.8714999999999997,308.8616666666667,272.87833333333333
2022-10-26 23:00:00,2.8584666666666667,2.8617166666666667,306.73499999999996,262.7866666666667
2022-10-27 00:00:00,2.890233333333333,2.882566666666667,299.07,198.60833333333332
2022-10-27 01:00:00,2.9356,2.925483333333333,292.8883333333333,196.27833333333334
2022-10-27 02:00:00,2.9461,2.9419666666666666,290.725,243.3
2022-10-27 03:00:00,2.9757666666666664,2.9661166666666667,292.35166666666663,199.21166666666667
2022-10-27 04:00:00,3.01415,3.0042666666666666,295.47999999999996,200.80166666666668
2022-10-27 05:00:00,3.080966666666667,3.0633833333333333,294.775,139.95333333333335
2022-10-27 06:00:00,3.1771000000000003,3.15475,399.4,169.16
2022-10-27 07:00:00,3.308466666666667,3.2867166666666665,497.99833333333333,311.0466666666667
2022-10-27 08:00:00,3.3759,3.3553,490.84833333333336,343.81166666666667
2022-10-27 09:00:00,3.4487333333333337,3.4243666666666663,477.37333333333333,281.43833333333333
2022-10-27 10:00:00,3.5627166666666668,3.53445,478.11333333333334,246.34166666666667
2022-10-27 11:00:00,3.6668000000000003,3.6381333333333337,477.76166666666666,306.4183333333333
2022-10-27 12:00:00,3.7606333333333333,3.7301166666666665,479.025,255.42000000000002
2022-10-27 13:00:00,3.8440333333333334,3.8036666666666665,282.47666666666663,259.0983333333333
2022-10-27 14:00:00,3.780533333333333,3.7271,198.855,257.45666666666665
2022-10-27 15:00:00,3.7259499999999997,3.6738666666666666,199.53,252.325
2022-10-27 16:00:00,3.64375,3.59115,198.00333333333336,299.4
2022-10-27 17:00:00,3.5527333333333333,3.501816666666667,198.47166666666666,277.3016666666666
2022-10-27 18:00:00,3.4633833333333333,3.4130333333333334,198.84333333333333,296.175
2022-10-27 19:00:00,3.3733333333333335,3.324683333333333,197.535,276.32
2022-10-27 20:00:00,3.2694833333333335,3.2220166666666668,195.76333333333332,322.365
2022-10-27 21:00:00,3.164816666666667,3.11875,193.81833333333333,287.795
2022-10-27 22:00:00,3.06725,3.0281833333333332,212.84,281.35499999999996
2022-10-27 23:00:00,3.001116666666667,2.98535,247.985,256.74666666666667
2022-10-28 00:00:00,2.9922,2.971783333333333,246.79166666666666,197.41333333333333
2022-10-28 01:00:00,3.01285,2.9901166666666668,247.70499999999998,174.69
2022-10-28 02:00:00,3.046483333333333,3.0237166666666666,251.04,160.73999999999998
2022-10-28 03:00:00,3.0949166666666668,3.0706333333333333,251.64,143.57833333333335
2022-10-28 04:00:00,3.1485833333333333,3.1239166666666667,251.84,156.785
2022-10-28 05:00:00,3.183866666666667,3.1585166666666664,253.30499999999998,163.535
2022-10-28 06:00:00,3.2500166666666668,3.2646666666666664,506.51666666666665,169.27
2022-10-28 07:00:00,3.456933333333333,3.5616833333333333,669.4766666666667,346.82666666666665
2022-10-28 08:00:00,3.4938166666666666,3.510283333333333,285.8816666666667,383.9683333333333
2022-10-28 09:00:00,3.4495,3.4375666666666667,287.2316666666667,294.15
2022-10-28 10:00:00,3.4089666666666667,3.398233333333333,286.35833333333335,293.8016666666666
2022-10-28 11:00:00,3.359366666666667,3.3522000000000003,286.76166666666666,334.55
2022-10-28 12:00:00,3.3055333333333334,3.2967500000000003,285.84833333333336,275.30833333333334
2022-10-28 13:00:00,3.304316666666667,3.2902,281.8,235.38333333333333
2022-10-28 14:00:00,3.2882000000000002,3.2759666666666667,279.6683333333333,282.67
2022-10-28 15:00:00,3.2551166666666664,3.24255,281.4316666666667,275.48833333333334
2022-10-28 16:00:00,3.2428666666666666,3.2268666666666665,282.10833333333335,241.72666666666666
2022-10-28 17:00:00,3.213916666666667,3.2041166666666667,282.55333333333334,332.7133333333333
2022-10-28 18:00:00,3.1361333333333334,3.1286,283.23499999999996,306.1383333333333
2022-10-28 19:00:00,3.1258333333333335,3.1114666666666664,283.59000000000003,236.54333333333335
2022-10-28 20:00:00,3.1255333333333337,3.1111166666666668,280.7433333333333,248.31833333333333
2022-10-28 21:00:00,3.0992666666666664,3.0894833333333334,282.15833333333336,292.5433333333333
2022-10-28 22:00:00,3.051816666666667,3.04495,279.09166666666664,323.25166666666667
2022-10-28 23:00:00,2.95935,2.9575666666666667,276.53499999999997,364.28
2022-10-29 00:00:00,2.9002499999999998,2.8931999999999998,280.03333333333336,263.36833333333334
2022-10-29 01:00:00,2.9165666666666668,2.901416666666667,283.92333333333335,186.45833333333334
2022-10-29 02:00:00,2.9720500000000003,2.9530000000000003,283.5683333333333,165.91833333333335
2022-10-29 03:00:00,3.0359,3.0143166666666668,282.10499999999996,150.92000000000002
2022-10-29 04:00:00,3.1064166666666666,3.084283333333333,283.42333333333335,149.41666666666666
2022-10-29 05:00:00,3.3430166666666663,3.307866666666667,653.5030952380953,147.56166666666667
2022-10-29 06:00:00,3.7647666666666666,3.729966666666667,663.5235714285715,175.76666666666668
2022-10-29 07:00:00,3.905866666666667,3.8805833333333335,280.8283333333333,261.64
2022-10-29 08:00:00,3.8499,3.8102500000000004,219.905,294.0083333333333
2022-10-29 09:00:00,3.7491333333333334,3.7114166666666666,221.43833333333333,322.2883333333333
2022-10-29 10:00:00,3.6665,3.629183333333333,220.98166666666665,303.1116666666667
2022-10-29 11:00:00,3.5734166666666667,3.5382166666666666,221.30166666666668,287.865
2022-10-29 12:00:00,3.509066666666667,3.4741666666666666,219.87833333333336,284.47666666666663
2022-10-29 13:00:00,3.416316666666667,3.382833333333333,220.47833333333335,315.9183333333333
2022-10-29 14:00:00,3.3228,3.2911833333333336,220.81,315.29
2022-10-29 15:00:00,3.2258333333333336,3.1949833333333335,221.78,288.32666666666665
2022-10-29 16:00:00,3.1674333333333333,3.1368,222.39333333333335,260.115
2022-10-29 17:00:00,3.1031666666666666,3.0736333333333334,221.36833333333334,290.31333333333333
2022-10-29 18:00:00,2.996383333333333,2.968933333333333,221.49333333333334,355.5383333333333
2022-10-29 19:00:00,2.8881,2.8618,222.475,302.5433333333333
2022-10-29 20:00:00,2.8385000000000002,2.8174166666666665,280.2933333333333,236.01166666666668
2022-10-29 21:00:00,2.8409833333333334,2.8235333333333332,287.69,278.6683333333333
2022-10-29 22:00:00,2.8050833333333336,2.7888,294.58,260.97166666666664
2022-10-29 23:00:00,2.83815,2.8228166666666668,346.40166666666664,222.07666666666668
2022-10-30 00:00:00,2.89895,2.8812333333333333,347.7566666666667,210.37166666666664
2022-10-30 01:00:00,2.97405,2.9547166666666667,347.43666666666667,201.48833333333332
2022-10-30 02:00:00,3.0352,3.0167,353.7416666666667,238.03333333333333
2022-10-30 03:00:00,3.0586333333333333,3.0446666666666666,354.25,275.76166666666666
2022-10-30 04:00:00,3.1202166666666664,3.109933333333333,453.4566666666667,176.37666666666667
2022-10-30 05:00:00,3.3755666666666664,3.4063,656.7583333333333,130.59333333333333
2022-10-30 06:00:00,3.6932166666666664,3.702633333333333,516.8583333333333,140.04833333333332
2022-10-30 07:00:00,3.8628,3.8199666666666667,327.62833333333333,179.09166666666667
2022-10-30 08:00:00,3.87895,3.8424166666666664,212.595,216.45833333333334
2022-10-30 09:00:00,3.811983333333333,3.771583333333333,173.84666666666666,270.83
2022-10-30 10:00:00,3.7165833333333333,3.678366666666667,175.59833333333333,266.3233333333333
2022-10-30 11:00:00,3.6201999999999996,3.5826,175.52833333333334,321.70166666666665
2022-10-30 12:00:00,3.45355,3.42075,174.835,378.5416666666667
2022-10-30 13:00:00,3.30795,3.2756833333333333,170.24166666666667,307.21500000000003
2022-10-30 14:00:00,3.1659,3.1352166666666665,169.655,319.6183333333333
2022-10-30 15:00:00,3.07225,3.0510499999999996,242.15333333333334,266.715
2022-10-30 16:00:00,3.01585,3.00835,270.8833333333333,315.34166666666664
2022-10-30 17:00:00,2.9568166666666666,2.9493500000000004,270.0683333333333,300.1383333333333
2022-10-30 18:00:00,2.916633333333333,2.907883333333333,268.675,293.74833333333333
2022-10-30 19:00:00,2.856133333333333,2.849066666666667,268.6333333333333,279.2866666666667
2022-10-30 20:00:00,2.8384333333333336,2.834,311.22166666666664,272.22166666666664
2022-10-30 21:00:00,2.8196166666666667,2.8200999999999996,308.78499999999997,321.82166666666666
2022-10-30 22:00:00,2.7544,2.7584666666666666,303.5433333333333,342.045
2022-10-30 23:00:00,2.7467333333333332,2.7450666666666668,340.60333333333335,228.23666666666668
2022-10-31 00:00:00,2.8129166666666667,2.807733333333333,347.2116666666667,214.62833333333336
2022-10-31 01:00:00,2.8274666666666666,2.834766666666667,347.26,302.445
2022-10-31 02:00:00,2.8663666666666665,2.8629666666666664,347.72833333333335,216.50833333333333
2022-10-31 03:00:00,2.9426,2.933883333333333,350.7133333333333,163.70166666666668
2022-10-31 04:00:00,3.0873333333333335,3.0680833333333335,450.77833333333336,112.955
2022-10-31 05:00:00,3.3716,3.340933333333333,618.5566666666667,133.84666666666666
2022-10-31 06:00:00,3.6528666666666667,3.6217333333333332,620.825,197.42999999999998
2022-10-31 07:00:00,3.838983333333333,3.8064666666666667,402.27666666666664,288.4683333333333
2022-10-31 08:00:00,3.7811666666666666,3.7518666666666665,264.74666666666667,318.275
2022-10-31 09:00:00,3.7303833333333336,3.7039833333333334,281.31,278.1566666666667
2022-10-31 10:00:00,3.716133333333333,3.68735,280.3383333333333,245.98999999999998
2022-10-31 11:00:00,3.6978500000000003,3.6698333333333335,281.4866666666667,278.15166666666664
2022-10-31 12:00:00,3.6801000000000004,3.6502833333333333,281.6683333333333,244.755
2022-10-31 13:00:00,3.68385,3.6528166666666664,283.78499999999997,244.52833333333334
2022-10-31 14:00:00,3.6806666666666668,3.6486333333333336,270.89500000000004,235.16666666666666
2022-10-31 15:00:00,3.6589,3.63225,230.9,259.28
2022-10-31 16:00:00,3.5781333333333336,3.5281499999999997,94.26666666666667,262.37666666666667
2022-10-31 17:00:00,3.4339999999999997,3.380933333333333,82.65166666666667,261.4166666666667
2022-10-31 18:00:00,3.3124833333333332,3.28195,176.7133333333333,247.59166666666667
2022-10-31 19:00:00,3.2308000000000003,3.2031833333333335,174.90833333333333,258.055
2022-10-31 20:00:00,3.1401166666666667,3.1147,175.07666666666668,267.13666666666666
2022-10-31 21:00:00,3.0484333333333336,3.0249,173.74333333333334,289.9616666666667
2022-10-31 22:00:00,2.9398833333333334,2.9209666666666667,217.0,275.81666666666666
2022-10-31 23:00:00,2.924716666666667,2.911383333333333,311.52000000000004,223.565
2022-11-01 00:00:00,2.9591333333333334,2.9430666666666667,315.09833333333336,216.99833333333333
2022-11-01 01:00:00,3.0212333333333334,3.0004833333333334,314.03333333333336,183.27833333333334
2022-11-01 02:00:00,3.0876499999999996,3.065233333333333,312.1666666666667,167.34
2022-11-01 03:00:00,3.1742833333333333,3.1492833333333334,316.78,149.43666666666667
2022-11-01 04:00:00,3.2733,3.2441666666666666,317.13,129.96166666666667
2022-11-01 05:00:00,3.3863333333333334,3.3560333333333334,318.9216666666667,129.54833333333332
2022-11-01 06:00:00,3.4833333333333334,3.454333333333333,318.60166666666663,165.78
2022-11-01 07:00:00,3.4991666666666665,3.4856,307.12,332.92833333333334
2022-11-01 08:00:00,3.3684,3.3748833333333335,289.32666666666665,469.565
2022-11-01 09:00:00,3.25615,3.2456,265.025,302.405
2022-11-01 10:00:00,3.210983333333333,3.1956333333333333,259.43666666666667,276.2
2022-11-01 11:00:00,3.1891499999999997,3.1703333333333332,260.8383333333333,239.01333333333332
2022-11-01 12:00:00,3.163616666666667,3.1479666666666666,260.84666666666664,255.16833333333335
2022-11-01 13:00:00,3.1317833333333334,3.11815,260.32666666666665,291.935
2022-11-01 14:00:00,3.0784666666666665,3.067066666666667,260.2366666666667,267.63
2022-11-01 15:00:00,3.0450999999999997,3.033183333333333,263.295,277.21
2022-11-01 16:00:00,3.0050499999999998,2.99355,265.89166666666665,270.56333333333333
2022-11-01 17:00:00,2.9656499999999997,2.9564666666666666,264.7633333333333,288.71666666666664
2022-11-01 18:00:00,2.911283333333333,2.903566666666667,265.16,316.82666666666665
2022-11-01 19:00:00,2.84275,2.8372,265.05833333333334,289.695
2022-11-01 20:00:00,2.801216666666667,2.7943833333333337,266.49666666666667,287.93333333333334
2022-11-01 21:00:00,2.715316666666667,2.71875,270.33166666666665,383.4433333333333
2022-11-01 22:00:00,2.6217166666666665,2.6209833333333337,267.71,308.6183333333333
2022-11-01 23:00:00,2.591916666666667,2.5850166666666667,268.01,247.65166666666667
2022-11-02 00:00:00,2.60255,2.5913,273.15166666666664,185.5883333333333
2022-11-02 01:00:00,2.6500333333333335,2.6357833333333334,276.67333333333335,163.68333333333334
2022-11-02 02:00:00,2.7119,2.695516666666667,275.8433333333333,149.67333333333332
2022-11-02 03:00:00,2.7799666666666667,2.7631333333333337,277.96,144.61
2022-11-02 04:00:00,2.8530333333333333,2.834366666666667,285.05,144.15833333333333
2022-11-02 05:00:00,2.9417,2.91815,296.5366666666667,129.08666666666667
2022-11-02 06:00:00,3.0271166666666667,3.0043333333333333,305.72666666666663,178.48166666666665
2022-11-02 07:00:00,3.05285,3.0459,324.9166666666667,267.01
2022-11-02 08:00:00,3.0254833333333333,3.0252,320.17833333333334,342.65333333333336
2022-11-02 09:00:00,2.9933833333333335,2.9898666666666665,319.64000000000004,285.9133333333333
2022-11-02 10:00:00,2.973583333333333,2.9715833333333337,319.52333333333337,305.7366666666667
2022-11-02 11:00:00,2.9539166666666667,2.9520166666666667,321.02000000000004,297.01166666666666
2022-11-02 12:00:00,2.9378666666666664,2.9369500000000004,320.5183333333333,298.1983333333334
2022-11-02 13:00:00,2.8961333333333332,2.901116666666667,319.96666666666664,370.69666666666666
2022-11-02 14:00:00,2.8423833333333333,2.84315,319.5933333333333,298.09166666666664
2022-11-02 15:00:00,2.8150833333333334,2.817266666666667,324.7416666666667,326.4616666666667
2022-11-02 16:00:00,2.7773,2.7804333333333333,324.7683333333333,322.39666666666665
2022-11-02 17:00:00,2.752733333333333,2.755533333333333,323.21500000000003,287.76166666666666
2022-11-02 18:00:00,2.7453999999999996,2.74705,316.69666666666666,311.96
2022-11-02 19:00:00,2.70375,2.70695,318.0833333333333,303.1066666666667
2022-11-02 20:00:00,2.696566666666667,2.697216666666667,318.1683333333333,272.17
2022-11-02 21:00:00,2.7007333333333334,2.7014333333333336,317.15,287.23333333333335
2022-11-02 22:00:00,2.6768333333333336,2.6792333333333334,316.345,281.99833333333333
2022-11-02 23:00:00,2.70215,2.6978,324.31666666666666,210.26166666666668
2022-11-03 00:00:00,2.753916666666667,2.7465833333333336,326.49833333333333,201.01166666666668
2022-11-03 01:00:00,2.8348999999999998,2.819366666666667,324.3666666666667,164.57333333333332
2022-11-03 02:00:00,2.9165,2.9031333333333333,327.49833333333333,189.49833333333333
2022-11-03 03:00:00,2.9741,2.9626333333333337,328.64000000000004,188.98999999999998
2022-11-03 04:00:00,3.0666,3.0473333333333334,328.24666666666667,157.915
2022-11-03 05:00:00,3.374683333333333,3.3551333333333333,391.97005847953216,171.94166666666666
2022-11-03 06:00:00,3.74395,3.68925,293.0166081871345,195.25
2022-11-03 07:00:00,3.6906166666666667,3.6636,234.04166666666666,336.5366666666667
2022-11-03 08:00:00,3.5803166666666666,3.5675000000000003,296.2566666666667,364.03499999999997
2022-11-03 09:00:00,3.519766666666667,3.5104333333333333,298.44666666666666,317.165
2022-11-03 10:00:00,3.4711,3.459166666666667,287.8366666666667,321.05
2022-11-03 11:00:00,3.4128166666666666,3.4014333333333338,287.255,304.06333333333333
2022-11-03 12:00:00,3.390733333333333,3.3745666666666665,286.7133333333333,247.87666666666667
2022-11-03 13:00:00,3.3872666666666666,3.3722833333333333,288.54,276.3
2022-11-03 14:00:00,3.3625,3.3467833333333337,288.72999999999996,248.19166666666666
2022-11-03 15:00:00,3.3805833333333335,3.3609500000000003,288.945,215.21166666666667
2022-11-03 16:00:00,3.385683333333333,3.369333333333333,286.68833333333333,247.715
2022-11-03 17:00:00,3.3924999999999996,3.3762666666666665,292.2433333333333,253.53333333333333
2022-11-03 18:00:00,3.3462833333333335,3.3383166666666666,289.55,362.9866666666667
2022-11-03 19:00:00,3.2536833333333335,3.2470333333333334,289.7083333333333,329.43833333333333
2022-11-03 20:00:00,3.2212833333333335,3.20875,287.245,273.7883333333333
2022-11-03 21:00:00,3.17745,3.1698666666666666,284.2566666666667,337.12
2022-11-03 22:00:00,3.1007166666666666,3.0968166666666668,283.12,327.22833333333335
2022-11-03 23:00:00,3.04915,3.040116666666667,279.4183333333333,289.2866666666667
2022-11-04 00:00:00,3.0305666666666666,3.01955,280.2633333333333,248.38666666666668
2022-11-04 01:00:00,3.0526666666666666,3.0345,279.26666666666665,181.915
2022-11-04 02:00:00,3.0943166666666664,3.0768833333333334,282.7966666666667,186.67999999999998
2022-11-04 03:00:00,3.1498500000000003,3.12935,286.43833333333333,155.52833333333334
2022-11-04 04:00:00,3.2247166666666667,3.2007,288.22333333333336,137.24166666666667
2022-11-04 05:00:00,3.313016666666667,3.2872666666666666,287.57166666666666,132.52333333333334
2022-11-04 06:00:00,3.4337166666666668,3.415716666666667,492.79,176.96666666666667
2022-11-04 07:00:00,3.6003166666666666,3.5758,386.365,259.85
2022-11-04 08:00:00,3.5804666666666667,3.5495500000000004,281.8433333333333,292.06666666666666
2022-11-04 09:00:00,3.5084500000000003,3.4800666666666666,280.35333333333335,372.7083333333333
2022-11-04 10:00:00,3.424583333333333,3.3959333333333332,279.3816666666667,317.27833333333336
2022-11-04 11:00:00,3.4008,3.3705,280.3066666666667,228.75
2022-11-04 12:00:00,3.3869666666666665,3.3577999999999997,279.68833333333333,285.7416666666667
2022-11-04 13:00:00,3.3548,3.3275833333333336,262.7883333333333,281.10833333333335
2022-11-04 14:00:00,3.2863166666666666,3.27,227.44166666666666,287.97166666666664
2022-11-04 15:00:00,3.1983666666666664,3.1858,227.71666666666667,325.6166666666667
2022-11-04 16:00:00,3.0961333333333334,3.0860333333333334,234.67833333333334,342.38
2022-11-04 17:00:00,2.9934333333333334,2.9847166666666665,237.11333333333332,321.7183333333333
2022-11-04 18:00:00,2.913416666666667,2.9054,236.49333333333334,296.6716666666667
2022-11-04 19:00:00,2.8323666666666667,2.8248333333333333,236.81333333333333,320.6433333333333
2022-11-04 20:00:00,2.7485500000000003,2.740533333333333,238.87,292.525
2022-11-04 21:00:00,2.6757333333333335,2.6693166666666666,240.79500000000002,324.725
2022-11-04 22:00:00,2.5771333333333337,2.5572999999999997,321.35499999999996,400.22666666666663
2022-11-04 23:00:00,2.5226166666666665,2.491616666666667,339.095,305.4583333333333
2022-11-05 00:00:00,2.55275,2.523216666666667,340.48333333333335,224.86499999999998
2022-11-05 01:00:00,2.6102166666666666,2.58035,341.83,207.56833333333333
2022-11-05 02:00:00,2.66605,2.6353666666666666,338.64666666666665,236.84166666666667
2022-11-05 03:00:00,2.705233333333333,2.6738333333333335,342.1066666666667,236.91
2022-11-05 04:00:00,2.74525,2.7131166666666666,337.76,247.67333333333332
2022-11-05 05:00:00,2.7977166666666666,2.765733333333333,336.15333333333336,176.70499999999998
2022-11-05 06:00:00,3.0490333333333335,3.035283333333333,438.3577083333333,184.47166666666666
2022-11-05 07:00:00,3.5772166666666667,3.5688,421.7639583333333,264.0516666666667
2022-11-05 08:00:00,3.5825,3.583266666666667,287.2966666666667,328.775
2022-11-05 09:00:00,3.5274833333333335,3.5437,307.2133333333333,331.06
2022-11-05 10:00:00,3.4734,3.4902,307.47333333333336,337.0883333333333
2022-11-05 11:00:00,3.393066666666667,3.4164666666666665,310.705,369.0316666666667
2022-11-05 12:00:00,3.3146666666666667,3.342033333333333,313.4433333333333,405.22999999999996
2022-11-05 13:00:00,3.2029833333333335,3.233033333333333,310.905,374.73499999999996
2022-11-05 14:00:00,3.1225333333333336,3.1508333333333334,307.1066666666667,400.8
2022-11-05 15:00:00,3.0127,3.0425,307.5783333333333,370.7816666666667
2022-11-05 16:00:00,2.9698166666666665,2.9886166666666667,305.26,313.85999999999996
2022-11-05 17:00:00,2.94375,2.9578166666666665,305.0816666666667,265.35333333333335
2022-11-05 18:00:00,2.9463,2.958466666666667,306.885,272.25666666666666
2022-11-05 19:00:00,2.9459999999999997,2.954816666666667,305.64000000000004,237.39333333333335
2022-11-05 20:00:00,2.96945,2.9764833333333334,310.3883333333333,233.875
2022-11-05 21:00:00,2.9909666666666666,2.9951999999999996,309.335,253.16333333333333
2022-11-05 22:00:00,3.0097,2.991516666666667,335.99833333333333,270.65833333333336
2022-11-05 23:00:00,3.0227500000000003,3.00715,345.8,263.93
2022-11-06 00:00:00,3.0675254237288136,3.0471016949152543,346.89661016949157,212.45084745762713
2022-11-06 01:00:00,3.1412,3.121383333333333,348.89500000000004,209.45499999999998
2022-11-06 02:00:00,3.2123833333333334,3.189783333333333,348.82,185.35666666666665
2022-11-06 03:00:00,3.2998666666666665,3.27635,341.49,185.11
2022-11-06 04:00:00,3.3828666666666667,3.3578166666666664,342.9183333333333,172.98166666666665
2022-11-06 05:00:00,3.4758666666666667,3.4501,344.10166666666663,175.095
2022-11-06 06:00:00,3.5633166666666667,3.5377333333333336,347.685,179.85666666666665
2022-11-06 07:00:00,3.6479666666666666,3.621566666666667,350.0416666666667,193.04833333333332
2022-11-06 08:00:00,3.710066666666667,3.6889166666666666,349.955,266.2683333333333
2022-11-06 09:00:00,3.676333333333333,3.6591333333333336,272.3283333333333,332.32
2022-11-06 10:00:00,3.590616666666667,3.5753,265.675,352.65333333333336
2022-11-06 11:00:00,3.5176166666666666,3.49955,268.43833333333333,288.565
2022-11-06 12:00:00,3.467216666666667,3.4503166666666667,271.09666666666664,294.72833333333335
2022-11-06 13:00:00,3.418133333333333,3.402933333333333,271.11833333333334,341.12166666666667
2022-11-06 14:00:00,3.3173166666666662,3.30615,268.09166666666664,334.35
2022-11-06 15:00:00,3.2513,3.237416666666667,260.6616666666667,330.1433333333333
2022-11-06 16:00:00,3.16165,3.1510499999999997,263.33,311.9116666666667
2022-11-06 17:00:00,3.10355,3.0921333333333334,261.03166666666664,317.22166666666664
2022-11-06 18:00:00,3.0371,3.0251499999999996,261.71666666666664,288.50166666666667
2022-11-06 19:00:00,2.9663,2.9567833333333335,262.80333333333334,330.07666666666665
2022-11-06 20:00:00,2.8902833333333335,2.8821999999999997,258.87,313.7033333333333
2022-11-06 21:00:00,2.841083333333333,2.8288,258.59333333333336,271.485
2022-11-06 22:00:00,2.81285,2.8063166666666666,300.695,252.22
2022-11-06 23:00:00,2.841533333333333,2.846566666666667,354.5083333333333,242.74833333333333
2022-11-07 00:00:00,2.8933833333333334,2.8959333333333332,353.62166666666667,197.35
2022-11-07 01:00:00,3.0090833333333333,3.0014166666666666,356.475,143.23833333333332
2022-11-07 02:00:00,3.1379,3.1291333333333333,360.2816666666667,132.32166666666666
2022-11-07 03:00:00,3.2754,3.264016666666667,358.8283333333333,119.63000000000001
2022-11-07 04:00:00,3.4141166666666667,3.4013,361.9066666666667,146.01166666666668
2022-11-07 05:00:00,3.51315,3.5057666666666667,363.415,213.49833333333333
2022-11-07 06:00:00,3.5635499999999998,3.5644,365.73499999999996,256.49333333333334
2022-11-07 07:00:00,3.57585,3.5835166666666667,369.0783333333333,331.3
2022-11-07 08:00:00,3.5441166666666666,3.5536666666666665,334.46666666666664,350.415
2022-11-07 09:00:00,3.5054833333333333,3.471033333333333,266.24333333333334,329.5866666666667
2022-11-07 10:00:00,3.4136666666666664,3.3775833333333334,265.74,345.55333333333334
2022-11-07 11:00:00,3.342,3.3082333333333334,265.20166666666665,329.81
2022-11-07 12:00:00,3.23305,3.200083333333333,265.495,372.05833333333334
2022-11-07 13:00:00,3.1561833333333333,3.1222166666666666,264.935,293.54833333333335
2022-11-07 14:00:00,3.113916666666667,3.0829999999999997,265.88166666666666,262.66833333333335
2022-11-07 15:00:00,3.0918,3.060466666666667,266.225,258.57666666666665
2022-11-07 16:00:00,3.0712166666666665,3.03985,264.55,247.23999999999998
2022-11-07 17:00:00,3.0395666666666665,3.0075833333333337,262.375,282.6333333333333
2022-11-07 18:00:00,2.9918833333333335,2.9617166666666668,264.7366666666667,311.60833333333335
2022-11-07 19:00:00,2.8948833333333335,2.8660833333333335,265.2783333333333,374.0466666666667
2022-11-07 20:00:00,2.7992,2.771716666666667,264.86833333333334,333.75
2022-11-07 21:00:00,2.723383333333333,2.6963,267.06,323.155
2022-11-07 22:00:00,2.6386,2.623883333333333,288.06333333333333,350.755
2022-11-07 23:00:00,2.576016666666667,2.57025,291.55,276.0
2022-11-08 00:00:00,2.6057166666666665,2.590416666666667,292.54833333333335,160.425
2022-11-08 01:00:00,2.69195,2.6733666666666664,292.8616666666667,127.05666666666666
2022-11-08 02:00:00,2.79025,2.7695333333333334,290.64666666666665,114.28833333333334
2022-11-08 03:00:00,2.8965,2.873183333333333,290.555,104.485
2022-11-08 04:00:00,3.00285,2.9792666666666667,294.065,124.90666666666667
2022-11-08 05:00:00,3.0949666666666666,3.0703,295.51,128.67
2022-11-08 06:00:00,3.23845,3.238783333333333,562.9916666666667,179.91333333333333
2022-11-08 07:00:00,3.444866666666667,3.4614333333333334,570.8633333333333,274.65999999999997
2022-11-08 08:00:00,3.571966666666667,3.593566666666667,521.4916666666667,322.9316666666667
2022-11-08 09:00:00,3.6056833333333334,3.5961333333333334,315.5783333333333,318.085
2022-11-08 10:00:00,3.560683333333333,3.5436166666666664,305.32666666666665,345.155
2022-11-08 11:00:00,3.497133333333333,3.48045,306.10333333333335,335.96500000000003
2022-11-08 12:00:00,3.4378333333333333,3.421483333333333,305.38666666666666,344.85
2022-11-08 13:00:00,3.3894333333333333,3.3727500000000004,310.5783333333333,302.60333333333335
2022-11-08 14:00:00,3.3726166666666666,3.354633333333333,307.5,268.195
2022-11-08 15:00:00,3.3556166666666667,3.339916666666667,308.02333333333337,319.37166666666667
2022-11-08 16:00:00,3.3107333333333333,3.2951166666666665,305.8683333333333,285.35999999999996
2022-11-08 17:00:00,3.3123,3.29385,303.795,254.68333333333334
2022-11-08 18:00:00,3.3260833333333335,3.3053833333333333,300.17833333333334,231.23166666666665
2022-11-08 19:00:00,3.3213999999999997,3.30595,245.22666666666666,247.09166666666667
2022-11-08 20:00:00,3.2708999999999997,3.2609333333333335,227.4,282.3566666666667
2022-11-08 21:00:00,3.1631,3.1633166666666668,230.00666666666666,369.9166666666667
2022-11-08 22:00:00,3.057383333333333,3.0538166666666666,229.22166666666666,303.17
2022-11-08 23:00:00,2.9509166666666666,2.9526499999999998,228.39833333333334,326.845
2022-11-09 00:00:00,2.90705,2.898483333333333,230.10666666666665,210.03166666666667
2022-11-09 01:00:00,2.9119333333333333,2.9000666666666666,229.34333333333333,181.17999999999998
2022-11-09 02:00:00,2.9350333333333336,2.9192666666666667,228.00166666666667,138.66666666666666
2022-11-09 03:00:00,2.9950666666666668,2.9737999999999998,228.47333333333333,108.85
2022-11-09 04:00:00,3.0505500000000003,3.0327833333333336,230.48166666666665,151.4
2022-11-09 05:00:00,3.0583,3.0446666666666666,227.42833333333334,193.51333333333332
2022-11-09 06:00:00,3.1365333333333334,3.0968333333333335,422.21666666666664,163.45666666666665
2022-11-09 07:00:00,3.2763833333333334,3.21945,451.93,284.32
2022-11-09 08:00:00,3.3174833333333336,3.251116666666667,455.42333333333335,391.3566666666667
2022-11-09 09:00:00,3.33025,3.2670833333333333,445.675,326.845
2022-11-09 10:00:00,3.3154666666666666,3.2769,316.8833333333333,376.56
2022-11-09 11:00:00,3.20695,3.1898666666666666,283.47166666666664,307.37
2022-11-09 12:00:00,3.2064666666666666,3.1957166666666668,344.32,273.47833333333335
2022-11-09 13:00:00,3.2052,3.1983333333333333,345.03499999999997,291.9116666666667
2022-11-09 14:00:00,3.2157666666666667,3.2068,344.85833333333335,277.7883333333333
2022-11-09 15:00:00,3.2249666666666665,3.215316666666667,335.2916666666667,285.72999999999996
2022-11-09 16:00:00,3.209983333333333,3.203866666666667,334.2083333333333,339.4433333333333
2022-11-09 17:00:00,3.160483333333333,3.1563666666666665,327.48499999999996,343.69666666666666
2022-11-09 18:00:00,3.1145333333333336,3.1093333333333333,326.0083333333333,321.67833333333334
2022-11-09 19:00:00,3.1129166666666666,3.102633333333333,330.32,269.1616666666667
2022-11-09 20:00:00,3.1035166666666667,3.0869500000000003,259.93833333333333,280.5
2022-11-09 21:00:00,3.0420166666666666,3.0097666666666667,193.04666666666665,258.19166666666666
2022-11-09 22:00:00,2.9683333333333333,2.9378666666666664,193.45666666666665,267.5466666666667
2022-11-09 23:00:00,2.940183333333333,2.9175666666666666,303.69666666666666,208.81166666666667
2022-11-10 00:00:00,2.996966666666667,2.97065,306.375,176.17833333333334
2022-11-10 01:00:00,3.0678833333333335,3.04135,307.055,149.13333333333333
2022-11-10 02:00:00,3.1533,3.126916666666667,308.24833333333333,168.29500000000002
2022-11-10 03:00:00,3.21555,3.1901333333333333,309.34666666666664,184.17000000000002
2022-11-10 04:00:00,3.282366666666667,3.2572833333333335,343.6716666666667,173.12
2022-11-10 05:00:00,3.421683333333333,3.4208833333333333,502.35833333333335,170.51833333333335
2022-11-10 06:00:00,3.6304833333333333,3.6300666666666666,509.9866666666667,166.05333333333334
2022-11-10 07:00:00,3.7447666666666666,3.7332166666666664,335.90999999999997,352.06166666666667
2022-11-10 08:00:00,3.6285499999999997,3.5837166666666667,223.91666666666666,390.59000000000003
2022-11-10 09:00:00,3.48505,3.446266666666667,243.46833333333333,386.14666666666665
2022-11-10 10:00:00,3.36515,3.3322166666666666,250.49666666666664,327.56166666666667
2022-11-10 11:00:00,3.310166666666667,3.276483333333333,251.17333333333332,243.35666666666665
2022-11-10 12:00:00,3.2957666666666667,3.2616,255.825,241.86333333333332
2022-11-10 13:00:00,3.2706999999999997,3.2376666666666667,256.84166666666664,245.41333333333333
2022-11-10 14:00:00,3.2554666666666665,3.2219333333333333,255.85333333333335,261.03
2022-11-10 15:00:00,3.2039,3.1715166666666668,261.88,276.6183333333333
2022-11-10 16:00:00,3.1791,3.1473333333333335,259.165,259.8183333333333
2022-11-10 17:00:00,3.121483333333333,3.0896333333333335,253.97833333333335,317.47666666666663
2022-11-10 18:00:00,3.0572999999999997,3.0261833333333334,251.82999999999998,292.54
2022-11-10 19:00:00,2.9926166666666663,2.9622,250.13333333333333,295.20166666666665
2022-11-10 20:00:00,2.9227333333333334,2.8938166666666665,250.48999999999998,327.67
2022-11-10 21:00:00,2.822083333333333,2.794366666666667,251.2866666666667,336.64500000000004
2022-11-10 22:00:00,2.7608666666666664,2.7292,269.75333333333333,280.21
2022-11-10 23:00:00,2.7544,2.7192333333333334,268.18333333333334,207.58333333333334
2022-11-11 00:00:00,2.7861833333333332,2.7521,273.75333333333333,160.15666666666667
2022-11-11 01:00:00,2.8548666666666667,2.8207666666666666,276.29,134.41833333333335
2022-11-11 02:00:00,2.9301000000000004,2.8946833333333335,275.6666666666667,154.11666666666667
2022-11-11 03:00:00,3.0031166666666667,2.966816666666667,275.0,110.55833333333334
2022-11-11 04:00:00,3.0988333333333333,3.0618166666666666,275.23833333333334,109.85
2022-11-11 05:00:00,3.1875333333333336,3.15055,277.1333333333333,127.74499999999999
2022-11-11 06:00:00,3.2605,3.2207333333333334,280.82166666666666,178.45
2022-11-11 07:00:00,3.252683333333333,3.2115,275.21666666666664,326.365
2022-11-11 08:00:00,3.1374666666666666,3.0934166666666667,274.43833333333333,420.96500000000003
2022-11-11 09:00:00,3.0189166666666667,2.977533333333333,268.11333333333334,361.48833333333334
2022-11-11 10:00:00,2.92085,2.8806833333333333,267.8,355.1433333333333
2022-11-11 11:00:00,2.8200166666666666,2.781433333333333,267.805,337.76166666666666
2022-11-11 12:00:00,2.7519666666666667,2.71655,268.3483333333333,290.7866666666667
2022-11-11 13:00:00,2.7156333333333333,2.6798333333333333,267.54,305.45166666666665
2022-11-11 14:00:00,2.6616500000000003,2.6258333333333335,267.75666666666666,256.29833333333335
2022-11-11 15:00:00,2.6561333333333335,2.6218999999999997,268.4916666666667,223.185
2022-11-11 16:00:00,2.6478333333333333,2.6131,268.11833333333334,277.905
2022-11-11 17:00:00,2.5859,2.5505666666666666,267.9733333333333,305.8066666666667
2022-11-11 18:00:00,2.5627333333333335,2.5299666666666667,268.69,234.56833333333333
2022-11-11 19:00:00,2.549116666666667,2.515816666666667,267.78,270.0083333333333
2022-11-11 20:00:00,2.5076666666666667,2.4739833333333334,267.51,284.59000000000003
2022-11-11 21:00:00,2.4682666666666666,2.433666666666667,267.57166666666666,268.2866666666667
2022-11-11 22:00:00,2.4433000000000002,2.4090833333333332,267.9266666666667,265.97833333333335
2022-11-11 23:00:00,2.4187,2.3971333333333336,339.87833333333333,274.1316666666667
2022-11-12 00:00:00,2.4516333333333336,2.4334166666666666,354.5833333333333,228.10833333333332
2022-11-12 01:00:00,2.53255,2.511416666666667,355.4216666666667,184.44333333333333
2022-11-12 02:00:00,2.6327333333333334,2.60885,358.6,151.46666666666667
2022-11-12 03:00:00,2.766016666666667,2.7389,360.53,124.94666666666667
2022-11-12 04:00:00,2.903433333333333,2.8759666666666663,362.01666666666665,138.17333333333332
2022-11-12 05:00:00,3.0163166666666665,2.9880666666666666,361.9683333333333,176.79833333333332
2022-11-12 06:00:00,3.1742500000000002,3.1648833333333335,527.1216666666667,140.38
2022-11-12 07:00:00,3.3578333333333332,3.3428,353.72833333333335,207.31
2022-11-12 08:00:00,3.3591833333333336,3.341916666666667,293.59166666666664,302.72333333333336
2022-11-12 09:00:00,3.2832333333333334,3.2741666666666664,299.60333333333335,380.2033333333333
2022-11-12 10:00:00,3.1812666666666667,3.1756666666666664,297.5566666666667,380.25333333333333
2022-11-12 11:00:00,3.102116666666667,3.0941166666666664,297.07,345.27166666666665
2022-11-12 12:00:00,3.040633333333333,3.0295,295.8183333333333,313.1683333333333
2022-11-12 13:00:00,2.9856333333333334,2.9772333333333334,291.905,338.875
2022-11-12 14:00:00,2.93925,2.9287833333333335,291.725,285.1983333333334
2022-11-12 15:00:00,2.8991833333333332,2.8920666666666666,291.75,334.0183333333333
2022-11-12 16:00:00,2.8330166666666665,2.8260833333333335,292.68,309.81666666666666
2022-11-12 17:00:00,2.8164333333333333,2.8043833333333335,292.5,247.80166666666668
2022-11-12 18:00:00,2.8212166666666665,2.8089333333333335,289.15333333333336,243.24166666666667
2022-11-12 19:00:00,2.8110500000000003,2.8006,289.7416666666667,284.2583333333333
2022-11-12 20:00:00,2.7864999999999998,2.7769,291.88,272.8483333333333
2022-11-12 21:00:00,2.7594166666666666,2.7518000000000002,291.245,284.71666666666664
2022-11-12 22:00:00,2.735866666666667,2.7259499999999997,298.7033333333333,273.19
2022-11-12 23:00:00,2.7594,2.7428833333333333,306.685,200.70833333333334
2022-11-13 00:00:00,2.8155666666666668,2.7952999999999997,308.26500000000004,178.71
2022-11-13 01:00:00,2.87545,2.8569,309.62333333333333,192.15333333333334
2022-11-13 02:00:00,2.9343333333333335,2.9145833333333333,310.225,181.13166666666666
2022-11-13 03:00:00,3.0043833333333336,2.9833,309.2116666666667,166.39333333333335
2022-11-13 04:00:00,3.0999,3.0730333333333335,309.1566666666667,114.74333333333334
2022-11-13 05:00:00,3.2106833333333333,3.1827833333333335,312.77666666666664,138.63333333333333
2022-11-13 06:00:00,3.4839333333333333,3.4647833333333335,506.65333333333336,147.70499999999998
2022-11-13 07:00:00,3.810583333333333,3.7239833333333334,405.0083333333333,177.6
2022-11-13 08:00:00,3.8317666666666668,3.7539666666666665,248.25166666666667,281.0516666666666
2022-11-13 09:00:00,3.7921166666666664,3.7203666666666666,238.84833333333333,269.6066666666667
2022-11-13 10:00:00,3.70655,3.6273,232.92166666666665,358.44
2022-11-13 11:00:00,3.5954833333333336,3.5208500000000003,233.14,317.10333333333335
2022-11-13 12:00:00,3.495816666666667,3.4217999999999997,232.02833333333334,328.22333333333336
2022-11-13 13:00:00,3.4044000000000003,3.3343833333333333,231.99666666666664,310.76666666666665
2022-11-13 14:00:00,3.310683333333333,3.2386333333333335,238.29333333333335,350.87666666666667
2022-11-13 15:00:00,3.1975166666666666,3.1250666666666667,240.095,340.18333333333334
2022-11-13 16:00:00,3.0945666666666667,3.023883333333333,238.15166666666667,346.09166666666664
2022-11-13 17:00:00,2.9883666666666664,2.9206999999999996,237.325,326.27666666666664
2022-11-13 18:00:00,2.8951,2.8285833333333334,236.70833333333334,332.89000000000004
2022-11-13 19:00:00,2.813283333333333,2.7534833333333335,236.765,263.14166666666665
2022-11-13 20:00:00,2.7693,2.71095,233.43833333333333,260.0733333333333
2022-11-13 21:00:00,2.715416666666667,2.65725,228.64166666666668,264.74333333333334
2022-11-13 22:00:00,2.6811000000000003,2.6282,229.99333333333334,218.01833333333335
2022-11-13 23:00:00,2.67805,2.62065,299.795,227.79333333333335
2022-11-14 00:00:00,2.7302666666666666,2.6775,310.2916666666667,160.23333333333332
2022-11-14 01:00:00,2.8178166666666664,2.7683833333333334,313.0066666666667,145.05
2022-11-14 02:00:00,2.8978333333333333,2.8406333333333333,315.57166666666666,198.24833333333333
2022-11-14 03:00:00,2.9672,2.9153499999999997,319.925,130.23
2022-11-14 04:00:00,3.0849166666666665,3.033166666666667,337.5,130.96833333333333
2022-11-14 05:00:00,3.208666666666667,3.1557666666666666,331.9566666666667,124.00666666666666
2022-11-14 06:00:00,3.314216666666667,3.2555,320.67833333333334,176.75
2022-11-14 07:00:00,3.3364833333333332,3.259183333333333,320.6333333333333,360.90166666666664
2022-11-14 08:00:00,3.2234333333333334,3.1308166666666666,318.2366666666667,473.99
2022-11-14 09:00:00,3.0923166666666666,3.0085333333333333,312.3066666666667,376.045
2022-11-14 10:00:00,3.0237333333333334,2.9474333333333336,312.47999999999996,343.24666666666667
2022-11-14 11:00:00,2.96885,2.890733333333333,274.21666666666664,303.6
2022-11-14 12:00:00,2.9107,2.822483333333333,239.565,298.85333333333335
2022-11-14 13:00:00,2.8382,2.758666666666667,213.22666666666666,271.88166666666666
2022-11-14 14:00:00,2.77355,2.697,211.94166666666666,258.165
2022-11-14 15:00:00,2.7262,2.6548666666666665,213.76333333333332,214.41833333333335
2022-11-14 16:00:00,2.7407833333333333,2.5897666666666668,211.65333333333334,219.55
2022-11-14 17:00:00,2.8623,2.3201666666666667,145.03833333333333,298.94666666666666
2022-11-14 18:00:00,2.8759666666666663,2.0117,115.945,290.53499999999997
2022-11-14 19:00:00,2.8609166666666668,1.7390666666666665,82.105,296.12833333333333
2022-11-14 20:00:00,2.826216666666667,1.3292,23.936666666666667,330.5416666666667
2022-11-14 21:00:00,2.769566666666667,2.4632666666666667,23.64333333333333,319.0066666666667
2022-11-14 22:00:00,2.7048166666666664,3.062,23.381666666666668,281.13
2022-11-14 23:00:00,2.644966666666667,3.062,157.19833333333332,261.705
2022-11-15 00:00:00,2.75835,3.062,360.96500000000003,196.18333333333334
2022-11-15 01:00:00,2.8260666666666667,3.062,137.325,139.87333333333333
2022-11-15 02:00:00,2.8054333333333332,3.062,137.18833333333333,123.85333333333332
2022-11-15 03:00:00,2.803533333333333,3.062,137.86499999999998,116.765
2022-11-15 04:00:00,2.8079666666666667,3.062,138.02833333333334,114.92666666666668
2022-11-15 05:00:00,2.8074333333333334,3.062,137.8383333333333,124.20333333333333
2022-11-15 06:00:00,2.813,3.062,213.01166666666668,172.08166666666665
2022-11-15 07:00:00,2.8469333333333333,3.062,432.08,294.81666666666666
2022-11-15 08:00:00,3.0274,3.062,455.1766666666666,310.60499999999996
2022-11-15 09:00:00,3.0327166666666665,3.062,365.38666666666666,367.73333333333335
2022-11-15 10:00:00,3.0094333333333334,3.062,363.31666666666666,279.51666666666665
2022-11-15 11:00:00,3.0660666666666665,3.062,363.8566666666667,275.56333333333333
2022-11-15 12:00:00,3.0930000000000004,3.062,328.875,312.64500000000004
2022-11-15 13:00:00,2.9766,3.0349666666666666,277.7866666666667,336.0833333333333
2022-11-15 14:00:00,2.85175,3.062,241.29833333333332,305.9166666666667
2022-11-15 15:00:00,2.5687166666666665,3.062,277.93333333333334,280.4933333333333
2022-11-15 16:00:00,2.1292666666666666,2.664633333333333,570.9333333333333,313.09000000000003
2022-11-15 17:00:00,1.7032833333333335,1.51295,552.59,253.09
2022-11-15 18:00:00,1.2915999999999999,2.2274666666666665,546.98,289.40166666666664
2022-11-15 19:00:00,2.7319000000000004,2.9393833333333332,551.5966666666667,252.655
2022-11-15 20:00:00,3.071,3.420866666666667,118.90833333333333,271.305
2022-11-15 21:00:00,3.071,3.2710500000000002,0.0,301.09000000000003
2022-11-15 22:00:00,3.071,2.8956166666666667,119.645,282.65
2022-11-15 23:00:00,3.071,2.6402,163.11499999999998,316.0816666666667
2022-11-16 00:00:00,3.071,2.46875,192.70499999999998,216.52833333333334
2022-11-16 01:00:00,3.071,2.4236833333333334,195.29833333333332,182.92999999999998
2022-11-16 02:00:00,3.071,2.4111,194.87333333333333,157.36166666666668
2022-11-16 03:00:00,3.071,2.4691166666666664,196.09166666666667,110.67166666666667
2022-11-16 04:00:00,3.071,2.561383333333333,196.29833333333332,107.66833333333334
2022-11-16 05:00:00,3.071,2.6412166666666668,193.08166666666665,125.13333333333334
2022-11-16 06:00:00,3.071,2.887983333333333,526.7166666666667,153.59833333333333
2022-11-16 07:00:00,3.071,3.2464500000000003,545.6516666666666,341.5783333333333
2022-11-16 08:00:00,3.071,3.43085,535.2466666666667,289.915
2022-11-16 09:00:00,3.071,3.7139,531.3266666666666,268.59333333333336
2022-11-16 10:00:00,3.071,3.99515,478.5933333333333,266.72166666666664
2022-11-16 11:00:00,3.071,3.9927333333333332,212.93666666666667,282.2883333333333
2022-11-16 12:00:00,3.071,3.8974333333333333,310.21500000000003,309.375
2022-11-16 13:00:00,3.071,3.82705,274.4316666666667,296.47999999999996
2022-11-16 14:00:00,3.071,3.7390833333333333,289.35333333333335,279.7116666666667
2022-11-16 15:00:00,3.071,3.6069666666666667,351.30333333333334,358.00333333333333
2022-11-16 16:00:00,3.071,3.38035,319.09000000000003,358.64666666666665
2022-11-16 17:00:00,3.071,3.1333333333333333,463.84166666666664,299.10333333333335
2022-11-16 18:00:00,1.6631666666666667,2.708466666666667,525.5233333333333,318.9216666666667
2022-11-16 19:00:00,1.8742666666666667,2.2769166666666667,511.625,266.00666666666666
2022-11-16 20:00:00,2.1911,2.1689999999999996,502.795,336.3
2022-11-16 21:00:00,2.2721666666666667,2.247266666666667,502.085,286.69666666666666
2022-11-16 22:00:00,2.4121666666666663,2.38695,485.81,225.435
2022-11-16 23:00:00,2.5224333333333333,2.507633333333333,388.2916666666667,209.71166666666667
2022-11-17 00:00:00,2.6235,2.605,383.82166666666666,200.08333333333334
2022-11-17 01:00:00,2.7139499999999996,2.6945666666666668,385.29,201.255
2022-11-17 02:00:00,2.834,2.8110166666666667,385.47999999999996,164.93666666666667
2022-11-17 03:00:00,2.9696833333333337,2.9448833333333337,383.6666666666667,126.97333333333333
2022-11-17 04:00:00,3.1386333333333334,3.1092500000000003,385.2316666666667,110.53500000000001
2022-11-17 05:00:00,3.301816666666667,3.273216666666667,397.9,130.63666666666666
2022-11-17 06:00:00,3.4592,3.4304666666666668,411.52833333333336,158.01166666666668
2022-11-17 07:00:00,3.52845,3.491,291.26500000000004,332.45166666666665
2022-11-17 08:00:00,3.4132666666666664,3.364933333333333,239.58666666666667,373.0066666666667
2022-11-17 09:00:00,3.3241500000000004,3.2796499999999997,227.12,268.96833333333336
2022-11-17 10:00:00,3.2818666666666667,3.2382833333333334,223.94333333333333,241.22666666666666
2022-11-17 11:00:00,3.21985,3.176,224.38500000000002,288.5383333333333
2022-11-17 12:00:00,3.1531666666666665,3.1090500000000003,223.32999999999998,298.04833333333335
2022-11-17 13:00:00,3.0869833333333334,3.045533333333333,223.92833333333334,242.13500000000002
2022-11-17 14:00:00,3.04095,2.9995833333333333,223.01666666666668,272.45
2022-11-17 15:00:00,2.9689666666666668,2.9280166666666667,224.30166666666668,292.62166666666667
2022-11-17 16:00:00,2.8797333333333333,2.8382333333333336,224.43833333333333,344.59166666666664
2022-11-17 17:00:00,2.7630666666666666,2.7222166666666667,223.685,322.7566666666667
2022-11-17 18:00:00,2.6879,2.64845,223.26666666666668,270.285
2022-11-17 19:00:00,2.6064999999999996,2.5686833333333334,223.74833333333333,323.17
2022-11-17 20:00:00,2.5088333333333335,2.4715,222.345,331.24666666666667
2022-11-17 21:00:00,2.3914833333333334,2.3534,221.36833333333334,349.0683333333333
2022-11-17 22:00:00,2.3009333333333335,2.2671166666666664,221.68166666666667,268.07666666666665
2022-11-17 23:00:00,2.2468500000000002,2.2300833333333334,306.03,244.26333333333332
2022-11-18 00:00:00,2.3197166666666664,2.3435166666666665,413.52166666666665,180.48666666666668
2022-11-18 01:00:00,2.4399333333333333,2.4657666666666667,411.615,229.755
2022-11-18 02:00:00,2.5435166666666666,2.5652666666666666,412.26666666666665,181.84
2022-11-18 03:00:00,2.6796833333333336,2.6995999999999998,412.02666666666664,186.04333333333335
2022-11-18 04:00:00,2.83025,2.84235,411.47666666666663,124.06
2022-11-18 05:00:00,3.008666666666667,3.0180166666666666,413.4,129.89
2022-11-18 06:00:00,3.1620833333333334,3.1773833333333332,415.07666666666665,185.60833333333332
2022-11-18 07:00:00,3.2572166666666664,3.2774666666666668,412.6716666666667,276.22833333333335
2022-11-18 08:00:00,3.2795666666666667,3.3125666666666667,415.89666666666665,323.12166666666667
2022-11-18 09:00:00,3.3457999999999997,3.3645,415.85333333333335,253.67833333333334
2022-11-18 10:00:00,3.3779833333333333,3.378333333333333,269.48833333333334,297.6766666666666
2022-11-18 11:00:00,3.3383,3.3300833333333335,264.0566666666667,258.9533333333333
2022-11-18 12:00:00,3.29605,3.2914666666666665,265.2133333333333,290.17
2022-11-18 13:00:00,3.269066666666667,3.2623333333333333,264.10833333333335,266.615
2022-11-18 14:00:00,3.2094333333333336,3.2087,265.5783333333333,330.35166666666663
2022-11-18 15:00:00,3.1353166666666668,3.1354333333333333,265.56,316.025
2022-11-18 16:00:00,3.087283333333333,3.084,265.46,283.7866666666667
2022-11-18 17:00:00,3.00365,3.0078,263.785,359.89500000000004
2022-11-18 18:00:00,2.9492833333333333,2.9476999999999998,262.7116666666667,250.46833333333333
2022-11-18 19:00:00,2.934183333333333,2.9292666666666665,262.5866666666667,257.22833333333335
2022-11-18 20:00:00,2.879166666666667,2.8805166666666664,264.0983333333333,309.35833333333335
2022-11-18 21:00:00,2.8438,2.8409,267.715,255.3383333333333
2022-11-18 22:00:00,2.8393,2.8383833333333333,310.28499999999997,257.5866666666667
2022-11-18 23:00:00,2.8465333333333334,2.8520333333333334,319.69,242.20666666666665
2022-11-19 00:00:00,2.8837333333333333,2.886016666666667,320.3566666666667,224.44833333333332
2022-11-19 01:00:00,2.940116666666667,2.9381833333333334,322.20166666666665,185.43333333333334
2022-11-19 02:00:00,3.0189,3.01175,321.76666666666665,169.97166666666666
2022-11-19 03:00:00,3.07945,3.078216666666667,320.39000000000004,221.26000000000002
2022-11-19 04:00:00,3.1208833333333335,3.120566666666667,325.075,213.855
2022-11-19 05:00:00,3.19215,3.1854333333333336,326.085,172.90333333333334
2022-11-19 06:00:00,3.2644666666666664,3.26065,324.335,201.475
2022-11-19 07:00:00,3.3075666666666668,3.3063333333333333,324.6433333333333,226.67999999999998
2022-11-19 08:00:00,3.2804,3.265233333333333,206.35,327.2033333333333
2022-11-19 09:00:00,3.1966166666666664,3.1835333333333335,239.78166666666667,271.9433333333333
2022-11-19 10:00:00,3.1369666666666665,3.1264,238.64333333333335,308.0883333333333
2022-11-19 11:00:00,3.0651,3.0546333333333333,238.82833333333335,290.62833333333333
2022-11-19 12:00:00,2.9962166666666668,2.9858166666666666,239.97166666666666,295.32
2022-11-19 13:00:00,2.9234333333333336,2.915583333333333,238.14666666666665,309.1183333333333
2022-11-19 14:00:00,2.8519,2.83145,213.77166666666665,281.62666666666667
2022-11-19 15:00:00,2.7605999999999997,2.736283333333333,211.27666666666667,335.51500000000004
2022-11-19 16:00:00,2.6424333333333334,2.6191166666666663,211.425,323.045
2022-11-19 17:00:00,2.5418333333333334,2.519633333333333,212.22833333333335,298.815
2022-11-19 18:00:00,2.4673333333333334,2.4460166666666665,211.625,282.15999999999997
2022-11-19 19:00:00,2.365016666666667,2.3461,213.67666666666668,334.665
2022-11-19 20:00:00,2.2727500000000003,2.2548166666666662,213.34,268.62166666666667
2022-11-19 21:00:00,2.2261499999999996,2.20875,214.45333333333335,226.04333333333335
2022-11-19 22:00:00,2.1949166666666664,2.1806,255.59833333333333,230.25166666666667
2022-11-19 23:00:00,2.2331333333333334,2.2558166666666666,456.3316666666667,279.4266666666666
2022-11-20 00:00:00,2.33365,2.3518499999999998,453.1683333333333,216.51666666666668
2022-11-20 01:00:00,2.4899833333333334,2.498183333333333,457.32,174.28833333333333
2022-11-20 02:00:00,2.665433333333333,2.670933333333333,459.37,160.22166666666666
2022-11-20 03:00:00,2.8466666666666667,2.851316666666667,457.19666666666666,149.72333333333333
2022-11-20 04:00:00,3.0355333333333334,3.0376,457.8016666666666,145.895
2022-11-20 05:00:00,3.2321166666666667,3.2307333333333332,461.595,149.68833333333333
2022-11-20 06:00:00,3.39665,3.3959833333333336,462.21500000000003,190.89666666666665
2022-11-20 07:00:00,3.5460166666666666,3.5460166666666666,458.975,226.05499999999998
2022-11-20 08:00:00,3.619666666666667,3.6055166666666665,291.39166666666665,327.62333333333333
2022-11-20 09:00:00,3.5191333333333334,3.4686833333333333,154.07000000000002,261.3366666666667
2022-11-20 10:00:00,3.4364166666666667,3.3881,153.27,249.04
2022-11-20 11:00:00,3.3064833333333334,3.2553666666666667,152.79500000000002,344.8016666666666
2022-11-20 12:00:00,3.14765,3.0988666666666664,152.61333333333332,338.8566666666667
2022-11-20 13:00:00,3.003633333333333,2.9574833333333337,150.13500000000002,310.42833333333334
2022-11-20 14:00:00,2.871983333333333,2.8321833333333335,170.81,274.9616666666667
2022-11-20 15:00:00,2.7936166666666664,2.7586500000000003,182.97666666666666,241.09
2022-11-20 16:00:00,2.7303333333333333,2.6959500000000003,184.84333333333333,267.08
2022-11-20 17:00:00,2.6241,2.59665,247.78833333333333,317.62
2022-11-20 18:00:00,2.5702333333333334,2.5647,312.72999999999996,321.8183333333333
2022-11-20 19:00:00,2.5135833333333335,2.5097,310.0733333333334,345.32
2022-11-20 20:00:00,2.4752333333333336,2.4699833333333334,311.93333333333334,297.3333333333333
2022-11-20 21:00:00,2.423216666666667,2.4234999999999998,313.2033333333333,395.89833333333337
2022-11-20 22:00:00,2.327183333333333,2.327933333333333,311.39500000000004,339.67833333333334
2022-11-20 23:00:00,2.315166666666667,2.3103,313.9633333333333,252.60833333333332
2022-11-21 00:00:00,2.3457166666666667,2.3375333333333335,314.635,215.96666666666667
2022-11-21 01:00:00,2.40075,2.3889833333333335,315.68666666666667,182.535
2022-11-21 02:00:00,2.48495,2.4694333333333334,314.6683333333333,150.01666666666668
2022-11-21 03:00:00,2.580366666666667,2.56245,314.76,135.005
2022-11-21 04:00:00,2.6967333333333334,2.67575,316.15999999999997,114.15166666666667
2022-11-21 05:00:00,2.8083666666666667,2.7882499999999997,317.24666666666667,155.97
2022-11-21 06:00:00,2.9530000000000003,2.9373,597.9516666666666,172.71
2022-11-21 07:00:00,3.219333333333333,3.2072333333333334,618.525,266.1516666666667
2022-11-21 08:00:00,3.284683333333333,3.297633333333333,354.62833333333333,335.53499999999997
2022-11-21 09:00:00,3.25285,3.26825,351.98833333333334,341.37333333333333
2022-11-21 10:00:00,3.2381,3.2496666666666667,351.89666666666665,309.43666666666667
2022-11-21 11:00:00,3.240083333333333,3.2501333333333333,355.4316666666667,298.09666666666664
2022-11-21 12:00:00,3.2304000000000004,3.244466666666667,356.0316666666667,323.09833333333336
2022-11-21 13:00:00,3.2352833333333333,3.2450166666666664,356.15333333333336,281.3616666666667
2022-11-21 14:00:00,3.27265,3.2781000000000002,354.6066666666667,268.5566666666667
2022-11-21 15:00:00,3.3054,3.3074833333333333,350.445,230.73583333333332
2022-11-21 16:00:00,3.3474500000000003,3.3402499999999997,289.6933333333333,273.29833333333335
2022-11-21 17:00:00,3.28135,3.2702166666666668,256.39166666666665,337.6
2022-11-21 18:00:00,3.2246,3.2095166666666666,255.53166666666667,297.62333333333333
2022-11-21 19:00:00,3.1714333333333333,3.1601500000000002,254.95666666666665,361.35166666666663
2022-11-21 20:00:00,3.1077833333333333,3.0949833333333334,256.60833333333335,311.0383333333333
2022-11-21 21:00:00,3.0469999999999997,3.0372333333333335,254.35333333333335,383.665
2022-11-21 22:00:00,2.9493500000000004,2.94215,252.35666666666665,363.71
2022-11-21 23:00:00,2.886016666666667,2.8788833333333335,290.59000000000003,328.4816666666667
2022-11-22 00:00:00,2.8860333333333332,2.8751499999999997,313.4616666666667,283.0783333333333
2022-11-22 01:00:00,2.92075,2.9056166666666665,316.2,202.48
2022-11-22 02:00:00,3.0107,2.990283333333333,314.9916666666667,165.255
2022-11-22 03:00:00,3.1071666666666666,3.0854166666666667,315.2583333333333,159.75833333333333
2022-11-22 04:00:00,3.2112166666666666,3.1869,316.1666666666667,141.92000000000002
2022-11-22 05:00:00,3.3250333333333333,3.2988500000000003,312.99833333333333,142.19833333333332
2022-11-22 06:00:00,3.4366333333333334,3.4219333333333335,494.1,268.57
2022-11-22 07:00:00,3.5518833333333335,3.5432166666666665,366.40166666666664,334.5816666666667
2022-11-22 08:00:00,3.4697666666666667,3.4760333333333335,276.35499999999996,418.4616666666667
2022-11-22 09:00:00,3.3937666666666666,3.39265,273.0683333333334,314.72333333333336
2022-11-22 10:00:00,3.3874833333333334,3.37945,273.1983333333334,264.34166666666664
2022-11-22 11:00:00,3.3853333333333335,3.3790166666666663,274.2316666666667,279.19
2022-11-22 12:00:00,3.3700166666666664,3.366033333333333,274.26666666666665,289.23833333333334
2022-11-22 13:00:00,3.3357,3.333833333333333,273.3366666666667,328.6666666666667
2022-11-22 14:00:00,3.2971166666666667,3.2960166666666666,272.72999999999996,305.77333333333337
2022-11-22 15:00:00,3.2861166666666666,3.2807000000000004,273.9866666666667,270.24833333333333
2022-11-22 16:00:00,3.2795,3.2752666666666665,274.17833333333334,292.57666666666665
2022-11-22 17:00:00,3.242766666666667,3.2428166666666667,270.6933333333333,339.22833333333335
2022-11-22 18:00:00,3.1901333333333333,3.1841,242.08666666666667,305.9166666666667
2022-11-22 19:00:00,3.1416166666666663,3.1232666666666664,214.29,315.47166666666664
2022-11-22 20:00:00,3.045666666666667,3.0301,212.82833333333335,345.0816666666667
2022-11-22 21:00:00,2.953533333333333,2.9396166666666668,213.23333333333332,354.49833333333333
2022-11-22 22:00:00,2.84735,2.8358166666666667,216.63500000000002,350.5566666666667
2022-11-22 23:00:00,2.8411166666666667,2.7983333333333333,335.60166666666663,254.735
2022-11-23 00:00:00,2.9004333333333334,2.8533833333333334,339.35833333333335,223.24833333333333
2022-11-23 01:00:00,2.975083333333333,2.9273666666666665,341.69,241.92999999999998
2022-11-23 02:00:00,3.0316666666666667,2.98225,343.34000000000003,240.02
2022-11-23 03:00:00,3.08975,3.0387833333333334,342.5566666666667,241.41333333333333
2022-11-23 04:00:00,3.1686,3.1220833333333333,340.53499999999997,174.21
2022-11-23 05:00:00,3.2886333333333337,3.242566666666667,343.2183333333333,144.62
2022-11-23 06:00:00,3.409183333333333,3.3603,343.5083333333333,172.69166666666666
2022-11-23 07:00:00,3.4786333333333332,3.4205833333333335,344.365,310.14166666666665
2022-11-23 08:00:00,3.48435,3.4245666666666663,339.885,321.35499999999996
2022-11-23 09:00:00,3.4787833333333333,3.4160166666666667,334.31333333333333,370.7083333333333
2022-11-23 10:00:00,3.451716666666667,3.3917166666666665,331.77833333333336,312.7916666666667
2022-11-23 11:00:00,3.46245,3.4018333333333333,330.2,324.62333333333333
2022-11-23 12:00:00,3.4503,3.3958,284.25166666666667,314.72999999999996
2022-11-23 13:00:00,3.36675,3.34055,176.605,315.5066666666667
2022-11-23 14:00:00,3.27395,3.2482166666666665,176.48333333333332,295.435
2022-11-23 15:00:00,3.1862333333333335,3.16205,178.23,311.75
2022-11-23 16:00:00,3.072583333333333,3.0506,178.43166666666667,364.34000000000003
2022-11-23 17:00:00,2.95745,2.9667499999999998,325.03,409.835
2022-11-23 18:00:00,2.9054833333333336,2.9248666666666665,350.8316666666667,335.78333333333336
2022-11-23 19:00:00,2.952316666666667,2.9573666666666667,344.8016666666666,257.8016666666667
2022-11-23 20:00:00,2.9666333333333332,2.9767,340.25166666666667,338.4183333333333
2022-11-23 21:00:00,2.9756,2.9840333333333335,338.97666666666663,309.5866666666667
2022-11-23 22:00:00,2.9684166666666667,2.969666666666667,314.59166666666664,342.23333333333335
2022-11-23 23:00:00,2.959883333333333,2.9582333333333333,322.90833333333336,298.9183333333333
2022-11-24 00:00:00,2.9894666666666665,2.98265,328.09666666666664,253.95
2022-11-24 01:00:00,3.0553666666666666,3.0426166666666665,328.5833333333333,193.79
2022-11-24 02:00:00,3.1479,3.13055,326.1433333333333,170.645
2022-11-24 03:00:00,3.2525166666666667,3.2320333333333333,327.26500000000004,157.465
2022-11-24 04:00:00,3.3627833333333332,3.3422,328.84833333333336,145.10666666666665
2022-11-24 05:00:00,3.4719333333333333,3.4523333333333333,327.5683333333333,185.99666666666664
2022-11-24 06:00:00,3.5415833333333335,3.5250666666666666,327.64666666666665,256.40333333333336
2022-11-24 07:00:00,3.5231833333333333,3.5199833333333337,327.4133333333333,418.0183333333333
2022-11-24 08:00:00,3.4122833333333333,3.4090333333333334,286.53,467.64833333333337
2022-11-24 09:00:00,3.3165833333333334,3.30355,273.5566666666667,334.5833333333333
2022-11-24 10:00:00,3.2984166666666668,3.2812833333333336,273.5883333333333,293.8366666666667
2022-11-24 11:00:00,3.2851833333333333,3.2676999999999996,275.845,281.39833333333337
2022-11-24 12:00:00,3.272683333333333,3.25465,275.4566666666667,284.1
2022-11-24 13:00:00,3.260083333333333,3.2428833333333333,275.52666666666664,296.4183333333333
2022-11-24 14:00:00,3.2430333333333334,3.225083333333333,274.3683333333333,271.13
2022-11-24 15:00:00,3.24825,3.2262833333333334,267.14500000000004,236.29333333333335
2022-11-24 16:00:00,3.2665833333333336,3.2453999999999996,273.525,239.21166666666667
2022-11-24 17:00:00,3.2547333333333333,3.238183333333333,273.9266666666666,362.51
2022-11-24 18:00:00,3.1858999999999997,3.170733333333333,272.8616666666667,305.2566666666667
2022-11-24 19:00:00,3.1624,3.1462,266.8666666666667,320.6166666666667
2022-11-24 20:00:00,3.0793833333333334,3.06915,264.89,421.28333333333336
2022-11-24 21:00:00,2.966333333333333,2.9577,268.1766666666667,426.72166666666664
2022-11-24 22:00:00,2.882966666666667,2.87755,326.53499999999997,372.1383333333333
2022-11-24 23:00:00,2.8867499999999997,2.8872,354.6383333333333,272.06666666666666
2022-11-25 00:00:00,2.9341166666666667,2.9326833333333338,358.22666666666663,275.05
2022-11-25 01:00:00,3.005333333333333,2.99735,360.53,213.52
2022-11-25 02:00:00,3.1183166666666664,3.1046833333333335,362.8566666666667,176.53166666666667
2022-11-25 03:00:00,3.2303833333333336,3.2165166666666667,364.425,185.26833333333335
2022-11-25 04:00:00,3.3560666666666665,3.3377499999999998,362.995,153.1616666666667
2022-11-25 05:00:00,3.4951999999999996,3.4729,363.09833333333336,152.76333333333332
2022-11-25 06:00:00,3.62235,3.601766666666667,362.5683333333333,171.745
2022-11-25 07:00:00,3.6832166666666666,3.6708,323.15166666666664,330.89833333333337
2022-11-25 08:00:00,3.628316666666667,3.6123333333333334,284.51666666666665,391.0566666666667
2022-11-25 09:00:00,3.5758666666666667,3.5576833333333338,288.77000000000004,335.3816666666667
2022-11-25 10:00:00,3.5410166666666667,3.5241499999999997,262.17,280.7033333333333
2022-11-25 11:00:00,3.520783333333333,3.50475,229.71,266.3833333333333
2022-11-25 12:00:00,3.4714,3.45955,229.75666666666666,320.3433333333333
2022-11-25 13:00:00,3.3924666666666665,3.384333333333333,230.39666666666665,344.8316666666667
2022-11-25 14:00:00,3.2964166666666666,3.2920333333333334,231.35,393.77833333333336
2022-11-25 15:00:00,3.186,3.1824333333333334,231.26333333333332,352.43
2022-11-25 16:00:00,3.119066666666667,3.1126833333333335,233.31333333333333,300.82
2022-11-25 17:00:00,3.076516666666667,3.06815,234.48666666666668,289.3183333333333
2022-11-25 18:00:00,3.009266666666667,3.0065,232.42666666666668,351.72333333333336
2022-11-25 19:00:00,2.9501500000000003,2.943766666666667,232.88166666666666,275.055
2022-11-25 20:00:00,2.911383333333333,2.9071,232.50333333333336,322.65999999999997
2022-11-25 21:00:00,2.8150833333333334,2.815533333333333,230.74666666666664,348.48333333333335
2022-11-25 22:00:00,2.770033333333333,2.763233333333333,228.03166666666667,260.21666666666664
2022-11-25 23:00:00,2.7971999999999997,2.7705166666666665,348.85166666666663,266.5083333333333
2022-11-26 00:00:00,2.8037,2.7813166666666667,325.72333333333336,312.94666666666666
2022-11-26 01:00:00,2.8329999999999997,2.808683333333333,325.77333333333337,247.90333333333334
2022-11-26 02:00:00,2.885166666666667,2.86015,327.3433333333333,231.495
2022-11-26 03:00:00,2.957133333333333,2.930633333333333,327.7933333333333,179.10833333333332
2022-11-26 04:00:00,3.0584,3.0286833333333334,327.0933333333333,169.285
2022-11-26 05:00:00,3.16095,3.13065,326.72333333333336,156.985
2022-11-26 06:00:00,3.258383333333333,3.2281166666666667,326.8383333333333,218.38166666666666
2022-11-26 07:00:00,3.2841666666666667,3.2559166666666663,328.62166666666667,309.72833333333335
2022-11-26 08:00:00,3.28965,3.26085,326.575,306.69166666666666
2022-11-26 09:00:00,3.282966666666667,3.25465,326.065,337.15999999999997
2022-11-26 10:00:00,3.28255,3.2546666666666666,327.26666666666665,324.64166666666665
2022-11-26 11:00:00,3.26875,3.2422166666666667,327.5866666666667,340.4866666666667
2022-11-26 12:00:00,3.23385,3.2068166666666666,326.39000000000004,386.095
2022-11-26 13:00:00,3.1703166666666664,3.14635,326.75166666666667,404.9616666666667
2022-11-26 14:00:00,3.1434833333333336,3.11845,318.87166666666667,313.0066666666667
2022-11-26 15:00:00,3.1313999999999997,3.1071999999999997,318.75166666666667,347.81
2022-11-26 16:00:00,3.0939166666666664,3.0709500000000003,318.3683333333333,376.835
2022-11-26 17:00:00,3.067333333333333,3.0439833333333337,317.99666666666667,313.89000000000004
2022-11-26 18:00:00,3.0589,3.0355333333333334,318.4183333333333,321.42
2022-11-26 19:00:00,3.0497666666666663,3.0263166666666668,318.8933333333333,312.1616666666667
2022-11-26 20:00:00,3.0694,3.044033333333333,318.37,259.23833333333334
2022-11-26 21:00:00,3.0962,3.071166666666667,321.1683333333333,300.93
2022-11-26 22:00:00,3.089,3.0654,322.6166666666667,304.135
2022-11-26 23:00:00,3.10695,3.0820833333333337,316.375,267.88666666666666
2022-11-27 00:00:00,3.1380333333333335,3.113516666666667,316.445,265.0183333333333
2022-11-27 01:00:00,3.1693333333333333,3.1427166666666664,317.0516666666666,227.185
2022-11-27 02:00:00,3.2294166666666664,3.2016166666666668,316.14166666666665,231.19166666666666
2022-11-27 03:00:00,3.2788833333333334,3.2519333333333336,316.60999999999996,224.05
2022-11-27 04:00:00,3.34225,3.313483333333333,317.135,203.12166666666664
2022-11-27 05:00:00,3.43345,3.4008166666666666,318.42,155.11666666666667
2022-11-27 06:00:00,3.529316666666667,3.4963166666666665,324.2,167.29666666666665
2022-11-27 07:00:00,3.6302499999999998,3.59675,325.0066666666667,187.99833333333333
2022-11-27 08:00:00,3.6615333333333333,3.6402666666666668,263.2633333333333,272.595
2022-11-27 09:00:00,3.6249333333333333,3.608633333333333,261.35833333333335,348.76166666666666
2022-11-27 10:00:00,3.5620666666666665,3.54575,262.3833333333333,303.0783333333333
2022-11-27 11:00:00,3.514933333333333,3.5016833333333333,264.57166666666666,352.59833333333336
2022-11-27 12:00:00,3.4355166666666666,3.4254000000000002,263.84333333333336,370.6066666666667
2022-11-27 13:00:00,3.3903499999999998,3.37595,264.3066666666667,311.9216666666667
2022-11-27 14:00:00,3.3268666666666666,3.3171166666666663,262.12166666666667,370.37
2022-11-27 15:00:00,3.227716666666667,3.2215166666666666,264.00166666666667,401.325
2022-11-27 16:00:00,3.1668833333333333,3.1563333333333334,262.9033333333333,327.49
2022-11-27 17:00:00,3.1007499999999997,3.0935833333333336,259.87166666666667,377.77833333333336
2022-11-27 18:00:00,2.9919000000000002,2.9888,257.5,387.3383333333333
2022-11-27 19:00:00,2.94375,2.9343,259.7366666666667,305.2816666666667
2022-11-27 20:00:00,2.8890833333333332,2.88235,261.81166666666667,346.47
2022-11-27 21:00:00,2.8134,2.8093833333333333,260.49833333333333,374.07666666666665
2022-11-27 22:00:00,2.7331999999999996,2.7308000000000003,259.57,357.57
2022-11-27 23:00:00,2.7081333333333335,2.7193,383.6616666666667,303.75333333333333
2022-11-28 00:00:00,2.7819,2.79125,400.885,247.8
2022-11-28 01:00:00,2.8923,2.8951833333333337,400.77333333333337,201.10833333333332
2022-11-28 02:00:00,3.0368833333333334,3.036083333333333,404.7916666666667,165.04833333333332
2022-11-28 03:00:00,3.1855166666666666,3.1842166666666665,404.8566666666667,192.64
2022-11-28 04:00:00,3.3331,3.327633333333333,401.37833333333333,135.27666666666667
2022-11-28 05:00:00,3.5090333333333334,3.5005666666666664,402.76500000000004,135.97166666666666
2022-11-28 06:00:00,3.6613333333333333,3.65405,404.97166666666664,219.52
2022-11-28 07:00:00,3.7139499999999996,3.718033333333333,350.6683333333333,345.7316666666667
2022-11-28 08:00:00,3.67895,3.6713999999999998,290.13666666666666,378.9533333333333
2022-11-28 09:00:00,3.5946166666666666,3.5891666666666664,278.4133333333333,385.01666666666665
2022-11-28 10:00:00,3.549183333333333,3.5376833333333333,278.28499999999997,313.73333333333335
2022-11-28 11:00:00,3.539633333333333,3.524,278.09833333333336,259.47
2022-11-28 12:00:00,3.5308333333333333,3.518533333333333,279.2416666666667,307.87333333333333
2022-11-28 13:00:00,3.494466666666667,3.484766666666667,279.1983333333334,328.2033333333333
2022-11-28 14:00:00,3.4635333333333334,3.4521,279.68,310.3666666666667
2022-11-28 15:00:00,3.425616666666667,3.4168666666666665,282.35999999999996,320.4683333333333
2022-11-28 16:00:00,3.421783333333333,3.40735,285.4166666666667,261.13166666666666
2022-11-28 17:00:00,3.4101333333333335,3.40095,284.26166666666666,332.48333333333335
2022-11-28 18:00:00,3.3514166666666667,3.3476,283.3833333333333,359.12333333333333
2022-11-28 19:00:00,3.3173833333333334,3.308683333333333,281.99,331.975
2022-11-28 20:00:00,3.2331,3.232666666666667,281.5383333333333,405.3066666666667
2022-11-28 21:00:00,3.1642333333333337,3.1620500000000002,283.0566666666667,358.6
2022-11-28 22:00:00,3.1105,3.1057333333333332,277.87166666666667,335.4166666666667
2022-11-28 23:00:00,3.077916666666667,3.06925,270.39666666666665,295.52666666666664
2022-11-29 00:00:00,3.0549166666666663,3.046983333333333,272.37,291.15833333333336
2022-11-29 01:00:00,3.072683333333333,3.0570833333333334,272.57166666666666,196.72333333333333
2022-11-29 02:00:00,3.1193999999999997,3.104216666666667,271.9266666666667,218.20666666666665
2022-11-29 03:00:00,3.1418166666666663,3.1261333333333337,271.56333333333333,209.78
2022-11-29 04:00:00,3.1995,3.1791,274.7133333333333,159.36333333333332
2022-11-29 05:00:00,3.2851,3.261016666666667,275.85833333333335,133.69
2022-11-29 06:00:00,3.3619,3.3423166666666666,291.92333333333335,210.16
2022-11-29 07:00:00,3.378633333333333,3.367566666666667,297.37833333333333,288.34166666666664
2022-11-29 08:00:00,3.3463166666666666,3.34305,295.8933333333333,375.68333333333334
2022-11-29 09:00:00,3.2819166666666666,3.2782,290.595,324.69
2022-11-29 10:00:00,3.287,3.2760000000000002,291.8066666666667,268.65
2022-11-29 11:00:00,3.29685,3.28485,294.12166666666667,260.65
2022-11-29 12:00:00,3.3117333333333336,3.3016333333333336,294.5316666666667,286.18
2022-11-29 13:00:00,3.2723333333333335,3.26945,292.045,371.12333333333333
2022-11-29 14:00:00,3.2313833333333335,3.2258166666666668,291.48333333333335,314.9133333333333
2022-11-29 15:00:00,3.217033333333333,3.2085,290.615,293.9816666666667
2022-11-29 16:00:00,3.21655,3.2064166666666667,293.15166666666664,273.47833333333335
2022-11-29 17:00:00,3.2280333333333338,3.217233333333333,287.68,278.6433333333333
2022-11-29 18:00:00,3.1803833333333333,3.1795666666666667,284.20166666666665,372.6116666666667
2022-11-29 19:00:00,3.13285,3.13035,283.2133333333333,326.71666666666664
2022-11-29 20:00:00,3.093233333333333,3.09095,281.01166666666666,336.76166666666666
2022-11-29 21:00:00,3.0458166666666666,3.0446666666666666,279.7583333333333,351.67833333333334
2022-11-29 22:00:00,3.0013,3.0006833333333334,295.95,305.2416666666667
2022-11-29 23:00:00,3.01465,3.0138499999999997,323.665,274.68833333333333
2022-11-30 00:00:00,3.0314833333333335,3.034683333333333,327.8666666666667,292.8383333333333
2022-11-30 01:00:00,3.0586833333333336,3.058066666666667,329.14166666666665,259.2
2022-11-30 02:00:00,3.1116666666666664,3.10695,329.60166666666663,230.45499999999998
2022-11-30 03:00:00,3.195666666666667,3.1838333333333333,328.18,170.17333333333332
2022-11-30 04:00:00,3.3007833333333334,3.2872666666666666,328.24666666666667,152.42833333333334
2022-11-30 05:00:00,3.4181833333333334,3.4038166666666667,329.05,145.64833333333334
2022-11-30 06:00:00,3.5264666666666664,3.5114500000000004,330.1816666666667,179.22666666666666
2022-11-30 07:00:00,3.5658499999999997,3.5653833333333336,327.9933333333333,334.22333333333336
2022-11-30 08:00:00,3.5321833333333337,3.53185,287.20166666666665,330.6183333333333
2022-11-30 09:00:00,3.519566666666667,3.5126166666666667,286.92333333333335,296.0433333333333
2022-11-30 10:00:00,3.5052499999999998,3.49915,287.0183333333333,290.62833333333333
2022-11-30 11:00:00,3.4865500000000003,3.4808666666666666,288.76500000000004,309.975
2022-11-30 12:00:00,3.4770666666666665,3.4688000000000003,287.2866666666667,291.8616666666667
2022-11-30 13:00:00,3.4582333333333333,3.45185,288.15333333333336,299.62333333333333
2022-11-30 14:00:00,3.427583333333333,3.4248499999999997,288.79833333333335,343.4183333333333
2022-11-30 15:00:00,3.39205,3.3895833333333334,289.0883333333333,339.2633333333333
2022-11-30 16:00:00,3.363983333333333,3.360466666666667,282.9183333333333,294.78499999999997
2022-11-30 17:00:00,3.3123833333333335,3.2954166666666667,197.78833333333333,339.8616666666667
2022-11-30 18:00:00,3.2146833333333333,3.195533333333333,196.63500000000002,318.64000000000004
2022-11-30 19:00:00,3.1420833333333333,3.122716666666667,196.49833333333333,303.94166666666666
2022-11-30 20:00:00,3.0460833333333337,3.0301166666666663,195.93166666666667,350.98499999999996
2022-11-30 21:00:00,2.9622333333333333,2.9459666666666666,196.2,260.545
2022-11-30 22:00:00,2.9126333333333334,2.900116666666667,267.03333333333336,316.39833333333337
2022-11-30 23:00:00,2.872466666666667,2.866816666666667,302.44666666666666,344.335
2022-12-01 00:00:00,2.881866666666667,2.8695333333333335,303.13,224.905
2022-12-01 01:00:00,2.947366666666667,2.9322666666666666,303.915,179.31333333333333
2022-12-01 02:00:00,3.021333333333333,3.0036666666666667,302.25333333333333,192.23333333333332
2022-12-01 03:00:00,3.095266666666667,3.0753,301.625,181.95
2022-12-01 04:00:00,3.1576666666666666,3.1418666666666666,304.725,208.48833333333332
2022-12-01 05:00:00,3.2171333333333334,3.2007666666666665,305.0640350877193,225.42999999999998
2022-12-01 06:00:00,3.453333333333333,3.44775,277.5442982456141,252.30833333333334
2022-12-01 07:00:00,3.4950166666666664,3.4861999999999997,273.93,355.405
2022-12-01 08:00:00,3.4458333333333333,3.43575,270.455,284.50333333333333
2022-12-01 09:00:00,3.436983333333333,3.422083333333333,257.845,264.28333333333336
2022-12-01 10:00:00,3.4226,3.4101833333333333,259.695,293.49833333333333
2022-12-01 11:00:00,3.385683333333333,3.37385,258.9716666666667,281.2416666666667
2022-12-01 12:00:00,3.3701999999999996,3.3580833333333335,258.3933333333333,288.92833333333334
2022-12-01 13:00:00,3.3423666666666665,3.3305166666666666,258.125,282.385
2022-12-01 14:00:00,3.3195833333333336,3.3073833333333336,253.38,278.48499999999996
2022-12-01 15:00:00,3.312683333333333,3.29745,252.85333333333335,245.57000000000002
2022-12-01 16:00:00,3.2754166666666666,3.2663333333333333,254.48666666666668,345.725
2022-12-01 17:00:00,3.1832333333333334,3.177016666666667,215.93333333333334,319.175
2022-12-01 18:00:00,3.0939833333333335,3.0903833333333335,254.21,386.38
2022-12-01 19:00:00,3.00625,3.0015,254.03833333333333,362.4933333333333
2022-12-01 20:00:00,2.95015,2.9428666666666667,253.265,305.00333333333333
2022-12-01 21:00:00,2.9036,2.89835,254.91833333333335,328.29
2022-12-01 22:00:00,2.863116666666667,2.8545833333333333,251.01666666666668,269.98833333333334
2022-12-01 23:00:00,2.8891833333333334,2.8665499999999997,329.50333333333333,239.85166666666666
2022-12-02 00:00:00,2.950216666666667,2.9242666666666666,338.29833333333335,230.23833333333332
2022-12-02 01:00:00,3.028116666666667,3.0004333333333335,344.2366666666667,206.33666666666667
2022-12-02 02:00:00,3.123683333333333,3.0953999999999997,342.97833333333335,168.85166666666666
2022-12-02 03:00:00,3.2360666666666664,3.2048166666666664,341.6633333333333,163.35
2022-12-02 04:00:00,3.3524833333333333,3.321683333333333,342.525,150.73
2022-12-02 05:00:00,3.4773833333333335,3.4446833333333333,343.67,167.96166666666667
2022-12-02 06:00:00,3.5679833333333333,3.535683333333333,340.7033333333333,222.96
2022-12-02 07:00:00,3.62175,3.5893666666666664,341.5933333333333,291.0833333333333
2022-12-02 08:00:00,3.614316666666667,3.58425,340.72666666666663,393.92833333333334
2022-12-02 09:00:00,3.55055,3.5206999999999997,336.97666666666663,420.96
2022-12-02 10:00:00,3.498183333333333,3.46955,337.5866666666667,368.01
2022-12-02 11:00:00,3.4816999999999996,3.4526,338.12333333333333,347.77666666666664
2022-12-02 12:00:00,3.4580166666666665,3.4282166666666667,338.15333333333336,389.07
2022-12-02 13:00:00,3.4284499999999998,3.3999333333333337,337.76166666666666,339.4816666666667
2022-12-02 14:00:00,3.4180166666666665,3.389233333333333,337.6633333333333,343.18666666666667
2022-12-02 15:00:00,3.427583333333333,3.397383333333333,334.71666666666664,255.50666666666666
2022-12-02 16:00:00,3.49445,3.4619500000000003,337.56,228.70333333333335
2022-12-02 17:00:00,3.5170833333333333,3.4894666666666665,300.185,321.4166666666667
2022-12-02 18:00:00,3.4813166666666664,3.4681833333333336,229.82833333333335,276.955
2022-12-02 19:00:00,3.4203333333333332,3.4130833333333332,232.415,331.12833333333333
2022-12-02 20:00:00,3.3483500000000004,3.3417666666666666,233.85,317.03499999999997
2022-12-02 21:00:00,3.277233333333333,3.2735333333333334,231.90666666666667,364.12666666666667
2022-12-02 22:00:00,3.1807333333333334,3.178616666666667,230.71,360.5433333333333
2022-12-02 23:00:00,3.0958833333333335,3.092966666666667,226.67833333333334,319.3833333333333
2022-12-03 00:00:00,3.0398666666666667,3.0345500000000003,228.17166666666665,306.67833333333334
2022-12-03 01:00:00,2.9969166666666665,2.9880333333333335,225.25666666666666,226.79
2022-12-03 02:00:00,3.003333333333333,2.9923333333333333,225.79833333333332,228.08166666666665
2022-12-03 03:00:00,2.9991166666666667,2.9865166666666667,225.51166666666668,197.30833333333334
2022-12-03 04:00:00,3.0292666666666666,3.0133,225.01000000000002,166.61833333333334
2022-12-03 05:00:00,3.065916666666667,3.04895,227.40833333333333,154.30166666666668
2022-12-03 06:00:00,3.1170666666666667,3.09845,227.48999999999998,148.71166666666667
2022-12-03 07:00:00,3.1539166666666665,3.1537333333333333,330.43666666666667,212.94333333333333
2022-12-03 08:00:00,3.2416,3.2906666666666666,470.57666666666665,274.5516666666666
2022-12-03 09:00:00,3.3325666666666667,3.3562333333333334,319.9583333333333,286.1433333333333
2022-12-03 10:00:00,3.3207999999999998,3.329466666666667,282.35,327.89666666666665
2022-12-03 11:00:00,3.2768333333333333,3.287716666666667,284.5816666666667,330.2683333333333
2022-12-03 12:00:00,3.26415,3.2679166666666664,282.27833333333336,279.19166666666666
2022-12-03 13:00:00,3.2211166666666666,3.23585,281.63,381.10833333333335
2022-12-03 14:00:00,3.14485,3.1636499999999996,281.75166666666667,391.81
2022-12-03 15:00:00,3.056366666666667,3.0774833333333333,285.8283333333333,386.0183333333333
2022-12-03 16:00:00,3.0041166666666665,3.0204166666666667,284.21666666666664,353.335
2022-12-03 17:00:00,2.9621166666666667,2.9741,284.075,291.12166666666667
2022-12-03 18:00:00,2.9583,2.9689,281.9683333333333,305.2933333333333
2022-12-03 19:00:00,2.9356999999999998,2.9467166666666667,281.3833333333333,292.5416666666667
2022-12-03 20:00:00,2.9236166666666668,2.9320333333333335,283.0383333333333,277.19666666666666
2022-12-03 21:00:00,2.9289,2.9358,281.385,273.94166666666666
2022-12-03 22:00:00,2.9124,2.923,279.325,297.5516666666666
2022-12-03 23:00:00,2.9128499999999997,2.9259333333333335,322.4183333333333,261.0366666666667
2022-12-04 00:00:00,2.9720999999999997,2.9779,324.4483333333334,212.22833333333335
2022-12-04 01:00:00,3.0505166666666668,3.0519166666666666,324.4866666666667,188.815
2022-12-04 02:00:00,3.1324166666666664,3.13545,323.65833333333336,198.24833333333333
2022-12-04 03:00:00,3.2148833333333333,3.2152499999999997,323.54,176.495
2022-12-04 04:00:00,3.3111333333333333,3.3128666666666664,330.6983333333334,169.72666666666666
2022-12-04 05:00:00,3.4161333333333332,3.4147666666666665,334.64833333333337,180.37833333333336
2022-12-04 06:00:00,3.5025166666666667,3.5018499999999997,330.8566666666667,210.45166666666668
2022-12-04 07:00:00,3.558266666666667,3.5611,311.1616666666667,244.84
2022-12-04 08:00:00,3.5635166666666667,3.5617666666666663,266.8483333333333,289.77666666666664
2022-12-04 09:00:00,3.5142499999999997,3.52005,261.2916666666667,364.2316666666667
2022-12-04 10:00:00,3.4373333333333336,3.4450833333333337,260.845,371.055
2022-12-04 11:00:00,3.3763333333333336,3.3785666666666665,259.95166666666665,300.9583333333333
2022-12-04 12:00:00,3.3619333333333334,3.36005,260.5883333333333,272.5566666666667
2022-12-04 13:00:00,3.316933333333333,3.3233333333333333,259.41,357.56333333333333
2022-12-04 14:00:00,3.2643,3.265516666666667,258.5733333333333,288.8016666666666
2022-12-04 15:00:00,3.241216666666667,3.2421833333333336,259.85333333333335,286.85333333333335
2022-12-04 16:00:00,3.1967166666666667,3.2042333333333333,261.14666666666665,347.17
2022-12-04 17:00:00,3.1250166666666668,3.1355999999999997,259.86,365.89166666666665
2022-12-04 18:00:00,3.0491666666666664,3.0599,258.4616666666667,363.01166666666666
2022-12-04 19:00:00,2.9687166666666664,2.980316666666667,260.0233333333333,357.57
2022-12-04 20:00:00,2.896166666666667,2.9101333333333335,260.18,363.00333333333333
2022-12-04 21:00:00,2.83145,2.8409666666666666,260.8066666666667,312.345
2022-12-04 22:00:00,2.819033333333333,2.8207666666666666,279.12833333333333,271.4616666666667
2022-12-04 23:00:00,2.8503166666666666,2.8359,366.0133333333333,288.60833333333335
2022-12-05 00:00:00,2.9121666666666663,2.893733333333333,365.74833333333333,245.82666666666668
2022-12-05 01:00:00,2.985983333333333,2.967,365.4616666666667,233.00333333333336
2022-12-05 02:00:00,3.0816666666666666,3.0598,366.3883333333333,188.99666666666664
2022-12-05 03:00:00,3.2075,3.18275,366.0133333333333,157.01333333333332
2022-12-05 04:00:00,3.353666666666667,3.32555,365.32166666666666,124.36666666666666
2022-12-05 05:00:00,3.50235,3.47385,367.1,146.67999999999998
2022-12-05 06:00:00,3.609166666666667,3.5735,280.5316666666667,210.94333333333333
2022-12-05 07:00:00,3.6022833333333333,3.5672833333333336,271.36833333333334,337.8666666666667
2022-12-05 08:00:00,3.4927166666666665,3.4664333333333333,216.05833333333334,412.6933333333333
2022-12-05 09:00:00,3.3533166666666667,3.334216666666667,198.655,393.0433333333333
2022-12-05 10:00:00,3.2377,3.2182666666666666,200.34666666666666,338.3183333333333
2022-12-05 11:00:00,3.1336999999999997,3.115283333333333,199.68833333333333,338.52000000000004
2022-12-05 12:00:00,3.0466333333333333,3.028216666666667,200.235,300.59000000000003
2022-12-05 13:00:00,2.9882833333333334,2.968566666666667,202.56833333333333,293.07666666666665
2022-12-05 14:00:00,2.9099333333333335,2.893466666666667,203.23666666666668,301.44666666666666
2022-12-05 15:00:00,2.842316666666667,2.824183333333333,201.025,301.73333333333335
2022-12-05 16:00:00,2.7469166666666665,2.733166666666667,216.82999999999998,344.6166666666667
2022-12-05 17:00:00,2.70405,2.7197000000000005,350.85,319.71666666666664
2022-12-05 18:00:00,2.729433333333333,2.7434333333333334,351.03333333333336,289.78499999999997
2022-12-05 19:00:00,2.7294666666666667,2.7518499999999997,350.09166666666664,366.47833333333335
2022-12-05 20:00:00,2.7214666666666667,2.7414,350.945,343.9933333333333
2022-12-05 21:00:00,2.7112166666666666,2.731733333333333,347.68333333333334,364.0133333333333
2022-12-05 22:00:00,2.704916666666667,2.7237999999999998,349.43333333333334,320.69666666666666
2022-12-05 23:00:00,2.7301,2.7411666666666665,384.63666666666666,311.97
2022-12-06 00:00:00,2.7947288135593222,2.794457627118644,391.02372881355933,261.60169491525426
2022-12-06 01:00:00,2.886016666666667,2.882433333333333,388.5933333333333,246.7
2022-12-06 02:00:00,2.976183333333333,2.9700833333333336,386.245,212.58666666666667
2022-12-06 03:00:00,3.106466666666667,3.0934000000000004,385.1333333333333,173.83166666666665
2022-12-06 04:00:00,3.2329,3.2195833333333335,384.4866666666667,180.535
2022-12-06 05:00:00,3.3764666666666665,3.3597333333333332,384.85499999999996,155.425
2022-12-06 06:00:00,3.5206666666666666,3.50295,390.2433333333333,181.19333333333333
2022-12-06 07:00:00,3.6072333333333333,3.6002333333333336,384.02166666666665,330.01166666666666
2022-12-06 08:00:00,3.5740666666666665,3.5584,301.72,386.56666666666666
2022-12-06 09:00:00,3.555966666666667,3.531433333333333,291.71,270.64
2022-12-06 10:00:00,3.5633833333333333,3.5402666666666667,291.305,277.21500000000003
2022-12-06 11:00:00,3.5757166666666667,3.5502,290.96666666666664,244.245
2022-12-06 12:00:00,3.583310416666667,3.560016666666667,289.9,307.65833333333336
2022-12-06 13:00:00,3.564783333333333,3.5424333333333333,291.31166666666667,313.7183333333333
2022-12-06 14:00:00,3.50655,3.484183333333333,219.99333333333334,343.97666666666663
2022-12-06 15:00:00,3.4271333333333334,3.40055,182.16,273.3283333333333
2022-12-06 16:00:00,3.3567166666666663,3.3314999999999997,182.86833333333334,300.49833333333333
2022-12-06 17:00:00,3.2592333333333334,3.2362333333333333,179.62833333333336,313.6616666666667
2022-12-06 18:00:00,3.1771499999999997,3.153233333333333,175.76333333333332,304.74666666666667
2022-12-06 19:00:00,3.06005,3.0397499999999997,176.87833333333336,380.7683333333333
2022-12-06 20:00:00,2.9245333333333337,2.9056166666666665,177.93333333333334,317.60333333333335
2022-12-06 21:00:00,2.8378666666666663,2.818633333333333,174.45166666666668,308.17333333333335
2022-12-06 22:00:00,2.7573333333333334,2.7504666666666666,299.13666666666666,301.00333333333333
2022-12-06 23:00:00,2.7876666666666665,2.7950999999999997,370.4116666666667,290.925
2022-12-07 00:00:00,2.8488333333333333,2.850983333333333,373.08,229.5883333333333
2022-12-07 01:00:00,2.941033333333333,2.9418333333333333,372.0783333333333,236.68833333333333
2022-12-07 02:00:00,3.0169,3.0176333333333334,370.44,251.72333333333333
2022-12-07 03:00:00,3.1025833333333335,3.1001833333333333,374.1333333333333,220.18333333333334
2022-12-07 04:00:00,3.21885,3.211383333333333,379.325,174.05
2022-12-07 05:00:00,3.3558000000000003,3.3449,378.72833333333335,157.745
2022-12-07 06:00:00,3.4942,3.482666666666667,379.60499999999996,181.04333333333335
2022-12-07 07:00:00,3.5766,3.5761166666666666,386.35333333333335,292.8
2022-12-07 08:00:00,3.6131666666666664,3.617633333333333,371.0833333333333,321.74833333333333
2022-12-07 09:00:00,3.62825,3.6144333333333334,292.52166666666665,318.445
2022-12-07 10:00:00,3.5957333333333334,3.58325,291.5133333333333,336.89500000000004
2022-12-07 11:00:00,3.5466166666666665,3.5366833333333334,290.7583333333333,342.025
2022-12-07 12:00:00,3.5278833333333335,3.5134,289.59166666666664,310.1
2022-12-07 13:00:00,3.495433333333333,3.4829999999999997,291.0783333333333,322.53499999999997
2022-12-07 14:00:00,3.4776499999999997,3.4644666666666666,291.13666666666666,313.64666666666665
2022-12-07 15:00:00,3.4542,3.440533333333333,292.18833333333333,294.62833333333333
2022-12-07 16:00:00,3.435566666666667,3.42335,290.5516666666666,332.955
2022-12-07 17:00:00,3.3853999999999997,3.3776,292.46,383.56333333333333
2022-12-07 18:00:00,3.3149666666666664,3.3072666666666666,290.025,339.4816666666667
2022-12-07 19:00:00,3.309183333333333,3.2959666666666667,279.6716666666667,267.075
2022-12-07 20:00:00,3.284116666666667,3.2745666666666664,279.1183333333333,343.37166666666667
2022-12-07 21:00:00,3.2584,3.245633333333333,280.29833333333335,282.5683333333333
2022-12-07 22:00:00,3.2245500000000002,3.2155833333333335,278.6066666666667,350.2933333333333
2022-12-07 23:00:00,3.1734,3.1653000000000002,277.26666666666665,312.0383333333333
2022-12-08 00:00:00,3.1809833333333333,3.166733333333333,283.00333333333333,220.685
2022-12-08 01:00:00,3.240283333333333,3.2201833333333334,285.4816666666667,175.32000000000002
2022-12-08 02:00:00,3.3115666666666663,3.2906833333333334,283.17833333333334,161.95499999999998
2022-12-08 03:00:00,3.3895666666666666,3.3673166666666665,283.92333333333335,157.01833333333335
2022-12-08 04:00:00,3.4687166666666664,3.446166666666667,284.57666666666665,167.905
2022-12-08 05:00:00,3.5080999999999998,3.4842,193.225,185.17833333333334
2022-12-08 06:00:00,3.5160166666666663,3.4861166666666668,256.96666666666664,235.51833333333335
2022-12-08 07:00:00,3.5350166666666665,3.47495,414.48833333333334,418.93
2022-12-08 08:00:00,3.5249333333333337,3.4583833333333334,413.14000000000004,379.6116666666667
2022-12-08 09:00:00,3.57125,3.5140833333333332,414.69,278.46
2022-12-08 10:00:00,3.6608500000000004,3.6047833333333332,408.275,275.2183333333333
2022-12-08 11:00:00,3.7394666666666665,3.6817166666666665,408.5866666666667,259.0783333333333
2022-12-08 12:00:00,3.8331833333333334,3.7739666666666665,406.65333333333336,273.87833333333333
2022-12-08 13:00:00,3.8994833333333334,3.8354833333333334,392.50166666666667,312.99
2022-12-08 14:00:00,3.833683333333333,3.78915,70.36333333333333,280.375
2022-12-08 15:00:00,3.6895666666666664,3.6504666666666665,70.57333333333332,289.35
2022-12-08 16:00:00,3.5747333333333335,3.557533333333333,210.92166666666665,257.57666666666665
2022-12-08 17:00:00,3.5379,3.5347999999999997,245.57833333333335,293.7066666666667
2022-12-08 18:00:00,3.4961333333333333,3.49485,244.72166666666666,315.14000000000004
2022-12-08 19:00:00,3.4235333333333333,3.426,244.77833333333334,343.0
2022-12-08 20:00:00,3.35015,3.3551333333333333,246.22666666666666,368.15
2022-12-08 21:00:00,3.2308666666666666,3.243333333333333,245.95666666666665,399.3383333333333
2022-12-08 22:00:00,3.16055,3.16485,244.44166666666666,326.60166666666663
2022-12-08 23:00:00,3.1355666666666666,3.1241833333333333,309.675,291.9933333333333
2022-12-09 00:00:00,3.1618166666666667,3.1404166666666664,337.6333333333333,290.7
2022-12-09 01:00:00,3.2098500000000003,3.1847833333333333,336.2366666666667,210.50333333333336
2022-12-09 02:00:00,3.297616666666667,3.2705333333333333,336.94666666666666,187.04
2022-12-09 03:00:00,3.3938833333333336,3.365416666666667,336.9683333333333,183.05499999999998
2022-12-09 04:00:00,3.4915000000000003,3.46145,336.1616666666667,178.04833333333332
2022-12-09 05:00:00,3.6010333333333335,3.5685833333333337,336.2366666666667,154.91833333333335
2022-12-09 06:00:00,3.7084333333333332,3.6764333333333337,336.87,197.93333333333334
2022-12-09 07:00:00,3.7540166666666663,3.7260333333333335,334.655,317.71666666666664
2022-12-09 08:00:00,3.6884666666666663,3.6639166666666667,251.41,383.7033333333333
2022-12-09 09:00:00,3.6334999999999997,3.6056666666666666,251.52833333333334,309.445
2022-12-09 10:00:00,3.5953833333333334,3.5675166666666667,252.925,282.53333333333336
2022-12-09 11:00:00,3.5882,3.559566666666667,252.655,243.32000000000002
2022-12-09 12:00:00,3.5484666666666667,3.5239666666666665,252.27666666666667,342.47666666666663
2022-12-09 13:00:00,3.464516666666667,3.441616666666667,252.96833333333333,393.12333333333333
2022-12-09 14:00:00,3.3699333333333334,3.3484833333333333,253.05499999999998,355.14166666666665
2022-12-09 15:00:00,3.3270333333333335,3.3032833333333333,252.74333333333334,276.14000000000004
2022-12-09 16:00:00,3.3114666666666666,3.2868166666666667,254.605,282.2
2022-12-09 17:00:00,3.2646,3.2411499999999998,252.825,306.8883333333333
2022-12-09 18:00:00,3.2497499999999997,3.225283333333333,250.64833333333334,242.04166666666666
2022-12-09 19:00:00,3.2245,3.2011333333333334,249.63833333333332,322.72
2022-12-09 20:00:00,3.1689833333333337,3.1468666666666665,250.28833333333333,310.8316666666667
2022-12-09 21:00:00,3.13335,3.1093333333333333,250.99666666666664,279.38
2022-12-09 22:00:00,3.1158,3.091,249.24833333333333,249.01166666666668
2022-12-09 23:00:00,3.12245,3.0972166666666667,278.2866666666667,260.47833333333335
2022-12-10 00:00:00,3.125183333333333,3.0990166666666665,302.5783333333333,280.10333333333335
2022-12-10 01:00:00,3.132183333333333,3.105566666666667,301.57166666666666,289.22833333333335
2022-12-10 02:00:00,3.1470833333333332,3.1189000000000004,301.1,244.24333333333334
2022-12-10 03:00:00,3.2007,3.1702999999999997,302.85,175.42666666666668
2022-12-10 04:00:00,3.2920833333333333,3.2600333333333333,301.50166666666667,154.335
2022-12-10 05:00:00,3.3848,3.3516666666666666,302.19166666666666,147.61833333333334
2022-12-10 06:00:00,3.558583333333333,3.51615,523.7683333333333,176.6
2022-12-10 07:00:00,3.6959,3.6671166666666664,308.88,231.99166666666667
2022-12-10 08:00:00,3.69685,3.669033333333333,257.625,277.59833333333336
2022-12-10 09:00:00,3.6593,3.6332,252.96833333333333,354.22999999999996
2022-12-10 10:00:00,3.5735333333333332,3.5488666666666666,253.16666666666666,333.9566666666667
2022-12-10 11:00:00,3.53615,3.50765,251.30333333333334,290.02166666666665
2022-12-10 12:00:00,3.492766666666667,3.4670833333333335,251.40333333333334,316.5783333333333
2022-12-10 13:00:00,3.4575666666666667,3.432466666666667,252.24166666666667,295.97666666666663
2022-12-10 14:00:00,3.3977999999999997,3.3771333333333335,251.23666666666668,354.2133333333333
2022-12-10 15:00:00,3.30395,3.285166666666667,251.56333333333333,410.44
2022-12-10 16:00:00,3.2254833333333335,3.2038333333333333,253.21166666666667,292.4683333333333
2022-12-10 17:00:00,3.197416666666667,3.1762666666666663,252.43833333333333,282.0466666666667
2022-12-10 18:00:00,3.1746333333333334,3.153033333333333,246.86666666666667,303.775
2022-12-10 19:00:00,3.1041833333333333,3.08365,247.67333333333332,310.88
2022-12-10 20:00:00,3.090316666666667,3.0691833333333336,249.37666666666667,253.88333333333333
2022-12-10 21:00:00,3.073183333333333,3.0528166666666667,252.18666666666667,283.7133333333333
2022-12-10 22:00:00,3.0384499999999997,3.0178999999999996,256.21666666666664,292.53499999999997
2022-12-10 23:00:00,3.0537833333333335,3.0217,356.2183333333333,277.8833333333333
2022-12-11 00:00:00,3.0969833333333336,3.05605,301.1316666666667,242.74666666666664
2022-12-11 01:00:00,3.1325833333333337,3.085783333333333,273.68666666666667,217.32666666666668
2022-12-11 02:00:00,3.1626833333333333,3.11495,275.80833333333334,219.11333333333332
2022-12-11 03:00:00,3.2047499999999998,3.1591666666666667,275.565,185.58666666666667
2022-12-11 04:00:00,3.2670666666666666,3.2207999999999997,285.37333333333333,158.77333333333334
2022-12-11 05:00:00,3.372583333333333,3.3165,358.5566666666667,174.47666666666666
2022-12-11 06:00:00,3.494133333333333,3.4379833333333334,351.0933333333333,168.99666666666664
2022-12-11 07:00:00,3.5867333333333336,3.5223333333333335,346.795,244.29333333333335
2022-12-11 08:00:00,3.6371166666666666,3.56895,343.18666666666667,292.475
2022-12-11 09:00:00,3.6491833333333332,3.5834833333333336,306.18833333333333,318.5683333333333
2022-12-11 10:00:00,3.5627666666666666,3.5007499999999996,263.6983333333333,454.9266666666666
2022-12-11 11:00:00,3.4609,3.405066666666667,262.79333333333335,312.2066666666667
2022-12-11 12:00:00,3.4258666666666664,3.372466666666667,260.87333333333333,326.02833333333336
2022-12-11 13:00:00,3.379166666666667,3.326716666666667,259.97833333333335,292.2933333333333
2022-12-11 14:00:00,3.3573000000000004,3.3053166666666667,264.63666666666666,274.05
2022-12-11 15:00:00,3.337083333333333,3.284483333333333,268.2233333333333,302.6116666666667
2022-12-11 16:00:00,3.2969999999999997,3.2425166666666665,267.86833333333334,352.6766666666666
2022-12-11 17:00:00,3.2393333333333336,3.186516666666667,265.1066666666667,336.69
2022-12-11 18:00:00,3.176816666666667,3.1242,265.4,337.02666666666664
2022-12-11 19:00:00,3.1302666666666665,3.0779833333333335,265.85833333333335,343.50333333333333
2022-12-11 20:00:00,3.0365166666666665,2.979766666666667,264.84666666666664,445.0383333333333
2022-12-11 21:00:00,2.9243666666666663,2.87075,264.70666666666665,373.76166666666666
2022-12-11 22:00:00,2.85875,2.8381499999999997,318.0383333333333,327.35999999999996
2022-12-11 23:00:00,2.8429,2.8555,345.6666666666667,290.0383333333333
2022-12-12 00:00:00,2.91945,2.9191833333333337,344.10999999999996,204.52833333333334
2022-12-12 01:00:00,3.0077,3.0065666666666666,346.7933333333333,194.00333333333336
2022-12-12 02:00:00,3.11005,3.105933333333333,347.62666666666667,173.99666666666664
2022-12-12 03:00:00,3.2302833333333334,3.2236166666666666,346.3333333333333,141.595
2022-12-12 04:00:00,3.376316666666667,3.3658333333333332,348.59666666666664,112.65166666666667
2022-12-12 05:00:00,3.525183333333333,3.51415,349.76666666666665,125.405
2022-12-12 06:00:00,3.6592166666666666,3.6453833333333336,323.1633333333333,155.875
2022-12-12 07:00:00,3.69815,3.6907,279.845,343.2816666666667
2022-12-12 08:00:00,3.608966666666667,3.5952166666666665,236.41666666666666,353.04
2022-12-12 09:00:00,3.5625333333333336,3.5363166666666666,230.80666666666667,269.9133333333333
2022-12-12 10:00:00,3.5208166666666667,3.4960166666666668,228.755,299.97
2022-12-12 11:00:00,3.47215,3.4474666666666667,231.17833333333334,292.60833333333335
2022-12-12 12:00:00,3.39375,3.37345,233.225,363.3183333333333
2022-12-12 13:00:00,3.31655,3.2969,231.27833333333334,335.02333333333337
2022-12-12 14:00:00,3.2363833333333334,3.21785,232.3383333333333,324.96
2022-12-12 15:00:00,3.15705,3.1397833333333334,233.27833333333334,339.07666666666665
2022-12-12 16:00:00,3.1115,3.0909833333333334,233.12666666666667,273.555
2022-12-12 17:00:00,3.0866,3.0645666666666664,229.90666666666667,247.91666666666666
2022-12-12 18:00:00,3.0690833333333334,3.0465999999999998,225.86499999999998,266.425
2022-12-12 19:00:00,3.0223500000000003,3.00365,222.93166666666667,291.39666666666665
2022-12-12 20:00:00,2.9618666666666664,2.9448166666666666,222.345,309.97999999999996
2022-12-12 21:00:00,2.8979500000000002,2.8812333333333333,223.59,289.25166666666667
2022-12-12 22:00:00,2.8596,2.844466666666667,263.42333333333335,283.8333333333333
2022-12-12 23:00:00,2.8459166666666667,2.8382666666666667,287.8683333333333,298.5183333333333
2022-12-13 00:00:00,2.8310166666666663,2.8251500000000003,287.70166666666665,297.93333333333334
2022-12-13 01:00:00,2.8336833333333336,2.823983333333333,289.30833333333334,252.77
2022-12-13 02:00:00,2.8767,2.8612666666666664,290.47333333333336,176.60333333333335
2022-12-13 03:00:00,2.9595833333333332,2.94175,288.6633333333333,152.55
2022-12-13 04:00:00,3.0484166666666668,3.0275166666666666,288.28499999999997,140.525
2022-12-13 05:00:00,3.13355,3.11435,321.435,177.97
2022-12-13 06:00:00,3.3022,3.2986999999999997,514.98,167.70166666666668
2022-12-13 07:00:00,3.48115,3.4883333333333337,517.785,309.085
2022-12-13 08:00:00,3.54875,3.5559333333333334,417.8183333333333,393.58
2022-12-13 09:00:00,3.5568833333333334,3.51885,293.00333333333333,316.93333333333334
2022-12-13 10:00:00,3.5378833333333333,3.4991,288.8,302.93333333333334
2022-12-13 11:00:00,3.51025,3.4717,294.01,349.72833333333335
2022-12-13 12:00:00,3.4753,3.4372333333333334,295.37166666666667,289.64666666666665
2022-12-13 13:00:00,3.4855333333333336,3.4465500000000002,297.0183333333333,284.075
2022-12-13 14:00:00,3.453883333333333,3.4162666666666666,297.00333333333333,381.2633333333333
2022-12-13 15:00:00,3.3920666666666666,3.3552833333333334,295.88666666666666,332.685
2022-12-13 16:00:00,3.385183333333333,3.3507833333333332,284.45166666666665,284.94666666666666
2022-12-13 17:00:00,3.3493333333333335,3.317133333333333,276.1933333333333,342.14500000000004
2022-12-13 18:00:00,3.3299333333333334,3.296316666666667,276.25,267.265
2022-12-13 19:00:00,3.3066,3.2750166666666667,271.02000000000004,317.76
2022-12-13 20:00:00,3.2739,3.241966666666667,269.76,299.085
2022-12-13 21:00:00,3.257366666666667,3.2237999999999998,269.69166666666666,277.9583333333333
2022-12-13 22:00:00,3.2141666666666664,3.1834166666666666,271.27833333333336,351.6316666666667
2022-12-13 23:00:00,3.195866666666667,3.165316666666667,270.76666666666665,241.075
2022-12-14 00:00:00,3.208666666666667,3.1772833333333335,271.25166666666667,238.35166666666666
2022-12-14 01:00:00,3.2361333333333335,3.2033666666666667,273.725,206.31
2022-12-14 02:00:00,3.2830999999999997,3.2501166666666665,273.55833333333334,185.78
2022-12-14 03:00:00,3.3474999999999997,3.3138333333333336,272.9583333333333,153.42999999999998
2022-12-14 04:00:00,3.4242833333333333,3.3891666666666667,272.86833333333334,159.55333333333334
2022-12-14 05:00:00,3.48245,3.447,264.76,181.88166666666666
2022-12-14 06:00:00,3.5204333333333335,3.487016666666667,291.045,255.51166666666668
2022-12-14 07:00:00,3.5090500000000002,3.4805333333333333,306.6166666666667,339.2316666666667
2022-12-14 08:00:00,3.4852833333333333,3.45625,307.72666666666663,301.69
2022-12-14 09:00:00,3.4899,3.4608833333333333,305.99666666666667,302.18333333333334
2022-12-14 10:00:00,3.472183333333333,3.4435166666666666,306.00166666666667,310.4266666666666
2022-12-14 11:00:00,3.49765,3.466616666666667,307.93333333333334,240.28
2022-12-14 12:00:00,3.5174833333333333,3.4877,308.54,292.39500000000004
2022-12-14 13:00:00,3.50895,3.4807,308.22166666666664,337.51666666666665
2022-12-14 14:00:00,3.4832833333333335,3.45515,307.8616666666667,290.85499999999996
2022-12-14 15:00:00,3.5153166666666666,3.485,308.70166666666665,240.21666666666667
2022-12-14 16:00:00,3.554533333333333,3.52375,309.73499999999996,252.29500000000002
2022-12-14 17:00:00,3.5631666666666666,3.5348166666666665,310.5416666666667,301.43
2022-12-14 18:00:00,3.552016666666667,3.5250833333333333,311.545,330.63
2022-12-14 19:00:00,3.5459,3.5173,309.25166666666667,304.8233333333334
2022-12-14 20:00:00,3.49865,3.472766666666667,311.5866666666667,418.9483333333334
2022-12-14 21:00:00,3.4410499999999997,3.415316666666667,313.51500000000004,358.18
2022-12-14 22:00:00,3.400716666666667,3.3749333333333333,306.21,383.825
2022-12-14 23:00:00,3.3397333333333337,3.3117666666666663,289.44,332.205
2022-12-15 00:00:00,3.3442166666666666,3.31405,291.1066666666667,218.63
2022-12-15 01:00:00,3.4059166666666667,3.3728,291.875,179.83333333333334
2022-12-15 02:00:00,3.4777,3.44465,291.415,174.17833333333334
2022-12-15 03:00:00,3.5486833333333334,3.513716666666667,291.1933333333333,170.34333333333333
2022-12-15 04:00:00,3.6307666666666667,3.5950166666666665,290.9183333333333,159.09333333333333
2022-12-15 05:00:00,3.7209166666666667,3.6839,291.695,136.78
2022-12-15 06:00:00,3.8142333333333336,3.7769666666666666,274.85333333333335,156.475
2022-12-15 07:00:00,3.813416666666667,3.7943166666666666,200.53166666666667,307.04833333333335
2022-12-15 08:00:00,3.722583333333333,3.704266666666667,245.72333333333333,342.54833333333335
2022-12-15 09:00:00,3.6766833333333335,3.6540000000000004,243.18333333333334,269.29
2022-12-15 10:00:00,3.6551562499999997,3.6319166666666667,244.09333333333333,285.6183333333333
2022-12-15 11:00:00,3.6172833333333334,3.5955166666666667,245.34166666666667,279.585
2022-12-15 12:00:00,3.5572999999999997,3.5396833333333335,244.80333333333334,389.55333333333334
2022-12-15 13:00:00,3.4406000000000003,3.42625,244.95,387.56666666666666
2022-12-15 14:00:00,3.371283333333333,3.3531666666666666,244.90666666666667,304.3933333333333
2022-12-15 15:00:00,3.3255833333333333,3.3085166666666668,247.98833333333332,315.32166666666666
2022-12-15 16:00:00,3.2962333333333333,3.2765166666666667,250.48999999999998,266.065
2022-12-15 17:00:00,3.2591666666666668,3.2429166666666664,250.005,297.88666666666666
2022-12-15 18:00:00,3.239316666666667,3.2198333333333333,249.17833333333334,257.43333333333334
2022-12-15 19:00:00,3.2002666666666664,3.18555,247.7866666666667,314.1616666666667
2022-12-15 20:00:00,3.16335,3.147383333333333,246.08166666666665,289.97
2022-12-15 21:00:00,3.1131666666666664,3.0992,246.77833333333334,330.48333333333335
2022-12-15 22:00:00,3.0761333333333334,3.05625,266.56333333333333,265.96666666666664
2022-12-15 23:00:00,3.0730166666666667,3.0488500000000003,295.2083333333333,320.0933333333333
2022-12-16 00:00:00,3.0540666666666665,3.029933333333333,295.46,285.495
2022-12-16 01:00:00,3.054866666666667,3.030933333333333,297.385,288.6666666666667
2022-12-16 02:00:00,3.0815833333333336,3.05395,301.315,207.19833333333332
2022-12-16 03:00:00,3.1493166666666665,3.12105,303.51500000000004,183.30833333333334
2022-12-16 04:00:00,3.2359500000000003,3.2049333333333334,304.46500000000003,156.21166666666667
2022-12-16 05:00:00,3.341133333333333,3.309466666666667,343.1716666666667,136.62833333333336
2022-12-16 06:00:00,3.5132,3.477816666666667,471.705,184.265
2022-12-16 07:00:00,3.6376166666666667,3.6039833333333333,355.77333333333337,305.65166666666664
2022-12-16 08:00:00,3.5752333333333337,3.5415833333333335,274.34000000000003,405.85333333333335
2022-12-16 09:00:00,3.50835,3.4760166666666668,270.9433333333333,312.5933333333333
2022-12-16 10:00:00,3.5083166666666665,3.4740166666666665,270.59166666666664,236.86
2022-12-16 11:00:00,3.5150833333333336,3.4811833333333335,269.935,274.0783333333333
2022-12-16 12:00:00,3.4800833333333334,3.447483333333333,270.54833333333335,313.9583333333333
2022-12-16 13:00:00,3.4579333333333335,3.42515,271.2966666666667,302.935
2022-12-16 14:00:00,3.4231333333333334,3.39085,270.86833333333334,313.39500000000004
2022-12-16 15:00:00,3.3971,3.364616666666667,270.95166666666665,289.77333333333337
2022-12-16 16:00:00,3.378516666666667,3.3467,270.05333333333334,309.055
2022-12-16 17:00:00,3.3144833333333334,3.28235,262.24833333333333,346.99666666666667
2022-12-16 18:00:00,3.2872666666666666,3.2548166666666662,261.8283333333333,276.3333333333333
2022-12-16 19:00:00,3.2619333333333334,3.2297333333333333,261.635,317.615
2022-12-16 20:00:00,3.1877833333333334,3.1570666666666667,262.31666666666666,371.52000000000004
2022-12-16 21:00:00,3.1428166666666666,3.1119833333333333,250.85,265.5683333333333
2022-12-16 22:00:00,3.1126666666666667,3.0781666666666667,177.76000000000002,212.0883333333333
2022-12-16 23:00:00,3.1080666666666668,3.07145,273.835,280.72833333333335
2022-12-17 00:00:00,3.1556833333333336,3.1013,402.39166666666665,248.63833333333332
2022-12-17 01:00:00,3.25605,3.19795,403.575,232.6
2022-12-17 02:00:00,3.3699333333333334,3.3134,404.12833333333333,205.12333333333333
2022-12-17 03:00:00,3.5096833333333333,3.4551833333333333,405.03333333333336,174.54
2022-12-17 04:00:00,3.6421,3.5832833333333336,375.1566666666667,216.40166666666667
2022-12-17 05:00:00,3.658916666666667,3.6265333333333336,184.34666666666666,208.34
2022-12-17 06:00:00,3.6363166666666666,3.60645,184.85666666666665,217.88833333333332
2022-12-17 07:00:00,3.6302999999999996,3.5979,185.31,168.28833333333333
2022-12-17 08:00:00,3.6092999999999997,3.588783333333333,227.48166666666665,278.74
2022-12-17 09:00:00,3.5672833333333336,3.5519666666666665,241.77166666666665,286.385
2022-12-17 10:00:00,3.5080666666666667,3.498266666666667,241.95333333333335,361.02833333333336
2022-12-17 11:00:00,3.4040666666666666,3.3975999999999997,240.8,366.59666666666664
2022-12-17 12:00:00,3.3393666666666664,3.3301666666666665,239.825,318.315
2022-12-17 13:00:00,3.2763,3.266966666666667,237.5366666666667,345.89500000000004
2022-12-17 14:00:00,3.1885,3.1820833333333334,242.485,337.2866666666667
2022-12-17 15:00:00,3.1197666666666666,3.1146000000000003,242.57999999999998,354.59000000000003
2022-12-17 16:00:00,3.05315,3.046466666666667,236.14666666666665,296.405
2022-12-17 17:00:00,2.9991,2.9938000000000002,235.89833333333334,325.64000000000004
2022-12-17 18:00:00,2.94625,2.939916666666667,238.85,284.02833333333336
2022-12-17 19:00:00,2.923216666666667,2.914633333333333,239.67000000000002,264.675
2022-12-17 20:00:00,2.8893833333333334,2.8825,241.0883333333333,277.81
2022-12-17 21:00:00,2.8652333333333337,2.8570833333333336,235.85166666666666,261.09666666666664
2022-12-17 22:00:00,2.8426833333333335,2.8339333333333334,234.64333333333335,279.46666666666664
2022-12-17 23:00:00,2.8130499999999996,2.8116,298.17333333333335,253.33333333333334
2022-12-18 00:00:00,2.8755333333333337,2.8804000000000003,351.78333333333336,210.82999999999998
2022-12-18 01:00:00,2.9758666666666667,2.9769833333333335,366.625,204.145
2022-12-18 02:00:00,3.0777666666666668,3.0778499999999998,368.0083333333333,198.90833333333333
2022-12-18 03:00:00,3.191683333333333,3.1898,367.02000000000004,184.595
2022-12-18 04:00:00,3.3093,3.3069333333333333,368.21500000000003,165.51833333333335
2022-12-18 05:00:00,3.45015,3.44515,370.00333333333333,146.72833333333335
2022-12-18 06:00:00,3.592633333333333,3.5867333333333336,370.90833333333336,143.35333333333335
2022-12-18 07:00:00,3.7022833333333334,3.704216666666667,359.65,275.385
2022-12-18 08:00:00,3.691316666666667,3.6758499999999996,228.51333333333332,313.39666666666665
2022-12-18 09:00:00,3.622266666666667,3.6054666666666666,227.32166666666666,341.6716666666667
2022-12-18 10:00:00,3.519833333333333,3.5077333333333334,224.54166666666666,401.8566666666667
2022-12-18 11:00:00,3.3929833333333335,3.3812166666666665,223.645,374.78333333333336
2022-12-18 12:00:00,3.316316666666667,3.3008,224.84333333333333,289.8566666666667
2022-12-18 13:00:00,3.2702166666666668,3.2542833333333334,227.20499999999998,279.6183333333333
2022-12-18 14:00:00,3.23455,3.217633333333333,225.96666666666667,279.46666666666664
2022-12-18 15:00:00,3.1906833333333333,3.1757833333333334,225.74166666666667,302.475
2022-12-18 16:00:00,3.1329166666666666,3.1189000000000004,226.39,278.67333333333335
2022-12-18 17:00:00,3.0660833333333333,3.05615,228.065,382.04
2022-12-18 18:00:00,2.94305,2.93725,221.62666666666667,357.555
2022-12-18 19:00:00,2.885183333333333,2.8733166666666667,218.00166666666667,291.76500000000004
2022-12-18 20:00:00,2.7967,2.78985,217.36333333333332,395.84833333333336
2022-12-18 21:00:00,2.6635,2.6601500000000002,218.16,379.06333333333333
2022-12-18 22:00:00,2.5679666666666665,2.5624499999999997,247.645,328.17833333333334
2022-12-18 23:00:00,2.6025,2.5587333333333335,412.40166666666664,310.4533333333333
2022-12-19 00:00:00,2.671383333333333,2.6262499999999998,415.77166666666665,257.6116666666667
2022-12-19 01:00:00,2.7859166666666666,2.7442166666666665,415.63666666666666,202.07999999999998
2022-12-19 02:00:00,2.9268,2.8838166666666667,413.7683333333333,205.44
2022-12-19 03:00:00,3.05135,3.0074666666666667,412.305,188.4633333333333
2022-12-19 04:00:00,3.22145,3.1793,414.85,129.16666666666666
2022-12-19 05:00:00,3.403,3.35805,410.71666666666664,145.73
2022-12-19 06:00:00,3.55265,3.5137666666666667,317.31166666666667,155.14
2022-12-19 07:00:00,3.5728999999999997,3.5509,227.35166666666666,284.67
2022-12-19 08:00:00,3.4884,3.471883333333333,228.61666666666667,329.9583333333333
2022-12-19 09:00:00,3.4265,3.4082,229.33666666666667,304.81333333333333
2022-12-19 10:00:00,3.3975999999999997,3.3784666666666667,231.90666666666667,255.38333333333333
2022-12-19 11:00:00,3.35195,3.33605,232.61666666666667,288.625
2022-12-19 12:00:00,3.321633333333333,3.3037,233.7133333333333,284.4533333333333
2022-12-19 13:00:00,3.264883333333333,3.2488666666666663,231.725,325.22333333333336
2022-12-19 14:00:00,3.187183333333333,3.1740833333333334,231.65166666666667,352.25
2022-12-19 15:00:00,3.0826333333333333,3.073183333333333,232.37833333333336,410.46666666666664
2022-12-19 16:00:00,2.995883333333333,2.982966666666667,233.29333333333335,281.0833333333333
2022-12-19 17:00:00,2.9644833333333334,2.9498666666666664,235.48166666666665,286.05
2022-12-19 18:00:00,2.9419166666666667,2.9176166666666665,296.2966666666667,290.03333333333336
2022-12-19 19:00:00,2.930633333333333,2.90525,296.01500000000004,310.625
2022-12-19 20:00:00,2.9242833333333333,2.8980166666666665,296.9066666666667,290.10166666666663
2022-12-19 21:00:00,2.9086333333333334,2.8838500000000002,295.0183333333333,317.865
2022-12-19 22:00:00,2.8862,2.861883333333333,350.7083333333333,357.0066666666667
2022-12-19 23:00:00,2.9024,2.8840166666666667,358.87833333333333,275.885
2022-12-20 00:00:00,2.9701,2.9487,361.325,240.13166666666666
2022-12-20 01:00:00,3.0399833333333333,3.019233333333333,362.4683333333333,254.93333333333334
2022-12-20 02:00:00,3.0891666666666664,3.0696166666666667,361.59833333333336,273.65999999999997
2022-12-20 03:00:00,3.162716666666667,3.1393,361.4633333333333,227.62833333333336
2022-12-20 04:00:00,3.2758499999999997,3.2483333333333335,364.44666666666666,137.495
2022-12-20 05:00:00,3.424316666666667,3.3952666666666667,368.04,149.41666666666666
2022-12-20 06:00:00,3.5545833333333334,3.5250333333333335,369.76166666666666,175.15
2022-12-20 07:00:00,3.6641833333333333,3.6351333333333335,368.9116666666667,229.0
2022-12-20 08:00:00,3.7018833333333334,3.67825,366.2433333333333,330.625
2022-12-20 09:00:00,3.7486166666666665,3.7222166666666667,367.34833333333336,269.5133333333333
2022-12-20 10:00:00,3.7744,3.7378833333333334,222.52166666666665,282.45166666666665
2022-12-20 11:00:00,3.6863333333333332,3.6404,144.575,313.075
2022-12-20 12:00:00,3.5827833333333334,3.54575,184.12166666666664,285.47166666666664
2022-12-20 13:00:00,3.5277000000000003,3.5037666666666665,271.4633333333333,282.81333333333333
2022-12-20 14:00:00,3.5084999999999997,3.496783333333333,306.995,313.9133333333333
2022-12-20 15:00:00,3.5140000000000002,3.4995166666666666,305.975,293.8833333333333
2022-12-20 16:00:00,3.4859999999999998,3.4769333333333337,310.2133333333333,359.84000000000003
2022-12-20 17:00:00,3.4475,3.4384666666666663,307.36333333333334,355.5083333333333
2022-12-20 18:00:00,3.4103666666666665,3.402016666666667,307.27666666666664,343.7
2022-12-20 19:00:00,3.3904833333333335,3.379966666666667,306.52000000000004,330.44
2022-12-20 20:00:00,3.3671,3.356933333333333,307.6683333333333,313.6166666666667
2022-12-20 21:00:00,3.37235,3.3606166666666666,310.9183333333333,296.71
2022-12-20 22:00:00,3.3412833333333336,3.3352166666666667,304.8566666666667,359.46
2022-12-20 23:00:00,3.314316666666667,3.3033166666666665,295.79833333333335,296.55833333333334
2022-12-21 00:00:00,3.3312666666666666,3.3146166666666668,295.43833333333333,235.56666666666666
2022-12-21 01:00:00,3.3829,3.3625,296.8183333333333,190.23
2022-12-21 02:00:00,3.4547666666666665,3.43195,296.97833333333335,176.56333333333333
2022-12-21 03:00:00,3.5259,3.5019333333333336,296.825,183.11499999999998
2022-12-21 04:00:00,3.6041833333333333,3.5793833333333334,298.14000000000004,171.48
2022-12-21 05:00:00,3.6794333333333333,3.65555,262.59666666666664,144.97833333333335
2022-12-21 06:00:00,3.71815,3.703533333333333,260.4633333333333,234.63333333333333
2022-12-21 07:00:00,3.70235,3.69675,260.0783333333333,341.1
2022-12-21 08:00:00,3.6017333333333337,3.6036,245.435,406.0516666666666
2022-12-21 09:00:00,3.4971,3.48365,218.14166666666668,355.87833333333333
2022-12-21 10:00:00,3.419483870967742,3.4051612903225807,212.5483870967742,316.28064516129035
2022-12-21 11:00:00,3.3539137931034486,3.3368620689655173,217.02758620689656,253.65862068965518
2022-12-21 12:00:00,3.33095,3.3129333333333335,220.8383333333333,268.335
2022-12-21 13:00:00,3.2682333333333333,3.2550000000000003,222.375,346.43333333333334
2022-12-21 14:00:00,3.1899333333333337,3.1748499999999997,219.45166666666668,313.11333333333334
2022-12-21 15:00:00,3.1333166666666665,3.1181166666666664,220.00166666666667,263.545
2022-12-21 16:00:00,3.1033166666666667,3.087,220.92000000000002,269.07166666666666
2022-12-21 17:00:00,3.061716666666667,3.0460333333333334,220.27,284.1983333333334
2022-12-21 18:00:00,3.0044833333333334,2.9903166666666667,219.785,287.99
2022-12-21 19:00:00,2.945866666666667,2.9343833333333333,220.59333333333333,318.47666666666663
2022-12-21 20:00:00,2.862283333333333,2.8547166666666666,220.30833333333334,369.6116666666667
2022-12-21 21:00:00,2.7309666666666668,2.727633333333333,219.20833333333334,408.595
2022-12-21 22:00:00,2.6214500000000003,2.6161833333333333,226.755,341.9866666666667
2022-12-21 23:00:00,2.5801833333333333,2.592,388.335,339.60499999999996
2022-12-22 00:00:00,2.6275666666666666,2.637716666666667,389.40166666666664,280.27666666666664
2022-12-22 01:00:00,2.7268833333333333,2.7240333333333333,390.52833333333336,199.50166666666667
2022-12-22 02:00:00,2.8624,2.8545833333333333,389.64000000000004,168.15333333333334
2022-12-22 03:00:00,3.0042,2.995233333333333,391.3316666666667,166.275
2022-12-22 04:00:00,3.1451,3.1357666666666666,390.73499999999996,181.07666666666668
2022-12-22 05:00:00,3.2884666666666664,3.27695,389.56,144.54333333333335
2022-12-22 06:00:00,3.4818,3.466333333333333,524.6216666666667,164.43166666666667
2022-12-22 07:00:00,3.6589666666666667,3.646,359.82666666666665,300.5366666666667
2022-12-22 08:00:00,3.6033166666666667,3.591216666666667,226.275,317.525
2022-12-22 09:00:00,3.5527666666666664,3.53525,216.975,255.06833333333333
2022-12-22 10:00:00,3.5321333333333333,3.5122833333333334,217.09166666666667,247.40166666666667
2022-12-22 11:00:00,3.4899833333333334,3.4738333333333333,217.55833333333334,272.1016666666667
2022-12-22 12:00:00,3.4322333333333335,3.4201166666666665,217.515,349.2966666666667
2022-12-22 13:00:00,3.341666666666667,3.330033333333333,217.34333333333333,298.04
2022-12-22 14:00:00,3.2519666666666667,3.2456666666666667,217.27333333333334,385.07666666666665
2022-12-22 15:00:00,3.1568666666666667,3.14965,216.785,340.435
2022-12-22 16:00:00,3.0629666666666666,3.05655,216.77166666666665,339.4866666666667
2022-12-22 17:00:00,2.9812000000000003,2.9747666666666666,220.11333333333332,310.8
2022-12-22 18:00:00,2.9496333333333333,2.9394,222.21833333333333,232.965
2022-12-22 19:00:00,2.9082166666666667,2.8995,213.76666666666668,297.8183333333333
2022-12-22 20:00:00,2.848466666666667,2.8416,210.75333333333336,300.9183333333333
2022-12-22 21:00:00,2.7567999999999997,2.7550499999999998,211.81833333333333,356.70166666666665
2022-12-22 22:00:00,2.6897499999999996,2.680333333333333,238.04166666666666,263.6333333333333
2022-12-22 23:00:00,2.709616666666667,2.6851833333333333,293.08,249.63833333333332
2022-12-23 00:00:00,2.741216666666667,2.7150499999999997,293.34166666666664,216.26333333333332
2022-12-23 01:00:00,2.7903000000000002,2.7630166666666667,293.6433333333333,206.60333333333335
2022-12-23 02:00:00,2.8523,2.8244,294.385,187.775
2022-12-23 03:00:00,2.9095333333333335,2.8806833333333333,295.00166666666667,192.38
2022-12-23 04:00:00,3.01435,2.968433333333333,455.39000000000004,181.26833333333335
2022-12-23 05:00:00,3.2866500000000003,3.20705,635.9216666666667,210.01000000000002
2022-12-23 06:00:00,3.5488166666666667,3.45975,636.11,255.61666666666667
2022-12-23 07:00:00,3.7028666666666665,3.6489666666666665,412.685,322.39833333333337
2022-12-23 08:00:00,3.6852333333333336,3.6594333333333333,330.9266666666666,351.8816666666667
2022-12-23 09:00:00,3.6479666666666666,3.625383333333333,253.69833333333332,287.405
2022-12-23 10:00:00,3.6321,3.608616666666667,255.11499999999998,261.5683333333333
2022-12-23 11:00:00,3.6236,3.60075,255.45666666666665,271.55333333333334
2022-12-23 12:00:00,3.56315,3.5461,256.84333333333336,352.94166666666666
2022-12-23 13:00:00,3.5277499999999997,3.5067,257.1516666666667,278.815
2022-12-23 14:00:00,3.5104333333333333,3.489716666666667,256.61,282.77000000000004
2022-12-23 15:00:00,3.4900499999999997,3.468933333333333,257.3833333333333,257.76
2022-12-23 16:00:00,3.48415,3.4636333333333336,257.585,285.0933333333333
2022-12-23 17:00:00,3.4604500000000002,3.4404166666666667,258.7316666666667,271.12
2022-12-23 18:00:00,3.44315,3.4238333333333335,258.9483333333333,283.845
2022-12-23 19:00:00,3.3726,3.3607666666666662,257.40833333333336,421.81666666666666
2022-12-23 20:00:00,3.2590333333333334,3.247583333333333,263.61333333333334,366.84000000000003
2022-12-23 21:00:00,3.2077666666666667,3.1941333333333333,269.84333333333336,334.62833333333333
2022-12-23 22:00:00,3.1316166666666665,3.1214500000000003,261.6816666666667,382.51
2022-12-23 23:00:00,3.0852999999999997,3.0694500000000002,258.535,259.745
2022-12-24 00:00:00,3.10215,3.081566666666667,260.55,211.00666666666666
2022-12-24 01:00:00,3.1260666666666665,3.1073333333333335,260.47833333333335,217.09333333333333
2022-12-24 02:00:00,3.1616666666666666,3.14005,260.99,181.28333333333333
2022-12-24 03:00:00,3.2158666666666664,3.1923833333333334,260.92333333333335,168.46666666666667
2022-12-24 04:00:00,3.277433333333333,3.2529166666666667,260.5183333333333,146.48666666666668
2022-12-24 05:00:00,3.3567666666666667,3.33115,262.6516666666667,137.69500000000002
2022-12-24 06:00:00,3.5315999999999996,3.5954333333333333,693.9866666666666,167.325
2022-12-24 07:00:00,3.7462666666666666,3.7274499999999997,246.39166666666668,222.5
2022-12-24 08:00:00,3.7501333333333333,3.720066666666667,238.6616666666667,242.32666666666668
2022-12-24 09:00:00,3.7269666666666668,3.6965,235.14333333333335,302.2083333333333
2022-12-24 10:00:00,3.6312333333333333,3.605366666666667,236.48,422.995
2022-12-24 11:00:00,3.5208,3.4937666666666667,235.44,345.9433333333333
2022-12-24 12:00:00,3.434816666666667,3.408666666666667,235.45333333333335,366.38666666666666
2022-12-24 13:00:00,3.3406833333333332,3.315916666666667,233.74166666666667,343.49666666666667
2022-12-24 14:00:00,3.2571,3.23385,232.87333333333333,373.0383333333333
2022-12-24 15:00:00,3.1784499999999998,3.144233333333333,305.12833333333333,371.7083333333333
2022-12-24 16:00:00,3.1567333333333334,3.1136666666666666,335.7366666666667,305.1816666666667
2022-12-24 17:00:00,3.19095,3.14935,335.9866666666667,271.87333333333333
2022-12-24 18:00:00,3.2277333333333336,3.1856500000000003,337.52000000000004,276.97333333333336
2022-12-24 19:00:00,3.2311833333333335,3.1872333333333334,333.575,343.72166666666664
2022-12-24 20:00:00,3.2433166666666664,3.2003666666666666,333.22833333333335,269.48833333333334
2022-12-24 21:00:00,3.2862999999999998,3.24425,333.01500000000004,274.55
2022-12-24 22:00:00,3.290133333333333,3.257683333333333,303.8316666666667,279.6716666666667
2022-12-24 23:00:00,3.3073166666666665,3.296883333333333,301.43666666666667,231.28166666666667
2022-12-25 00:00:00,3.3221333333333334,3.309366666666667,257.52000000000004,273.8366666666667
2022-12-25 01:00:00,3.3170833333333336,3.3011833333333334,255.91,229.66333333333333
2022-12-25 02:00:00,3.3407,3.322033333333333,256.9016666666667,206.06
2022-12-25 03:00:00,3.3756333333333335,3.355633333333333,257.5833333333333,188.465
2022-12-25 04:00:00,3.4188666666666667,3.39695,256.35333333333335,174.40166666666667
2022-12-25 05:00:00,3.4725166666666665,3.4557166666666665,305.6316666666667,189.065
2022-12-25 06:00:00,3.558133333333333,3.54755,342.9116666666667,211.19833333333332
2022-12-25 07:00:00,3.6178000000000003,3.604016666666667,281.3383333333333,235.31333333333333
2022-12-25 08:00:00,3.6298999999999997,3.6028666666666664,225.2133333333333,209.035
2022-12-25 09:00:00,3.6244666666666663,3.5993500000000003,225.53333333333333,254.27666666666667
2022-12-25 10:00:00,3.55535,3.536016666666667,226.65833333333333,371.39000000000004
2022-12-25 11:00:00,3.464183333333333,3.4383333333333335,273.89000000000004,354.3
2022-12-25 12:00:00,3.4503,3.4112999999999998,314.0733333333334,314.92833333333334
2022-12-25 13:00:00,3.434466666666667,3.3957333333333333,316.135,323.1566666666667
2022-12-25 14:00:00,3.419883333333333,3.383366666666667,294.59666666666664,323.21500000000003
2022-12-25 15:00:00,3.3821333333333334,3.3485666666666662,249.65666666666667,340.5866666666667
2022-12-25 16:00:00,3.2638666666666665,3.228133333333333,229.71833333333333,405.35499999999996
2022-12-25 17:00:00,3.1945666666666668,3.1456166666666667,282.10166666666663,335.87666666666667
2022-12-25 18:00:00,3.1668833333333333,3.1201166666666666,281.63666666666666,313.22166666666664
2022-12-25 19:00:00,3.1239666666666666,3.074683333333333,285.0133333333333,346.34000000000003
2022-12-25 20:00:00,3.0793833333333334,3.0317333333333334,283.4133333333333,324.5816666666667
2022-12-25 21:00:00,3.04265,2.9953999999999996,281.84833333333336,339.92
2022-12-25 22:00:00,3.0202,2.9754833333333335,282.25,266.8283333333333
2022-12-25 23:00:00,3.0244166666666668,2.9810666666666665,290.22,257.92333333333335
2022-12-26 00:00:00,3.05185,3.0152666666666668,323.35,226.85166666666666
2022-12-26 01:00:00,3.129116666666667,3.1039833333333333,356.045,221.97166666666666
2022-12-26 02:00:00,3.2218,3.193833333333333,356.50166666666667,180.68833333333333
2022-12-26 03:00:00,3.3261166666666666,3.29685,356.7416666666667,193.57166666666666
2022-12-26 04:00:00,3.45335,3.4223,359.15166666666664,131.145
2022-12-26 05:00:00,3.589183333333333,3.558,357.09666666666664,186.14333333333335
2022-12-26 06:00:00,3.6856500000000003,3.6470333333333333,291.1566666666667,175.8
2022-12-26 07:00:00,3.6865,3.6306833333333333,220.94666666666666,358.60999999999996
2022-12-26 08:00:00,3.5587166666666668,3.4983333333333335,220.14666666666665,403.68833333333333
2022-12-26 09:00:00,3.4288833333333333,3.3716500000000003,213.44500000000002,395.28
2022-12-26 10:00:00,3.323383333333333,3.2701166666666666,214.28333333333333,334.8566666666667
2022-12-26 11:00:00,3.237483333333333,3.1858833333333334,213.87833333333336,349.15
2022-12-26 12:00:00,3.1423666666666668,3.0929333333333333,215.76000000000002,321.405
2022-12-26 13:00:00,3.0751166666666667,3.0283666666666664,218.13666666666668,295.435
2022-12-26 14:00:00,3.02485,2.97955,216.49833333333333,275.0416666666667
2022-12-26 15:00:00,2.9852833333333333,2.94075,217.4,264.58
2022-12-26 16:00:00,2.9400166666666667,2.8935000000000004,220.13166666666666,293.3883333333333
2022-12-26 17:00:00,2.8914,2.8456333333333332,219.20333333333335,273.3683333333333
2022-12-26 18:00:00,2.8522499999999997,2.80885,217.35166666666666,273.22
2022-12-26 19:00:00,2.752666666666667,2.7011166666666666,217.02666666666667,430.99833333333333
2022-12-26 20:00:00,2.625516666666667,2.577183333333333,217.49333333333334,355.0933333333333
2022-12-26 21:00:00,2.553116666666667,2.5209166666666665,286.89666666666665,343.28333333333336
2022-12-26 22:00:00,2.5054166666666666,2.4761333333333337,287.35166666666663,329.98333333333335
2022-12-26 23:00:00,2.464316666666667,2.4282666666666666,261.72833333333335,331.695
2022-12-27 00:00:00,2.4293,2.391033333333333,244.97,256.40500000000003
2022-12-27 01:00:00,2.4405666666666668,2.4056333333333333,245.81,191.5883333333333
2022-12-27 02:00:00,2.4688000000000003,2.43325,246.51000000000002,192.86666666666667
2022-12-27 03:00:00,2.51125,2.477316666666667,245.515,163.04333333333335
2022-12-27 04:00:00,2.5683333333333334,2.5345166666666668,245.77,136.77666666666667
2022-12-27 05:00:00,2.7950833333333334,2.790716666666667,749.8024712643678,177.45666666666665
2022-12-27 06:00:00,3.316133333333333,3.3044000000000002,472.38919540229887,212.56833333333333
2022-12-27 07:00:00,3.4957333333333334,3.4609,283.10999999999996,285.8233333333334
2022-12-27 08:00:00,3.4679333333333333,3.433983333333333,285.09666666666664,317.24833333333333
2022-12-27 09:00:00,3.4475166666666666,3.4138499999999996,281.3933333333333,298.52333333333337
2022-12-27 10:00:00,3.4111166666666666,3.37775,283.5883333333333,378.37333333333333
2022-12-27 11:00:00,3.3570333333333333,3.325083333333333,284.59666666666664,297.99666666666667
2022-12-27 12:00:00,3.33115,3.2993,288.98833333333334,322.69
2022-12-27 13:00:00,3.3191166666666665,3.2862999999999998,284.31166666666667,275.5816666666667
2022-12-27 14:00:00,3.3162499999999997,3.2830833333333334,284.19666666666666,289.54833333333335
2022-12-27 15:00:00,3.3088166666666665,3.2757333333333336,284.13666666666666,289.365
2022-12-27 16:00:00,3.2781666666666665,3.246366666666667,285.4866666666667,356.44166666666666
2022-12-27 17:00:00,3.2257000000000002,3.192266666666667,284.905,315.0933333333333
2022-12-27 18:00:00,3.2167666666666666,3.1839999999999997,285.9116666666667,280.47666666666663
2022-12-27 19:00:00,3.2043666666666666,3.1725166666666667,285.01666666666665,345.35499999999996
2022-12-27 20:00:00,3.138183333333333,3.10665,284.34166666666664,363.5816666666667
2022-12-27 21:00:00,3.096616666666667,3.0658499999999997,284.1816666666667,315.9
2022-12-27 22:00:00,3.060083333333333,3.0293833333333335,280.55833333333334,319.5816666666667
2022-12-27 23:00:00,3.0435999999999996,3.0142666666666664,286.51666666666665,288.945
2022-12-28 00:00:00,3.048083333333333,3.0242,309.88,238.94500000000002
2022-12-28 01:00:00,3.1146666666666665,3.08885,309.8833333333333,184.36333333333332
2022-12-28 02:00:00,3.1970666666666667,3.1699166666666665,310.185,173.95666666666665
2022-12-28 03:00:00,3.2762499999999997,3.2492500000000004,310.9433333333333,204.15833333333333
2022-12-28 04:00:00,3.3357,3.3078999999999996,309.97833333333335,202.48999999999998
2022-12-28 05:00:00,3.4063833333333333,3.37845,313.33,196.98999999999998
2022-12-28 06:00:00,3.4615666666666667,3.4343833333333333,316.13666666666666,259.68666666666667
2022-12-28 07:00:00,3.4905333333333335,3.464116666666667,317.43833333333333,275.5466666666667
2022-12-28 08:00:00,3.4923,3.4670666666666667,310.8066666666667,301.10166666666663
2022-12-28 09:00:00,3.4743500000000003,3.4497500000000003,309.14166666666665,355.68666666666667
2022-12-28 10:00:00,3.4290666666666665,3.38965,217.54500000000002,313.935
2022-12-28 11:00:00,3.3730333333333333,3.328883333333333,202.01833333333335,259.04499999999996
2022-12-28 12:00:00,3.3203833333333335,3.2817166666666666,173.59666666666666,279.5416666666667
2022-12-28 13:00:00,3.2224833333333334,3.1887833333333333,153.83333333333334,295.0566666666667
2022-12-28 14:00:00,3.116316666666667,3.083466666666667,154.59166666666667,298.5316666666667
2022-12-28 15:00:00,3.0329333333333333,3.00045,154.98666666666668,267.315
2022-12-28 16:00:00,2.9304,2.8976333333333333,155.38666666666668,349.94
2022-12-28 17:00:00,2.784183333333333,2.7533666666666665,153.88333333333333,348.72166666666664
2022-12-28 18:00:00,2.6510833333333332,2.6212999999999997,152.94,349.4683333333333
2022-12-28 19:00:00,2.517533333333333,2.4900333333333333,152.86166666666668,363.58
2022-12-28 20:00:00,2.3675166666666665,2.3421166666666666,151.29666666666665,324.31166666666667
2022-12-28 21:00:00,2.2728166666666665,2.2479666666666662,150.63500000000002,262.2583333333333
2022-12-28 22:00:00,2.1875666666666667,2.1718333333333333,272.17,296.805
2022-12-28 23:00:00,2.256866666666667,2.2680333333333333,473.4483333333334,249.78333333333333
2022-12-29 00:00:00,2.406,2.4158,473.64166666666665,238.0
2022-12-29 01:00:00,2.569366666666667,2.5728500000000003,474.76,194.57666666666668
2022-12-29 02:00:00,2.762383333333333,2.7604333333333333,479.59666666666664,170.745
2022-12-29 03:00:00,2.966016666666667,2.9612666666666665,480.3883333333333,161.43666666666667
2022-12-29 04:00:00,3.173016666666667,3.1658166666666667,484.94,164.065
2022-12-29 05:00:00,3.3817333333333335,3.3717166666666665,487.0683333333333,160.55666666666667
2022-12-29 06:00:00,3.5871,3.5694500000000002,419.52666666666664,170.745
2022-12-29 07:00:00,3.6552166666666666,3.6208666666666667,298.4166666666667,321.40333333333336
2022-12-29 08:00:00,3.609933333333333,3.5776333333333334,295.48499999999996,372.6166666666667
2022-12-29 09:00:00,3.5536833333333333,3.5221,293.3883333333333,367.3333333333333
2022-12-29 10:00:00,3.4791000000000003,3.4486,295.435,417.55833333333334
2022-12-29 11:00:00,3.379833333333333,3.3606333333333334,252.27833333333334,375.60499999999996
2022-12-29 12:00:00,3.3150166666666667,3.2953666666666668,251.47833333333335,293.9866666666667
2022-12-29 13:00:00,3.2882166666666666,3.26735,243.56333333333333,291.74833333333333
2022-12-29 14:00:00,3.2523666666666666,3.2224500000000003,178.50833333333333,232.625
2022-12-29 15:00:00,3.2016833333333334,3.165966666666667,154.45499999999998,253.075
2022-12-29 16:00:00,3.123466666666667,3.0887000000000002,151.43666666666667,252.83166666666665
2022-12-29 17:00:00,3.0493499999999996,3.0147,151.77833333333334,286.425
2022-12-29 18:00:00,2.9686666666666666,2.9376666666666664,248.57833333333335,273.5416666666667
2022-12-29 19:00:00,2.9624499999999996,2.93575,283.1566666666667,302.1716666666667
2022-12-29 20:00:00,2.92415,2.89725,281.03499999999997,358.87333333333333
2022-12-29 21:00:00,2.85255,2.8272,278.0833333333333,382.90833333333336
2022-12-29 22:00:00,2.7857166666666666,2.7615666666666665,276.59666666666664,339.7866666666667
2022-12-29 23:00:00,2.7405833333333334,2.7260333333333335,334.62166666666667,350.50166666666667
2022-12-30 00:00:00,2.7460333333333335,2.738916666666667,338.4633333333333,268.4316666666667
2022-12-30 01:00:00,2.8244833333333332,2.8085,345.705,178.78166666666667
2022-12-30 02:00:00,2.9354666666666662,2.9186166666666664,345.9683333333333,167.68333333333334
2022-12-30 03:00:00,3.0519833333333333,3.0313,343.8333333333333,158.245
2022-12-30 04:00:00,3.1712166666666666,3.149,342.82,149.82666666666668
2022-12-30 05:00:00,3.2963,3.2736333333333336,346.49666666666667,158.38166666666666
2022-12-30 06:00:00,3.4039833333333336,3.3838,353.2683333333333,202.33166666666665
2022-12-30 07:00:00,3.4757499999999997,3.45975,351.6116666666667,282.1716666666667
2022-12-30 08:00:00,3.4876333333333336,3.4748,349.4633333333333,308.65166666666664
2022-12-30 09:00:00,3.5165166666666665,3.4984333333333333,328.31,285.65
2022-12-30 10:00:00,3.5150833333333336,3.4987500000000002,318.0566666666667,357.0466666666667
2022-12-30 11:00:00,3.5056166666666666,3.4854166666666666,317.55333333333334,260.5
2022-12-30 12:00:00,3.5452333333333335,3.522683333333333,317.74,250.405
2022-12-30 13:00:00,3.55035,3.531766666666667,311.99666666666667,366.435
2022-12-30 14:00:00,3.4867833333333333,3.468033333333333,301.5683333333333,412.575
2022-12-30 15:00:00,3.4165833333333335,3.3968666666666665,302.435,333.6183333333333
2022-12-30 16:00:00,3.417133333333333,3.39445,304.37,278.39833333333337
2022-12-30 17:00:00,3.4414833333333332,3.4166000000000003,301.205,236.73666666666668
2022-12-30 18:00:00,3.455766666666667,3.4348,301.93333333333334,341.52833333333336
2022-12-30 19:00:00,3.3983,3.3788833333333335,300.73499999999996,339.9133333333333
2022-12-30 20:00:00,3.4012000000000002,3.37785,301.215,259.75333333333333
2022-12-30 21:00:00,3.4046166666666666,3.36825,209.32666666666668,297.77333333333337
2022-12-30 22:00:00,3.3264666666666667,3.2755333333333336,197.05333333333334,284.555
2022-12-30 23:00:00,3.2904833333333334,3.235183333333333,222.21833333333333,243.76666666666668
2022-12-31 00:00:00,3.258166666666667,3.2095166666666666,153.69833333333332,215.62666666666667
2022-12-31 01:00:00,3.2042,3.1508166666666666,137.23166666666665,230.56166666666667
2022-12-31 02:00:00,3.135366666666667,3.0893333333333337,191.37833333333336,225.13166666666666
2022-12-31 03:00:00,3.1561,3.123283333333333,247.26000000000002,164.80499999999998
2022-12-31 04:00:00,3.212883333333333,3.179316666666667,247.02666666666667,139.48166666666665
2022-12-31 05:00:00,3.2845333333333335,3.25015,249.79333333333335,139.20833333333334
2022-12-31 06:00:00,3.3924499999999997,3.3570166666666665,488.67,206.77833333333334
2022-12-31 07:00:00,3.58535,3.548,519.8133333333333,286.305
2022-12-31 08:00:00,3.6311166666666663,3.622316666666667,328.8816666666667,326.77333333333337
2022-12-31 09:00:00,3.6008666666666667,3.605233333333333,330.02666666666664,391.53499999999997
2022-12-31 10:00:00,3.5549000000000004,3.5595333333333334,329.22333333333336,361.12333333333333
2022-12-31 11:00:00,3.522683333333333,3.5073333333333334,205.64,325.31
2022-12-31 12:00:00,3.408783333333333,3.3828666666666667,159.15166666666667,325.09000000000003
2022-12-31 13:00:00,3.3229166666666665,3.2950500000000003,157.755,255.925
2022-12-31 14:00:00,3.2599666666666662,3.2263499999999996,214.835,272.3933333333333
2022-12-31 15:00:00,3.2406,3.1991666666666663,250.05166666666668,272.55
2022-12-31 16:00:00,3.2054833333333335,3.1627666666666667,249.415,317.5816666666667
2022-12-31 17:00:00,3.145866666666667,3.1026833333333332,247.08333333333334,333.26166666666666
2022-12-31 18:00:00,3.0539,3.0088,246.29833333333332,466.57
2022-12-31 19:00:00,2.9125333333333336,2.8708,246.40833333333333,345.6816666666667
2022-12-31 20:00:00,2.86905,2.8312666666666666,243.39833333333334,266.5866666666667
2022-12-31 21:00:00,2.8513333333333337,2.81425,242.42000000000002,289.97833333333335
2022-12-31 22:00:00,2.7908,2.7569333333333335,283.0833333333333,313.71500000000003
2022-12-31 23:00:00,2.8177499999999998,2.80135,352.34666666666664,237.145
